id,uuid,observed_on_string,observed_on,time_observed_at,time_zone,user_id,user_login,user_name,created_at,updated_at,quality_grade,license,url,image_url,sound_url,tag_list,description,num_identification_agreements,num_identification_disagreements,captive_cultivated,oauth_application_id,species_guess,scientific_name,common_name,iconic_taxon_name,taxon_id
2767819,2d031264-38e5-4758-a7bc-92adab884cc6,2016-03-11 10:48:00 AM CET,2016-03-11,2016-03-11 09:48:00 UTC,Paris,194382,nuuriaa26,"",2016-03-11 09:56:26 UTC,2020-01-07 22:41:53 UTC,research,CC-BY-NC,http://www.inaturalist.org/observations/2767819,https://inaturalist-open-data.s3.amazonaws.com/photos/3133591/medium.jpeg,,"","I found this bird in Begur, Catalonia. I would like to know wich sp is. I asked to my university teachers and they didn't know what to say me. If someone could help me. Now i have this bird in my house and it's very friendly, he grown up a lot compared with last summer (when i found it )",5,1,false,2,pardal,Passer domesticus,Домовый воробей,Aves,13858
3927899,6cb65b07-c168-458f-9200-78ef752e7b84,2006/12/31 ,2006-12-31,,UTC,307181,meshka,meshka,2016-08-20 23:58:21 UTC,2025-03-04 15:42:22 UTC,research,CC-BY-NC,http://www.inaturalist.org/observations/3927899,https://inaturalist-open-data.s3.amazonaws.com/photos/4622433/medium.jpg,,"",observed large congregation foraging for bread crumbs from local fisherman,5,0,false,,House Sparrow,Passer domesticus,Домовый воробей,Aves,13858
6232593,149bcf3a-352a-4e11-9ddb-78d140b20e24,2017-05-15 6:50:46 PM GMT+02:00,2017-05-15,2017-05-15 14:50:46 UTC,Pretoria,164735,belyykit,"",2017-05-16 06:25:54 UTC,2021-11-02 12:20:38 UTC,research,CC-BY-NC,https://www.inaturalist.org/observations/6232593,https://inaturalist-open-data.s3.amazonaws.com/photos/8050778/medium.jpeg,,"","",3,0,false,2,House Sparrow,Passer domesticus,Домовый воробей,Aves,13858
6244903,3ba71d47-e5f6-4deb-83cd-e038e706f38b,2017-05-16 12:47:24 PM GMT+02:00,2017-05-16,2017-05-16 10:47:24 UTC,Pretoria,164735,belyykit,"",2017-05-17 05:55:00 UTC,2023-02-04 10:03:31 UTC,research,CC-BY-NC,https://www.inaturalist.org/observations/6244903,https://inaturalist-open-data.s3.amazonaws.com/photos/8050851/medium.jpeg,,"","",3,0,false,2,Gorrión Doméstico,Passer domesticus,Домовый воробей,Aves,13858
6244924,cf06cb40-975c-4c0b-8325-7ff7f4a3c430,2017-05-16 1:30:36 PM GMT+02:00,2017-05-16,2017-05-16 11:30:36 UTC,Africa/Johannesburg,164735,belyykit,"",2017-05-17 05:55:27 UTC,2018-10-28 12:38:20 UTC,research,CC-BY-NC,https://www.inaturalist.org/observations/6244924,https://inaturalist-open-data.s3.amazonaws.com/photos/8050899/medium.jpeg,,"","",1,0,false,2,Passera europea,Passer domesticus,Домовый воробей,Aves,13858
6244940,266dc867-27b8-45bf-82f8-5699d5ef6494,2017-05-16 6:56:19 PM GMT+02:00,2017-05-16,2017-05-16 14:56:19 UTC,Pretoria,164735,belyykit,"",2017-05-17 05:55:47 UTC,2021-11-02 12:20:36 UTC,research,CC-BY-NC,https://www.inaturalist.org/observations/6244940,https://inaturalist-open-data.s3.amazonaws.com/photos/7850731/medium.jpeg,,"",,4,0,false,2,House Sparrow,Passer domesticus,Домовый воробей,Aves,13858
6261478,fea212a2-9a91-461c-9bc5-f9b6f7b43cdb,2017-05-18 12:11:30 PM GMT+02:00,2017-05-18,2017-05-18 10:11:30 UTC,Pretoria,164735,belyykit,"",2017-05-18 17:41:35 UTC,2024-02-15 12:20:22 UTC,research,CC-BY-NC,https://www.inaturalist.org/observations/6261478,https://inaturalist-open-data.s3.amazonaws.com/photos/8050935/medium.jpeg,,"","",2,1,false,2,House Sparrow,Passer domesticus,Домовый воробей,Aves,13858
6261512,a12daf04-33cf-489f-a3c7-c7bbca894af0,2017-05-18 3:22:46 PM GMT+02:00,2017-05-18,2017-05-18 11:22:46 UTC,Pretoria,164735,belyykit,"",2017-05-18 17:43:56 UTC,2021-11-02 12:20:40 UTC,research,CC-BY-NC,https://www.inaturalist.org/observations/6261512,https://inaturalist-open-data.s3.amazonaws.com/photos/8050975/medium.jpeg,,"","",3,0,false,2,Gorrión casero,Passer domesticus,Домовый воробей,Aves,13858
6375301,3a91a9d5-88ae-4893-bebc-2d88426d964b,2017-05-14 1:53:40 PM GMT+02:00,2017-05-14,2017-05-14 09:53:40 UTC,Pretoria,164735,belyykit,"",2017-05-27 01:51:54 UTC,2021-11-02 12:20:42 UTC,research,CC-BY-NC,https://www.inaturalist.org/observations/6375301,https://inaturalist-open-data.s3.amazonaws.com/photos/8045589/medium.jpeg,,"","",3,0,false,,House Sparrow,Passer domesticus,Домовый воробей,Aves,13858
6378578,3f6943f0-d21c-49bd-87fd-24ad5bfa5bdd,2017-05-16 1:32:36 PM GMT+02:00,2017-05-16,2017-05-16 09:32:36 UTC,Pretoria,164735,belyykit,"",2017-05-27 11:01:11 UTC,2021-11-02 12:20:34 UTC,research,CC-BY-NC,https://www.inaturalist.org/observations/6378578,https://inaturalist-open-data.s3.amazonaws.com/photos/8050909/medium.jpeg,,"","",6,0,false,,House Sparrow,Passer domesticus,Домовый воробей,Aves,13858
6472192,d6892d23-0181-445a-9771-1d4fb13e1eeb,2017-05-30 08:37:38,2017-05-30,2017-05-30 06:37:38 UTC,Paris,387939,daviddb-homestudio,David de Boisvilliers,2017-06-02 22:06:24 UTC,2019-05-06 11:31:33 UTC,research,,https://www.inaturalist.org/observations/6472192,https://static.inaturalist.org/photos/8184020/medium.jpg,,"france, Tamron, nikon, Nature, Jardin, Moineau domestique (Passer domesticus), Nikon D7100, essonne, Tamron SP 150-600mm f/5-6.3 Di VC USD, garden, proxy, Maison, Morangis, NikonFR, D7100, LPO, flore, bird, faune, oiseaux, ornitho, oiseau, ornithologie, plumes","",3,0,false,,Moineau domestique,Passer domesticus,Домовый воробей,Aves,13858
6994035,9e61676f-b82b-4840-89ca-f893a71d9ac0,Mon Jul 10 2017 08:35:14 GMT+0100 (GMT+1),2017-07-10,2017-07-10 06:35:14 UTC,Amsterdam,515706,liesbetht,Liesbeth Tjemmes,2017-07-10 07:57:51 UTC,2025-05-16 15:14:03 UTC,research,,https://www.inaturalist.org/observations/6994035,https://static.inaturalist.org/photos/8955976/medium.jpg,,"",Albino sparrow,4,0,false,3,House Sparrow,Passer domesticus,Домовый воробей,Aves,13858
7657342,17ea1b92-2f44-4e21-84f3-7b765f2144e3,2017-08-16 5:15:20 PM CEST,2017-08-16,2017-08-16 15:15:20 UTC,Paris,269542,beethoven242,Davide,2017-08-26 14:45:35 UTC,2024-04-03 03:59:24 UTC,research,CC-BY-NC,https://www.inaturalist.org/observations/7657342,https://inaturalist-open-data.s3.amazonaws.com/photos/10022484/medium.jpg,,"",,1,0,false,2,Passera europea,Passer domesticus,Домовый воробей,Aves,13858
8748717,a4666e3e-a4db-4ee8-9648-34531d660828,2015/10/11 8:36 AM CEST,2015-10-11,2015-10-11 06:36:00 UTC,Paris,678636,supergan,brian fisher,2017-11-10 07:37:39 UTC,2024-10-27 11:15:13 UTC,research,CC-BY-NC,https://www.inaturalist.org/observations/8748717,https://inaturalist-open-data.s3.amazonaws.com/photos/11744803/medium.jpg,,"",,5,0,false,,House Sparrow,Passer domesticus,Домовый воробей,Aves,13858
9372842,0389d3e0-1632-4f3b-8279-0118e800226a,2016/09/03 2:00 PM HST,2016-09-03,2016-09-04 00:00:00 UTC,Hawaii,396990,kostaszontanos,Kostas Zontanos,2018-01-05 16:46:43 UTC,2018-01-06 03:29:50 UTC,research,CC-BY-NC,https://www.inaturalist.org/observations/9372842,https://inaturalist-open-data.s3.amazonaws.com/photos/12727811/medium.jpeg,,"",,2,0,false,,House Sparrow,Passer domesticus,Домовый воробей,Aves,13858
10179194,9cc9f2c1-cbc9-48dc-98a7-4f97826db1a5,2018/03/04 7:43 AM CST,2018-03-04,2018-03-04 13:43:00 UTC,Central Time (US & Canada),90526,nanofishology,Kai Joaquin,2018-03-11 05:17:48 UTC,2021-11-06 21:43:36 UTC,research,CC-BY-NC,https://www.inaturalist.org/observations/10179194,https://inaturalist-open-data.s3.amazonaws.com/photos/14054499/medium.jpeg,,"","",2,0,false,,Moineau domestique,Passer domesticus,Домовый воробей,Aves,13858
10185936,3877576f-d0fc-43fb-9990-25824ab8bd52,2018/03/09 5:04 PM CET,2018-03-09,2018-03-09 16:04:00 UTC,Paris,688548,gmucientes,Gonzalo Mucientes Sandoval,2018-03-11 17:37:43 UTC,2025-05-03 10:31:50 UTC,research,CC-BY-NC,https://www.inaturalist.org/observations/10185936,https://inaturalist-open-data.s3.amazonaws.com/photos/14066596/medium.jpg,,"",,11,0,false,,Pardal común,Passer domesticus,Домовый воробей,Aves,13858
11341884,5fb1b36a-8e6a-46aa-93d4-006063b03c38,2018-04-07 10:54:25 da manhã WEST,2018-04-07,2018-04-07 09:54:25 UTC,London,880041,antoniobarreto,Antonio Barreto,2018-04-22 23:21:37 UTC,2024-10-28 20:17:00 UTC,research,,https://www.inaturalist.org/observations/11341884,https://static.inaturalist.org/photos/16154592/medium.jpeg,,"","",1,0,false,2,Pardal-dos-telhados,Passer domesticus,Домовый воробей,Aves,13858
12481323,7fa92063-b6f8-4452-814f-b9ebacd874c1,2018-05-13 1:49:34 p. m. CEST,2018-05-13,2018-05-13 11:49:34 UTC,Paris,963647,davconde,David,2018-05-15 15:01:05 UTC,2021-11-02 12:21:20 UTC,research,CC-BY-NC,https://www.inaturalist.org/observations/12481323,https://inaturalist-open-data.s3.amazonaws.com/photos/18013077/medium.jpg,,"",,4,0,false,2,Pardal común,Passer domesticus,Домовый воробей,Aves,13858
12509884,e6d3bf31-f1ab-4e3d-b498-380e0a25c822,2018/05/16 9:53 AM HST,2018-05-16,2018-05-16 19:53:00 UTC,Hawaii,543698,murielle3,Murielle Desrois,2018-05-16 11:33:02 UTC,2025-05-13 08:31:47 UTC,research,,https://www.inaturalist.org/observations/12509884,https://inaturalist-open-data.s3.amazonaws.com/photos/18060916/medium.jpeg,,"",,2,0,false,,Moineau domestique,Passer domesticus,Домовый воробей,Aves,13858
12721821,42894044-0a43-410c-b367-87a8e00143e2,Sat Jul 08 2017 16:08:21 GMT+0200 (GMT+2),2017-07-08,2017-07-08 12:08:21 UTC,Pretoria,978886,mortenandersen,,2018-05-22 21:45:49 UTC,2024-02-16 09:48:22 UTC,research,,https://www.inaturalist.org/observations/12721821,https://static.inaturalist.org/photos/18423996/medium.jpg,,"",,3,1,false,3,Gråspurv,Passer domesticus,Домовый воробей,Aves,13858
13051187,3df1ffcd-44f1-4d01-91b4-d68264f26ace,2018/06/02 7:08 PM BST,2018-06-02,2018-06-02 18:08:00 UTC,Europe/London,720065,danebury216,Martin Fowler,2018-06-02 20:05:58 UTC,2018-09-16 13:46:20 UTC,research,CC-BY-NC,https://www.inaturalist.org/observations/13051187,https://inaturalist-open-data.s3.amazonaws.com/photos/18999702/medium.jpeg,,"",,4,0,false,,Passera europea,Passer domesticus,Домовый воробей,Aves,13858
14904973,a607abfa-8381-458e-9f54-497409c81921,2018-07-07 3:15:00 da tarde WEST,2018-07-07,2018-07-07 14:15:00 UTC,Europe/London,990027,frugalsinger11,Diogo Martins,2018-07-29 21:32:37 UTC,2023-06-13 21:39:46 UTC,research,,https://www.inaturalist.org/observations/14904973,https://static.inaturalist.org/photos/22348009/medium.jpg,,"","Foi encontrado no chão sozinho.
",3,1,false,2,House Sparrow,Passer domesticus,Домовый воробей,Aves,13858
15357029,121fd40c-7374-410c-bcbb-3db45f6fc2ee,2015/07/12 3:59 PM CEST,2015-07-12,2015-07-12 13:59:00 UTC,Paris,1126821,riga_nl,"",2018-08-12 18:17:09 UTC,2021-05-17 18:19:11 UTC,research,,https://www.inaturalist.org/observations/15357029,https://static.inaturalist.org/photos/23008207/medium.jpeg,,"",,2,0,false,,House Sparrow,Passer domesticus,Домовый воробей,Aves,13858
15731876,bafc84bf-d032-4b32-af1d-887709df04d1,2018/08/19 3:31 PM CEST,2018-08-19,2018-08-19 13:31:00 UTC,Paris,26480,redhat,"",2018-08-20 19:14:42 UTC,2018-12-23 14:52:31 UTC,research,CC-BY-NC,https://www.inaturalist.org/observations/15731876,https://inaturalist-open-data.s3.amazonaws.com/photos/23489179/medium.jpeg,,"","",4,0,false,,House Sparrow,Passer domesticus,Домовый воробей,Aves,13858
16580713,1f58d2e9-c63d-4804-ab21-df21cd73520e,2018/09/15 3:47 PM CEST,2018-09-15,2018-09-15 13:47:00 UTC,Paris,213733,inasiebert,Ina Siebert,2018-09-16 07:24:19 UTC,2025-03-06 17:49:17 UTC,research,CC-BY-NC,https://www.inaturalist.org/observations/16580713,https://inaturalist-open-data.s3.amazonaws.com/photos/24975690/medium.jpg,,"",,3,0,false,,House Sparrow,Passer domesticus,Домовый воробей,Aves,13858
18051265,dce16d3c-058a-470d-9a97-e61dce7efe44,Sun Jul 15 2018 23:51:12 GMT+0800 (GMT+8),2018-07-15,2018-07-15 15:51:12 UTC,Australia/Perth,1315721,mirabenita101,,2018-11-03 07:50:42 UTC,2018-12-23 12:13:51 UTC,research,,https://www.inaturalist.org/observations/18051265,https://static.inaturalist.org/photos/27600295/medium.jpg,,"",,4,0,false,3,House Sparrow,Passer domesticus,Домовый воробей,Aves,13858
18302216,cf09980b-8eaa-40aa-8ac4-57f156e9d4d1,2018/11/09 2:06 PM CET,2018-11-09,2018-11-09 13:06:00 UTC,Paris,999066,alexis_orion,Alexis Tinker-Tsavalas,2018-11-10 09:42:50 UTC,2018-12-24 12:34:42 UTC,research,CC-BY,https://www.inaturalist.org/observations/18302216,https://inaturalist-open-data.s3.amazonaws.com/photos/27963665/medium.jpeg,,"",,2,0,false,,House Sparrow,Passer domesticus,Домовый воробей,Aves,13858
18302223,06bff786-ea79-4e09-ac94-20a8bfd26f9f,2018/11/09 2:53 PM CET,2018-11-09,2018-11-09 13:53:00 UTC,Paris,999066,alexis_orion,Alexis Tinker-Tsavalas,2018-11-10 09:42:54 UTC,2018-12-24 12:34:38 UTC,research,CC-BY,https://www.inaturalist.org/observations/18302223,https://inaturalist-open-data.s3.amazonaws.com/photos/27963701/medium.jpeg,,"",,2,0,false,,House Sparrow,Passer domesticus,Домовый воробей,Aves,13858
19449412,ee5c2d3b-c06c-49b2-9eb8-56ef677553cb,2005/07/02 7:52 AM BST,2005-07-02,2005-07-02 06:52:00 UTC,Europe/London,1034790,mettehhh,Mette Hesselholt Henne Hansen,2019-01-05 21:27:40 UTC,2023-07-07 04:06:24 UTC,research,CC-BY-NC,https://www.inaturalist.org/observations/19449412,https://inaturalist-open-data.s3.amazonaws.com/photos/29922345/medium.jpg,,"Arter, Fugle, Gråspurv",,2,0,false,,House Sparrow,Passer domesticus,Домовый воробей,Aves,13858
21281705,5ab0e153-1779-4046-a7a6-a5f9d584dc2b,2019/01/23 2:38 PM CET,2019-01-23,2019-01-23 13:38:00 UTC,Brussels,765592,criptas,Peter Wijnsouw,2019-03-16 10:55:09 UTC,2024-11-09 23:09:36 UTC,research,CC-BY-NC,https://www.inaturalist.org/observations/21281705,https://static.inaturalist.org/photos/32906095/medium.jpg,,"","Please don't use this image on websites, blogs or other media without my explicit permission. If you want to use it, just send me a message on my profile. Thank you for understanding!",2,0,false,,Домовый воробей,Passer domesticus,Домовый воробей,Aves,13858
21975756,b6565e7b-eab5-4ef8-b3c1-2ed3f019003d,Thu Apr 04 2019 08:04:43 GMT+0100 (GMT+1),2019-04-04,2019-04-04 06:04:43 UTC,Amsterdam,1575041,brynkendall,,2019-04-04 06:58:08 UTC,2019-04-16 16:32:34 UTC,research,CC-BY-NC,https://www.inaturalist.org/observations/21975756,https://inaturalist-open-data.s3.amazonaws.com/photos/34060675/medium.jpg,,"",,4,0,false,3,House Sparrow,Passer domesticus,Домовый воробей,Aves,13858
23353944,3cde9736-186a-44f5-9d79-4dd0924a4604,2019/04/25 3:16 PM +04,2019-04-25,2019-04-25 12:16:00 UTC,Istanbul,81949,trcarlisle,Tamsin Carlisle,2019-04-27 13:07:07 UTC,2025-03-04 16:37:14 UTC,research,CC-BY-NC-SA,https://www.inaturalist.org/observations/23353944,https://inaturalist-open-data.s3.amazonaws.com/photos/36178785/medium.jpg,,"","",1,0,false,,House Sparrow,Passer domesticus,Домовый воробей,Aves,13858
25378012,b993409a-a212-4922-a02f-b6406ae5ff41,2019-05-10 8:22:51 am BST,2019-05-10,2019-05-10 08:22:51 UTC,UTC,1466665,benbird,,2019-05-19 13:10:01 UTC,2019-10-08 19:19:28 UTC,research,CC-BY-NC,https://www.inaturalist.org/observations/25378012,https://inaturalist-open-data.s3.amazonaws.com/photos/39298045/medium.jpeg,,"",,2,0,false,2,House Sparrow,Passer domesticus,Домовый воробей,Aves,13858
25794943,d7b6e5d9-b8e6-4e91-a848-a78f14d1d7bc,2019-05-25 12:07:41 p.m. CEST,2019-05-25,2019-05-25 10:07:41 UTC,Madrid,1200634,johnsawaywalking,John,2019-05-26 09:44:33 UTC,2025-02-18 09:44:41 UTC,research,,https://www.inaturalist.org/observations/25794943,https://static.inaturalist.org/photos/39992175/medium.jpeg,,"",,8,0,false,2,House Sparrow,Passer domesticus,Домовый воробей,Aves,13858
25829285,1e3f1e1c-c65b-443a-b2ac-971d660a7d70,2018-11-01 1:33:38 p. m. CET,2018-11-01,2018-11-01 12:33:38 UTC,Paris,1790053,ysastre,,2019-05-26 20:14:36 UTC,2019-08-11 14:44:47 UTC,research,CC-BY-NC,https://www.inaturalist.org/observations/25829285,https://inaturalist-open-data.s3.amazonaws.com/photos/40047470/medium.jpeg,,"",,1,0,false,2,House Sparrow,Passer domesticus,Домовый воробей,Aves,13858
25995741,34f2bfe2-9e9d-49c7-966f-af9584a78bfb,2019-05-29 4:22:42 PM GMT+03:00,2019-05-29,2019-05-29 13:22:42 UTC,Baghdad,1803746,lukeifhy,Luke ifhy,2019-05-29 13:25:55 UTC,2025-08-23 18:50:12 UTC,research,,https://www.inaturalist.org/observations/25995741,https://static.inaturalist.org/photos/40327920/medium.jpeg,,"",They're eating my pizza,4,0,false,2,Haussperling,Passer domesticus,Домовый воробей,Aves,13858
27742837,8174f93f-cc81-4ab5-8470-9e3b6c636316,2019/06/22 7:17 AM CEST,2019-06-22,2019-06-22 05:17:00 UTC,Berlin,132154,reddad,"",2019-06-27 06:05:35 UTC,2022-04-28 14:42:55 UTC,research,CC-BY-NC,https://www.inaturalist.org/observations/27742837,https://inaturalist-open-data.s3.amazonaws.com/photos/43197973/medium.jpeg,,"","June 22, the day at which the birds came together. 
7:17 AM: Pics 1, 2; two of  them.
11:51 AM: Pic 3, two of  them.",3,0,false,,Haussperling,Passer domesticus,Домовый воробей,Aves,13858
27748923,dccdb97b-5868-49be-b533-2ceb4392b20f,2019/06/23 8:05 AM CEST,2019-06-23,2019-06-23 06:05:00 UTC,Berlin,132154,reddad,"",2019-06-27 11:40:45 UTC,2019-06-27 15:17:39 UTC,research,CC-BY-NC,https://www.inaturalist.org/observations/27748923,https://inaturalist-open-data.s3.amazonaws.com/photos/43207456/medium.jpeg,,"",Up to 8 of  them.,1,0,false,,Haussperling,Passer domesticus,Домовый воробей,Aves,13858
28018503,f78a0582-f6b0-4c7b-a06a-a38527522724,2019-07-01 7:10:15 pm BST,2019-07-01,2019-07-01 19:10:15 UTC,UTC,1744885,freyjabrown,Freyja Brown,2019-07-01 21:06:14 UTC,2020-02-26 14:01:49 UTC,research,,https://www.inaturalist.org/observations/28018503,https://static.inaturalist.org/photos/43647756/medium.jpeg,,"",Male singing. Part of breeding pair. ,2,0,false,2,House Sparrow,Passer domesticus,Домовый воробей,Aves,13858
28043449,e19d5ac6-46ae-4965-b931-a7e49dac2600,2019/07/01 9:08 AM WEST,2019-07-01,2019-07-01 08:08:00 UTC,Lisbon,291972,axeira,Antonio Xeira,2019-07-02 05:33:50 UTC,2023-07-14 11:57:57 UTC,research,CC-BY-NC,https://www.inaturalist.org/observations/28043449,https://inaturalist-open-data.s3.amazonaws.com/photos/43689653/medium.jpeg,,"eBird, iNaturalist","",1,0,false,,Haussperling,Passer domesticus,Домовый воробей,Aves,13858
28586084,d5d00fbc-5ea1-4e41-a1b3-7a02d975195d,2019/06/16 4:56 PM -0700,2019-06-16,2019-06-16 23:56:00 UTC,Arizona,1653276,lglevanik,Lauren Glevanik,2019-07-11 00:00:15 UTC,2022-05-07 07:03:00 UTC,research,CC-BY-NC,https://www.inaturalist.org/observations/28586084,https://inaturalist-open-data.s3.amazonaws.com/photos/44570848/medium.jpeg,,"",,6,0,false,,House Sparrow,Passer domesticus,Домовый воробей,Aves,13858
28814208,73dc863d-a4c6-4779-8a81-0df84f815059,2013/03/02 8:57 PM CET,2013-03-02,2013-03-02 19:57:00 UTC,Paris,1963954,vhamon,Valentin Hamon,2019-07-14 18:58:25 UTC,2019-08-11 09:37:11 UTC,research,CC-BY-NC,https://www.inaturalist.org/observations/28814208,https://inaturalist-open-data.s3.amazonaws.com/photos/44940914/medium.jpeg,,"",,5,0,false,,Moineau domestique,Passer domesticus,Домовый воробей,Aves,13858
29170306,c4aab79e-4755-48d9-955d-9a4773448c9a,Sat May 31 2008 11:24:43 GMT+0200 (GMT+2),2008-05-31,2008-05-31 07:24:43 UTC,Pretoria,1528643,kienberg,Peter,2019-07-20 13:41:08 UTC,2022-02-05 16:47:24 UTC,research,CC-BY-NC,https://www.inaturalist.org/observations/29170306,https://inaturalist-open-data.s3.amazonaws.com/photos/45514273/medium.jpg,,"",,4,0,false,3,Haussperling,Passer domesticus,Домовый воробей,Aves,13858
29194007,1d752bd8-a7fe-442e-8954-abcc6e929571,Sat Jul 20 2019 19:57:27 GMT+0100 (GMT+1),2019-07-20,2019-07-20 17:57:27 UTC,Amsterdam,1543321,grahamclarkson,Graham Clarkson,2019-07-20 19:52:09 UTC,2024-04-18 10:51:34 UTC,research,CC-BY-NC,https://www.inaturalist.org/observations/29194007,https://inaturalist-open-data.s3.amazonaws.com/photos/45550172/medium.jpg,,"",,4,0,false,3,House Sparrow,Passer domesticus,Домовый воробей,Aves,13858
29799785,7d7737e5-bfc7-4b3d-b797-507b8961b77d,2019-07-29 3:22:32 pm BST,2019-07-29,2019-07-29 15:22:32 UTC,UTC,1744885,freyjabrown,Freyja Brown,2019-07-29 18:17:06 UTC,2020-02-26 13:53:49 UTC,research,,https://www.inaturalist.org/observations/29799785,https://static.inaturalist.org/photos/46526029/medium.jpeg,,"",Female ,1,0,false,2,Haussperling,Passer domesticus,Домовый воробей,Aves,13858
29908233,cf50c15b-fdf4-491e-81f3-80af6fface9c,2019-07-31 12:44:19 pm CEST,2019-07-31,2019-07-31 10:44:19 UTC,Paris,1809063,simongreenwood,Simon Greenwood,2019-07-31 11:15:44 UTC,2020-02-19 23:35:36 UTC,research,,https://www.inaturalist.org/observations/29908233,https://static.inaturalist.org/photos/46702898/medium.jpeg,,"",,1,0,false,2,Moineau domestique,Passer domesticus,Домовый воробей,Aves,13858
30164424,850b242d-7db8-41fb-96a5-8084ad4e00a1,Sun Aug 04 2019 14:11:56 GMT+0200 (GMT+2),2019-08-04,2019-08-04 12:11:56 UTC,Africa/Johannesburg,2066237,valentnpizarrocastaares,Valentín Pizarro Castañares,2019-08-04 12:14:36 UTC,2019-10-04 12:27:50 UTC,research,,https://www.inaturalist.org/observations/30164424,https://static.inaturalist.org/photos/47110661/medium.jpg,,"",,3,1,false,3,Moineau domestique,Passer domesticus,Домовый воробей,Aves,13858
30190022,a879ccc8-ba96-432b-b7c6-439e94551a7c,2019-08-03 2:36:40 pm BST,2019-08-03,2019-08-03 13:36:40 UTC,London,826550,bee-man,Jim Gardner,2019-08-04 18:37:27 UTC,2019-08-05 15:11:12 UTC,research,,https://www.inaturalist.org/observations/30190022,https://static.inaturalist.org/photos/47151976/medium.jpeg,,"",,3,0,false,2,House Sparrow,Passer domesticus,Домовый воробей,Aves,13858
30811403,9498c69d-7fa4-468a-9f6a-152142a43866,2019-08-14 3:41:52 PM GMT+01:00,2019-08-14,2019-08-14 13:41:52 UTC,Amsterdam,2131240,ezrydanielangelo,Ezry Daniel Angelo Fernandez,2019-08-14 14:43:25 UTC,2020-07-24 13:34:55 UTC,research,,https://www.inaturalist.org/observations/30811403,https://static.inaturalist.org/photos/48160248/medium.jpeg,,"",These birds always appear by my balcony for bird seeds,3,0,false,2,Passera europea,Passer domesticus,Домовый воробей,Aves,13858
31043695,61867718-20e5-4a3f-a8f2-01185ffe6996,2019/08/18 7:49 AM CEST,2019-08-18,2019-08-18 05:49:00 UTC,Paris,1646050,podicepscristatus,Anita Sprungk,2019-08-18 09:56:05 UTC,2024-05-11 16:08:32 UTC,research,CC-BY-NC,https://www.inaturalist.org/observations/31043695,https://inaturalist-open-data.s3.amazonaws.com/photos/48546420/medium.jpeg,,"","2 Individuen, Jungvögel",1,0,false,,Passera europea,Passer domesticus,Домовый воробей,Aves,13858
31305765,39f11362-ccba-485c-8df3-4e47a7ce3c59,2019/08/13 3:24 PM BST,2019-08-13,2019-08-13 14:24:00 UTC,Edinburgh,1527518,a_emmerson,A Emmerson,2019-08-22 19:28:06 UTC,2019-08-22 19:51:33 UTC,research,CC-BY,https://www.inaturalist.org/observations/31305765,https://inaturalist-open-data.s3.amazonaws.com/photos/48983633/medium.jpeg,,"",,2,0,false,,Haussperling,Passer domesticus,Домовый воробей,Aves,13858
31598753,c9e569f8-a1ab-4fe9-b576-89f583b039a1,2019/08/26 8:34 AM CEST,2019-08-26,2019-08-26 06:34:00 UTC,Paris,1646050,podicepscristatus,Anita Sprungk,2019-08-27 09:08:45 UTC,2024-05-11 16:08:15 UTC,research,CC-BY-NC,https://www.inaturalist.org/observations/31598753,https://inaturalist-open-data.s3.amazonaws.com/photos/49469545/medium.jpeg,,"",junges Weibchen,2,0,false,,Haussperling,Passer domesticus,Домовый воробей,Aves,13858
31615439,71423734-d376-4991-8a87-41e339731e59,Tue Aug 27 2019 18:05:02 GMT+0200 (GMT+2),2019-08-27,2019-08-27 16:05:02 UTC,Africa/Johannesburg,1005707,efi007,,2019-08-27 16:05:10 UTC,2020-03-07 09:33:50 UTC,research,,https://www.inaturalist.org/observations/31615439,https://static.inaturalist.org/photos/49497388/medium.jpg,,"",,2,0,false,3,Домовый воробей,Passer domesticus,Домовый воробей,Aves,13858
32921064,bb785a10-e4e8-4d43-ab54-dcddd2621d81,2013/04/20 6:11 PM CEST,2013-04-20,2013-04-20 16:11:00 UTC,Copenhagen,1167568,tuenf,Micha Baum,2019-09-17 23:43:56 UTC,2025-10-28 18:50:20 UTC,research,CC-BY,https://www.inaturalist.org/observations/32921064,https://inaturalist-open-data.s3.amazonaws.com/photos/51669349/medium.jpeg,,"",,2,0,false,,Passera europea,Passer domesticus,Домовый воробей,Aves,13858
33053420,16b254ed-9c09-439b-8c59-9e5fdcc507db,Fri Sep 20 2019 09:43:59 GMT+0200 (GMT+2),2019-09-20,2019-09-20 07:43:59 UTC,Pretoria,1438340,zahnerphoto,terence zahner,2019-09-20 07:46:52 UTC,2024-03-18 01:03:26 UTC,research,CC-BY-NC,https://www.inaturalist.org/observations/33053420,https://inaturalist-open-data.s3.amazonaws.com/photos/51883519/medium.jpg,,"",Gate D50 😅,2,0,false,3,Haussperling,Passer domesticus,Домовый воробей,Aves,13858
34999845,48009deb-b589-4cda-8624-80fdcc2070b4,2019/10/20 12:57 PM +0400,2019-10-20,2019-10-20 09:57:00 UTC,Istanbul,81949,trcarlisle,Tamsin Carlisle,2019-10-28 07:19:09 UTC,2025-03-04 16:38:04 UTC,research,CC-BY-NC-SA,https://www.inaturalist.org/observations/34999845,https://inaturalist-open-data.s3.amazonaws.com/photos/55157464/medium.jpg,,"","",3,0,false,,House Sparrow,Passer domesticus,Домовый воробей,Aves,13858
35161039,9abf95b5-109a-4cb0-b3c9-1e215bbf85a1,2019-11-01 12:58:48 PM GMT+01:00,2019-11-01,2019-11-01 11:58:48 UTC,Amsterdam,2329813,nina225,Nina Schweiger,2019-11-01 12:06:54 UTC,2025-06-03 17:48:59 UTC,research,,https://www.inaturalist.org/observations/35161039,https://static.inaturalist.org/photos/55413279/medium.jpeg,,"",,4,0,false,2,House Sparrow,Passer domesticus,Домовый воробей,Aves,13858
35210694,2b2a5b94-e2d8-4097-8a44-fc6ba319f9e3,Sat Feb 10 2018 13:20:59 GMT+0000 (GMT),2018-02-10,2018-02-10 13:20:59 UTC,Lisbon,1053439,mariarp93,María Rodríguez,2019-11-02 20:14:51 UTC,2023-01-30 05:36:06 UTC,research,"",https://www.inaturalist.org/observations/35210694,https://inaturalist-open-data.s3.amazonaws.com/photos/55497625/medium.jpg,,"",,5,0,false,3,Haussperling,Passer domesticus,Домовый воробей,Aves,13858
35724463,9a563db7-faf2-4b8e-98a1-de8a3e0d09a5,2012/11/04 2:19 PM EST,2012-11-04,2012-11-04 19:19:00 UTC,Eastern Time (US & Canada),2312335,jqod,Andrew Cleasby,2019-11-16 02:55:33 UTC,2024-11-05 19:50:35 UTC,research,CC-BY-NC,https://www.inaturalist.org/observations/35724463,https://inaturalist-open-data.s3.amazonaws.com/photos/56362792/medium.jpg,,"",,5,0,false,,House Sparrow,Passer domesticus,Домовый воробей,Aves,13858
35943943,8865c861-629c-4bc5-95ac-e10ef4c447e7,2019-11-22,2019-11-22,,UTC,2335695,pauarranzmorell,Pau Arranz Morell,2019-11-22 10:44:25 UTC,2019-11-23 16:51:34 UTC,research,,https://www.inaturalist.org/observations/35943943,https://inaturalist-open-data.s3.amazonaws.com/photos/56747365/medium.jpeg,,"",,3,0,false,333,Gorrión Europeo,Passer domesticus,Домовый воробей,Aves,13858
36053795,d6d950c1-dce2-4bfb-8f90-00625f8388e8,2019/10/27 4:34 PM CET,2019-10-27,2019-10-27 15:34:00 UTC,Amsterdam,977799,christoph_bue,,2019-11-25 09:17:06 UTC,2019-11-27 11:32:32 UTC,research,CC-BY-NC,https://www.inaturalist.org/observations/36053795,https://inaturalist-open-data.s3.amazonaws.com/photos/56941154/medium.jpg,,"",,7,0,false,,House Sparrow,Passer domesticus,Домовый воробей,Aves,13858
36158734,8060a40c-68cf-402a-8865-60f8e33401a9,2004/11/20 12:21 PM CET,2004-11-20,2004-11-20 11:21:00 UTC,Vienna,1528643,kienberg,Peter,2019-11-28 13:28:22 UTC,2025-06-03 17:57:15 UTC,research,CC-BY-NC,https://www.inaturalist.org/observations/36158734,https://inaturalist-open-data.s3.amazonaws.com/photos/57123899/medium.jpg,,"","",3,0,false,,Haussperling,Passer domesticus,Домовый воробей,Aves,13858
37944202,343ef0f1-789f-4fcf-a05e-a115dd75e6f2,2020/01/08 10:58 AM CET,2020-01-08,2020-01-08 09:58:00 UTC,Warsaw,742419,grzegorz_grzejszczak,Grzegorz Grzejszczak,2020-01-25 12:58:48 UTC,2023-01-02 08:46:40 UTC,research,CC-BY-SA,https://www.inaturalist.org/observations/37944202,https://inaturalist-open-data.s3.amazonaws.com/photos/60230564/medium.jpeg,,"","",1,0,false,,House Sparrow,Passer domesticus,Домовый воробей,Aves,13858
38115633,75956b0c-f9f8-48f9-ac4c-8a864279fd44,Wed Jan 29 2020 09:14:03 GMT+0000 (GMT),2020-01-29,2020-01-29 09:14:03 UTC,UTC,2515587,glittah,,2020-01-30 11:03:38 UTC,2020-06-13 15:10:48 UTC,research,CC-BY-NC,https://www.inaturalist.org/observations/38115633,https://inaturalist-open-data.s3.amazonaws.com/photos/60532092/medium.jpg,,"",,2,1,false,3,House Sparrow,Passer domesticus,Домовый воробей,Aves,13858
38429213,d880c11f-a10f-474c-9f39-b9c762b87905,2020/02/04 3:45 PM CET,2020-02-04,2020-02-04 14:45:00 UTC,Berlin,999066,alexis_orion,Alexis Tinker-Tsavalas,2020-02-08 17:30:11 UTC,2022-05-05 10:32:41 UTC,research,CC-BY,https://www.inaturalist.org/observations/38429213,https://inaturalist-open-data.s3.amazonaws.com/photos/61073182/medium.jpeg,,"",Dive-bombing a wood pigeon,3,0,false,,vrabec domácí,Passer domesticus,Домовый воробей,Aves,13858
39031527,e2464583-ea53-4975-9dac-cd3c1333329b,2017/07/09 9:41 UTC,2017-07-09,2017-07-09 09:41:00 UTC,UTC,1756341,katherine_jane,Katherine Wright,2020-02-22 03:02:02 UTC,2022-09-03 02:04:50 UTC,research,CC-BY-NC,https://www.inaturalist.org/observations/39031527,https://inaturalist-open-data.s3.amazonaws.com/photos/61929067/medium.jpeg,,"","",1,0,false,,Passera europea,Passer domesticus,Домовый воробей,Aves,13858
39506474,acfeb88e-6db4-48c5-9b6a-970a79afda54,Sun Mar 01 2020 13:25:32 GMT+0200 (GMT+2),2020-03-01,2020-03-01 11:25:32 UTC,Athens,1441483,karakaxa,Valia Pavlou,2020-03-03 22:32:24 UTC,2025-04-15 15:05:56 UTC,research,CC-BY-NC,https://www.inaturalist.org/observations/39506474,https://inaturalist-open-data.s3.amazonaws.com/photos/62688153/medium.jpg,,"",Leucistic or old individual with progressive graying. All wing feathers on site were normal,2,0,false,3,House Sparrow,Passer domesticus,Домовый воробей,Aves,13858
39585724,1b70ca54-f874-43e5-952e-6b90fc0d2ad9,2020/03/03 9:24 AM CET,2020-03-03,2020-03-03 08:24:00 UTC,Paris,1493700,karsten_s,"",2020-03-05 21:33:16 UTC,2025-01-17 22:23:22 UTC,research,CC-BY,https://www.inaturalist.org/observations/39585724,https://static.inaturalist.org/photos/62815650/medium.jpeg,,"",P. italiae ?,2,0,false,,Gorrión Europeo,Passer domesticus,Домовый воробей,Aves,13858
40102926,045b6f92-71ce-4ec3-bef1-275789fcbf9e,2020/02/18 10:32 AM CET,2020-02-18,2020-02-18 09:32:00 UTC,Madrid,2514737,pedrosanz-anapri,"",2020-03-16 22:44:59 UTC,2020-03-17 07:29:38 UTC,research,CC-BY-NC,https://www.inaturalist.org/observations/40102926,https://inaturalist-open-data.s3.amazonaws.com/photos/63694699/medium.jpeg,,"","",3,0,false,,House Sparrow,Passer domesticus,Домовый воробей,Aves,13858
40751327,b4d3e530-1262-4b90-81d6-6ea4105cbf29,2020/03/25 3:14 PM GMT,2020-03-25,2020-03-25 15:14:00 UTC,Edinburgh,1430839,david_earl,David Earl,2020-03-26 13:17:17 UTC,2021-10-29 01:25:58 UTC,research,CC-BY-NC,https://www.inaturalist.org/observations/40751327,https://inaturalist-open-data.s3.amazonaws.com/photos/64598581/medium.jpeg,,"","",3,0,false,,Varpunen,Passer domesticus,Домовый воробей,Aves,13858
41365099,ce83c86a-a5b0-4503-bf01-f52faa907b12,2020/03/23 11:47 AM UTC,2020-03-23,,UTC,1756341,katherine_jane,Katherine Wright,2020-04-04 15:04:14 UTC,2022-09-03 02:04:50 UTC,research,CC-BY-NC,https://www.inaturalist.org/observations/41365099,https://inaturalist-open-data.s3.amazonaws.com/photos/65612333/medium.jpeg,,"",,2,0,false,,House Sparrow,Passer domesticus,Домовый воробей,Aves,13858
41365121,b44c2ade-a627-4f18-98bc-ffe501e61cab,2020/03/23 1:46 PM UTC,2020-03-23,,UTC,1756341,katherine_jane,Katherine Wright,2020-04-04 15:04:29 UTC,2022-09-03 02:04:50 UTC,research,CC-BY-NC,https://www.inaturalist.org/observations/41365121,https://inaturalist-open-data.s3.amazonaws.com/photos/65612818/medium.jpeg,,"",,1,0,false,,Huismus,Passer domesticus,Домовый воробей,Aves,13858
41430793,65e976f8-cc86-416f-aaf2-f4bc8d08f6a8,2020/04/05 7:12 AM BST,2020-04-05,2020-04-05 06:12:00 UTC,London,1749846,heliastes21,"",2020-04-05 10:10:06 UTC,2020-04-22 14:46:04 UTC,research,CC-BY-NC,https://www.inaturalist.org/observations/41430793,https://inaturalist-open-data.s3.amazonaws.com/photos/65726644/medium.jpeg,,"","",4,0,false,,Passer domesticus,Passer domesticus,Домовый воробей,Aves,13858
42386999,0dc9bcc2-bc09-4125-9df8-13a2e2a1f6ae,2020/04/11 4:19 PM CEST,2020-04-11,2020-04-11 14:19:00 UTC,Paris,1507135,alam6860,Jean Charles,2020-04-17 13:25:09 UTC,2020-04-17 16:47:53 UTC,research,CC-BY-NC,https://www.inaturalist.org/observations/42386999,https://inaturalist-open-data.s3.amazonaws.com/photos/67299856/medium.png,,"",,3,0,false,,House Sparrow,Passer domesticus,Домовый воробей,Aves,13858
42558796,0d82d51e-b258-4d11-b3eb-c9c7ed5a015a,2020/04/18 2:21 PM MSK,2020-04-18,2020-04-18 11:21:00 UTC,Moscow,2496990,sapsan,Сергей,2020-04-19 11:35:52 UTC,2020-04-22 09:25:41 UTC,research,CC-BY-NC,https://www.inaturalist.org/observations/42558796,https://inaturalist-open-data.s3.amazonaws.com/photos/67580011/medium.jpeg,,"","",2,0,false,,vrabec domácí,Passer domesticus,Домовый воробей,Aves,13858
42563007,5b7bf3dc-e463-4d54-92db-d7f2637192ed,2020-04-19 9:49:21 AM GMT+01:00,2020-04-19,2020-04-19 07:49:21 UTC,Amsterdam,2164172,calum_mclennan,Calum McLennan,2020-04-19 12:53:44 UTC,2020-04-19 13:45:45 UTC,research,CC-BY,https://www.inaturalist.org/observations/42563007,https://inaturalist-open-data.s3.amazonaws.com/photos/67586971/medium.jpeg,,"",,2,0,false,2,House Sparrow,Passer domesticus,Домовый воробей,Aves,13858
42936339,913c4e86-bb1c-4f52-8867-660eb4c5dc11,2020/04/06 1:20 PM UTC,2020-04-06,,UTC,1756341,katherine_jane,Katherine Wright,2020-04-23 08:57:25 UTC,2022-09-03 02:04:50 UTC,research,CC-BY-NC,https://www.inaturalist.org/observations/42936339,https://inaturalist-open-data.s3.amazonaws.com/photos/68177871/medium.jpeg,,"",,1,0,false,,House Sparrow,Passer domesticus,Домовый воробей,Aves,13858
43290301,6214a70e-8450-41df-9f2f-6d2651014cab,2020-04-25 11:27:10 AM GMT+01:00,2020-04-25,2020-04-25 09:27:10 UTC,Amsterdam,2830193,charlesgardenerbahons,Charles,2020-04-25 10:33:54 UTC,2020-05-01 13:32:40 UTC,research,CC-BY-NC,https://www.inaturalist.org/observations/43290301,https://inaturalist-open-data.s3.amazonaws.com/photos/68778045/medium.jpeg,,"",,2,0,false,2,House Sparrow,Passer domesticus,Домовый воробей,Aves,13858
43345260,c8626693-5d6f-4893-8f04-a4a905bec6bf,2020-04-25 4:25:31 PM GMT+01:00,2020-04-25,2020-04-25 14:25:31 UTC,Amsterdam,2830193,charlesgardenerbahons,Charles,2020-04-25 15:29:54 UTC,2020-04-29 12:08:23 UTC,research,CC-BY-NC,https://www.inaturalist.org/observations/43345260,https://inaturalist-open-data.s3.amazonaws.com/photos/68787907/medium.jpeg,,"",,2,0,false,2,House Sparrow,Passer domesticus,Домовый воробей,Aves,13858
43648394,a84e9536-02c1-4255-9682-c22f9e98668d,2020/04/26 4:10 PM UTC,2020-04-26,,UTC,923896,jfortuny,Joan Fortuny,2020-04-26 16:11:40 UTC,2021-07-31 17:34:08 UTC,research,,https://www.inaturalist.org/observations/43648394,https://static.inaturalist.org/photos/69240021/medium.jpg,,"",,1,0,false,,Домовый воробей,Passer domesticus,Домовый воробей,Aves,13858
43751337,8f592840-72c0-4afe-b606-b6a62812b0e2,2020/04/18 13:22 UTC,2020-04-18,2020-04-18 13:22:00 UTC,UTC,1756341,katherine_jane,Katherine Wright,2020-04-26 22:13:28 UTC,2022-09-03 02:04:50 UTC,research,CC-BY-NC,https://www.inaturalist.org/observations/43751337,https://inaturalist-open-data.s3.amazonaws.com/photos/69387872/medium.jpeg,,"","",1,0,false,,Huismus,Passer domesticus,Домовый воробей,Aves,13858
44431861,677e38b2-7dbc-494a-81cc-15f4ffdb370f,Tue Jun 11 2019 07:09:02 GMT-0700 (PDT),2019-06-11,2019-06-11 14:09:02 UTC,Pacific Time (US & Canada),1564482,cowgirly,Susan Cannell Bunch,2020-05-01 01:30:43 UTC,2025-12-10 16:53:08 UTC,research,,https://www.inaturalist.org/observations/44431861,https://static.inaturalist.org/photos/70447190/medium.jpg,,"",,4,0,false,3,House Sparrow,Passer domesticus,Домовый воробей,Aves,13858
44486705,7a85fc40-0ddd-4206-ba05-93ce7b3fde04,2020/04/25 2:29 PM BST,2020-04-25,2020-04-25 13:29:00 UTC,London,517039,andyunderscore,Andy Slater,2020-05-01 16:16:31 UTC,2020-05-01 23:26:33 UTC,research,CC-BY,https://www.inaturalist.org/observations/44486705,https://inaturalist-open-data.s3.amazonaws.com/photos/70531950/medium.jpeg,,"","",3,0,false,,House Sparrow,Passer domesticus,Домовый воробей,Aves,13858
44766131,8446e08c-a33a-46df-8ed8-2def1d723d14,Sun May 03 2020 15:39:47 GMT+0100 (GMT+1),2020-05-03,2020-05-03 13:39:47 UTC,Amsterdam,2867750,jasonjohnson007,,2020-05-03 18:16:10 UTC,2020-05-03 20:19:41 UTC,research,CC-BY-NC,https://www.inaturalist.org/observations/44766131,https://inaturalist-open-data.s3.amazonaws.com/photos/70967662/medium.jpg,,"",,2,0,false,3,Haussperling,Passer domesticus,Домовый воробей,Aves,13858
45526513,fc859689-43f5-4e74-91a8-fab58693968d,2020/03/14 12:53 PM EET,2020-03-14,2020-03-14 10:53:00 UTC,Kyiv,2126618,dima_r,"",2020-05-10 20:55:32 UTC,2020-05-11 05:21:11 UTC,research,,https://www.inaturalist.org/observations/45526513,https://static.inaturalist.org/photos/72191909/medium.jpg,,"",,1,0,false,,Домовый воробей,Passer domesticus,Домовый воробей,Aves,13858
45578663,05127eb9-680c-46c4-aff2-dcac450940d3,2020/05/11 9:18 AM CEST,2020-05-11,2020-05-11 07:18:00 UTC,Madrid,2159133,luisorlando,Luis Orlando,2020-05-11 11:11:38 UTC,2024-09-12 10:18:43 UTC,needs_id,CC-BY-NC,https://www.inaturalist.org/observations/45578663,https://inaturalist-open-data.s3.amazonaws.com/photos/72278896/medium.jpg,,"",,1,0,false,,True Sparrows,Passer domesticus,Домовый воробей,Aves,13858
45958240,9336a6da-bf47-4486-a0d2-6104262e7059,2020/05/14 12:55 PM UTC,2020-05-14,2020-05-14 12:55:00 UTC,UTC,840257,raf-pan,Παναγιώτης Ραφαηλίδης,2020-05-15 10:42:55 UTC,2021-11-01 18:25:13 UTC,research,CC-BY-NC,https://www.inaturalist.org/observations/45958240,https://inaturalist-open-data.s3.amazonaws.com/photos/72891761/medium.jpeg,,"","",5,0,false,,Σπιτοσπουργίτης,Passer domesticus,Домовый воробей,Aves,13858
47014241,fbb465cd-b5a9-4687-aab6-f7d78d569f00,Sat May 23 2020 19:40:08 GMT+0100 (GMT+1),2020-05-23,2020-05-23 17:40:08 UTC,Amsterdam,1543321,grahamclarkson,Graham Clarkson,2020-05-23 19:49:21 UTC,2024-04-18 10:51:34 UTC,research,CC-BY-NC,https://www.inaturalist.org/observations/47014241,https://inaturalist-open-data.s3.amazonaws.com/photos/74558470/medium.jpg,,"",,1,0,false,3,Huismus,Passer domesticus,Домовый воробей,Aves,13858
47446148,03bc1d0a-bf18-42e3-ba1a-b1ea143ec252,2020-05-12,2020-05-12,,UTC,1050317,kpnuts,Khrish,2020-05-26 21:33:06 UTC,2020-08-10 14:18:16 UTC,research,,https://www.inaturalist.org/observations/47446148,https://static.inaturalist.org/photos/75251022/medium.jpg,,"",,3,0,false,2,House Sparrow,Passer domesticus,Домовый воробей,Aves,13858
48139889,52a01980-7e5a-4759-8e11-4c2ba430ea13,2020/06/01 3:33 PM BST,2020-06-01,2020-06-01 14:33:00 UTC,Europe/London,1680737,duncan34,Duncan Hoyle,2020-06-01 17:06:03 UTC,2021-04-26 10:54:09 UTC,research,,https://www.inaturalist.org/observations/48139889,https://static.inaturalist.org/photos/76367166/medium.jpg,,gilsland,,1,0,false,,Varpunen,Passer domesticus,Домовый воробей,Aves,13858
48139906,237b35cc-6000-488e-9312-ab4e70880332,2020/06/01 3:35 PM BST,2020-06-01,2020-06-01 14:35:00 UTC,Europe/London,1680737,duncan34,Duncan Hoyle,2020-06-01 17:06:10 UTC,2021-04-26 10:54:09 UTC,research,,https://www.inaturalist.org/observations/48139906,https://static.inaturalist.org/photos/76367242/medium.jpg,,gilsland,,2,0,false,,House Sparrow,Passer domesticus,Домовый воробей,Aves,13858
48147026,11a28098-58e1-4eee-b888-0229ec410312,Mon Jun 01 2020 17:49:19 GMT+0100 (GMT+1),2020-06-01,2020-06-01 15:49:19 UTC,Amsterdam,3106609,andy_magicman,Andy Jamieson,2020-06-01 18:11:03 UTC,2022-04-28 00:54:29 UTC,research,,https://www.inaturalist.org/observations/48147026,https://static.inaturalist.org/photos/76379661/medium.jpg,,"",,3,0,false,3,House Sparrow,Passer domesticus,Домовый воробей,Aves,13858
48454317,6ad6ec9d-e7d5-496d-b855-afde5f2b1882,2020/05/19 7:33 PM CEST,2020-05-19,2020-05-19 17:33:00 UTC,Paris,1941739,w4l3nt1n,,2020-06-04 17:40:03 UTC,2020-06-04 20:27:41 UTC,research,CC-BY-NC,https://www.inaturalist.org/observations/48454317,https://inaturalist-open-data.s3.amazonaws.com/photos/76882578/medium.jpeg,,"",Love is in the air...,2,0,false,,Huismus,Passer domesticus,Домовый воробей,Aves,13858
48941535,286fc1ab-b2c8-4aca-87f0-31d2e152ffa5,Mon Jun 08 2020 19:29:21 GMT+0200 (GMT+2),2020-06-08,2020-06-08 17:29:21 UTC,Africa/Johannesburg,569145,ramon19,RGB,2020-06-08 19:16:08 UTC,2020-10-23 09:07:40 UTC,research,,https://www.inaturalist.org/observations/48941535,https://static.inaturalist.org/photos/77676794/medium.jpg,,"",,2,0,false,3,Домовый воробей,Passer domesticus,Домовый воробей,Aves,13858
49636713,f11d07cb-7f87-4302-9609-0d36071a9697,2020-06-14T21:56:54+01:00,2020-06-14,2020-06-14 20:56:54 UTC,UTC,2903346,ttweedle,,2020-06-14 20:57:12 UTC,2022-08-17 17:24:30 UTC,research,CC-BY-NC,https://www.inaturalist.org/observations/49636713,https://inaturalist-open-data.s3.amazonaws.com/photos/78798399/medium.jpeg,,"",,1,0,false,333,Pardal común,Passer domesticus,Домовый воробей,Aves,13858
50393791,45c9cc78-ec87-4e86-b8e0-d65648ec5145,2020-06-21 12:18:39 PM GMT+01:00,2020-06-21,2020-06-21 10:18:39 UTC,Amsterdam,3212408,pinkfimble,,2020-06-21 11:20:35 UTC,2021-12-17 13:41:34 UTC,research,CC-BY-NC,https://www.inaturalist.org/observations/50393791,https://inaturalist-open-data.s3.amazonaws.com/photos/80018014/medium.jpeg,,"",Male. Feeding.,3,0,false,2,House Sparrow,Passer domesticus,Домовый воробей,Aves,13858
50806288,4da22434-e5b9-4cfc-8ee3-c074266d2ac2,Wed Jun 24 2020 11:37:29 GMT+0100 (GMT+1),2020-06-24,2020-06-24 09:37:29 UTC,Amsterdam,1543321,grahamclarkson,Graham Clarkson,2020-06-24 19:29:04 UTC,2024-04-18 10:51:34 UTC,research,CC-BY-NC,https://www.inaturalist.org/observations/50806288,https://inaturalist-open-data.s3.amazonaws.com/photos/80696319/medium.jpg,,"",,2,0,false,3,House Sparrow,Passer domesticus,Домовый воробей,Aves,13858
51792104,119b7c46-6994-42c3-b6ef-3a44a7ee7c87,2020/06/21 7:20 PM BST,2020-06-21,2020-06-21 18:20:00 UTC,Edinburgh,2845147,lynandalan,Lyn and Alan Goodkin,2020-07-03 13:50:27 UTC,2022-08-03 15:44:16 UTC,research,CC0,https://www.inaturalist.org/observations/51792104,https://inaturalist-open-data.s3.amazonaws.com/photos/82308767/medium.jpg,,"",Albino,3,1,false,,Haussperling,Passer domesticus,Домовый воробей,Aves,13858
53959032,03173452-79e4-4b42-bc98-891c86cec970,2020/07/21 2:28 PM CEST,2020-07-21,2020-07-21 12:28:00 UTC,Paris,1410956,pelagicgraf,"",2020-07-22 15:52:50 UTC,2022-02-02 17:14:14 UTC,research,CC-BY-NC,https://www.inaturalist.org/observations/53959032,https://inaturalist-open-data.s3.amazonaws.com/photos/85834757/medium.jpg,,"","Wahrscheinlich diese Art oder Passer italiae x Passer domesticus.
Probably this species or Passer italiae x Passer domesticus.",3,1,false,,Gorrión Doméstico,Passer domesticus,Домовый воробей,Aves,13858
53962849,6e2041b8-a795-4c5d-ad3f-1e01e1a92270,2020/07/18 3:19 PM CEST,2020-07-18,2020-07-18 13:19:00 UTC,Paris,1638600,peterkam,Míša Peterka,2020-07-22 16:26:51 UTC,2025-04-11 20:57:30 UTC,research,CC-BY-NC,https://www.inaturalist.org/observations/53962849,https://inaturalist-open-data.s3.amazonaws.com/photos/85841016/medium.jpg,,"",,2,0,false,,Passera europea,Passer domesticus,Домовый воробей,Aves,13858
55470897,4d1f52b8-fcf9-4292-8ca5-cef5178d371a,2020/08/03 3:13 PM CEST,2020-08-03,2020-08-03 13:13:00 UTC,Berlin,999066,alexis_orion,Alexis Tinker-Tsavalas,2020-08-05 08:05:30 UTC,2020-08-05 08:40:37 UTC,research,CC-BY,https://www.inaturalist.org/observations/55470897,https://inaturalist-open-data.s3.amazonaws.com/photos/88332107/medium.jpeg,,"",,1,0,false,,House Sparrow,Passer domesticus,Домовый воробей,Aves,13858
55952405,a60b0f5b-be0c-4008-a53f-79169e395815,2020/07/11 8:24 AM CEST,2020-07-11,2020-07-11 06:24:00 UTC,Paris,1409524,mobbini,"",2020-08-09 20:03:24 UTC,2020-08-11 19:39:37 UTC,research,CC-BY-NC,https://www.inaturalist.org/observations/55952405,https://inaturalist-open-data.s3.amazonaws.com/photos/89124508/medium.jpg,,"","spontaneous appearance of Passer https://www.inaturalist.org/observations/55952405, while I wanted to take photos from Apus https://www.inaturalist.org/observations/55952407, screenshots from video that was intended to record Apus sound showing a Turdus merula flipflapping across https://www.inaturalist.org/observations/55952409, and audio of Sylvia https://www.inaturalist.org/observations/55952403",1,0,false,,Haussperling,Passer domesticus,Домовый воробей,Aves,13858
58402120,44ebd361-65c2-46d8-8fd8-15a91fe73059,2020-09-01 4:01:50 PM GMT+02:00,2020-09-01,2020-09-01 14:01:50 UTC,Pretoria,2282606,dyrk,"",2020-09-03 09:15:56 UTC,2025-10-28 18:50:39 UTC,research,CC-BY-NC,https://www.inaturalist.org/observations/58402120,https://inaturalist-open-data.s3.amazonaws.com/photos/93240210/medium.jpeg,,"",,1,0,false,2,House Sparrow,Passer domesticus,Домовый воробей,Aves,13858
59620416,4ccf294d-c688-4393-b7a9-1c7e5b074ae2,2019-04-28T14:19:09+00:00,2019-04-28,2019-04-28 14:19:09 UTC,Madrid,1342851,eduardoramirez-anapri,Eduardo Ramirez Esteban,2020-09-14 21:49:40 UTC,2024-10-17 11:58:22 UTC,research,CC-BY-NC,https://www.inaturalist.org/observations/59620416,https://inaturalist-open-data.s3.amazonaws.com/photos/95273463/medium.jpeg,,"",Biomaraton Madrid City Nature Challenge - ANAPRI,1,0,false,,House Sparrow,Passer domesticus,Домовый воробей,Aves,13858
60069768,2c3a7d28-66da-4e93-aa2f-7ba6879e04e9,2020-09-19 4:36:32 PM GMT+02:00,2020-09-19,2020-09-19 12:36:32 UTC,Pretoria,2954917,aride82,antoine Pierre David Ride,2020-09-19 14:37:36 UTC,2025-02-28 09:24:52 UTC,research,CC-BY-NC-ND,https://www.inaturalist.org/observations/60069768,https://static.inaturalist.org/photos/96026646/medium.jpeg,,"",,2,0,false,2,Moineau domestique,Passer domesticus,Домовый воробей,Aves,13858
60167745,1f83175c-3af6-43c6-9f3b-688e475ea90f,Sun Sep 20 2020 11:24:20 GMT+0200 (GMT+2),2020-09-20,2020-09-20 09:24:20 UTC,Africa/Johannesburg,1256302,penter,,2020-09-20 09:26:24 UTC,2020-09-20 09:56:57 UTC,research,,https://www.inaturalist.org/observations/60167745,https://static.inaturalist.org/photos/96187599/medium.jpg,,"",,2,0,false,3,Varpunen,Passer domesticus,Домовый воробей,Aves,13858
60305721,0ea978b7-31ee-4232-9397-b0b7ab42a48e,Mon Sep 21 2020 13:21:37 GMT+0200 (GMT+2),2020-09-21,2020-09-21 11:21:37 UTC,Africa/Johannesburg,1314854,fahrenheit_66,"",2020-09-21 11:22:09 UTC,2020-10-30 10:53:43 UTC,research,CC-BY-NC-SA,https://www.inaturalist.org/observations/60305721,https://inaturalist-open-data.s3.amazonaws.com/photos/96417751/medium.jpg,,"",,2,0,false,3,Varpunen,Passer domesticus,Домовый воробей,Aves,13858
61769880,2d68c5fc-d8b0-461e-840d-72caafe50387,2020/10/03 4:32 PM CEST,2020-10-03,2020-10-03 14:32:00 UTC,Berlin,1508203,steven2802,Steven Schulting,2020-10-05 12:20:05 UTC,2025-02-15 23:17:23 UTC,research,CC-BY-NC,https://www.inaturalist.org/observations/61769880,https://inaturalist-open-data.s3.amazonaws.com/photos/98883039/medium.jpeg,,"","",2,0,false,,Haussperling,Passer domesticus,Домовый воробей,Aves,13858
62216268,1c32d134-1fac-404a-a2d9-ec1225a282c7,2020/10/01 11:26 AM CEST,2020-10-01,2020-10-01 09:26:00 UTC,Berlin,5643,jakob,Jakob Fahr,2020-10-10 18:00:05 UTC,2022-05-05 10:32:31 UTC,research,CC-BY,https://www.inaturalist.org/observations/62216268,https://inaturalist-open-data.s3.amazonaws.com/photos/99651743/medium.jpeg,,"",,4,0,false,,House Sparrow,Passer domesticus,Домовый воробей,Aves,13858
62547417,ae6dd637-0859-4562-9c28-dd8cec2123d8,2020/10/14 8:37 AM BST,2020-10-14,2020-10-14 07:37:00 UTC,Edinburgh,3352499,trevorsheffield,Trevor Marshall,2020-10-14 10:30:43 UTC,2020-10-14 12:17:20 UTC,research,CC-BY-NC,https://www.inaturalist.org/observations/62547417,https://inaturalist-open-data.s3.amazonaws.com/photos/100234498/medium.jpeg,,"",Think these are tree sparrows but not 100% sure though - could be house sparrows? Any advice welcome,1,0,false,,House Sparrow,Passer domesticus,Домовый воробей,Aves,13858
63558002,a3863ee5-3135-4baa-9d20-4a7b7fe0ec68,2020/10/23 11:39 AM CEST,2020-10-23,2020-10-23 09:39:00 UTC,Paris,1638600,peterkam,Míša Peterka,2020-10-26 10:02:46 UTC,2020-10-26 16:38:02 UTC,research,CC-BY-NC,https://www.inaturalist.org/observations/63558002,https://inaturalist-open-data.s3.amazonaws.com/photos/102022708/medium.jpg,,"",,3,0,false,,Varpunen,Passer domesticus,Домовый воробей,Aves,13858
63966826,b72457eb-4bc8-4c58-b4c5-e89c872ed7f2,2020/10/22 10:41 AM CEST,2020-10-22,2020-10-22 08:41:00 UTC,Berlin,760235,christophlenz,Christoph Lenz,2020-11-01 15:25:55 UTC,2022-07-16 21:05:35 UTC,research,CC-BY-NC,https://www.inaturalist.org/observations/63966826,https://inaturalist-open-data.s3.amazonaws.com/photos/102752199/medium.jpeg,,"",,2,0,false,,Haussperling,Passer domesticus,Домовый воробей,Aves,13858
64003836,f09fe347-bfaa-40cc-b756-c5190f3e1e4b,2019/08/20 12:53 PM CEST,2019-08-20,2019-08-20 10:53:00 UTC,Paris,3233792,rober025,"",2020-11-02 00:14:40 UTC,2021-04-29 06:09:25 UTC,research,CC-BY-NC,https://www.inaturalist.org/observations/64003836,https://static.inaturalist.org/photos/102819922/medium.jpeg,,"Berdorf, Aves","",1,0,false,,Домовый воробей,Passer domesticus,Домовый воробей,Aves,13858
64098418,58539298-90c6-43d6-9aa8-cb58102fca3c,2020/10/27 1:54 PM CET,2020-10-27,2020-10-27 12:54:00 UTC,Berlin,132154,reddad,"",2020-11-03 09:07:49 UTC,2020-11-03 10:42:06 UTC,research,CC-BY-NC,https://www.inaturalist.org/observations/64098418,https://inaturalist-open-data.s3.amazonaws.com/photos/102994920/medium.jpeg,,"",,1,0,false,,House Sparrow,Passer domesticus,Домовый воробей,Aves,13858
64109525,9de31714-062e-4d3f-9619-071128da81e9,2020/11/03 1:08 PM CET,2020-11-03,2020-11-03 12:08:00 UTC,Madrid,2159133,luisorlando,Luis Orlando,2020-11-03 14:56:34 UTC,2020-11-03 17:53:26 UTC,research,CC-BY-NC,https://www.inaturalist.org/observations/64109525,https://inaturalist-open-data.s3.amazonaws.com/photos/103014723/medium.jpg,,"",,2,0,false,,Gorrión Europeo,Passer domesticus,Домовый воробей,Aves,13858
64194974,e89e73d0-3613-4fc4-851c-4638bacc0aae,2018/08/30 1:41 PM CEST,2018-08-30,2018-08-30 11:41:00 UTC,Paris,1978464,angel_fernandez_cancio,Ángel Fernández Cancio,2020-11-04 20:42:09 UTC,2020-11-05 00:20:45 UTC,research,CC-BY-NC,https://www.inaturalist.org/observations/64194974,https://inaturalist-open-data.s3.amazonaws.com/photos/103165610/medium.jpg,,"","",1,0,false,,Gorrión Europeo,Passer domesticus,Домовый воробей,Aves,13858
64313114,41fa2bf0-a1d9-4fa5-ad95-ad2a48d29b87,2017/09/02 7:25 PM +0300,2017-09-02,2017-09-02 16:25:00 UTC,Istanbul,3019050,igorkonstr,,2020-11-06 20:12:27 UTC,2020-11-07 08:38:49 UTC,research,CC-BY-NC,https://www.inaturalist.org/observations/64313114,https://inaturalist-open-data.s3.amazonaws.com/photos/103376172/medium.jpg,,"",,1,0,false,,Varpunen,Passer domesticus,Домовый воробей,Aves,13858
64348867,34e50a7c-6711-4c2a-807a-b4b8d0a6d841,2020-11-07 9:37:00 AM GMT+01:00,2020-11-07,2020-11-07 08:37:00 UTC,Berlin,1985181,trichocereus,"",2020-11-07 09:02:55 UTC,2020-11-12 16:10:48 UTC,research,CC-BY-NC,https://www.inaturalist.org/observations/64348867,https://inaturalist-open-data.s3.amazonaws.com/photos/103439837/medium.jpeg,,"",,6,0,false,2,Varpunen,Passer domesticus,Домовый воробей,Aves,13858
64366462,b47b6502-dd91-49b9-a9d0-de5f933eb6c0,Sat Nov 07 2020 11:22:48 GMT+0100 (GMT+1),2020-11-07,2020-11-07 10:22:48 UTC,Amsterdam,1955029,christhehumbleii,,2020-11-07 16:01:33 UTC,2020-11-08 19:49:21 UTC,research,CC-BY-NC,https://www.inaturalist.org/observations/64366462,https://inaturalist-open-data.s3.amazonaws.com/photos/103469774/medium.jpg,,"","",1,0,false,3,Varpunen,Passer domesticus,Домовый воробей,Aves,13858
64441186,b948dca5-3690-4340-a620-2bb48d152b9a,2020-11-08 12:44:11 PM GMT+01:00,2020-11-08,2020-11-08 11:44:11 UTC,Paris,543698,murielle3,Murielle Desrois,2020-11-08 15:32:30 UTC,2025-05-13 07:52:16 UTC,research,,https://www.inaturalist.org/observations/64441186,https://inaturalist-open-data.s3.amazonaws.com/photos/103603787/medium.jpeg,,"",,1,0,false,2,Varpunen,Passer domesticus,Домовый воробей,Aves,13858
64735723,feff69dc-93db-445e-9dc9-e8fde2b2ba35,2020/11/10 2:48 PM UTC,2020-11-10,2020-11-10 14:48:00 UTC,UTC,1756341,katherine_jane,Katherine Wright,2020-11-12 16:46:53 UTC,2022-09-03 02:04:50 UTC,research,CC-BY-NC,https://www.inaturalist.org/observations/64735723,https://inaturalist-open-data.s3.amazonaws.com/photos/104125098/medium.jpeg,,"",,1,0,false,,House Sparrow,Passer domesticus,Домовый воробей,Aves,13858
64815940,b0b87b75-efb2-45e5-aa76-59aebfcfea9a,2020/11/13 8:39 AM CET,2020-11-13,2020-11-13 07:39:00 UTC,Madrid,1342851,eduardoramirez-anapri,Eduardo Ramirez Esteban,2020-11-13 21:43:36 UTC,2024-10-17 11:58:22 UTC,research,CC-BY-NC,https://www.inaturalist.org/observations/64815940,https://inaturalist-open-data.s3.amazonaws.com/photos/104253635/medium.jpg,,"ANAPRI, Colmenar Viejo, Madrid, naturaleza, aves, biomaraton",Biomaraton de otoÃ±o - ANAPRI,1,0,false,,Varpunen,Passer domesticus,Домовый воробей,Aves,13858
64878632,b68aa666-4f49-4556-8164-10e0f8eefa53,2012/05/16 8:49 PM CEST,2012-05-16,2012-05-16 18:49:00 UTC,Paris,3771288,faluke,"",2020-11-14 19:52:14 UTC,2025-08-01 22:16:09 UTC,research,CC-BY-NC,https://www.inaturalist.org/observations/64878632,https://inaturalist-open-data.s3.amazonaws.com/photos/104374397/medium.jpg,,"",,4,0,false,,Passer domesticus,Passer domesticus,Домовый воробей,Aves,13858
65415796,6212f877-1e94-43e3-84a2-e952470ac2d3,2006/04/22 5:51 PM CEST,2006-04-22,2006-04-22 15:51:00 UTC,Paris,742957,yvesbas,Yves Bas,2020-11-22 17:19:54 UTC,2020-11-23 00:17:14 UTC,research,CC-BY,https://www.inaturalist.org/observations/65415796,https://inaturalist-open-data.s3.amazonaws.com/photos/105284059/medium.jpeg,,"","",2,0,false,,Varpunen,Passer domesticus,Домовый воробей,Aves,13858
65604272,edea2619-f81f-439e-a152-35c936f5098d,2020/11/21 4:53 PM CET,2020-11-21,2020-11-21 15:53:00 UTC,Madrid,169494,franciscodocampo,"",2020-11-25 22:12:11 UTC,2020-12-28 02:01:48 UTC,research,CC-BY-NC,https://www.inaturalist.org/observations/65604272,https://inaturalist-open-data.s3.amazonaws.com/photos/105621420/medium.jpeg,,"","",5,0,false,,House Sparrow,Passer domesticus,Домовый воробей,Aves,13858
65829412,c526ef35-a0af-4b0d-8af0-5c81c0d91518,2020/11/29 4:01 PM UTC,2020-11-29,2020-11-29 16:01:00 UTC,UTC,2627094,alterasa,Sara Repolho,2020-11-29 18:24:43 UTC,2020-12-20 03:53:36 UTC,research,,https://www.inaturalist.org/observations/65829412,https://static.inaturalist.org/photos/107786424/medium.jpeg,,"","",3,0,false,,Pardal,Passer domesticus,Домовый воробей,Aves,13858
66083890,fbf48309-d3f0-4d02-a5e9-9c63cfa7d2ba,2020/12/03 5:47 PM CET,2020-12-03,2020-12-03 16:47:00 UTC,Paris,2489493,arseniogonzalez-anapri,ARSENIO GONZALEZ NAVARRO,2020-12-04 08:26:54 UTC,2020-12-04 10:24:46 UTC,research,CC-BY-NC,https://www.inaturalist.org/observations/66083890,https://inaturalist-open-data.s3.amazonaws.com/photos/106455679/medium.jpeg,,"","",1,0,false,,Passera europea,Passer domesticus,Домовый воробей,Aves,13858
66137773,62e68ba5-567d-4546-9556-dd3fcba02d4c,2011/08/17 8:58 AM CEST,2011-08-17,2011-08-17 06:58:00 UTC,Paris,2441392,josefwirth,"",2020-12-05 14:40:09 UTC,2020-12-06 17:58:52 UTC,research,CC-BY-NC,https://www.inaturalist.org/observations/66137773,https://inaturalist-open-data.s3.amazonaws.com/photos/106553450/medium.jpg,,"",,1,0,false,,House Sparrow,Passer domesticus,Домовый воробей,Aves,13858
66191808,454a1c23-ac6f-4913-84fb-5f3f3fd0f48d,2019/09/15 3:58 PM CEST,2019-09-15,2019-09-15 13:58:00 UTC,Berlin,213733,inasiebert,Ina Siebert,2020-12-06 16:02:56 UTC,2024-07-24 10:29:58 UTC,research,CC-BY-NC,https://www.inaturalist.org/observations/66191808,https://inaturalist-open-data.s3.amazonaws.com/photos/106656029/medium.jpg,,"",,2,0,false,,Varpunen,Passer domesticus,Домовый воробей,Aves,13858
66661142,a2cb4d33-c494-43f1-b2a1-479e77e81fdd,2020/12/12 11:32 AM WET,2020-12-12,2020-12-12 11:32:00 UTC,Lisbon,2623431,tiagojrc,Tiago Carrapiço,2020-12-16 17:01:32 UTC,2022-05-07 07:02:49 UTC,research,,https://www.inaturalist.org/observations/66661142,https://inaturalist-open-data.s3.amazonaws.com/photos/107508179/medium.jpeg,,"",,3,0,false,,Varpunen,Passer domesticus,Домовый воробей,Aves,13858
66677219,1b62fa78-4638-4f80-8491-c8e3fc66350f,2020/12/12 3:46 PM WET,2020-12-12,2020-12-12 15:46:00 UTC,Lisbon,2623431,tiagojrc,Tiago Carrapiço,2020-12-17 00:32:45 UTC,2020-12-18 22:10:41 UTC,research,,https://www.inaturalist.org/observations/66677219,https://inaturalist-open-data.s3.amazonaws.com/photos/107540702/medium.jpeg,,"",,2,0,false,,Pardal,Passer domesticus,Домовый воробей,Aves,13858
67087932,97b4a5e3-7f72-4451-95b5-40b55dc75ce6,2019/07/14 2:07 PM CEST,2019-07-14,2019-07-14 12:07:00 UTC,Copenhagen,291957,natteheks,Maria,2020-12-26 15:39:09 UTC,2020-12-26 18:13:59 UTC,research,CC-BY-NC,https://www.inaturalist.org/observations/67087932,https://inaturalist-open-data.s3.amazonaws.com/photos/108299825/medium.jpeg,,"","",2,0,false,,Varpunen,Passer domesticus,Домовый воробей,Aves,13858
67463473,c3c344c5-af34-426f-8acf-46eef4872c40,2021/01/02 12:31 PM CET,2021-01-02,2021-01-02 11:31:00 UTC,Madrid,200878,nickmaz,Nico Hernandez,2021-01-02 16:58:17 UTC,2023-07-08 00:43:16 UTC,research,CC-BY,https://www.inaturalist.org/observations/67463473,https://inaturalist-open-data.s3.amazonaws.com/photos/109002854/medium.png,,"",,1,0,false,,Gorrión Europeo,Passer domesticus,Домовый воробей,Aves,13858
67767493,d831d0be-912a-49dc-9623-3a921d8065c5,2021/01/08 6:48 PM CET,2021-01-08,2021-01-08 17:48:00 UTC,Paris,2488088,kiksalinas-anapri,"",2021-01-08 22:43:36 UTC,2022-04-04 16:20:33 UTC,research,CC-BY-NC,https://www.inaturalist.org/observations/67767493,https://inaturalist-open-data.s3.amazonaws.com/photos/109575870/medium.jpeg,,"",,4,0,false,,Huismus,Passer domesticus,Домовый воробей,Aves,13858
67793178,8ac3ca10-9842-4c01-902a-ee81f87fd3eb,2021-01-09 11:48:20 AM GMT+01:00,2021-01-09,2021-01-09 10:48:20 UTC,Madrid,1342851,eduardoramirez-anapri,Eduardo Ramirez Esteban,2021-01-09 13:38:36 UTC,2024-10-17 11:58:22 UTC,research,CC-BY-NC,https://www.inaturalist.org/observations/67793178,https://inaturalist-open-data.s3.amazonaws.com/photos/109624479/medium.jpeg,,"","Durante la nevada del siglo los gorriones buscan comida, estos encuentran un trozo de pan. ",1,0,false,2,Домовый воробей,Passer domesticus,Домовый воробей,Aves,13858
67794305,5b58a026-ab91-490a-b2f9-c50179f84eb5,2021-01-09 3:12:17 PM GMT+01:00,2021-01-09,2021-01-09 14:12:17 UTC,Paris,3475604,deinonyco,"",2021-01-09 14:17:40 UTC,2021-01-09 17:37:19 UTC,research,CC-BY-NC,https://www.inaturalist.org/observations/67794305,https://inaturalist-open-data.s3.amazonaws.com/photos/109627903/medium.jpeg,,"",Suffering the snow storm in Madrid,2,0,false,2,vrabec domácí,Passer domesticus,Домовый воробей,Aves,13858
67962817,74f0f7a1-23dc-413f-b208-d31e9a245428,2021/01/12 1:30 PM UTC,2021-01-12,2021-01-12 13:30:00 UTC,UTC,1756341,katherine_jane,Katherine Wright,2021-01-12 16:54:37 UTC,2022-09-03 02:04:50 UTC,research,CC-BY-NC,https://www.inaturalist.org/observations/67962817,https://inaturalist-open-data.s3.amazonaws.com/photos/109938570/medium.jpeg,,"",,1,0,false,,Gorrión Europeo,Passer domesticus,Домовый воробей,Aves,13858
68121333,48ed0690-864c-4b7e-80f8-a22518748e38,2021/01/15 4:45 PM CET,2021-01-15,2021-01-15 15:45:00 UTC,Amsterdam,548902,susanne-kasimir,Susanne Vogel,2021-01-15 21:41:25 UTC,2025-03-09 21:50:00 UTC,research,CC-BY,https://www.inaturalist.org/observations/68121333,https://inaturalist-open-data.s3.amazonaws.com/photos/110227001/medium.jpg,,"",,2,0,false,,House Sparrow,Passer domesticus,Домовый воробей,Aves,13858
68157088,5a95758d-24d5-46d7-8e33-df6984c0904a,2021-01-16 2:45:05 PM GMT+01:00,2021-01-16,2021-01-16 13:45:05 UTC,Paris,3475604,deinonyco,"",2021-01-16 15:50:52 UTC,2025-05-23 01:09:28 UTC,research,CC-BY-NC,https://www.inaturalist.org/observations/68157088,https://inaturalist-open-data.s3.amazonaws.com/photos/110291467/medium.jpeg,,"",,3,0,false,2,House Sparrow,Passer domesticus,Домовый воробей,Aves,13858
68402513,beb88129-bfa3-4b54-aaf3-b40cf3fa042e,2021/01/21 9:34 AM CET,2021-01-21,2021-01-21 08:34:00 UTC,Paris,1958074,dellimuffin,"",2021-01-21 10:21:11 UTC,2021-01-26 13:02:00 UTC,research,,https://www.inaturalist.org/observations/68402513,https://static.inaturalist.org/photos/110750714/medium.jpeg,,"",,7,0,false,,House Sparrow,Passer domesticus,Домовый воробей,Aves,13858
68590977,4ad05368-5f50-4fe1-8eb8-33735dc95f2a,2021-01-15 9:52:39 AM GMT+02:00,2021-01-15,2021-01-15 07:52:39 UTC,Africa/Johannesburg,2244749,laurynas_ugincius,Laurynas Uginčius,2021-01-25 08:37:11 UTC,2023-11-25 21:20:40 UTC,research,,https://www.inaturalist.org/observations/68590977,https://static.inaturalist.org/photos/111105357/medium.jpeg,,"",,2,0,false,2,Домовый воробей,Passer domesticus,Домовый воробей,Aves,13858
68805299,3b258f73-0d42-4249-b545-645207047dbf,2020-06-21 8:14:19 PM GMT+02:00,2020-06-21,2020-06-21 18:14:19 UTC,Africa/Johannesburg,3223528,zorille,"",2021-01-30 14:24:04 UTC,2023-07-08 01:10:54 UTC,research,CC-BY-NC,https://www.inaturalist.org/observations/68805299,https://inaturalist-open-data.s3.amazonaws.com/photos/111503298/medium.jpeg,,"",,2,0,false,2,House Sparrow,Passer domesticus,Домовый воробей,Aves,13858
69093495,848216c5-7ae8-4727-b0b6-b6a24ca59dec,2021/02/05 2:59 PM GMT,2021-02-05,2021-02-05 14:59:00 UTC,London,1749846,heliastes21,"",2021-02-05 17:14:21 UTC,2023-03-07 17:19:56 UTC,research,CC-BY-NC,https://www.inaturalist.org/observations/69093495,https://inaturalist-open-data.s3.amazonaws.com/photos/112038041/medium.jpeg,,"","",2,0,false,,House Sparrow,Passer domesticus,Домовый воробей,Aves,13858
69586288,af592913-6c5d-4e7b-9604-b02a4b73be0e,2021/02/14 9:38 AM GMT,2021-02-14,2021-02-14 09:38:00 UTC,London,2401694,william_stephens,William Stephens,2021-02-14 22:50:01 UTC,2023-12-03 12:41:07 UTC,research,CC-BY,https://www.inaturalist.org/observations/69586288,https://inaturalist-open-data.s3.amazonaws.com/photos/112941873/medium.jpg,,"2021, Bedfordshire, Birds, England, Europe, House Sparrow, Old World Sparrows, UK, _Regions_, _year_",,2,0,false,,House Sparrow,Passer domesticus,Домовый воробей,Aves,13858
69586293,c70ec131-e57a-410c-a1f6-e7f28f0fb49d,2021/02/14 9:41 AM GMT,2021-02-14,2021-02-14 09:41:00 UTC,London,2401694,william_stephens,William Stephens,2021-02-14 22:50:06 UTC,2023-12-03 12:41:07 UTC,research,CC-BY,https://www.inaturalist.org/observations/69586293,https://inaturalist-open-data.s3.amazonaws.com/photos/112941908/medium.jpg,,"2021, Bedfordshire, Birds, England, Europe, House Sparrow, Old World Sparrows, UK, _Regions_, _year_",,3,0,false,,House Sparrow,Passer domesticus,Домовый воробей,Aves,13858
69586304,10f35ae5-4bab-4801-9492-507d72a26a81,2021/02/14 9:30 AM GMT,2021-02-14,2021-02-14 09:30:00 UTC,London,2401694,william_stephens,William Stephens,2021-02-14 22:50:09 UTC,2023-12-03 12:41:07 UTC,research,CC-BY,https://www.inaturalist.org/observations/69586304,https://inaturalist-open-data.s3.amazonaws.com/photos/112942004/medium.jpg,,"2021, Bedfordshire, Birds, England, Europe, house sparrow, Old World Sparrows, UK",,2,0,false,,House Sparrow,Passer domesticus,Домовый воробей,Aves,13858
69632766,e0cd8e76-155c-4c68-8041-e1ab2d72c5d0,Mon Feb 15 2021 19:13:00 GMT+0100 (GMT+1),2021-02-15,2021-02-15 18:13:00 UTC,Amsterdam,2093530,rosietaylor,,2021-02-15 20:07:54 UTC,2021-10-16 03:48:03 UTC,research,CC-BY-NC,https://www.inaturalist.org/observations/69632766,https://inaturalist-open-data.s3.amazonaws.com/photos/113028146/medium.jpg,,"","",4,0,false,3,House Sparrow,Passer domesticus,Домовый воробей,Aves,13858
69825741,0f00a8ae-5bcf-4b0a-9969-f3307503c9d5,Fri Feb 19 2021 18:29:21 GMT+0200 (GMT+2),2021-02-19,2021-02-19 16:29:21 UTC,Africa/Johannesburg,3411624,marieta55,MARIA SYNATIKA,2021-02-19 19:55:04 UTC,2021-04-30 09:07:41 UTC,research,CC-BY-NC,https://www.inaturalist.org/observations/69825741,https://inaturalist-open-data.s3.amazonaws.com/photos/113394077/medium.jpg,,"","",2,0,false,3,House Sparrow,Passer domesticus,Домовый воробей,Aves,13858
69871618,1a464f05-8db5-46b4-aee8-308f48786118,2015/04/23 6:36 PM CEST,2015-04-23,2015-04-23 16:36:00 UTC,Paris,3245272,berzou,Bernard Noguès,2021-02-20 18:12:01 UTC,2021-02-20 19:09:24 UTC,research,CC-BY-NC,https://www.inaturalist.org/observations/69871618,https://inaturalist-open-data.s3.amazonaws.com/photos/113476525/medium.jpg,,"",,2,0,false,,House Sparrow,Passer domesticus,Домовый воробей,Aves,13858
70051992,68e8b9e9-4fc5-4d80-a7f6-1d8fd049b23b,2021/02/21 11:27 AM HST,2021-02-21,2021-02-21 21:27:00 UTC,Hawaii,2753441,enriquepg_anapri,"",2021-02-23 20:05:36 UTC,2021-02-28 18:30:10 UTC,research,CC-BY-NC,https://www.inaturalist.org/observations/70051992,https://inaturalist-open-data.s3.amazonaws.com/photos/113807596/medium.jpg,,"",,3,0,false,,Huismus,Passer domesticus,Домовый воробей,Aves,13858
70094902,156a2ea0-13a7-411b-9b00-11c463b7ee06,2021/02/23 2:47 PM UTC,2021-02-23,2021-02-23 14:47:00 UTC,UTC,3333545,albissers_grund,"",2021-02-24 16:50:26 UTC,2021-02-24 20:22:12 UTC,research,CC-BY-NC,https://www.inaturalist.org/observations/70094902,https://inaturalist-open-data.s3.amazonaws.com/photos/113886951/medium.jpg,,"",,1,0,false,,House Sparrow,Passer domesticus,Домовый воробей,Aves,13858
70135898,6ebbe071-711a-4627-b406-0d02f0b36693,2021/02/16 4:21 PM CET,2021-02-16,2021-02-16 15:21:00 UTC,Berlin,132154,reddad,"",2021-02-25 09:15:30 UTC,2021-02-27 16:39:08 UTC,research,CC-BY-NC,https://www.inaturalist.org/observations/70135898,https://inaturalist-open-data.s3.amazonaws.com/photos/113959875/medium.jpeg,,"",,2,0,false,,House Sparrow,Passer domesticus,Домовый воробей,Aves,13858
70271392,a1ece6e0-9b61-4fae-acd2-fa76d22084c3,2021-02-27 5:04:53 PM GMT+01:00,2021-02-27,2021-02-27 16:04:53 UTC,Amsterdam,3841483,robinia396,Magdalena Nogaj,2021-02-27 20:11:30 UTC,2021-02-27 22:44:27 UTC,research,,https://www.inaturalist.org/observations/70271392,https://static.inaturalist.org/photos/114202992/medium.jpeg,,"",,2,0,false,2,Varpunen,Passer domesticus,Домовый воробей,Aves,13858
70353399,8fe1bf6f-c176-4e70-88e3-0679b4b0140f,Sun Feb 21 2021 15:18:00 GMT+0100 (GMT+1),2021-02-21,2021-02-21 14:18:00 UTC,Paris,4056455,raul_verduras,,2021-02-28 22:46:44 UTC,2021-03-01 19:47:52 UTC,research,CC-BY-NC,https://www.inaturalist.org/observations/70353399,https://inaturalist-open-data.s3.amazonaws.com/photos/114352873/medium.jpeg,,"","",2,0,false,,Gorrión Doméstico,Passer domesticus,Домовый воробей,Aves,13858
70354796,30ffe3ae-deec-45f9-892a-ff4e67cb36e1,Sun Feb 21 2021 15:23:09 GMT+0100 (GMT+1),2021-02-21,2021-02-21 14:23:09 UTC,Paris,4056455,raul_verduras,,2021-02-28 23:08:22 UTC,2021-03-01 19:48:28 UTC,research,CC-BY-NC,https://www.inaturalist.org/observations/70354796,https://inaturalist-open-data.s3.amazonaws.com/photos/114356020/medium.jpg,,"","",2,0,false,3,Pardal,Passer domesticus,Домовый воробей,Aves,13858
70768456,a3730449-aaf3-4b9e-9e07-8fc6a73bb5c0,2021-03-07 4:10:33 PM GMT+01:00,2021-03-07,2021-03-07 15:10:33 UTC,Amsterdam,3841483,robinia396,Magdalena Nogaj,2021-03-07 21:21:56 UTC,2021-03-08 12:21:13 UTC,research,,https://www.inaturalist.org/observations/70768456,https://static.inaturalist.org/photos/115105605/medium.jpeg,,"",Sparrow taking a ground-bath 🙂,2,0,false,2,Passera europea,Passer domesticus,Домовый воробей,Aves,13858
70768577,0ccde0a4-e1f1-4612-9612-4c7435180068,2021-03-07 4:14:15 PM GMT+01:00,2021-03-07,2021-03-07 15:14:15 UTC,Amsterdam,3841483,robinia396,Magdalena Nogaj,2021-03-07 21:23:16 UTC,2022-05-07 07:04:59 UTC,research,,https://www.inaturalist.org/observations/70768577,https://static.inaturalist.org/photos/115105766/medium.jpeg,,"",,5,0,false,2,Passera europea,Passer domesticus,Домовый воробей,Aves,13858
70807874,0da3392a-d74f-4cf2-98f9-73d53ab01f37,2021/03/08 9:11 AM GMT,2021-03-08,2021-03-08 09:11:00 UTC,London,1236256,steve_mcwilliam,Stephen James McWilliam,2021-03-08 10:07:05 UTC,2025-12-13 12:03:09 UTC,research,CC0,https://www.inaturalist.org/observations/70807874,https://inaturalist-open-data.s3.amazonaws.com/photos/115179509/medium.jpg,,"",stripping the fluffy seed-heads for nesting material,2,0,false,,Passer domesticus,Passer domesticus,Домовый воробей,Aves,13858
71411278,3ee242d2-9fd1-40bd-8490-280b3e6995f6,2021-03-17 7:17:55 AM GMT+00:00,2021-03-17,2021-03-17 07:17:55 UTC,Edinburgh,4109171,batty_batty,Batty,2021-03-17 07:20:27 UTC,2025-12-19 12:00:36 UTC,needs_id,,https://www.inaturalist.org/observations/71411278,https://static.inaturalist.org/photos/116263562/medium.jpeg,,"",,0,0,false,2,House Sparrow,Passer domesticus,Домовый воробей,Aves,13858
71716818,e87ab6eb-5c61-4772-ae02-6a79023b9a8e,2021/03/21 1:54 PM CET,2021-03-21,2021-03-21 12:54:00 UTC,Paris,4040970,oceanflower97,Daisy Salmon,2021-03-21 16:56:40 UTC,2024-03-26 14:09:45 UTC,research,CC-BY-NC,https://www.inaturalist.org/observations/71716818,https://inaturalist-open-data.s3.amazonaws.com/photos/116806034/medium.jpeg,,"",,2,0,false,,Gorrión Doméstico,Passer domesticus,Домовый воробей,Aves,13858
72079119,5ee7dd91-abf1-4a24-bdae-e20b50b08f8c,2012/06/18 13:26 EEST,2012-06-18,2012-06-18 10:26:00 UTC,Athens,4060309,plastilin4ik,Olga Eremenko,2021-03-26 10:37:43 UTC,2025-03-04 16:39:29 UTC,research,CC-BY-NC,https://www.inaturalist.org/observations/72079119,https://inaturalist-open-data.s3.amazonaws.com/photos/117459358/medium.jpg,,"","",3,1,false,,Домовый воробей,Passer domesticus,Домовый воробей,Aves,13858
72190546,fc1cd619-38ba-4d05-84d1-fddbb46f4ef9,2021-03-27 10:52:30 AM GMT+01:00,2021-03-27,2021-03-27 09:52:30 UTC,Amsterdam,3841483,robinia396,Magdalena Nogaj,2021-03-27 19:01:23 UTC,2021-03-29 10:38:49 UTC,research,,https://www.inaturalist.org/observations/72190546,https://static.inaturalist.org/photos/117657122/medium.jpeg,,"",Sparrow on a magnolia tree,4,0,false,2,Moineau domestique,Passer domesticus,Домовый воробей,Aves,13858
72192272,39d99cb8-f0cd-40bb-a5ad-1365ff0a9773,2021-03-27 3:08:18 PM GMT+01:00,2021-03-27,2021-03-27 14:08:18 UTC,Amsterdam,3841483,robinia396,Magdalena Nogaj,2021-03-27 19:20:17 UTC,2021-03-29 10:43:36 UTC,research,,https://www.inaturalist.org/observations/72192272,https://static.inaturalist.org/photos/117660218/medium.jpeg,,"",,5,0,false,2,Varpunen,Passer domesticus,Домовый воробей,Aves,13858
72262224,6f703298-cd2d-4990-80bf-293e1243eb59,Fri Mar 26 2021 16:25:22 GMT+0100 (GMT+1),2021-03-26,2021-03-26 15:25:22 UTC,Amsterdam,2921328,kori1996,Kornélia Šnajderová,2021-03-28 13:36:46 UTC,2021-03-28 14:21:49 UTC,research,,https://www.inaturalist.org/observations/72262224,https://static.inaturalist.org/photos/117786476/medium.jpg,,"","",2,0,false,3,Huismus,Passer domesticus,Домовый воробей,Aves,13858
72342612,15e6f449-8bb0-4ca3-ba0f-54ac8dec3230,2021/02/24 4:19 PM CET,2021-02-24,2021-02-24 15:19:00 UTC,Berlin,32124,martingrimm,Martin Grimm,2021-03-29 05:35:08 UTC,2021-03-29 09:56:48 UTC,research,CC-BY-NC,https://www.inaturalist.org/observations/72342612,https://inaturalist-open-data.s3.amazonaws.com/photos/117932676/medium.jpg,,"",,2,0,false,,House Sparrow,Passer domesticus,Домовый воробей,Aves,13858
73110475,d18478ab-638d-4d48-ae19-4d050f1c78a3,2021-04-06 4:46:00 PM GMT+02:00,2021-04-06,2021-04-06 14:46:00 UTC,Pretoria,2266897,fernando_perez,Fernando Pérez,2021-04-06 14:46:30 UTC,2024-10-28 13:54:32 UTC,research,CC-BY-NC-ND,https://www.inaturalist.org/observations/73110475,https://inaturalist-open-data.s3.amazonaws.com/photos/119318551/medium.jpeg,https://static.inaturalist.org/sounds/182949.m4a?1617735857,"",,4,0,false,2,Varpunen,Passer domesticus,Домовый воробей,Aves,13858
73130831,355f048a-064c-45a7-bd13-b7bfbb9655af,2021/04/06 11:25 AM CEST,2021-04-06,2021-04-06 09:25:00 UTC,Paris,3804546,codrin_bucur,Codrin Bucur,2021-04-06 18:57:46 UTC,2022-05-07 07:04:52 UTC,research,CC-BY,https://www.inaturalist.org/observations/73130831,https://inaturalist-open-data.s3.amazonaws.com/photos/119354918/medium.jpeg,,"Male, Bird, Pentax K-5, House Sparrow, Pole Feeder, iNaturalist, Birdwatching, Basel, Lindenweg, Backyard, HD Pentax-DA 55-300mm F4-5.8 ED WR, Observation, Animal",House Sparrow male at the pole feeder,6,0,false,,Varpunen,Passer domesticus,Домовый воробей,Aves,13858
73193167,aa5fb6d4-7edc-405c-aa80-938bd633ba32,Wed Apr 07 2021 13:21:18 GMT+0100 (GMT+1),2021-04-07,2021-04-07 11:21:18 UTC,Amsterdam,299197,scrappapertiger,Sonny Hallett,2021-04-07 12:53:41 UTC,2021-04-08 01:21:14 UTC,research,,https://www.inaturalist.org/observations/73193167,https://inaturalist-open-data.s3.amazonaws.com/photos/119468694/medium.jpg,,"","",3,0,false,3,Passera europea,Passer domesticus,Домовый воробей,Aves,13858
73620757,61492c5f-68fc-4be6-92dc-333a480e42f1,2010/06/08 5:29 PM CEST,2010-06-08,2010-06-08 15:29:00 UTC,Rome,1937746,naturalista1989,Marco,2021-04-11 14:59:56 UTC,2023-05-12 15:21:51 UTC,research,CC-BY-NC,https://www.inaturalist.org/observations/73620757,https://inaturalist-open-data.s3.amazonaws.com/photos/120215727/medium.jpeg,,"",,3,0,false,,Passera europea,Passer domesticus,Домовый воробей,Aves,13858
73730153,01998a08-62b3-4947-80d7-0c570e38fc95,Mon Apr 12 2021 13:36:37 GMT+0300 (GMT+3),2021-04-12,2021-04-12 10:36:37 UTC,Baghdad,3069045,cankarayel,Can Karayel,2021-04-12 10:37:11 UTC,2025-03-04 16:39:49 UTC,research,,https://www.inaturalist.org/observations/73730153,https://inaturalist-open-data.s3.amazonaws.com/photos/120410521/medium.jpg,,"","",8,0,false,3,Bayağı Serçe,Passer domesticus,Домовый воробей,Aves,13858
73773553,e0d278c3-bc03-4326-989c-dc203ce361c1,2021/04/04 5:55 PM CEST,2021-04-04,2021-04-04 15:55:00 UTC,Paris,3804546,codrin_bucur,Codrin Bucur,2021-04-12 19:58:58 UTC,2025-09-12 17:17:53 UTC,research,CC-BY,https://www.inaturalist.org/observations/73773553,https://inaturalist-open-data.s3.amazonaws.com/photos/120489644/medium.jpeg,,"Sparrow, Goms, Münster, Valais, Bird, Pentax K-5, Walk, Birdwatching, Italian Sparrow, Best, HD Pentax-DA 55-300mm F4-5.8 ED WR, Observation, Animal",House (Italian male/hybrid?) Sparrow couple in Münster - Apr 2021,6,1,false,,House Sparrow,Passer domesticus,Домовый воробей,Aves,13858
74135777,a88bf507-551a-4f25-865b-c564e67f346f,2021-03-30 14:23:06 pm,2021-03-30,2021-03-30 13:23:06 UTC,London,1006407,bazwal,Barry Walter,2021-04-16 13:21:18 UTC,2022-05-07 07:02:57 UTC,research,CC0,https://www.inaturalist.org/observations/74135777,https://inaturalist-open-data.s3.amazonaws.com/photos/121130768/medium.jpg,,"142306000, 142340000","",4,0,false,292,House Sparrow,Passer domesticus,Домовый воробей,Aves,13858
74550042,a5080e45-99a6-4932-99af-aae178246852,2021/04/17 3:58 PM CEST,2021-04-17,2021-04-17 13:58:00 UTC,Paris,3804546,codrin_bucur,Codrin Bucur,2021-04-19 19:38:18 UTC,2021-04-20 19:48:57 UTC,research,CC-BY,https://www.inaturalist.org/observations/74550042,https://inaturalist-open-data.s3.amazonaws.com/photos/121853730/medium.jpeg,,"Bird, Pentax K-5, House Sparrow, Walk, iNaturalist, Birdwatching, Basel, Best, Female, HD Pentax-DA 55-300mm F4-5.8 ED WR, Observation, Animal",House Sparrow female #2 in Basel,2,0,false,,House Sparrow,Passer domesticus,Домовый воробей,Aves,13858
74660571,9b44acbc-e388-4856-b3b2-dbe1b6ec5130,2021/04/20 4:07 PM CEST,2021-04-20,2021-04-20 14:07:00 UTC,Paris,3257756,phagocytosis,Vincent Oostelbos,2021-04-20 18:56:13 UTC,2024-06-11 09:44:23 UTC,research,CC0,https://www.inaturalist.org/observations/74660571,https://inaturalist-open-data.s3.amazonaws.com/photos/122046189/medium.jpeg,,"",,1,0,false,,House Sparrow,Passer domesticus,Домовый воробей,Aves,13858
75297888,69868b15-80fa-411b-9808-2e5214f5728e,Mon Apr 26 2021 10:35:19 GMT+0300 (GMT+3),2021-04-26,2021-04-26 07:35:19 UTC,Baghdad,3673664,athibird,Athina,2021-04-26 10:48:41 UTC,2022-04-27 08:08:17 UTC,research,CC-BY-NC,https://www.inaturalist.org/observations/75297888,https://inaturalist-open-data.s3.amazonaws.com/photos/123169535/medium.jpg,,"","",1,0,false,3,House Sparrow,Passer domesticus,Домовый воробей,Aves,13858
75312383,23da202a-6e4b-499c-a1c1-1359c17d6117,2021/04/22 2:41 PM UTC,2021-04-22,2021-04-22 14:41:00 UTC,UTC,1756341,katherine_jane,Katherine Wright,2021-04-26 14:23:57 UTC,2022-09-03 02:04:50 UTC,research,CC-BY-NC,https://www.inaturalist.org/observations/75312383,https://inaturalist-open-data.s3.amazonaws.com/photos/123120186/medium.jpeg,,"",,1,0,false,,House Sparrow,Passer domesticus,Домовый воробей,Aves,13858
75647976,4ef8355e-9e52-427c-a040-c01d4dc05ce9,Thu Apr 29 2021 13:48:26 GMT +0100 (GMT+1),2021-04-29,2021-04-29 12:48:26 UTC,West Central Africa,3767150,k777hna,,2021-04-29 12:48:32 UTC,2021-04-30 00:02:24 UTC,research,CC-BY-NC,https://www.inaturalist.org/observations/75647976,https://inaturalist-open-data.s3.amazonaws.com/photos/123789149/medium.jpeg,,"",,2,0,false,333,House Sparrow,Passer domesticus,Домовый воробей,Aves,13858
76938617,27ae4f99-0f0c-47e3-b68c-7837e379297e,2021-05-01 16:55:34,2021-05-01,2021-05-01 14:55:34 UTC,UTC,3841483,robinia396,Magdalena Nogaj,2021-05-03 13:58:42 UTC,2021-05-04 16:19:20 UTC,research,,https://www.inaturalist.org/observations/76938617,https://static.inaturalist.org/photos/125827876/medium.jpeg,,"",Lady sparrow in the rain ,3,0,false,2,Varpunen,Passer domesticus,Домовый воробей,Aves,13858
78133287,095b874f-3592-4d6a-a83d-7d8dbf6134cd,2021-05-09 14:04:08,2021-05-09,2021-05-09 12:04:08 UTC,UTC,3841483,robinia396,Magdalena Nogaj,2021-05-09 21:21:47 UTC,2021-05-11 10:46:27 UTC,research,,https://www.inaturalist.org/observations/78133287,https://static.inaturalist.org/photos/127828934/medium.jpeg,,"",Sparrow juveniles waiting to be fed by their mother ,4,0,false,2,House Sparrow,Passer domesticus,Домовый воробей,Aves,13858
78137587,311de8b0-6c7c-4694-809a-c912ab8aebcc,2021/01/09 12:49 PM CET,2021-01-09,2021-01-09 11:49:00 UTC,Madrid,4369300,andrestand,"",2021-05-09 21:50:38 UTC,2023-06-24 14:07:36 UTC,research,CC-BY-NC,https://www.inaturalist.org/observations/78137587,https://inaturalist-open-data.s3.amazonaws.com/photos/127834642/medium.jpg,,"","",2,0,false,,House Sparrow,Passer domesticus,Домовый воробей,Aves,13858
78140650,ba3d147a-ee3f-4952-a4f9-dc2cf6fa1b5c,2021-04-24 12:30:55,2021-04-24,2021-04-24 10:30:55 UTC,UTC,3841483,robinia396,Magdalena Nogaj,2021-05-09 22:10:38 UTC,2022-05-07 07:03:07 UTC,research,,https://www.inaturalist.org/observations/78140650,https://static.inaturalist.org/photos/127842109/medium.jpeg,,"",,6,0,false,2,House Sparrow,Passer domesticus,Домовый воробей,Aves,13858
79283410,c6624aae-3d59-4989-a2e1-96b2f0e6dd0c,2021-05-18,2021-05-18,,Paris,3233792,rober025,"",2021-05-18 15:51:04 UTC,2025-04-25 19:49:07 UTC,research,CC-BY-NC,https://www.inaturalist.org/observations/79283410,https://inaturalist-open-data.s3.amazonaws.com/photos/129847782/medium.jpeg,,"Remerschen, Homebase","",2,0,false,,Passer domesticus,Passer domesticus,Домовый воробей,Aves,13858
79291494,3d659383-411b-41c6-a465-0edefa599174,2021/02/16 1:49 PM GMT,2021-02-16,2021-02-16 13:49:00 UTC,Edinburgh,1527518,a_emmerson,A Emmerson,2021-05-18 16:59:03 UTC,2022-05-07 07:03:01 UTC,research,CC-BY,https://www.inaturalist.org/observations/79291494,https://inaturalist-open-data.s3.amazonaws.com/photos/129861405/medium.jpeg,,"",,2,0,false,,House Sparrow,Passer domesticus,Домовый воробей,Aves,13858
80720110,84ca0287-6b9b-42bc-820c-848e99bb8a25,2021/05/26 8:42 AM BST,2021-05-26,2021-05-26 07:42:00 UTC,London,3635289,bsteer,"",2021-05-29 12:20:39 UTC,2022-06-17 15:18:45 UTC,research,CC-BY-NC,https://www.inaturalist.org/observations/80720110,https://inaturalist-open-data.s3.amazonaws.com/photos/132318285/medium.jpeg,https://static.inaturalist.org/sounds/238144.m4a?1622288108,bfav,"",1,0,false,,House Sparrow,Passer domesticus,Домовый воробей,Aves,13858
80747279,e126ef5e-0614-4f0f-9ae6-6fa06d45fabd,Sat May 29 2021 18:08:53 GMT+0200 (GMT+2),2021-05-29,2021-05-29 16:08:53 UTC,Pretoria,4496193,lydia_diogo,Lydia Diogo,2021-05-29 16:09:00 UTC,2021-06-11 09:01:49 UTC,research,,https://www.inaturalist.org/observations/80747279,https://static.inaturalist.org/photos/132370063/medium.jpg,,"","",2,0,false,3,Moineau domestique,Passer domesticus,Домовый воробей,Aves,13858
80777444,65539d07-21c0-43b1-b09f-c6e3c4ca0d83,2021/05/28 3:34 PM CEST,2021-05-28,2021-05-28 13:34:00 UTC,Amsterdam,411582,wouterteunissen,"",2021-05-29 19:35:59 UTC,2025-04-15 15:02:51 UTC,research,,https://www.inaturalist.org/observations/80777444,https://static.inaturalist.org/photos/132417177/medium.jpeg,,"","",1,0,false,,House Sparrow,Passer domesticus,Домовый воробей,Aves,13858
81155907,a71807e2-5844-4b5f-b44d-7e9289c94474,2019/11/14 1:18 PM UTC,2019-11-14,2019-11-14 13:18:00 UTC,UTC,3910284,victorlena,Víctor González García,2021-06-01 10:08:20 UTC,2021-06-01 13:53:26 UTC,research,CC-BY-NC,https://www.inaturalist.org/observations/81155907,https://inaturalist-open-data.s3.amazonaws.com/photos/133085407/medium.jpg,,"",,2,0,false,,Gorrión Doméstico,Passer domesticus,Домовый воробей,Aves,13858
81718891,f0c46f43-da50-4307-9e5d-a4474934eeb5,2021-06-05 13:39:40,2021-06-05,2021-06-05 11:39:40 UTC,Madrid,4535709,djs7,,2021-06-05 15:57:27 UTC,2021-06-06 21:49:43 UTC,research,CC-BY-NC,https://www.inaturalist.org/observations/81718891,https://inaturalist-open-data.s3.amazonaws.com/photos/134050625/medium.jpeg,,"",,3,0,false,2,Pardal común,Passer domesticus,Домовый воробей,Aves,13858
83028315,ec2b7a94-6274-4b94-8916-71afc5c311b6,2021-06-14 13:17:11,2021-06-14,2021-06-14 11:17:11 UTC,Bern,4298787,goldamsel,m.vogel,2021-06-14 17:53:33 UTC,2021-06-14 18:00:46 UTC,research,CC-BY-NC,https://www.inaturalist.org/observations/83028315,https://inaturalist-open-data.s3.amazonaws.com/photos/136325270/medium.jpeg,,"",,1,0,false,2,Gorrión Doméstico,Passer domesticus,Домовый воробей,Aves,13858
83615193,09146571-c687-4eb8-b70e-2d50630e7647,Sat Jun 19 2021 11:45:36 GMT+0100 (GMT+1),2021-06-19,2021-06-19 09:45:36 UTC,Amsterdam,4591853,lewis83839373,,2021-06-19 10:46:17 UTC,2021-06-27 11:26:32 UTC,research,CC-BY-NC,https://www.inaturalist.org/observations/83615193,https://inaturalist-open-data.s3.amazonaws.com/photos/137347719/medium.jpg,,"","",1,0,false,3,House Sparrow,Passer domesticus,Домовый воробей,Aves,13858
83675419,d1cc0ed4-74de-4483-b562-c2d2b79ca4ea,Sat Jun 19 2021 17:55:08 GMT+0100 (GMT+1),2021-06-19,2021-06-19 15:55:08 UTC,Amsterdam,4318433,clairemariem,ClaireMM,2021-06-19 18:50:44 UTC,2021-06-20 15:12:15 UTC,research,CC-BY-NC,https://www.inaturalist.org/observations/83675419,https://inaturalist-open-data.s3.amazonaws.com/photos/137446812/medium.jpg,,"","",2,0,false,3,House Sparrow,Passer domesticus,Домовый воробей,Aves,13858
83834222,d9a59e15-1bad-4801-8c05-66ead1bb2278,Sun Jun 20 2021 15:16:34 GMT+0300 (GMT+3),2021-06-20,2021-06-20 12:16:34 UTC,Baghdad,3027619,ivandimitroff,,2021-06-20 19:47:30 UTC,2022-12-07 20:59:23 UTC,research,CC-BY-NC,https://www.inaturalist.org/observations/83834222,https://inaturalist-open-data.s3.amazonaws.com/photos/137719768/medium.jpg,,"","",3,0,false,3,House Sparrow,Passer domesticus,Домовый воробей,Aves,13858
84538091,a07b1c2e-c191-413a-ab4b-c1d8dbd294d7,2021-06-26 14:15:20,2021-06-26,2021-06-26 12:15:20 UTC,Bern,4641488,mini_malistisch,Mini Malistisch,2021-06-26 12:20:08 UTC,2021-06-26 17:03:10 UTC,research,,https://www.inaturalist.org/observations/84538091,https://inaturalist-open-data.s3.amazonaws.com/photos/138958187/medium.jpeg,,"",,1,0,false,2,House Sparrow,Passer domesticus,Домовый воробей,Aves,13858
85237090,a250eb4f-a857-4f3b-9a59-c9ab8012305c,2021/07/01 11:30 AM UTC,2021-07-01,2021-07-01 11:30:00 UTC,UTC,4592501,stproc,,2021-07-01 18:07:12 UTC,2021-07-28 22:13:53 UTC,research,CC-BY-NC,https://www.inaturalist.org/observations/85237090,https://inaturalist-open-data.s3.amazonaws.com/photos/140209905/medium.jpg,,"",,4,0,false,,Gorrión Doméstico,Passer domesticus,Домовый воробей,Aves,13858
86259584,3e45dafe-db74-40c9-ab07-d1351bf2bb3f,Thu Jul 08 2021 21:09:08 GMT+0200 (GMT+2),2021-07-08,2021-07-08 19:09:08 UTC,Pretoria,1337877,i-m-x-e,"",2021-07-09 09:25:05 UTC,2021-07-09 12:03:30 UTC,research,,https://www.inaturalist.org/observations/86259584,https://static.inaturalist.org/photos/142074607/medium.jpg,,"","",1,0,false,3,House Sparrow,Passer domesticus,Домовый воробей,Aves,13858
87706194,9a7a2a66-a17a-437f-bf80-012d9be7e025,2021/07/13 1:38 PM WEST,2021-07-13,2021-07-13 12:38:00 UTC,Lisbon,2623431,tiagojrc,Tiago Carrapiço,2021-07-19 13:14:55 UTC,2021-07-20 19:17:31 UTC,research,,https://www.inaturalist.org/observations/87706194,https://inaturalist-open-data.s3.amazonaws.com/photos/144621047/medium.jpeg,,"",,2,0,false,,House Sparrow,Passer domesticus,Домовый воробей,Aves,13858
88667097,67298d7c-c97a-49b3-802b-8925133bc91d,2020/07/14 11:19 AM CEST,2020-07-14,2020-07-14 09:19:00 UTC,Madrid,6406748,adremix,"",2021-07-26 09:19:38 UTC,2023-07-30 17:21:18 UTC,research,CC-BY-NC,https://www.inaturalist.org/observations/88667097,https://inaturalist-open-data.s3.amazonaws.com/photos/146324488/medium.png,,"","Newborn chicks. By some reason they were lying on the ground, alive, with a few ants starting to gather on them.",1,0,false,,House Sparrow,Passer domesticus,Домовый воробей,Aves,13858
90933533,b4e6dd47-5362-43c8-89f7-27b821b15afc,2021-08-12 12:28:06,2021-08-12,2021-08-12 11:28:06 UTC,Lisbon,1144632,afranco,Aldina Franco,2021-08-12 21:39:39 UTC,2025-06-04 12:08:34 UTC,research,CC-BY-NC,https://www.inaturalist.org/observations/90933533,https://inaturalist-open-data.s3.amazonaws.com/photos/150339722/medium.jpeg,,"",,5,0,false,2,Gorrión Doméstico,Passer domesticus,Домовый воробей,Aves,13858
91972315,f92783d0-c5d4-4ab9-acc6-15f8e152bace,Sat Aug 21 2021 16:14:00 GMT+0200 (GMT+2),2021-08-21,2021-08-21 13:14:00 UTC,Athens,2065756,richx915,RichX 915,2021-08-21 15:22:20 UTC,2023-07-08 05:42:36 UTC,research,CC0,https://www.inaturalist.org/observations/91972315,https://inaturalist-open-data.s3.amazonaws.com/photos/152227805/medium.jpg,,"","",2,0,false,3,House Sparrow,Passer domesticus,Домовый воробей,Aves,13858
92662574,02b82801-4c78-4031-94e1-0c47ff4676b5,2021-08-26 11:42:05,2021-08-26,2021-08-26 09:42:05 UTC,Madrid,3014774,ranunculo_gil,Víctor Gil Borissov,2021-08-27 12:32:40 UTC,2021-08-31 21:54:35 UTC,research,,https://www.inaturalist.org/observations/92662574,https://static.inaturalist.org/photos/153462581/medium.jpeg,,"",,4,0,false,2,Bayağı Serçe,Passer domesticus,Домовый воробей,Aves,13858
93178194,271b7d94-a4d2-46b5-b84f-90b5a40b3ba2,2013/05/16 5:00 PM CEST,2013-05-16,2013-05-16 15:00:00 UTC,Paris,4738061,arkantor,Nuno Veríssimo P.,2021-08-31 18:26:25 UTC,2023-03-08 12:09:58 UTC,research,CC-BY-NC-SA,https://www.inaturalist.org/observations/93178194,https://inaturalist-open-data.s3.amazonaws.com/photos/154389839/medium.jpeg,,(FRC) Paris,♀,2,0,false,,Домовый воробей,Passer domesticus,Домовый воробей,Aves,13858
93628212,786b858c-115b-404a-9501-79ea91f7ed5b,2021/09/04 3:40 PM UTC,2021-09-04,2021-09-04 15:40:00 UTC,UTC,4689536,jo_funk,Johanna Funk,2021-09-04 20:01:05 UTC,2023-08-01 14:13:34 UTC,research,CC-BY-NC,https://www.inaturalist.org/observations/93628212,https://inaturalist-open-data.s3.amazonaws.com/photos/155199075/medium.jpeg,,"","",2,0,false,,Varpunen,Passer domesticus,Домовый воробей,Aves,13858
94308344,56f82d9a-ffe2-425f-b96f-258a32ce58a2,Mon Sep 06 2021 13:06:00 GMT+0200 (GMT+2),2021-09-06,2021-09-06 10:06:00 UTC,Athens,4386595,domileo,Dominique Léonard,2021-09-10 11:06:56 UTC,2021-12-24 07:08:31 UTC,research,,https://www.inaturalist.org/observations/94308344,https://static.inaturalist.org/photos/156430286/medium.jpg,,"","",1,0,false,3,Moineau domestique,Passer domesticus,Домовый воробей,Aves,13858
94334510,a6d48b5d-44b3-49da-8d93-120a79de4f71,2021/09/10 3:50 PM CEST,2021-09-10,2021-09-10 13:50:00 UTC,Madrid,172736,dcapillae,Daniel Capilla,2021-09-10 15:54:12 UTC,2022-12-10 21:28:00 UTC,research,CC0,https://www.inaturalist.org/observations/94334510,https://inaturalist-open-data.s3.amazonaws.com/photos/156473024/medium.jpeg,,"",Observación relacionada: <em>[Turdus merula](https://www.inaturalist.org/observations/94334509)</em>.,2,0,false,,Gorrión Doméstico,Passer domesticus,Домовый воробей,Aves,13858
94916326,d8eaabfc-3431-4fcc-bb33-3560d70d34a8,2021-08-24 5:23:29 PM GMT+01:00,2021-08-24,2021-08-24 15:23:29 UTC,Amsterdam,2931683,rachael198,Rachael,2021-09-15 11:26:44 UTC,2021-09-16 07:05:59 UTC,research,,https://www.inaturalist.org/observations/94916326,https://static.inaturalist.org/photos/157508868/medium.jpeg,,"",,2,0,false,2,House Sparrow,Passer domesticus,Домовый воробей,Aves,13858
98389600,9da1705e-cdca-4c04-924e-61b10e46dd9b,2021/06/06 10:05 AM CEST,2021-06-06,2021-06-06 08:05:00 UTC,Paris,2956728,djhird,,2021-10-16 16:12:39 UTC,2025-11-10 10:21:59 UTC,research,CC-BY-NC,https://www.inaturalist.org/observations/98389600,https://inaturalist-open-data.s3.amazonaws.com/photos/163799108/medium.jpg,,"2021, Adult, Almazara Area, Andalucía, Cádiz, House Sparrow, June, Male, Passer domesticus, Passeridae, Passeriformes, Perched, Spain, Zahara de la Sierra, gorrión común","House Sparrow (Passer domesticus); Adult, Male; Almazara Area, Zahara de la Sierra, Cádiz, Andalucía, Spain.",3,0,false,,House Sparrow,Passer domesticus,Домовый воробей,Aves,13858
98424244,d36bc1a1-3228-44cc-9aca-e820c59dfd91,2021/10/16 2:39 PM CEST,2021-10-16,2021-10-16 12:39:00 UTC,Paris,1891727,donalddavesne,Donald Davesne,2021-10-16 21:46:27 UTC,2025-06-21 23:39:14 UTC,research,,https://www.inaturalist.org/observations/98424244,https://inaturalist-open-data.s3.amazonaws.com/photos/163860605/medium.jpg,,"",,3,0,false,,Haussperling,Passer domesticus,Домовый воробей,Aves,13858
99211597,14920204-0881-4b33-855c-814867722654,2021/10/24 8:55 AM UTC,2021-10-24,2021-10-24 08:55:00 UTC,UTC,3906381,ramune_vakare,Ramunė Vakarė,2021-10-24 13:36:31 UTC,2021-10-27 06:35:26 UTC,research,CC-BY-NC,https://www.inaturalist.org/observations/99211597,https://inaturalist-open-data.s3.amazonaws.com/photos/165338691/medium.jpeg,,"",,2,0,false,,Домовый воробей,Passer domesticus,Домовый воробей,Aves,13858
99262008,e22650ab-d917-407d-9ed0-57019e0bbd83,Sat Oct 23 2021 10:59:31 GMT+0200 (GMT+2),2021-10-23,2021-10-23 07:59:31 UTC,Athens,1142654,bernatree,Bernat Espigulé,2021-10-24 20:40:45 UTC,2025-01-15 17:24:55 UTC,research,CC-BY-NC,https://www.inaturalist.org/observations/99262008,https://inaturalist-open-data.s3.amazonaws.com/photos/165398398/medium.jpg,,"","",3,0,false,,Gorrión Doméstico,Passer domesticus,Домовый воробей,Aves,13858
100838491,28af4bd3-3302-4472-9d6c-0b61f61699be,2021/11/08 8:46 AM CET,2021-11-08,2021-11-08 07:46:00 UTC,Berlin,132154,reddad,"",2021-11-11 08:27:51 UTC,2021-11-11 09:29:21 UTC,research,CC-BY-NC,https://www.inaturalist.org/observations/100838491,https://inaturalist-open-data.s3.amazonaws.com/photos/168342189/medium.jpeg,,"","8:46 AM: Pics 1, 2.
9:00 AM: Pics 3, 4.
9:06 AM: Pic 5.
9:17 AM: Pic 6.
9:44 AM: Pic 7.",2,1,false,,House Sparrow,Passer domesticus,Домовый воробей,Aves,13858
101636970,2896a824-a257-4073-b892-030061fb359e,2021/07/22 11:10 AM CEST,2021-07-22,2021-07-22 09:10:00 UTC,Paris,4147742,teichmolch70,Thorsten Stegmann,2021-11-21 18:04:35 UTC,2025-04-15 15:02:12 UTC,research,CC-BY-NC,https://www.inaturalist.org/observations/101636970,https://inaturalist-open-data.s3.amazonaws.com/photos/169752931/medium.jpeg,,"","",2,0,false,,Haussperling,Passer domesticus,Домовый воробей,Aves,13858
101760877,91a60397-e427-4462-a31d-afd5e29714cf,2021-08-06 21:10:00,2021-08-06,2021-08-06 21:10:00 UTC,UTC,4406716,cristina_oc,Cristina Olivares Collado,2021-11-23 15:01:04 UTC,2025-02-07 15:36:56 UTC,research,CC-BY,https://www.inaturalist.org/observations/101760877,https://inaturalist-open-data.s3.amazonaws.com/photos/169985963/medium.jpeg,,"",,2,0,false,2,Gorrión Doméstico,Passer domesticus,Домовый воробей,Aves,13858
103688807,b39f84bd-63b7-453e-9dd3-8506c4a2da22,2021/12/26 4:16 PM UTC,2021-12-26,2021-12-26 16:16:00 UTC,UTC,4461118,monique240,Monique Schummers,2021-12-26 15:04:29 UTC,2021-12-26 21:33:05 UTC,research,,https://www.inaturalist.org/observations/103688807,https://static.inaturalist.org/photos/173600071/medium.jpeg,,"",,1,0,false,,Moineau domestique,Passer domesticus,Домовый воробей,Aves,13858
103747521,f588fd45-dae1-41fe-83b0-af44b04e2935,2021-12-27 13:12:43,2021-12-27,2021-12-27 12:12:43 UTC,Paris,561051,prunhel,Céline,2021-12-27 12:18:11 UTC,2024-08-31 08:52:24 UTC,research,CC-BY,https://www.inaturalist.org/observations/103747521,https://inaturalist-open-data.s3.amazonaws.com/photos/173713338/medium.jpeg,,"",Looks like a white sparrow. There are possibly 2 of them (only suspicion) ,2,0,false,2,House Sparrow,Passer domesticus,Домовый воробей,Aves,13858
103954371,7d83aa77-fdb6-4216-95c9-a232a0679925,2020/12/31 11:54 AM CET,2020-12-31,2020-12-31 10:54:00 UTC,Paris,5274831,kakariki14,Pablo Pozo,2021-12-30 12:32:03 UTC,2022-01-09 17:56:59 UTC,research,CC-BY-NC,https://www.inaturalist.org/observations/103954371,https://inaturalist-open-data.s3.amazonaws.com/photos/174112816/medium.jpg,,"","",2,0,false,,Gorrión Doméstico,Passer domesticus,Домовый воробей,Aves,13858
104016674,dc723cdd-6366-4211-9e64-b580567d70c4,2021/09/04 3:58 AM PDT,2021-09-04,2021-09-04 10:58:00 UTC,Pacific Time (US & Canada),91922,avocat,"",2021-12-31 06:30:14 UTC,2021-12-31 08:03:29 UTC,research,CC-BY-NC,https://www.inaturalist.org/observations/104016674,https://inaturalist-open-data.s3.amazonaws.com/photos/174230009/medium.jpg,,"",,2,0,false,,Gorrión Doméstico,Passer domesticus,Домовый воробей,Aves,13858
104101267,ab419000-d89a-4ef7-a65c-718a26f3cabf,2011/08/18 6:38 PM UTC,2011-08-18,2011-08-18 18:38:00 UTC,UTC,3639410,mrrunshak,Frederik Rothe,2022-01-01 13:38:39 UTC,2022-02-20 10:55:34 UTC,research,CC-BY-NC,https://www.inaturalist.org/observations/104101267,https://inaturalist-open-data.s3.amazonaws.com/photos/174389876/medium.jpeg,,"",,3,0,false,,Varpunen,Passer domesticus,Домовый воробей,Aves,13858
104630419,a3ef4e9f-4609-4e05-bbcb-9cc748378f29,2022/01/05 10:27 AM CET,2022-01-05,2022-01-05 09:27:00 UTC,Berlin,132154,reddad,"",2022-01-09 09:04:44 UTC,2022-01-09 09:56:16 UTC,research,CC-BY-NC,https://www.inaturalist.org/observations/104630419,https://inaturalist-open-data.s3.amazonaws.com/photos/175362760/medium.jpeg,,"",,2,0,false,,House Sparrow,Passer domesticus,Домовый воробей,Aves,13858
104729894,964b122e-6ae1-494e-bade-137b2e0a70f5,2022/01/05 10:43 AM UTC,2022-01-05,2022-01-05 10:43:00 UTC,UTC,2745143,antoniorico,Antonio Rico García,2022-01-10 23:00:02 UTC,2022-01-12 15:07:56 UTC,research,CC-BY-NC,https://www.inaturalist.org/observations/104729894,https://inaturalist-open-data.s3.amazonaws.com/photos/175551117/medium.jpeg,,"",,4,0,false,,House Sparrow,Passer domesticus,Домовый воробей,Aves,13858
105051856,ad7d1c11-2a53-4bab-9fc8-36306e9f4596,2021/10/02 10:53 AM CEST,2021-10-02,2021-10-02 08:53:00 UTC,Paris,1409524,mobbini,"",2022-01-16 20:17:14 UTC,2022-01-25 21:01:22 UTC,research,CC-BY-NC,https://www.inaturalist.org/observations/105051856,https://inaturalist-open-data.s3.amazonaws.com/photos/176167551/medium.jpg,https://static.inaturalist.org/sounds/346967.mp3?1642363293,"","https://youtu.be/5wAeWsjNnhw 
https://youtu.be/XPLka39o7f8 

funny tweets at ~0:16

some sparrows have been breeding under this roof this summer. There are still regular visits from sparrows. Offspring?",4,0,false,,Haussperling,Passer domesticus,Домовый воробей,Aves,13858
105442913,e2a62d35-1f7a-4633-bf2b-250ae12f98c1,2022/01/23 1:34 PM CET,2022-01-23,2022-01-23 12:34:00 UTC,Madrid,2489493,arseniogonzalez-anapri,ARSENIO GONZALEZ NAVARRO,2022-01-23 18:00:57 UTC,2022-02-21 10:45:56 UTC,research,CC-BY-NC,https://www.inaturalist.org/observations/105442913,https://inaturalist-open-data.s3.amazonaws.com/photos/176919974/medium.jpeg,,"","",3,0,false,,House Sparrow,Passer domesticus,Домовый воробей,Aves,13858
105615144,61a1736e-9806-4442-9ff0-9ba68325d69b,2022/01/26 3:41 дня MSK,2022-01-26,2022-01-26 12:41:00 UTC,Moscow,1524915,nat_zouieva,Наталия Зуева,2022-01-26 15:17:32 UTC,2022-02-01 10:22:14 UTC,research,CC-BY-NC,https://www.inaturalist.org/observations/105615144,https://inaturalist-open-data.s3.amazonaws.com/photos/177245104/medium.jpg,,"",,2,0,false,,Huismus,Passer domesticus,Домовый воробей,Aves,13858
105923520,d4adc277-df81-4ed6-ba65-9aa2fc55fa6c,2021/12/16 3:57 PM UTC,2021-12-16,2021-12-16 15:57:00 UTC,UTC,4976891,thomascollin54,,2022-01-31 20:08:12 UTC,2022-02-01 07:30:17 UTC,research,CC-BY-NC,https://www.inaturalist.org/observations/105923520,https://inaturalist-open-data.s3.amazonaws.com/photos/177837377/medium.jpeg,,"",,3,0,false,,Varpunen,Passer domesticus,Домовый воробей,Aves,13858
105936013,ab390397-b756-4bf4-bb0f-1c885403ed31,2022/01/28 1:52 PM UTC,2022-01-28,2022-01-28 13:52:00 UTC,UTC,3333545,albissers_grund,"",2022-02-01 00:07:53 UTC,2023-08-01 14:12:50 UTC,research,CC-BY-NC,https://www.inaturalist.org/observations/105936013,https://inaturalist-open-data.s3.amazonaws.com/photos/177859695/medium.jpg,,"",,1,0,false,,Haussperling,Passer domesticus,Домовый воробей,Aves,13858
105973518,f6227630-8f9d-4d77-978c-cc189c4fb94d,2022/02/01 4:13 PM CET,2022-02-01,2022-02-01 15:13:00 UTC,Paris,4281861,petzenbeer,Petzenbär,2022-02-01 18:06:11 UTC,2025-06-04 14:00:50 UTC,research,CC-BY-NC,https://www.inaturalist.org/observations/105973518,https://inaturalist-open-data.s3.amazonaws.com/photos/177932113/medium.jpeg,,"","",3,1,false,,Huismus,Passer domesticus,Домовый воробей,Aves,13858
105983364,7bd1a950-ee4b-4a17-83fa-07ca100e5786,2022/01/03 1:51 PM CET,2022-01-03,2022-01-03 12:51:00 UTC,Paris,5333744,sascha_n,Sascha Nunheim,2022-02-01 21:14:56 UTC,2025-05-04 16:16:54 UTC,research,CC-BY,https://www.inaturalist.org/observations/105983364,https://inaturalist-open-data.s3.amazonaws.com/photos/177949148/medium.jpg,,"",,4,0,false,,Haussperling,Passer domesticus,Домовый воробей,Aves,13858
106684804,49236a2c-9907-42b7-a016-8593e95ef7a2,2022-02-13 17:00:43,2022-02-13,2022-02-13 17:00:43 UTC,London,5329339,fromephil,"",2022-02-13 16:46:13 UTC,2022-02-18 07:19:41 UTC,research,CC-BY-NC,https://www.inaturalist.org/observations/106684804,https://inaturalist-open-data.s3.amazonaws.com/photos/179270376/medium.jpeg,,"",,4,0,false,2,Haussperling,Passer domesticus,Домовый воробей,Aves,13858
106759875,a8e49a3c-6803-4e7a-9387-9235884d3298,2021/07/29 10:27 AM CEST,2021-07-29,2021-07-29 08:27:00 UTC,Madrid,2474981,amhernando-anapri,Angel,2022-02-14 20:29:08 UTC,2023-08-19 19:37:44 UTC,research,CC-BY-NC,https://www.inaturalist.org/observations/106759875,https://inaturalist-open-data.s3.amazonaws.com/photos/179414263/medium.jpeg,,"",,3,0,false,,Varpunen,Passer domesticus,Домовый воробей,Aves,13858
107954887,02843d76-3d2b-486b-8b69-6e5b0fcb7e9e,2017/06/10 7:47 PM UTC,2017-06-10,2017-06-10 19:47:00 UTC,UTC,5319546,david_barros_cardona,David Barros Cardona,2022-03-05 16:28:42 UTC,2025-07-05 10:36:01 UTC,research,CC-BY-NC,https://www.inaturalist.org/observations/107954887,https://inaturalist-open-data.s3.amazonaws.com/photos/181663901/medium.jpg,,"",,1,0,false,,Gorrión Doméstico,Passer domesticus,Домовый воробей,Aves,13858
107976257,6ca18382-3e02-474b-973b-61f60ca2820b,2022/03/05 2:09 PM CET,2022-03-05,2022-03-05 13:09:00 UTC,Paris,5330624,floriankreppel,"",2022-03-05 21:24:48 UTC,2022-06-10 04:46:00 UTC,research,CC-BY-NC,https://www.inaturalist.org/observations/107976257,https://inaturalist-open-data.s3.amazonaws.com/photos/181702980/medium.jpg,,"",,4,0,false,,Haussperling,Passer domesticus,Домовый воробей,Aves,13858
108324734,ea414fb6-7754-4e94-bb4f-ab574d1186a8,2021/12/10 2:43 PM CET,2021-12-10,2021-12-10 13:43:00 UTC,Paris,1409524,mobbini,"",2022-03-10 21:06:02 UTC,2022-03-12 00:18:43 UTC,research,CC-BY-NC,https://www.inaturalist.org/observations/108324734,https://inaturalist-open-data.s3.amazonaws.com/photos/182360308/medium.jpg,,"","",2,0,false,,House Sparrow,Passer domesticus,Домовый воробей,Aves,13858
108386780,5d160935-b767-406a-87a1-d8949b177b2b,2022/03/11 8:04 AM CET,2022-03-11,2022-03-11 07:04:00 UTC,Amsterdam,975480,cherusker,Jim,2022-03-11 21:25:06 UTC,2022-03-11 21:43:57 UTC,research,CC-BY-NC,https://www.inaturalist.org/observations/108386780,https://inaturalist-open-data.s3.amazonaws.com/photos/182473395/medium.jpeg,,"",,2,0,false,,Varpunen,Passer domesticus,Домовый воробей,Aves,13858
108714134,6fe07e11-28ad-4a87-88f4-3e6903de5169,2022-03-13 17:20:31,2022-03-13,2022-03-13 16:20:31 UTC,Madrid,5257102,jmsandicor18,"",2022-03-16 08:40:23 UTC,2022-03-21 11:41:04 UTC,research,,https://www.inaturalist.org/observations/108714134,https://static.inaturalist.org/photos/183094323/medium.jpeg,,"",,2,0,false,2,House Sparrow,Passer domesticus,Домовый воробей,Aves,13858
108791676,51097ca1-98d6-491d-acb9-4965f8ec7577,2022/03/15 6:32 PM CET,2022-03-15,2022-03-15 17:32:00 UTC,Paris,1958074,dellimuffin,"",2022-03-17 11:04:12 UTC,2022-04-25 21:43:14 UTC,research,,https://www.inaturalist.org/observations/108791676,https://static.inaturalist.org/photos/183239257/medium.jpeg,,"",cat kill,1,0,false,,House Sparrow,Passer domesticus,Домовый воробей,Aves,13858
109258055,b41d917f-685f-416d-baf8-0822e9d68119,2022/03/22 5:12 PM GMT,2022-03-22,2022-03-22 17:12:00 UTC,Edinburgh,5437948,wearepreston,LibProj,2022-03-22 22:12:59 UTC,2022-03-29 17:18:04 UTC,research,CC-BY-NC,https://www.inaturalist.org/observations/109258055,https://inaturalist-open-data.s3.amazonaws.com/photos/184110683/medium.jpeg,,"","Part of We Are Preston Heritage Project.     Bird pictured -  fawn brown size of great tit or sparrow.   Black markings on head  Located  top left on the branch.  
",2,0,false,,House Sparrow,Passer domesticus,Домовый воробей,Aves,13858
109744763,35d006af-f876-46f0-b6df-f2266df05937,2022/03/27 5:24 AM UTC,2022-03-27,2022-03-27 05:24:00 UTC,UTC,3906381,ramune_vakare,Ramunė Vakarė,2022-03-28 11:14:50 UTC,2022-03-29 06:31:59 UTC,research,CC-BY-NC,https://www.inaturalist.org/observations/109744763,https://inaturalist-open-data.s3.amazonaws.com/photos/185020279/medium.jpeg,,"",,2,0,false,,Varpunen,Passer domesticus,Домовый воробей,Aves,13858
109993606,aed95627-46c8-439f-89f6-454b3196e736,2022/03/10 10:36 AM GMT,2022-03-10,2022-03-10 10:36:00 UTC,London,1003761,charliefarrell2,Charlie Farrell,2022-03-31 09:07:25 UTC,2025-04-02 11:09:39 UTC,research,CC0,https://www.inaturalist.org/observations/109993606,https://inaturalist-open-data.s3.amazonaws.com/photos/185481786/medium.jpeg,,"","",5,0,false,,House Sparrow,Passer domesticus,Домовый воробей,Aves,13858
110399913,e768f93f-d7b9-4d1b-9fdb-48f69b602ab7,2022-03-26 15:52:45,2022-03-26,2022-03-26 14:52:45 UTC,Madrid,5257102,jmsandicor18,"",2022-04-04 15:27:22 UTC,2022-04-05 06:46:37 UTC,research,,https://www.inaturalist.org/observations/110399913,https://static.inaturalist.org/photos/186230913/medium.jpeg,,"",,2,0,false,2,House Sparrow,Passer domesticus,Домовый воробей,Aves,13858
110400446,a94fc0ea-b5d2-4c98-bb53-bc5f5555d64b,2022-03-28 12:21:43,2022-03-28,2022-03-28 10:21:43 UTC,Madrid,5257102,jmsandicor18,"",2022-04-04 15:34:27 UTC,2022-04-05 06:46:38 UTC,research,,https://www.inaturalist.org/observations/110400446,https://static.inaturalist.org/photos/186231803/medium.jpeg,,"",,2,0,false,2,Домовый воробей,Passer domesticus,Домовый воробей,Aves,13858
110419354,1f86167d-aaea-4874-aeff-7df64e547430,2022-03-31 12:51:20,2022-03-31,2022-03-31 10:51:20 UTC,Madrid,5257102,jmsandicor18,"",2022-04-04 19:23:05 UTC,2022-04-05 06:50:14 UTC,research,,https://www.inaturalist.org/observations/110419354,https://static.inaturalist.org/photos/186265450/medium.jpeg,,"",,3,0,false,2,Moineau domestique,Passer domesticus,Домовый воробей,Aves,13858
110432017,c5e57218-1681-496e-81fa-2bbb956b3cd4,2022-04-02 15:04:45,2022-04-02,2022-04-02 13:04:45 UTC,Madrid,5257102,jmsandicor18,"",2022-04-04 21:46:02 UTC,2022-04-11 18:23:39 UTC,research,,https://www.inaturalist.org/observations/110432017,https://static.inaturalist.org/photos/186288151/medium.jpeg,,"",,2,0,false,2,House Sparrow,Passer domesticus,Домовый воробей,Aves,13858
110471550,5c9e11ce-8975-4b50-b7d0-c23103dc12a9,2022-04-03 18:25:30,2022-04-03,2022-04-03 16:25:30 UTC,Madrid,5257102,jmsandicor18,"",2022-04-05 08:34:16 UTC,2022-04-11 18:27:20 UTC,research,,https://www.inaturalist.org/observations/110471550,https://static.inaturalist.org/photos/186362626/medium.jpeg,,"",,3,0,false,2,Gorrión Doméstico,Passer domesticus,Домовый воробей,Aves,13858
110599085,7d005730-e19c-44c1-93db-df0887c795ba,Wed Apr 06 2022 16:33:09 GMT+0200 (GMT+2),2022-04-06,2022-04-06 13:33:09 UTC,Athens,4386595,domileo,Dominique Léonard,2022-04-06 19:28:43 UTC,2022-04-10 12:59:17 UTC,research,,https://www.inaturalist.org/observations/110599085,https://static.inaturalist.org/photos/186597375/medium.jpg,,"","",4,1,false,3,House Sparrow,Passer domesticus,Домовый воробей,Aves,13858
111211798,1e029e7c-8bf6-43c7-9b5a-d93b4fc20493,2022-04-07 18:20:49,2022-04-07,2022-04-07 16:20:49 UTC,Madrid,5257102,jmsandicor18,"",2022-04-12 16:48:54 UTC,2022-04-14 06:26:27 UTC,research,,https://www.inaturalist.org/observations/111211798,https://static.inaturalist.org/photos/187713001/medium.jpeg,,"",,2,0,false,2,Gorrión Doméstico,Passer domesticus,Домовый воробей,Aves,13858
111304321,7896fcdb-35c4-4b8a-83ba-679407cecde6,2022/04/13 2:06 PM BST,2022-04-13,2022-04-13 13:06:00 UTC,Edinburgh,5437948,wearepreston,LibProj,2022-04-13 13:53:43 UTC,2022-04-14 15:25:59 UTC,research,CC-BY-NC,https://www.inaturalist.org/observations/111304321,https://inaturalist-open-data.s3.amazonaws.com/photos/187882971/medium.jpeg,,"","Part of We Are Preston Heritage Project.

House Sparrow sighting 2.
Part of a pair and a juvenile.   
",2,0,false,,House Sparrow,Passer domesticus,Домовый воробей,Aves,13858
111341790,fac08c51-149e-4c7b-8d91-6120238747c9,2022-04-11 10:46:14+02:00,2022-04-11,2022-04-11 08:46:14 UTC,Athens,2083000,estefania-calabe,Estefanía Calderón Abeijón,2022-04-13 19:50:59 UTC,2024-10-13 15:52:55 UTC,research,,https://www.inaturalist.org/observations/111341790,https://static.inaturalist.org/photos/187948498/medium.jpg,,"","",5,0,false,3,Gorrión Doméstico,Passer domesticus,Домовый воробей,Aves,13858
111392565,1292793a-f88e-4a59-88fe-ff07bdd3d82e,2022-04-13 09:20:37,2022-04-13,2022-04-13 07:20:37 UTC,Madrid,5257102,jmsandicor18,"",2022-04-14 08:21:29 UTC,2022-04-16 19:52:50 UTC,research,,https://www.inaturalist.org/observations/111392565,https://static.inaturalist.org/photos/188042435/medium.jpeg,,"",,3,0,false,2,Varpunen,Passer domesticus,Домовый воробей,Aves,13858
112028663,7583f6a4-71b0-40be-9fed-56b3376a0c16,2022/04/19 11:39 AM BST,2022-04-19,2022-04-19 10:39:00 UTC,Edinburgh,5437948,wearepreston,LibProj,2022-04-19 11:05:41 UTC,2022-04-22 16:03:48 UTC,research,CC-BY-NC,https://www.inaturalist.org/observations/112028663,https://inaturalist-open-data.s3.amazonaws.com/photos/189195621/medium.jpeg,,"","We Are Preston - Heritage Project.   Lone female House Sparrow.  
",2,0,false,,House Sparrow,Passer domesticus,Домовый воробей,Aves,13858
112432294,5c2222be-cca5-47db-9a5a-4178f227b632,2022-04-22 12:40,2022-04-22,2022-04-22 10:40:00 UTC,Amsterdam,3397047,johnvangestel,"",2022-04-22 20:11:32 UTC,2024-01-24 19:20:59 UTC,research,CC-BY-NC,https://www.inaturalist.org/observations/112432294,https://inaturalist-open-data.s3.amazonaws.com/photos/189902604/medium.jpg,,"","",2,0,false,2,Huismus,Passer domesticus,Домовый воробей,Aves,13858
112677854,0443996d-4359-4826-b351-0fb946955dc4,2022-04-24 17:11:39+02:00,2022-04-24,2022-04-24 15:11:39 UTC,Paris,1317105,romain45,Romain Delord,2022-04-24 15:12:47 UTC,2024-11-08 13:48:30 UTC,research,,https://www.inaturalist.org/observations/112677854,https://static.inaturalist.org/photos/190338614/medium.jpg,,"","",2,0,false,3,House Sparrow,Passer domesticus,Домовый воробей,Aves,13858
112808891,18cf9e6b-b3c7-48d9-99f9-5397d24998ea,2022-04-25 10:04:43,2022-04-25,2022-04-25 08:04:43 UTC,Vienna,4207429,martinw13,Martin Winter,2022-04-25 08:05:24 UTC,2022-04-25 21:38:51 UTC,research,CC-BY-NC,https://www.inaturalist.org/observations/112808891,https://inaturalist-open-data.s3.amazonaws.com/photos/190573312/medium.jpeg,,"",,1,0,false,2,Varpunen,Passer domesticus,Домовый воробей,Aves,13858
113453230,8af47ac8-6484-4f9a-9bd7-0e6cc1524b61,2022/04/29 2:03 PM,2022-04-29,2022-04-29 12:03:00 UTC,Berlin,1508203,steven2802,Steven Schulting,2022-04-29 16:22:32 UTC,2022-09-06 18:31:38 UTC,research,CC-BY-NC,https://www.inaturalist.org/observations/113453230,https://inaturalist-open-data.s3.amazonaws.com/photos/191674242/medium.jpeg,,"","",2,0,false,,Haussperling,Passer domesticus,Домовый воробей,Aves,13858
115374413,8650b0c9-4655-4f93-b243-250ab28703ac,2022-04-30 10:05:56,2022-04-30,2022-04-30 08:05:56 UTC,Amsterdam,97542,paulcools,Paul Cools,2022-05-04 15:19:12 UTC,2025-04-17 09:36:36 UTC,research,CC-BY-NC,https://www.inaturalist.org/observations/115374413,https://inaturalist-open-data.s3.amazonaws.com/photos/194736285/medium.jpg,,"",If accepted the first one for the Netherlands.,8,1,false,,House Sparrow,Passer domesticus,Домовый воробей,Aves,13858
115739186,cd34a1d6-eba0-422a-88e7-f580b3632793,2021/08/11 9:39 AM,2021-08-11,2021-08-11 07:39:00 UTC,Madrid,5635597,marrequena09,,2022-05-06 14:57:29 UTC,2025-11-24 18:27:54 UTC,research,CC-BY-NC,https://www.inaturalist.org/observations/115739186,https://inaturalist-open-data.s3.amazonaws.com/photos/195340755/medium.jpeg,,"","On August 11, 2021, we were eating at home and this bird, House Sparrow, flew into the house and landed on the TV cabinet. 
Always around 3pm we throw the leftover bread crumbs from the meal on the balcony and the same number of birds always come, this bird was not afraid of us and went inside the house. It did not get scared when we passed by and left when it wanted to.",8,0,false,,House Sparrow,Passer domesticus,Домовый воробей,Aves,13858
115915116,c661bb45-f7ea-4b99-91f4-0de0cbb34037,2022-05-07 10:00:11,2022-05-07,2022-05-07 08:00:11 UTC,Belgrade,4718256,velikasxima,Сава Раденковић,2022-05-07 15:12:45 UTC,2024-05-22 19:08:22 UTC,research,CC-BY-NC,https://www.inaturalist.org/observations/115915116,https://inaturalist-open-data.s3.amazonaws.com/photos/195631433/medium.jpeg,,"",,3,0,false,2,House Sparrow,Passer domesticus,Домовый воробей,Aves,13858
116059882,81fc7c17-ab14-445d-889b-dcdf51cef468,2022-05-07 20:39:51,2022-05-07,2022-05-07 19:39:51 UTC,Lisbon,1570695,macaquinhe_gltr_von_nihil,"",2022-05-08 10:27:43 UTC,2022-08-25 09:20:48 UTC,research,CC-BY-NC,https://www.inaturalist.org/observations/116059882,https://inaturalist-open-data.s3.amazonaws.com/photos/195884010/medium.jpeg,,"","This sparrow chick fell out of the nest, but we managed to find said nest and put it back! :)

Before being able to do so, i made it a nest out of towels and included a hand warming pad (wrapped in paper) so that the bird could sit on, or move away from it, for temp regulation. I checked the bird for any fractures or wounds, and if there were any visible parasites, but it seemed alright and nothing looked ""off"" or broken.
Then we caught some flies, dunked them in water and gave it to the baby, who was apparently very hungry! It was very vocal and stretched out to my hands to get fed. I learned (from my expert family member) that giving them liquids would result into getting it into their lungs.
After some roof climbing in the dark, the sparrow could be returned to his family.

Happy ending :)",2,0,false,2,House Sparrow,Passer domesticus,Домовый воробей,Aves,13858
116166810,ad4b2fec-9777-4d8a-939a-fd85711c7f16,2022/05/06 2:16 PM,2022-05-06,2022-05-06 12:16:00 UTC,Amsterdam,411582,wouterteunissen,"",2022-05-08 20:49:31 UTC,2024-01-27 13:14:38 UTC,research,,https://www.inaturalist.org/observations/116166810,https://static.inaturalist.org/photos/196063029/medium.jpeg,,"",,3,0,false,,House Sparrow,Passer domesticus,Домовый воробей,Aves,13858
116310823,b88f9ed0-eb25-40d8-8b08-e391db11b2a3,2022-05-09 20:08:37,2022-05-09,2022-05-09 18:08:37 UTC,Berlin,3638742,jf920,"",2022-05-09 18:18:42 UTC,2022-05-14 15:05:29 UTC,research,,https://www.inaturalist.org/observations/116310823,https://inaturalist-open-data.s3.amazonaws.com/photos/196321759/medium.jpeg,,"",,2,0,false,2,House Sparrow,Passer domesticus,Домовый воробей,Aves,13858
116525983,37bfae86-d925-44ab-a55d-f2c697ffe0dd,2022-05-10 08:47:29,2022-05-10,2022-05-10 05:47:29 UTC,Istanbul,3297756,bencostamagna,Ben Costamagna,2022-05-11 06:35:21 UTC,2025-04-30 21:33:58 UTC,research,CC-BY,https://www.inaturalist.org/observations/116525983,https://inaturalist-open-data.s3.amazonaws.com/photos/196707835/medium.jpeg,,"",,3,0,false,2,House Sparrow,Passer domesticus,Домовый воробей,Aves,13858
116681989,3a667dcb-d4ee-402d-932a-985c48b98d92,2022/04/05 11:24 AM,2022-04-05,2022-04-05 09:24:00 UTC,Madrid,6406748,adremix,"",2022-05-12 12:34:32 UTC,2023-07-27 15:15:18 UTC,needs_id,CC-BY-NC,https://www.inaturalist.org/observations/116681989,https://inaturalist-open-data.s3.amazonaws.com/photos/196984805/medium.jpg,,"","",0,0,false,,House Sparrow,Passer domesticus,Домовый воробей,Aves,13858
116684342,4730d4ae-fd83-46b3-87b8-4073b963e880,2022/05/11 3:14 PM,2022-05-11,2022-05-11 13:14:00 UTC,Zurich,3804546,codrin_bucur,Codrin Bucur,2022-05-12 12:59:27 UTC,2023-06-18 23:21:51 UTC,research,CC-BY,https://www.inaturalist.org/observations/116684342,https://inaturalist-open-data.s3.amazonaws.com/photos/196988314/medium.jpeg,,"Male, House Sparrow, Basel, best, birdwatching, switzerland, Backyard, 2022, sparrow, behaviour, Nikon Nikkor AF-S 200-500mm, Gellert, ebird, juvenile, Lindenweg, observation, animal, Bird, May, multiple, nikon d850, Highlight, Basel-Stadt, Asking for Food, iNaturalist, St. Alban, Author: Codrin, 5-STAR, adult",House Sparrow juvenile asking for food in the backyard - May 2022,1,0,false,,House Sparrow,Passer domesticus,Домовый воробей,Aves,13858
116708700,06ed0622-7e9c-478b-99e4-c1c7c286f6d6,2022/04/24 6:30 PM,2022-04-24,2022-04-24 16:30:00 UTC,Madrid,6406748,adremix,"",2022-05-12 16:19:21 UTC,2023-07-27 15:15:30 UTC,needs_id,CC-BY-NC,https://www.inaturalist.org/observations/116708700,https://inaturalist-open-data.s3.amazonaws.com/photos/197007900/medium.jpg,,"","",0,0,false,,House Sparrow,Passer domesticus,Домовый воробей,Aves,13858
116745000,f976122f-fffe-423d-865e-d74e2f34343e,2022/05/05 11:42 AM,2022-05-05,2022-05-05 09:42:00 UTC,Madrid,6406748,adremix,"",2022-05-12 20:53:47 UTC,2023-07-27 15:15:46 UTC,needs_id,CC-BY-NC,https://www.inaturalist.org/observations/116745000,https://inaturalist-open-data.s3.amazonaws.com/photos/197089852/medium.jpg,,"","",0,0,false,,House Sparrow,Passer domesticus,Домовый воробей,Aves,13858
116748238,a55ca585-445c-43a6-84f9-5c013853386b,2022/05/09 4:45 PM,2022-05-09,2022-05-09 14:45:00 UTC,Madrid,6406748,adremix,"",2022-05-12 21:15:38 UTC,2023-06-06 15:04:30 UTC,research,CC-BY-NC,https://www.inaturalist.org/observations/116748238,https://inaturalist-open-data.s3.amazonaws.com/photos/197098484/medium.jpg,,"","",3,0,false,,House Sparrow,Passer domesticus,Домовый воробей,Aves,13858
117853027,20997f89-950f-4701-8374-daf8cf98394a,2022-05-19 16:45:46,2022-05-19,2022-05-19 14:45:46 UTC,Rome,981428,giulio345k6,Giulio,2022-05-20 12:31:21 UTC,2022-12-25 11:00:33 UTC,needs_id,CC0,https://www.inaturalist.org/observations/117853027,https://static.inaturalist.org/photos/199071263/medium.jpeg,,"",,0,0,false,2,Passera europea,Passer domesticus,Домовый воробей,Aves,13858
118246738,ebeee1ec-24b1-430f-91a7-65ef1b1a21a5,Sun Mar 08 2020 09:36:01 GMT +0100 (GMT+1),2020-03-08,2020-03-08 08:36:01 UTC,Madrid,2206985,soldelaquadrasalcedo,Sol de la Quadra-Salcedo,2022-05-22 19:27:59 UTC,2023-11-28 19:37:55 UTC,research,CC-BY-NC-ND,https://www.inaturalist.org/observations/118246738,https://inaturalist-open-data.s3.amazonaws.com/photos/199758820/medium.jpeg,,"",,1,0,false,333,Haussperling,Passer domesticus,Домовый воробей,Aves,13858
118492040,96a2ec7c-e879-4b46-833f-8b39e0b249df,2022-05-24 11:09:44,2022-05-24,2022-05-24 09:09:44 UTC,Berlin,5716499,marlies39,Marlies Eich,2022-05-24 09:14:15 UTC,2022-06-04 09:18:49 UTC,research,,https://www.inaturalist.org/observations/118492040,https://static.inaturalist.org/photos/200207686/medium.jpeg,,"",Ich bin mir nicht sicher ob es der Vogel ist ,3,1,false,2,House Sparrow,Passer domesticus,Домовый воробей,Aves,13858
120660911,a1cb5f46-a421-4f56-8274-3aa2c5976f16,2022-06-07 15:20:57,2022-06-07,2022-06-07 13:20:57 UTC,Madrid,5772967,anton_rafael,Antón Rafael Castro Díaz,2022-06-07 13:21:50 UTC,2022-07-17 13:14:32 UTC,research,,https://www.inaturalist.org/observations/120660911,https://static.inaturalist.org/photos/204105252/medium.jpeg,,"",,2,0,false,2,House Sparrow,Passer domesticus,Домовый воробей,Aves,13858
120704676,5facfc1a-6ae7-4653-b93d-f3a5689c526b,2022-06-07 20:23:51,2022-06-07,2022-06-07 18:23:51 UTC,Berlin,1701763,lukasnaturwelt,lukas26,2022-06-07 18:43:06 UTC,2022-06-08 16:55:52 UTC,research,,https://www.inaturalist.org/observations/120704676,https://static.inaturalist.org/photos/204180363/medium.jpeg,,"",,2,0,false,2,Haussperling,Passer domesticus,Домовый воробей,Aves,13858
121419783,39efb9b7-759d-4a8e-ad3e-b44d8cb1093c,2022-06-12 17:00:04,2022-06-12,2022-06-12 15:00:04 UTC,Paris,5799931,peronnet1,Peronnet Nolhan,2022-06-12 15:00:56 UTC,2025-09-06 14:46:19 UTC,research,,https://www.inaturalist.org/observations/121419783,https://static.inaturalist.org/photos/205461346/medium.jpeg,,"",,1,0,false,2,House Sparrow,Passer domesticus,Домовый воробей,Aves,13858
122282767,b884b2cf-c547-403e-b6bf-2f7173224a8b,Sat Jun 18 2022 10:42:07 GMT +0100 (GMT+1),2022-06-18,2022-06-18 09:42:07 UTC,London,4112514,jimmers94,,2022-06-18 09:42:19 UTC,2022-06-27 15:25:41 UTC,research,CC-BY-NC,https://www.inaturalist.org/observations/122282767,https://inaturalist-open-data.s3.amazonaws.com/photos/207023499/medium.jpeg,,"",,4,0,false,333,Moineau domestique,Passer domesticus,Домовый воробей,Aves,13858
123424125,fa74df70-2db9-4208-bcc9-d3f35ad4c2e4,2022/06/25 1:28 PM,2022-06-25,2022-06-25 11:28:00 UTC,Madrid,4612939,javsagg34,Javier Sánchez Álvarez,2022-06-25 21:01:14 UTC,2025-05-12 21:48:30 UTC,research,CC-BY,https://www.inaturalist.org/observations/123424125,https://inaturalist-open-data.s3.amazonaws.com/photos/209064628/medium.jpeg,,"","",1,0,false,,House Sparrow,Passer domesticus,Домовый воробей,Aves,13858
124379209,a0334467-dbd2-48ee-a8f2-be87b6cbd098,2022-05-06 12:27:03,2022-05-06,2022-05-06 10:27:03 UTC,Madrid,5257102,jmsandicor18,"",2022-07-02 13:09:10 UTC,2022-07-11 13:50:00 UTC,research,,https://www.inaturalist.org/observations/124379209,https://static.inaturalist.org/photos/210815047/medium.jpeg,,"",,2,0,false,2,Gorrión Doméstico,Passer domesticus,Домовый воробей,Aves,13858
125160901,91137151-4de0-4b75-bb74-556fb94d1013,2022/06/23 4:18 PM,2022-06-23,2022-06-23 13:18:00 UTC,Vilnius,1369015,jurga_li,Jurga Motiejūnaitė,2022-07-07 13:32:58 UTC,2022-09-02 19:40:23 UTC,research,CC-BY-NC,https://www.inaturalist.org/observations/125160901,https://inaturalist-open-data.s3.amazonaws.com/photos/212230568/medium.jpeg,,"",,1,0,false,,House Sparrow,Passer domesticus,Домовый воробей,Aves,13858
125425094,946aab4f-f31d-4e8e-8ffd-7a0b231fa875,2022-07-09 12:45:28+02:00,2022-07-09,2022-07-09 10:45:28 UTC,Madrid,3474005,siunla,Nereukis,2022-07-09 10:47:01 UTC,2025-04-15 15:03:22 UTC,research,,https://www.inaturalist.org/observations/125425094,https://static.inaturalist.org/photos/212829746/medium.jpg,,"","",3,0,false,3,House Sparrow,Passer domesticus,Домовый воробей,Aves,13858
125500734,6be62d8b-7a59-47b0-836d-bd43a79eee2f,2022-07-09 15:07:00,2022-07-09,2022-07-09 13:07:00 UTC,Vienna,477431,carnifex,"",2022-07-09 20:00:32 UTC,2025-12-14 20:06:57 UTC,research,CC0,https://www.inaturalist.org/observations/125500734,https://inaturalist-open-data.s3.amazonaws.com/photos/212832926/medium.jpeg,,"","outch! 😆
also, almost the first bird on my 'indoors'-list",26,0,false,2,Haussperling,Passer domesticus,Домовый воробей,Aves,13858
125593333,b23a26b3-556b-4873-97ca-b756a24c9d79,2022/07/02 8:31 PM,2022-07-02,2022-07-02 18:31:00 UTC,Madrid,4405188,dpascualhe,David Pascual-Hernández,2022-07-10 12:01:26 UTC,2024-05-14 14:24:20 UTC,research,CC-BY-NC,https://www.inaturalist.org/observations/125593333,https://inaturalist-open-data.s3.amazonaws.com/photos/212998681/medium.jpg,,"",,1,0,false,,Gorrión Doméstico,Passer domesticus,Домовый воробей,Aves,13858
125616303,c1f23b9d-d0dd-4385-ae32-b6ecfdfb92b2,2022-07-10 16:51:13,2022-07-10,2022-07-10 14:51:13 UTC,Prague,5519109,sverepysakal,Jakub Nožka,2022-07-10 14:53:30 UTC,2022-07-11 14:23:15 UTC,research,,https://www.inaturalist.org/observations/125616303,https://static.inaturalist.org/photos/213041128/medium.jpeg,,"",,1,0,false,2,vrabec domácí,Passer domesticus,Домовый воробей,Aves,13858
125823546,68f5af62-9ff6-42fa-8024-0e40cd57a5fc,2021-07-26 08:35:02,2021-07-26,2021-07-26 06:35:02 UTC,Berlin,5907216,arne88,Arne Oppermann,2022-07-11 19:16:26 UTC,2022-07-12 12:20:06 UTC,research,,https://www.inaturalist.org/observations/125823546,https://static.inaturalist.org/photos/213417050/medium.jpeg,,"",,4,0,false,2,House Sparrow,Passer domesticus,Домовый воробей,Aves,13858
127085786,420bf984-3b7a-4632-ab52-c516140c4edd,2022/05/07 4:30 PM,2022-05-07,2022-05-07 14:30:00 UTC,Zurich,3804546,codrin_bucur,Codrin Bucur,2022-07-20 13:21:20 UTC,2023-06-18 23:33:23 UTC,research,CC-BY,https://www.inaturalist.org/observations/127085786,https://inaturalist-open-data.s3.amazonaws.com/photos/215712527/medium.jpeg,,"House Sparrow, Basel, Best, Birdwatching, Switzerland, Backyard, Unknown, Sparrow, 2022, 4-Star, Behaviour, Feeding Young, Nikon Nikkor AF-S 200-500mm, Gellert, eBird, Juvenile, Lindenweg, Observation, Animal, Bird, May, Nikon D850, Highlight, Basel-Stadt, St. Alban, Author: Codrin",House Sparrow female feeding juvenile in the backyard - May 2022,1,0,false,,Passera europea,Passer domesticus,Домовый воробей,Aves,13858
127086251,09fe1f38-0846-4764-8f61-93b863e98d88,2022/05/07 3:49 PM,2022-05-07,2022-05-07 13:49:00 UTC,Zurich,3804546,codrin_bucur,Codrin Bucur,2022-07-20 13:25:36 UTC,2022-07-22 21:17:06 UTC,research,CC-BY,https://www.inaturalist.org/observations/127086251,https://inaturalist-open-data.s3.amazonaws.com/photos/215713440/medium.jpeg,,"House Sparrow, Basel, Best, Birdwatching, Switzerland, Backyard, 2022, Sparrow, 4-Star, Behaviour, Nikon Nikkor AF-S 200-500mm, Gellert, eBird, Juvenile, Lindenweg, Observation, Animal, Bird, May, Nikon D850, Highlight, Basel-Stadt, Carrying, St. Alban, Author: Codrin",House Sparrow juvenile holding a leaf in the backyard - May 2022,1,0,false,,House Sparrow,Passer domesticus,Домовый воробей,Aves,13858
127134942,31f42752-0d5a-4c9f-91f8-14fc3b02046b,2022/07/17 5:33 PM,2022-07-17,2022-07-17 15:33:00 UTC,Berlin,3841483,robinia396,Magdalena Nogaj,2022-07-20 19:53:11 UTC,2025-06-23 19:39:37 UTC,research,CC-BY,https://www.inaturalist.org/observations/127134942,https://static.inaturalist.org/photos/215800109/medium.jpeg,,"Birdwatching, Ihringen","A female sparrow, killing and eating a praying mantis.",4,0,false,,Haussperling,Passer domesticus,Домовый воробей,Aves,13858
127332708,6c73fca0-d6c5-416d-97bb-4eee306538f3,2022/07/12 7:25 PM,2022-07-12,2022-07-12 17:25:00 UTC,Berlin,132154,reddad,"",2022-07-22 08:38:48 UTC,2023-02-23 10:42:53 UTC,research,CC-BY-NC,https://www.inaturalist.org/observations/127332708,https://inaturalist-open-data.s3.amazonaws.com/photos/216164666/medium.jpeg,,"",A whole bunch.,1,0,false,,House Sparrow,Passer domesticus,Домовый воробей,Aves,13858
130001311,b061d0f3-1189-4a77-9ebd-faec35fa2c96,2022/07/31 4:56 PM,2022-07-31,2022-07-31 15:56:00 UTC,London,5178103,brentparks,Brent Parks Forum,2022-08-08 17:13:22 UTC,2022-08-09 13:53:51 UTC,research,CC-BY-NC,https://www.inaturalist.org/observations/130001311,https://inaturalist-open-data.s3.amazonaws.com/photos/221011984/medium.jpeg,,"","
",1,0,false,,House Sparrow,Passer domesticus,Домовый воробей,Aves,13858
130087649,5d4db3a5-eab7-47c7-9a20-8bad1369b39c,2022/07/01 16:29,2022-07-01,2022-07-01 15:29:00 UTC,Lisbon,4011824,gfazenda123,,2022-08-09 09:45:20 UTC,2024-10-09 13:38:25 UTC,research,CC-BY-NC,https://www.inaturalist.org/observations/130087649,https://inaturalist-open-data.s3.amazonaws.com/photos/221175117/medium.jpeg,,"",,3,0,false,,Pardal,Passer domesticus,Домовый воробей,Aves,13858
130583258,f49388b7-7774-4f66-aa4a-836e0550f90a,2022-06-26 06:40:27,2022-06-26,2022-06-26 03:40:27 UTC,Istanbul,6018366,yeselectro,Yiğit,2022-08-13 02:50:35 UTC,2025-03-04 16:43:55 UTC,research,CC-BY,https://www.inaturalist.org/observations/130583258,https://inaturalist-open-data.s3.amazonaws.com/photos/222099630/medium.jpeg,,"",♂️,2,0,false,2,House Sparrow,Passer domesticus,Домовый воробей,Aves,13858
132536110,22a2c668-508f-426c-8978-a62803adf05e,2022-08-27 14:33:16,2022-08-27,2022-08-27 12:33:16 UTC,Belgrade,5784976,viktorkovacevic,Viktor Kovačević Ćovi,2022-08-28 09:43:26 UTC,2025-12-06 16:18:50 UTC,research,CC-BY-NC,https://www.inaturalist.org/observations/132536110,https://static.inaturalist.org/photos/225687623/medium.jpeg,,"",,1,0,false,2,Врабац покућар,Passer domesticus,Домовый воробей,Aves,13858
133625138,60b1066c-7750-46a5-9ebf-66d129f2c9bc,2022-09-04 14:51:21+02:00,2022-09-04,2022-09-04 12:51:21 UTC,Berlin,999749,harpetsow,Harald Sowada,2022-09-04 15:51:42 UTC,2023-02-23 10:39:56 UTC,research,,https://www.inaturalist.org/observations/133625138,https://static.inaturalist.org/photos/227636449/medium.jpg,,"","",1,0,false,3,Varpunen,Passer domesticus,Домовый воробей,Aves,13858
134643674,78c0cca1-a413-45a7-a70a-38305ba45790,2022/09/09 9:46 AM,2022-09-09,2022-09-09 08:46:00 UTC,Lisbon,1207192,jvitor,Jorge Vítor,2022-09-11 21:23:00 UTC,2023-02-23 10:38:47 UTC,research,,https://www.inaturalist.org/observations/134643674,https://static.inaturalist.org/photos/229535845/medium.jpeg,,"",,3,0,false,,Huismus,Passer domesticus,Домовый воробей,Aves,13858
134856493,98fd92b9-6719-43de-bf3d-8d10a89d2a4b,2022-09-13 13:34:20+02:00,2022-09-13,2022-09-13 11:34:20 UTC,Berlin,2709640,lenaquist,,2022-09-13 13:52:12 UTC,2023-08-22 15:34:02 UTC,research,CC-BY-NC,https://www.inaturalist.org/observations/134856493,https://inaturalist-open-data.s3.amazonaws.com/photos/229936161/medium.jpg,,"","",4,0,false,3,Passera europea,Passer domesticus,Домовый воробей,Aves,13858
134917291,8f4ffb35-a1db-405e-b715-4e9fcde1131e,2022/09/13 23:57,2022-09-13,2022-09-13 21:57:00 UTC,Berlin,975480,cherusker,Jim,2022-09-13 22:00:58 UTC,2023-08-14 08:43:36 UTC,needs_id,CC-BY-NC,https://www.inaturalist.org/observations/134917291,https://inaturalist-open-data.s3.amazonaws.com/photos/230046677/medium.jpg,,"",,1,0,false,,House Sparrow,Passer domesticus,Домовый воробей,Aves,13858
137130867,13376da7-1af3-4e67-81e8-1ee052a84fa5,2021/07/17 16:04,2021-07-17,2021-07-17 14:04:00 UTC,Paris,6207102,gassoupaaalou,"",2022-10-01 11:19:46 UTC,2024-09-26 11:58:01 UTC,research,CC-BY-NC,https://www.inaturalist.org/observations/137130867,https://inaturalist-open-data.s3.amazonaws.com/photos/234145794/medium.jpg,,"",,3,0,false,,Varpunen,Passer domesticus,Домовый воробей,Aves,13858
137640509,dd6fc4a3-0452-4c8f-b9da-fab80c595f6b,2022-10-05 10:49:40,2022-10-05,2022-10-05 08:49:40 UTC,Europe/Podgorica,3431781,nikolayskobelev,Nikolay S,2022-10-05 15:00:42 UTC,2022-11-04 00:38:25 UTC,needs_id,CC-BY-NC,https://www.inaturalist.org/observations/137640509,https://inaturalist-open-data.s3.amazonaws.com/photos/235165056/medium.jpeg,,"",,1,0,false,2,House Sparrow,Passer domesticus,Домовый воробей,Aves,13858
138818481,2dcc7a23-5c74-4250-a6ce-53ba3198c951,2022-10-15 12:11:18,2022-10-15,2022-10-15 10:11:18 UTC,Madrid,935285,animaliaster,Antonio Gomez Corrochano,2022-10-15 10:39:47 UTC,2024-03-16 08:26:14 UTC,research,CC-BY-NC,https://www.inaturalist.org/observations/138818481,https://inaturalist-open-data.s3.amazonaws.com/photos/237326185/medium.jpeg,,"",,1,0,false,2,House Sparrow,Passer domesticus,Домовый воробей,Aves,13858
138962957,82e5bab0-5361-4e46-99a2-53dcbcd4a1f0,2022-10-16 14:51:50,2022-10-16,2022-10-16 12:51:50 UTC,Paris,977772,jordicasanovas,Jordi Casanovas,2022-10-16 12:54:35 UTC,2023-07-08 10:09:12 UTC,research,CC-BY,https://www.inaturalist.org/observations/138962957,https://inaturalist-open-data.s3.amazonaws.com/photos/237591862/medium.jpeg,,"",,2,0,false,2,Moineau domestique,Passer domesticus,Домовый воробей,Aves,13858
141547909,ebfb3c84-54a4-41f7-a637-2231fa376597,2022-11-09 20:48:55,2022-11-09,2022-11-09 19:48:55 UTC,Amsterdam,4607406,carman_chew,Carman Chew,2022-11-09 17:18:21 UTC,2022-11-09 17:34:50 UTC,research,CC-BY,https://www.inaturalist.org/observations/141547909,https://inaturalist-open-data.s3.amazonaws.com/photos/242520146/medium.jpeg,,"",,3,0,false,2,Varpunen,Passer domesticus,Домовый воробей,Aves,13858
141715791,a5469ea5-c947-4db6-865b-6bb0437ba855,2022/11/11 4:54 PM,2022-11-11,2022-11-11 15:54:00 UTC,Madrid,5441547,chubasquito,"",2022-11-11 19:11:21 UTC,2022-11-12 09:03:11 UTC,research,CC-BY-NC,https://www.inaturalist.org/observations/141715791,https://inaturalist-open-data.s3.amazonaws.com/photos/242843351/medium.jpeg,,"",,3,0,false,,House Sparrow,Passer domesticus,Домовый воробей,Aves,13858
141978408,c6a81368-c8a3-4405-90d6-00a94f92506b,2022/11/12 9:43 AM,2022-11-12,2022-11-12 08:43:00 UTC,Berlin,1814437,shoeshampoo,Malte,2022-11-14 11:00:06 UTC,2022-11-14 17:49:05 UTC,research,CC-BY-NC,https://www.inaturalist.org/observations/141978408,https://inaturalist-open-data.s3.amazonaws.com/photos/243339699/medium.jpg,,"","",1,0,false,,Varpunen,Passer domesticus,Домовый воробей,Aves,13858
143432587,29547488-a1ac-4638-8276-9839e98ba566,2022/11/13 3:18 PM,2022-11-13,2022-11-13 14:18:00 UTC,Berlin,693281,vmoser,Valentin Moser,2022-12-01 15:34:23 UTC,2022-12-05 13:34:33 UTC,research,CC-BY,https://www.inaturalist.org/observations/143432587,https://inaturalist-open-data.s3.amazonaws.com/photos/245980879/medium.jpeg,,"",,1,0,false,,House Sparrow,Passer domesticus,Домовый воробей,Aves,13858
143940126,e45a4584-f0ad-49c3-96a2-5f21e7857547,2022-12-08 15:48:05,2022-12-08,2022-12-08 14:48:05 UTC,Berlin,6364723,bondakie,bondakie,2022-12-08 15:15:02 UTC,2022-12-08 17:25:15 UTC,research,"",https://www.inaturalist.org/observations/143940126,https://static.inaturalist.org/photos/246947576/medium.jpeg,,"",Вроде воробей,2,0,false,2,Домовый воробей,Passer domesticus,Домовый воробей,Aves,13858
144222096,1a8b53dd-8bf3-41bb-833c-92700e522cbc,2022/12/11 10:32 AM,2022-12-11,2022-12-11 09:32:00 UTC,Madrid,6237662,fmolinero,Francisco Molinero,2022-12-12 10:54:06 UTC,2022-12-12 14:53:51 UTC,research,CC-BY-NC,https://www.inaturalist.org/observations/144222096,https://inaturalist-open-data.s3.amazonaws.com/photos/247488224/medium.jpeg,,"",,1,0,false,,Gorrión Doméstico,Passer domesticus,Домовый воробей,Aves,13858
144430034,01590ff8-d475-4093-af22-ffb63a635ec7,2013/07/14 8:53 AM,2013-07-14,2013-07-14 07:53:00 UTC,Dublin,1306796,bert_filemyr,Bert Filemyr,2022-12-15 18:30:54 UTC,2024-10-12 11:13:56 UTC,research,CC-BY-NC,https://www.inaturalist.org/observations/144430034,https://inaturalist-open-data.s3.amazonaws.com/photos/247882711/medium.jpg,,"2 - FAMILY TRIPS, 2013 Ireland (Birds), 2013 Ireland Bus Tour, BIRDING TRIPS, Cruises - Bus Tours, House Sparrow (Passer domesticus)",,6,0,false,,House Sparrow,Passer domesticus,Домовый воробей,Aves,13858
144474873,1337ae25-a5eb-4e98-9f99-6876eefc4fb8,2022-12-13 08:47:46+01:00,2022-12-13,2022-12-13 07:47:46 UTC,Berlin,4524058,insektix,,2022-12-16 13:55:02 UTC,2025-03-25 18:37:20 UTC,research,CC-BY-NC,https://www.inaturalist.org/observations/144474873,https://inaturalist-open-data.s3.amazonaws.com/photos/247970382/medium.jpg,,"","",3,0,false,3,House Sparrow,Passer domesticus,Домовый воробей,Aves,13858
144728542,6f21a048-4c29-426b-94f0-42270ebfdbb3,2022/12/20 1:50 PM,2022-12-20,2022-12-20 11:50:00 UTC,Bucharest,5650670,juliaminoda,Julia Minoda,2022-12-20 13:25:30 UTC,2024-11-30 12:29:15 UTC,research,CC-BY-NC,https://www.inaturalist.org/observations/144728542,https://inaturalist-open-data.s3.amazonaws.com/photos/248466239/medium.jpg,,"",,1,0,false,,House Sparrow,Passer domesticus,Домовый воробей,Aves,13858
145030132,f61e4bb5-a0c9-48bf-8adc-28af8f572c82,2022-12-24 18:25:00,2022-12-24,2022-12-24 16:25:00 UTC,Athens,5103370,vasileiasef,Vasileia Sef,2022-12-25 07:28:53 UTC,2023-03-13 06:34:53 UTC,research,CC-BY-NC,https://www.inaturalist.org/observations/145030132,https://inaturalist-open-data.s3.amazonaws.com/photos/249053033/medium.jpeg,,"",,3,0,false,2,House Sparrow,Passer domesticus,Домовый воробей,Aves,13858
145759301,3a4bde46-8048-43a6-be06-ab5cc56e75a1,2023/01/03 19:14,2023-01-03,2023-01-03 16:14:00 UTC,Istanbul,4407334,samettekin,Samet Tekin,2023-01-03 16:15:19 UTC,2025-03-04 16:45:14 UTC,research,CC-BY-NC,https://www.inaturalist.org/observations/145759301,https://inaturalist-open-data.s3.amazonaws.com/photos/250436583/medium.jpg,,"",,1,0,false,,Bayağı Serçe,Passer domesticus,Домовый воробей,Aves,13858
146231812,b7ebcf44-2fbf-4380-b919-f2c28de70665,2023-01-09 16:14:00,2023-01-09,2023-01-09 15:14:00 UTC,Madrid,1431487,marsupiladri,Adrián Pina,2023-01-09 22:09:45 UTC,2025-12-17 11:47:52 UTC,research,CC-BY-NC,https://www.inaturalist.org/observations/146231812,https://inaturalist-open-data.s3.amazonaws.com/photos/251362637/medium.jpeg,,"",Seems to have some kind of chromatic aberration ,5,0,false,2,House Sparrow,Passer domesticus,Домовый воробей,Aves,13858
146525557,2180e65b-ab9c-4ac3-94e7-e108f1988121,2023-01-14 12:40:00,2023-01-14,2023-01-14 09:40:00 UTC,Minsk,5737428,roman288,Roman Shashko,2023-01-14 12:28:58 UTC,2023-02-05 10:09:38 UTC,research,,https://www.inaturalist.org/observations/146525557,https://static.inaturalist.org/photos/251932913/medium.jpeg,,"",,2,0,false,2,House Sparrow,Passer domesticus,Домовый воробей,Aves,13858
149415499,a847eb46-1f36-466e-b414-de96fdbc3f1f,2023/01/08 11:10 AM,2023-01-08,2023-01-08 10:10:00 UTC,Madrid,2474981,amhernando-anapri,Angel,2023-02-22 17:38:28 UTC,2023-08-19 19:37:44 UTC,research,CC-BY-NC,https://www.inaturalist.org/observations/149415499,https://inaturalist-open-data.s3.amazonaws.com/photos/257462308/medium.jpeg,,"",,1,0,false,,Varpunen,Passer domesticus,Домовый воробей,Aves,13858
149415503,8bff1067-cb30-4759-8c36-1b328ad84430,2023/01/08 11:21 AM,2023-01-08,2023-01-08 10:21:00 UTC,Madrid,2474981,amhernando-anapri,Angel,2023-02-22 17:38:29 UTC,2023-08-19 19:37:44 UTC,research,CC-BY-NC,https://www.inaturalist.org/observations/149415503,https://inaturalist-open-data.s3.amazonaws.com/photos/257462385/medium.jpeg,,"",,1,0,false,,Varpunen,Passer domesticus,Домовый воробей,Aves,13858
149974078,9225c5ef-25f2-4920-8387-3998473febb8,2023/02/26 3:51 PM,2023-02-26,2023-02-26 15:51:00 UTC,Lisbon,3043180,mtfoliveira,"",2023-03-01 12:49:22 UTC,2023-03-03 14:17:02 UTC,research,CC-BY-NC,https://www.inaturalist.org/observations/149974078,https://inaturalist-open-data.s3.amazonaws.com/photos/258517937/medium.jpeg,,"","",3,0,false,,Haussperling,Passer domesticus,Домовый воробей,Aves,13858
150353596,1e52d7f8-a8f3-4d21-972e-2639832c2a50,2023/03/05 3:28 PM,2023-03-05,2023-03-05 13:28:00 UTC,Bucharest,5650670,juliaminoda,Julia Minoda,2023-03-05 22:37:21 UTC,2025-04-15 15:05:23 UTC,research,CC-BY-NC,https://www.inaturalist.org/observations/150353596,https://inaturalist-open-data.s3.amazonaws.com/photos/259238981/medium.jpeg,,"","",2,0,false,,House Sparrow,Passer domesticus,Домовый воробей,Aves,13858
150478804,186b373f-54d5-4125-903e-fff4b314e4a6,2023-03-06 07:00:00,2023-03-06,2023-03-06 07:00:00 UTC,London,5246248,animalobserverdeniz321,AnimalObserverDeniz321,2023-03-07 09:34:20 UTC,2024-08-02 16:14:50 UTC,research,CC-BY,https://www.inaturalist.org/observations/150478804,https://inaturalist-open-data.s3.amazonaws.com/photos/259484461/medium.jpeg,https://static.inaturalist.org/sounds/610329.mp3?1678181669,"",Audio  may not belong to the bird in the photo.,1,0,false,2,House Sparrow,Passer domesticus,Домовый воробей,Aves,13858
150858762,5058f991-8014-4959-82f1-e5fbd2ecefd2,2023/03/08 2:11 AM,2023-03-08,2023-03-08 00:11:00 UTC,Bucharest,5650670,juliaminoda,Julia Minoda,2023-03-11 21:52:18 UTC,2023-03-13 08:55:14 UTC,research,CC-BY-NC,https://www.inaturalist.org/observations/150858762,https://inaturalist-open-data.s3.amazonaws.com/photos/260205735/medium.jpeg,,"","",1,0,false,,Moineau domestique,Passer domesticus,Домовый воробей,Aves,13858
151914299,7bf95599-8080-40e9-8d45-98fdfeca7ebb,2021/04/30 6:20 PM,2021-04-30,2021-04-30 15:20:00 UTC,Bucharest,6526005,gabyrusu,Gabi Rusu,2023-03-22 11:00:59 UTC,2025-09-27 06:33:17 UTC,research,CC-BY,https://www.inaturalist.org/observations/151914299,https://inaturalist-open-data.s3.amazonaws.com/photos/262192184/medium.jpg,,"Eurasian tree sparrow, Passer montanus, Vrabie de camp, animal, bird, nature, wild, wildlife, winter","",2,0,false,,House Sparrow,Passer domesticus,Домовый воробей,Aves,13858
151940934,8740aa40-73c5-495e-87af-2461adfd04f5,2023/03/21 10:45 AM,2023-03-21,2023-03-21 09:45:00 UTC,Berlin,2899722,antsy_pants,"",2023-03-22 17:09:33 UTC,2023-06-25 14:36:10 UTC,research,CC-BY,https://www.inaturalist.org/observations/151940934,https://inaturalist-open-data.s3.amazonaws.com/photos/262238285/medium.jpeg,,"",,2,0,false,,Домовый воробей,Passer domesticus,Домовый воробей,Aves,13858
152369928,0734b0e1-987f-441a-b3b8-dbcc0825a4b2,2022-08-23 06:24:56,2022-08-23,2022-08-23 05:24:56 UTC,London,6610997,butterfly_julian,Julian Sidney,2023-03-26 14:15:15 UTC,2025-10-08 15:03:06 UTC,research,CC-BY-NC,https://www.inaturalist.org/observations/152369928,https://static.inaturalist.org/photos/263027186/medium.jpeg,,"",,2,0,false,2,House Sparrow,Passer domesticus,Домовый воробей,Aves,13858
152496559,4b31b892-cb2f-4d5d-9af9-4ea00bb8888e,2023/03/27 8:58 AM,2023-03-27,2023-03-27 06:58:00 UTC,Madrid,2399135,reosarevok,Nicolás Tamargo,2023-03-27 12:31:10 UTC,2024-03-21 16:00:58 UTC,research,CC0,https://www.inaturalist.org/observations/152496559,https://inaturalist-open-data.s3.amazonaws.com/photos/263261063/medium.jpg,,"","",2,0,false,,Koduvarblane,Passer domesticus,Домовый воробей,Aves,13858
152731627,3a6a1ec4-ad83-4806-bcdc-979833a2e89e,2023/03/27 8:24 AM,2023-03-27,2023-03-27 05:24:00 UTC,Istanbul,6237042,maxko1,"",2023-03-29 15:05:27 UTC,2025-03-04 16:43:23 UTC,research,CC-BY-NC,https://www.inaturalist.org/observations/152731627,https://inaturalist-open-data.s3.amazonaws.com/photos/263694415/medium.jpeg,,"","would it be possible for the bird to be spanish x house sparrow hybrid? or its just such an ""alpha"" house sparrow? 
",2,0,false,,House Sparrow,Passer domesticus,Домовый воробей,Aves,13858
152755807,104413bc-c7d2-4a42-9e29-0f60e28f5890,2023/03/29 2:12 PM,2023-03-29,2023-03-29 12:12:00 UTC,Madrid,2399135,reosarevok,Nicolás Tamargo,2023-03-29 19:15:27 UTC,2024-03-21 16:01:09 UTC,research,CC0,https://www.inaturalist.org/observations/152755807,https://inaturalist-open-data.s3.amazonaws.com/photos/263737693/medium.jpg,,"","",1,0,false,,Gorrión Doméstico,Passer domesticus,Домовый воробей,Aves,13858
153475159,2cab89e9-b3cf-4422-961b-9a148bd2dab4,2021/12/27 11:13,2021-12-27,2021-12-27 10:13:00 UTC,Berlin,6642159,ralfknipst,RalfKnipst,2023-04-04 18:52:49 UTC,2023-04-04 20:15:14 UTC,research,CC-BY-NC,https://www.inaturalist.org/observations/153475159,https://inaturalist-open-data.s3.amazonaws.com/photos/265076965/medium.jpg,,"",,1,0,false,,Varpunen,Passer domesticus,Домовый воробей,Aves,13858
153554169,037c7cdd-4d6b-4a8e-8d9a-6b0da2b5a1ac,2023-04-03 19:19:26,2023-04-03,2023-04-03 17:19:26 UTC,Berlin,1701763,lukasnaturwelt,lukas26,2023-04-05 11:46:10 UTC,2023-04-27 18:14:46 UTC,research,,https://www.inaturalist.org/observations/153554169,https://static.inaturalist.org/photos/265228096/medium.jpeg,,"",,1,0,false,2,House Sparrow,Passer domesticus,Домовый воробей,Aves,13858
153683962,b4839672-94ba-4b03-8573-fee212f9b85c,2023-04-06 12:44:16,2023-04-06,2023-04-06 10:44:16 UTC,Amsterdam,5624801,robinfokker,Robin Fokker,2023-04-06 13:48:30 UTC,2023-04-06 14:07:38 UTC,research,CC-BY,https://www.inaturalist.org/observations/153683962,https://inaturalist-open-data.s3.amazonaws.com/photos/265468051/medium.jpeg,,"",,1,0,false,2,Varpunen,Passer domesticus,Домовый воробей,Aves,13858
155374550,1763cb13-d2cd-4761-b483-6a2d054e8a90,2023-04-17 14:03:32,2023-04-17,2023-04-17 12:03:32 UTC,Prague,1497180,divocinabrejl,"",2023-04-17 20:21:07 UTC,2024-12-04 16:10:37 UTC,research,CC-BY-NC,https://www.inaturalist.org/observations/155374550,https://inaturalist-open-data.s3.amazonaws.com/photos/268570095/medium.jpeg,,"",,1,0,false,2,vrabec domácí,Passer domesticus,Домовый воробей,Aves,13858
156048344,b16f895b-9def-4e87-a6d5-00df80651514,2023/04/22 09:52,2023-04-22,2023-04-22 07:52:00 UTC,Paris,4853016,seriousdom,Dominique H.,2023-04-22 14:18:14 UTC,2023-04-23 11:04:21 UTC,research,CC-BY-NC,https://www.inaturalist.org/observations/156048344,https://inaturalist-open-data.s3.amazonaws.com/photos/269797380/medium.jpeg,,"inat, toulouse",,2,0,false,,House Sparrow,Passer domesticus,Домовый воробей,Aves,13858
156292280,96312f7a-d751-43b3-9b9e-974a358e84e1,2023-04-23 17:49:03,2023-04-23,2023-04-23 15:49:03 UTC,Berlin,1842543,a-n-d-i,Erdi,2023-04-23 19:31:53 UTC,2025-01-19 17:15:35 UTC,research,CC-BY-NC-SA,https://www.inaturalist.org/observations/156292280,https://inaturalist-open-data.s3.amazonaws.com/photos/270238936/medium.jpeg,,"",Haussperling ( Passer domesticus ),3,0,false,2,Haussperling,Passer domesticus,Домовый воробей,Aves,13858
160637144,e430cf98-751a-4cc9-8c36-8e65a90ceec8,2021/01/30 3:24 PM,2021-01-30,2021-01-30 15:24:00 UTC,London,6685730,stallis,stallis,2023-05-08 21:37:23 UTC,2023-05-22 23:55:16 UTC,research,CC-BY-NC,https://www.inaturalist.org/observations/160637144,https://inaturalist-open-data.s3.amazonaws.com/photos/277590060/medium.jpeg,,"Sparrow, UK Birds, birds, garden birds","Pretty sure this is a male House Sparrow although the head is more chestnut brown like a Tree Sparrow, but without seeing the face I have just classed this as a sparrow. ",2,0,false,,House Sparrow,Passer domesticus,Домовый воробей,Aves,13858
161266044,30236b33-4f0e-4c61-8c1c-0a75b02b3a40,2023/05/12 5:12 PM,2023-05-12,2023-05-12 16:12:00 UTC,Lisbon,6766220,brunopy,Bruno Peixoto,2023-05-12 17:54:28 UTC,2023-05-12 22:36:40 UTC,research,CC-BY,https://www.inaturalist.org/observations/161266044,https://inaturalist-open-data.s3.amazonaws.com/photos/278732947/medium.jpeg,,"",,3,0,false,,Pardal,Passer domesticus,Домовый воробей,Aves,13858
162138543,293090ea-b66a-46b0-bd82-b891d32492e6,2023-05-17,2023-05-17,,Copenhagen,6432299,atsmitharc,Andrew Smith,2023-05-17 14:44:44 UTC,2025-01-15 20:14:16 UTC,research,CC0,https://www.inaturalist.org/observations/162138543,https://inaturalist-open-data.s3.amazonaws.com/photos/280327218/medium.jpg,,"",5 to 10 found in a rose bush,1,0,false,,Gråspurv,Passer domesticus,Домовый воробей,Aves,13858
166218328,45f399c1-faff-4399-beea-47176d234834,2023-06-08 11:37:00+02:00,2023-06-08,2023-06-08 09:37:00 UTC,Paris,3974382,othmanebe,Othmane Belladjou,2023-06-08 10:26:03 UTC,2024-12-19 22:25:54 UTC,research,CC-BY-NC,https://www.inaturalist.org/observations/166218328,https://inaturalist-open-data.s3.amazonaws.com/photos/287818172/medium.jpg,,"","",1,0,false,3,vrabec domácí,Passer domesticus,Домовый воробей,Aves,13858
166803681,98053e06-f862-4afc-8e3a-d0d39ec0a334,2020-06-12 11:17:58,2020-06-12,2020-06-12 09:17:58 UTC,Berlin,7005403,thorsten1974,"",2023-06-11 14:27:28 UTC,2023-06-11 17:57:50 UTC,research,CC-BY-NC,https://www.inaturalist.org/observations/166803681,https://inaturalist-open-data.s3.amazonaws.com/photos/288884683/medium.jpeg,,"",,1,0,false,2,House Sparrow,Passer domesticus,Домовый воробей,Aves,13858
167161493,790c4f6e-e7c0-42e5-9b67-926e9f1348b4,2023/06/13 12:03 PM,2023-06-13,2023-06-13 09:03:00 UTC,Bucharest,2772646,paulknoepfler,paul knoepfler,2023-06-13 09:11:42 UTC,2023-06-27 13:26:14 UTC,research,,https://www.inaturalist.org/observations/167161493,https://static.inaturalist.org/photos/289549040/medium.png,,"",,4,0,false,,Домовый воробей,Passer domesticus,Домовый воробей,Aves,13858
167573185,b24a674b-0985-4ec6-b6ba-676e39462917,2023-06-15 16:36:30+02:00,2023-06-15,2023-06-15 14:36:30 UTC,Paris,4386595,domileo,Dominique Léonard,2023-06-15 18:46:01 UTC,2024-09-03 17:16:56 UTC,research,,https://www.inaturalist.org/observations/167573185,https://static.inaturalist.org/photos/290304821/medium.jpg,,"","",3,0,false,3,House Sparrow,Passer domesticus,Домовый воробей,Aves,13858
168129301,dfd94b04-e257-4317-8ee9-4ca26eb07ea8,2023-06-18 18:09:33,2023-06-18,2023-06-18 16:09:33 UTC,Madrid,3385813,carlospuenteg,Carlos,2023-06-18 17:35:07 UTC,2023-06-20 11:00:44 UTC,research,CC-BY-NC,https://www.inaturalist.org/observations/168129301,https://inaturalist-open-data.s3.amazonaws.com/photos/291334454/medium.jpeg,,"",,1,0,false,2,Varpunen,Passer domesticus,Домовый воробей,Aves,13858
168256961,25d5ac6f-2fa5-4d4c-99d0-03d2066a6934,2023/06/17 17:00,2023-06-17,2023-06-17 15:00:00 UTC,Berlin,6547479,neuronalon,Neuronalon,2023-06-19 07:38:02 UTC,2023-11-23 20:49:16 UTC,research,CC-BY-NC,https://www.inaturalist.org/observations/168256961,https://inaturalist-open-data.s3.amazonaws.com/photos/291576501/medium.png,,"",,5,0,false,,Varpunen,Passer domesticus,Домовый воробей,Aves,13858
169240986,c514807f-f4e0-49ff-8846-987ee0c4da7e,2023-06-24 17:38:08,2023-06-24,2023-06-24 15:38:08 UTC,Berlin,1842543,a-n-d-i,Erdi,2023-06-24 19:48:16 UTC,2025-01-20 12:34:57 UTC,research,CC-BY-NC-SA,https://www.inaturalist.org/observations/169240986,https://inaturalist-open-data.s3.amazonaws.com/photos/293392076/medium.jpeg,,"",Haussperling ( Passer domesticus )   ,1,0,false,2,Haussperling,Passer domesticus,Домовый воробей,Aves,13858
169633702,62fbd49e-49e8-4ce6-8531-a656aa8f61bb,2023-06-25 14:38:19,2023-06-25,2023-06-25 12:38:19 UTC,Berlin,1842543,a-n-d-i,Erdi,2023-06-26 19:00:45 UTC,2025-01-19 17:09:57 UTC,research,CC-BY-NC-SA,https://www.inaturalist.org/observations/169633702,https://inaturalist-open-data.s3.amazonaws.com/photos/294118991/medium.jpeg,,"",Haussperling ( Lasset domesticus )  ,1,0,false,2,Haussperling,Passer domesticus,Домовый воробей,Aves,13858
170300293,29eac087-8c99-4b1f-b688-b19f56cbcd58,2023-06-30 17:50:20,2023-06-30,2023-06-30 16:50:20 UTC,London,5051871,rebecca1269,Rebecca Williams,2023-06-30 16:53:43 UTC,2023-07-01 19:18:31 UTC,research,,https://www.inaturalist.org/observations/170300293,https://static.inaturalist.org/photos/295350309/medium.jpeg,,"",,2,0,false,2,House Sparrow,Passer domesticus,Домовый воробей,Aves,13858
171014126,fa031908-e277-4a09-a532-49361a1ae6fd,2023-07-04 15:32:57,2023-07-04,2023-07-04 13:32:57 UTC,Europe/Tirane,1010618,eraldixeka,Erald Xeka,2023-07-04 13:35:16 UTC,2024-07-10 08:24:36 UTC,research,,https://www.inaturalist.org/observations/171014126,https://static.inaturalist.org/photos/296702423/medium.jpeg,,"",Lena,2,0,false,2,House Sparrow,Passer domesticus,Домовый воробей,Aves,13858
171189587,80fe548b-df13-4c60-bcf5-4e3e81e626b0,2023-07-04 09:56:12,2023-07-04,2023-07-04 07:56:12 UTC,Madrid,6409673,mar_ib,Mar,2023-07-05 12:06:29 UTC,2023-07-07 08:12:23 UTC,research,CC-BY-NC,https://www.inaturalist.org/observations/171189587,https://inaturalist-open-data.s3.amazonaws.com/photos/297031111/medium.jpeg,,"",,2,0,false,2,House Sparrow,Passer domesticus,Домовый воробей,Aves,13858
171415061,836a678f-4148-4b60-9f1e-e516e39bcfdb,2023-07-06 18:28:49+01:00,2023-07-06,2023-07-06 17:28:49 UTC,London,6635702,jamie1977,Jamie,2023-07-06 17:31:34 UTC,2023-07-21 23:16:18 UTC,research,CC-BY-NC,https://www.inaturalist.org/observations/171415061,https://inaturalist-open-data.s3.amazonaws.com/photos/297444530/medium.jpg,,"","",2,0,false,3,House Sparrow,Passer domesticus,Домовый воробей,Aves,13858
171532914,dcb838b2-9d10-4cab-bfd6-78bf86fe2b9c,2023/07/03 5:05 PM,2023-07-03,2023-07-03 15:05:00 UTC,Madrid,3771288,faluke,"",2023-07-07 10:31:31 UTC,2024-11-07 11:36:16 UTC,research,CC-BY-NC,https://www.inaturalist.org/observations/171532914,https://inaturalist-open-data.s3.amazonaws.com/photos/297665379/medium.jpg,,"","",1,0,false,,Passer domesticus,Passer domesticus,Домовый воробей,Aves,13858
172992579,d2d3659e-b5c1-411c-a0ab-a8a2a8d63ce9,2023-07-15 13:06:10,2023-07-15,2023-07-15 11:06:10 UTC,Madrid,7145035,oriolballestermarti,Oriol Ballester Marti,2023-07-15 11:38:13 UTC,2025-02-17 17:53:48 UTC,research,,https://www.inaturalist.org/observations/172992579,https://static.inaturalist.org/photos/300379619/medium.jpeg,,"",,1,0,false,2,House Sparrow,Passer domesticus,Домовый воробей,Aves,13858
173834742,3ef9b446-d738-483b-ab7f-31c5234ba9d1,2023/05/27 11:34 AM,2023-05-27,2023-05-27 08:34:00 UTC,Athens,2901163,aandmg,Michelle Goerdel,2023-07-19 21:12:44 UTC,2023-07-20 06:35:43 UTC,research,CC-BY-NC,https://www.inaturalist.org/observations/173834742,https://inaturalist-open-data.s3.amazonaws.com/photos/301927920/medium.jpeg,,"",Notice warped beak,2,0,false,,Varpunen,Passer domesticus,Домовый воробей,Aves,13858
175096600,9638bb6b-b616-4db6-8cc4-7b9d37191e80,2023-07-26 21:20:55+03:00,2023-07-26,2023-07-26 18:20:55 UTC,Madrid,3361259,ahenttonen,Antti Henttonen,2023-07-26 20:21:42 UTC,2023-07-27 08:32:08 UTC,research,CC-BY-NC,https://www.inaturalist.org/observations/175096600,https://inaturalist-open-data.s3.amazonaws.com/photos/304266429/medium.jpg,,"","",1,0,false,3,Varpunen,Passer domesticus,Домовый воробей,Aves,13858
175102514,2e4cfb5d-902e-4692-963b-92116e427e2d,2023-07-26 15:07:34,2023-07-26,2023-07-26 13:07:34 UTC,Zagreb,6853444,jure10,Jure Grošelj,2023-07-26 21:00:21 UTC,2023-07-27 12:47:29 UTC,research,,https://www.inaturalist.org/observations/175102514,https://static.inaturalist.org/photos/304277169/medium.jpeg,,"",,1,0,false,2,House Sparrow,Passer domesticus,Домовый воробей,Aves,13858
175590149,5918b38b-a4bb-40eb-8808-e38ad0f8c977,2023/07/16 4:51 AM,2023-07-16,2023-07-16 02:51:00 UTC,Berlin,5588906,ferferrari,,2023-07-29 18:50:59 UTC,2024-05-08 22:18:54 UTC,research,CC0,https://www.inaturalist.org/observations/175590149,https://inaturalist-open-data.s3.amazonaws.com/photos/305169802/medium.jpeg,,"","",4,0,false,,Gorrión Doméstico,Passer domesticus,Домовый воробей,Aves,13858
175903552,2e76ef76-cdd8-43fb-af00-cd3a4b567b81,2023/07/30 11:20,2023-07-30,2023-07-30 09:20:00 UTC,Berlin,4372458,drmichaelbraun,Dr. Michael P. Braun,2023-07-31 09:40:14 UTC,2025-08-31 14:22:03 UTC,research,,https://www.inaturalist.org/observations/175903552,https://static.inaturalist.org/photos/305752865/medium.jpeg,,"",,3,0,false,,Haussperling,Passer domesticus,Домовый воробей,Aves,13858
177341859,1fdb2636-628b-4c22-8f53-8bd51d0938f1,2023-08-01 12:46:33,2023-08-01,2023-08-01 10:46:33 UTC,Paris,5065529,titouan_roguet,Titouan Roguet,2023-08-08 14:00:12 UTC,2025-04-15 15:03:50 UTC,research,CC-BY-NC,https://www.inaturalist.org/observations/177341859,https://static.inaturalist.org/photos/308426504/medium.jpeg,,"",,4,0,false,2,Moineau domestique,Passer domesticus,Домовый воробей,Aves,13858
177479515,627bf8cb-d547-4199-b009-2cf2af7d6afc,2023/08/09 11:20 AM,2023-08-09,2023-08-09 08:20:00 UTC,Sofia,6327132,stevem4560,SteveM4560,2023-08-09 10:07:14 UTC,2023-09-28 14:17:14 UTC,research,CC-BY,https://www.inaturalist.org/observations/177479515,https://inaturalist-open-data.s3.amazonaws.com/photos/308685002/medium.jpg,,"",Juvenile birds,1,0,false,,House Sparrow,Passer domesticus,Домовый воробей,Aves,13858
178041669,15974f05-12b6-4d76-9fee-82155cda560d,2023-08-06 11:08:57+02:00,2023-08-06,2023-08-06 09:08:57 UTC,Paris,1816039,judymom,Judy Adler,2023-08-12 18:56:47 UTC,2023-08-13 10:26:01 UTC,research,CC-BY-NC,https://www.inaturalist.org/observations/178041669,https://inaturalist-open-data.s3.amazonaws.com/photos/309737326/medium.jpg,,"","",4,0,false,3,House Sparrow,Passer domesticus,Домовый воробей,Aves,13858
178813965,f530e722-1ad7-4ad7-b783-dd404d911f53,2023/06/11 3:13 PM,2023-06-11,2023-06-11 13:13:00 UTC,Madrid,6406748,adremix,"",2023-08-17 09:45:11 UTC,2024-11-13 20:42:19 UTC,research,CC-BY-NC,https://www.inaturalist.org/observations/178813965,https://inaturalist-open-data.s3.amazonaws.com/photos/311219596/medium.jpeg,,"",Roadkill.,3,0,false,2,House Sparrow,Passer domesticus,Домовый воробей,Aves,13858
178989435,689c6ea6-cbb8-482c-948b-c8824258ef3a,2023-08-17 11:32:23,2023-08-17,2023-08-17 09:32:23 UTC,Berlin,5023346,kuki_76,"",2023-08-18 14:14:31 UTC,2024-01-12 22:30:01 UTC,research,CC-BY-NC,https://www.inaturalist.org/observations/178989435,https://inaturalist-open-data.s3.amazonaws.com/photos/311555883/medium.jpeg,,"",,3,0,false,2,Haussperling,Passer domesticus,Домовый воробей,Aves,13858
180193763,899f1377-2a1a-4f0c-926a-974af1cb0a75,2023/07/28 8:35 AM,2023-07-28,2023-07-28 07:35:00 UTC,London,808496,walkingfern,,2023-08-25 23:28:48 UTC,2024-11-26 22:49:08 UTC,research,CC0,https://www.inaturalist.org/observations/180193763,https://inaturalist-open-data.s3.amazonaws.com/photos/313838221/medium.jpeg,,"","",2,0,false,,House Sparrow,Passer domesticus,Домовый воробей,Aves,13858
181453133,2d62adcb-ecd3-4a79-b2f0-7055d5cfdfec,2023/09/02 10:16 PM,2023-09-02,2023-09-02 21:16:00 UTC,London,5329875,croftylock,Croftylock,2023-09-02 21:16:56 UTC,2023-09-04 10:41:18 UTC,research,CC-BY-NC,https://www.inaturalist.org/observations/181453133,https://inaturalist-open-data.s3.amazonaws.com/photos/316197480/medium.jpeg,,"",,1,0,false,,House Sparrow,Passer domesticus,Домовый воробей,Aves,13858
184094520,16d39c8b-d48d-4fff-8dbb-d3ac971a8279,Wed Sep 20 2023 12:05:40 GMT +0300 (GMT+3),2023-09-20,2023-09-20 09:05:40 UTC,Istanbul,7366418,drakones,,2023-09-20 09:06:23 UTC,2025-03-04 16:47:59 UTC,research,CC-BY-NC,https://www.inaturalist.org/observations/184094520,https://inaturalist-open-data.s3.amazonaws.com/photos/321295141/medium.jpeg,,"",,3,0,false,333,Домовый воробей,Passer domesticus,Домовый воробей,Aves,13858
186256845,f96e958a-89b1-4dff-b6be-9139f7de3a2a,2023-10-04 15:52:49,2023-10-04,2023-10-04 14:52:49 UTC,London,354498,paul127,creaturesnapper,2023-10-05 07:54:23 UTC,2023-10-07 04:51:10 UTC,research,,https://www.inaturalist.org/observations/186256845,https://static.inaturalist.org/photos/325460870/medium.jpg,,"Sparrows, UK, Europe, Birds, House Sparrow, Passer domesticus, Male House Sparrow --- Passer domesticus","My garden , UK",2,0,false,,House Sparrow,Passer domesticus,Домовый воробей,Aves,13858
186539685,ce25130c-e3ff-4e55-ad99-f55a1c546d2d,2023/10/05 09:48,2023-10-05,2023-10-05 07:48:00 UTC,Berlin,3333545,albissers_grund,"",2023-10-07 13:59:32 UTC,2023-10-07 14:29:18 UTC,research,CC-BY-NC,https://www.inaturalist.org/observations/186539685,https://inaturalist-open-data.s3.amazonaws.com/photos/326015989/medium.jpg,,"",,1,0,false,,Haussperling,Passer domesticus,Домовый воробей,Aves,13858
187349300,33030cf7-433a-484f-af2b-1f725f637587,2023-10-13 11:53:20+02:00,2023-10-13,2023-10-13 09:53:20 UTC,Budapest,3446273,pulmat,"",2023-10-13 10:24:43 UTC,2024-02-28 10:59:04 UTC,research,CC-BY-NC,https://www.inaturalist.org/observations/187349300,https://inaturalist-open-data.s3.amazonaws.com/photos/327616873/medium.jpg,,"","",2,0,false,3,Varpunen,Passer domesticus,Домовый воробей,Aves,13858
187357704,ed7b0eb8-a34e-45ba-91de-b1b858af7872,2023-10-12 11:23:15,2023-10-12,2023-10-12 09:23:15 UTC,Madrid,4406716,cristina_oc,Cristina Olivares Collado,2023-10-13 12:46:43 UTC,2025-10-19 20:52:07 UTC,research,CC-BY,https://www.inaturalist.org/observations/187357704,https://inaturalist-open-data.s3.amazonaws.com/photos/327634039/medium.jpeg,,"",,1,0,false,2,House Sparrow,Passer domesticus,Домовый воробей,Aves,13858
187357955,ba5abc60-b9f2-4250-a566-137c1578577e,2023-10-12 11:50:31,2023-10-12,2023-10-12 09:50:31 UTC,Madrid,4406716,cristina_oc,Cristina Olivares Collado,2023-10-13 12:48:57 UTC,2025-10-19 20:52:00 UTC,research,CC-BY,https://www.inaturalist.org/observations/187357955,https://inaturalist-open-data.s3.amazonaws.com/photos/327635338/medium.jpeg,,"",,1,0,false,2,House Sparrow,Passer domesticus,Домовый воробей,Aves,13858
188999449,ecc98480-52f1-4a74-afe2-6b499062ac7e,2023/10/25 1:32 PM,2023-10-25,2023-10-25 12:32:00 UTC,Lisbon,6239321,joseph1318,Joseph Trezza,2023-10-26 12:40:43 UTC,2023-10-26 22:59:37 UTC,research,,https://www.inaturalist.org/observations/188999449,https://static.inaturalist.org/photos/330963263/medium.png,,"",,4,0,false,,House Sparrow,Passer domesticus,Домовый воробей,Aves,13858
190685047,11da78cd-d958-43b8-8d05-acd2ab3627e0,2023/11/11 16:36,2023-11-11,2023-11-11 14:36:00 UTC,Sofia,5400823,ppmg-sliven,Росица Делчева ППМГ Сливен,2023-11-11 15:48:30 UTC,2024-01-12 21:05:22 UTC,research,CC-BY-NC,https://www.inaturalist.org/observations/190685047,https://inaturalist-open-data.s3.amazonaws.com/photos/334333521/medium.jpeg,,"","",1,0,false,,Домашно врабче,Passer domesticus,Домовый воробей,Aves,13858
190976819,accef55e-bbaf-40db-9a7d-e1d4c7c95b1b,2020-03-13,2020-03-13,,Rome,4695714,andrea_sorrentino,Andrea Sorrentino,2023-11-14 06:54:09 UTC,2025-03-02 22:18:28 UTC,research,,https://www.inaturalist.org/observations/190976819,https://static.inaturalist.org/photos/334914619/medium.jpeg,,"",,7,0,false,2,House Sparrow,Passer domesticus,Домовый воробей,Aves,13858
191354575,88e2b5a9-6337-4255-aaa1-0eab0055b983,2023-11-18 11:35:25Z,2023-11-18,2023-11-18 11:35:25 UTC,London,5066405,lring_biology,"Lianna V. ""Li"" Ring",2023-11-18 11:36:44 UTC,2023-11-18 13:17:49 UTC,research,CC-BY-NC,https://www.inaturalist.org/observations/191354575,https://inaturalist-open-data.s3.amazonaws.com/photos/335672850/medium.jpg,,"",Nesting in the bush outside my parent’s house,2,0,false,3,House Sparrow,Passer domesticus,Домовый воробей,Aves,13858
191769198,3d767365-65a2-4116-8c41-31b0674680e9,2023-11-22 17:01:59+01:00,2023-11-22,2023-11-22 16:01:59 UTC,Madrid,3902282,mayela_y_ramon,Mayela y Ramón,2023-11-22 16:32:07 UTC,2025-09-26 23:22:26 UTC,research,CC-BY-SA,https://www.inaturalist.org/observations/191769198,https://inaturalist-open-data.s3.amazonaws.com/photos/336502041/medium.jpg,,"","",3,0,false,3,House Sparrow,Passer domesticus,Домовый воробей,Aves,13858
193150614,3754b7ff-c9d5-4e12-93a9-ceacfe47e016,2023/09/02 8:41 AM,2023-09-02,2023-09-02 06:41:00 UTC,Madrid,6406748,adremix,"",2023-12-05 20:19:46 UTC,2023-12-08 10:54:15 UTC,research,CC-BY-NC,https://www.inaturalist.org/observations/193150614,https://inaturalist-open-data.s3.amazonaws.com/photos/339250412/medium.jpg,,"",,1,0,false,,House Sparrow,Passer domesticus,Домовый воробей,Aves,13858
193220287,4521ba35-d4af-4a90-a018-3ccebd8ad3bf,2023-12-06 19:26:20+08:00,2023-12-06,2023-12-06 11:26:20 UTC,Madrid,807623,yip2,Yip Wai Hoong,2023-12-06 16:32:33 UTC,2023-12-23 14:56:46 UTC,research,,https://www.inaturalist.org/observations/193220287,https://static.inaturalist.org/photos/339394500/medium.jpg,,"","",3,0,false,3,House Sparrow,Passer domesticus,Домовый воробей,Aves,13858
193512000,cb089cb5-d98d-4176-b0cf-3b6d95e1b902,2023/12/09 5:50 PM,2023-12-09,2023-12-09 16:50:00 UTC,Madrid,6204394,katane222,Fernando Rodríguez,2023-12-09 18:41:05 UTC,2025-05-02 14:14:21 UTC,research,CC-BY-NC,https://www.inaturalist.org/observations/193512000,https://inaturalist-open-data.s3.amazonaws.com/photos/339940155/medium.jpeg,,"",,1,0,false,,Gorrión Doméstico,Passer domesticus,Домовый воробей,Aves,13858
193729678,8da9c79b-cd7b-4edf-b6fa-f9fc258eb560,2023-11-18 14:09:50,2023-11-18,2023-11-18 13:09:50 UTC,Madrid,3760444,mfreckes_,María,2023-12-11 19:29:25 UTC,2025-06-19 19:11:03 UTC,research,CC-BY-NC,https://www.inaturalist.org/observations/193729678,https://inaturalist-open-data.s3.amazonaws.com/photos/340349277/medium.jpeg,,"",,7,0,false,2,Gorrión Doméstico,Passer domesticus,Домовый воробей,Aves,13858
196010672,c176434f-e4ef-47b6-a511-a791c45065d2,2024/01/06 11:49 AM,2024-01-06,2024-01-06 10:49:00 UTC,Amsterdam,2638948,tomaswijk,Tomas Wijk,2024-01-07 10:35:14 UTC,2025-10-09 08:08:49 UTC,research,,https://www.inaturalist.org/observations/196010672,https://static.inaturalist.org/photos/344982929/medium.jpg,,"",,2,0,false,,Huismus,Passer domesticus,Домовый воробей,Aves,13858
197627976,19b3d2fa-dbfb-4a56-8182-beddf0f358f0,2024-01-26 15:22:00,2024-01-26,2024-01-26 14:22:00 UTC,Madrid,6428803,ametsak,Ametsak,2024-01-26 19:21:02 UTC,2025-05-10 12:15:17 UTC,research,CC0,https://www.inaturalist.org/observations/197627976,https://inaturalist-open-data.s3.amazonaws.com/photos/348127559/medium.jpeg,,"",,3,0,false,2,House Sparrow,Passer domesticus,Домовый воробей,Aves,13858
197791980,59ff0c10-248e-4ce9-912f-400b5b78577e,2024/01/28 1:56 PM,2024-01-28,2024-01-28 11:56:00 UTC,Sofia,6327132,stevem4560,SteveM4560,2024-01-28 13:54:56 UTC,2024-02-01 10:25:46 UTC,research,CC-BY,https://www.inaturalist.org/observations/197791980,https://inaturalist-open-data.s3.amazonaws.com/photos/348453291/medium.jpg,,"","",2,0,false,,House Sparrow,Passer domesticus,Домовый воробей,Aves,13858
198066612,fddcead3-608b-4f0a-9f2e-938294c4101f,2024/01/31 2:35 PM,2024-01-31,2024-01-31 12:35:00 UTC,Sofia,6327132,stevem4560,SteveM4560,2024-01-31 17:24:10 UTC,2024-04-14 10:37:33 UTC,research,CC-BY,https://www.inaturalist.org/observations/198066612,https://inaturalist-open-data.s3.amazonaws.com/photos/349010942/medium.jpg,,"","",4,0,false,,House Sparrow,Passer domesticus,Домовый воробей,Aves,13858
198213353,59f30133-d43f-4106-9186-3490d23a4c93,2024/02/02 3:48 PM,2024-02-02,2024-02-02 13:48:00 UTC,Sofia,6327132,stevem4560,SteveM4560,2024-02-02 15:11:59 UTC,2024-04-14 10:37:26 UTC,research,CC-BY,https://www.inaturalist.org/observations/198213353,https://inaturalist-open-data.s3.amazonaws.com/photos/349305692/medium.jpg,,"",Male,2,0,false,,House Sparrow,Passer domesticus,Домовый воробей,Aves,13858
198213470,1fca8e3a-e7f8-439b-894c-8af66d7c6e94,2024/02/02 3:49 PM,2024-02-02,2024-02-02 13:49:00 UTC,Sofia,6327132,stevem4560,SteveM4560,2024-02-02 15:14:20 UTC,2024-04-14 10:37:25 UTC,research,CC-BY,https://www.inaturalist.org/observations/198213470,https://inaturalist-open-data.s3.amazonaws.com/photos/349305979/medium.jpg,,"",Female,2,0,false,,House Sparrow,Passer domesticus,Домовый воробей,Aves,13858
198301518,e73e3b34-d3dd-47b4-860b-9ed83a3a390c,2024/02/03 5:01 PM,2024-02-03,2024-02-03 15:01:00 UTC,Sofia,6327132,stevem4560,SteveM4560,2024-02-03 16:06:35 UTC,2024-02-04 15:06:01 UTC,research,CC-BY,https://www.inaturalist.org/observations/198301518,https://inaturalist-open-data.s3.amazonaws.com/photos/349480563/medium.jpg,,"","",1,0,false,,House Sparrow,Passer domesticus,Домовый воробей,Aves,13858
198996610,433ad8db-aed8-4cdb-8776-033d150287de,2023/09/29 8:51 AM,2023-09-29,2023-09-29 07:51:00 UTC,Lisbon,7785363,blopes,,2024-02-11 13:15:36 UTC,2024-09-02 11:29:38 UTC,research,CC-BY-NC,https://www.inaturalist.org/observations/198996610,https://inaturalist-open-data.s3.amazonaws.com/photos/350849225/medium.jpg,,"",,3,0,false,,Pardal-dos-telhados,Passer domesticus,Домовый воробей,Aves,13858
199692767,5c28966b-8b9f-48b9-a322-29bc302b67c4,2024/02/18 3:00 PM,2024-02-18,2024-02-18 13:00:00 UTC,Sofia,6327132,stevem4560,SteveM4560,2024-02-18 17:24:52 UTC,2024-02-20 14:29:13 UTC,research,CC-BY,https://www.inaturalist.org/observations/199692767,https://inaturalist-open-data.s3.amazonaws.com/photos/352203348/medium.jpg,,"",Female,1,0,false,,House Sparrow,Passer domesticus,Домовый воробей,Aves,13858
200130507,389e7094-623c-46ac-bb28-fe8f632d58d8,2024/02/22 6:08 PM,2024-02-22,2024-02-22 18:08:00 UTC,Lisbon,5827778,cfigueiredo,Carlos Figueiredo,2024-02-22 23:09:30 UTC,2024-02-23 11:43:18 UTC,research,CC-BY-NC,https://www.inaturalist.org/observations/200130507,https://inaturalist-open-data.s3.amazonaws.com/photos/353033656/medium.jpeg,,"",,4,1,false,,Pardal-dos-telhados,Passer domesticus,Домовый воробей,Aves,13858
200597573,acc45d72-cd5f-45dc-8f2e-b8f65fe10f4a,2024/02/20 1:26 PM,2024-02-20,2024-02-20 12:26:00 UTC,Paris,828394,andreacala,Andrea Kreuzhage,2024-02-27 08:09:31 UTC,2024-02-27 08:10:15 UTC,research,CC-BY-NC,https://www.inaturalist.org/observations/200597573,https://inaturalist-open-data.s3.amazonaws.com/photos/353950974/medium.jpeg,,"","",1,0,false,,House Sparrow,Passer domesticus,Домовый воробей,Aves,13858
200734572,7be6957b-66c0-4a95-bbc9-3180e06e941a,2024-02-28 19:09:51,2024-02-28,2024-02-28 17:09:51 UTC,Bucharest,1981080,silviu_ticu,Silviu Țicu,2024-02-28 17:19:51 UTC,2025-03-04 14:37:51 UTC,research,,https://www.inaturalist.org/observations/200734572,https://static.inaturalist.org/photos/354212126/medium.jpeg,,"",In a food shopping center,2,0,false,2,Vrabie de casă,Passer domesticus,Домовый воробей,Aves,13858
201832589,c6c65170-f688-4725-8727-0ecdd39a2a18,2024-03-09 13:45:00,2024-03-09,2024-03-09 13:45:00 UTC,London,538337,rogueadventurer,N.R. Jenzen-Jones,2024-03-09 20:56:41 UTC,2024-03-09 21:45:08 UTC,research,CC-BY-NC-SA,https://www.inaturalist.org/observations/201832589,https://inaturalist-open-data.s3.amazonaws.com/photos/356350333/medium.jpeg,,"",,1,0,false,2,House Sparrow,Passer domesticus,Домовый воробей,Aves,13858
201943629,49761bb1-b37d-4dae-beea-a1d1ac7d72d0,2024/03/10 15:41,2024-03-10,2024-03-10 14:41:00 UTC,Warsaw,4752960,maximion,Maksymilian Wojtkiewicz,2024-03-10 17:54:27 UTC,2024-03-12 17:54:49 UTC,research,CC-BY-NC,https://www.inaturalist.org/observations/201943629,https://inaturalist-open-data.s3.amazonaws.com/photos/356566384/medium.jpeg,,"",the one in the middle (on the 4th picture),3,0,false,,Wróbel,Passer domesticus,Домовый воробей,Aves,13858
203226143,8c73fb44-c7f9-48be-aaa0-26164aaa8e15,2024/03/20 14:21,2024-03-20,2024-03-20 13:21:00 UTC,Paris,5464227,bvcruz,Blaise Verrier-Cruz,2024-03-20 13:31:32 UTC,2024-03-25 19:45:51 UTC,research,CC-BY-NC,https://www.inaturalist.org/observations/203226143,https://inaturalist-open-data.s3.amazonaws.com/photos/359031266/medium.jpg,,"",,4,0,false,,Moineau domestique,Passer domesticus,Домовый воробей,Aves,13858
203453930,1ed2708d-9de9-4218-8e37-8438a740654c,2024-03-22 11:25:38,2024-03-22,2024-03-22 10:25:38 UTC,Madrid,6556668,joseibaanez_,Jose Nicolas Ibañez Arauzo,2024-03-22 10:26:31 UTC,2024-04-12 09:35:57 UTC,research,,https://www.inaturalist.org/observations/203453930,https://static.inaturalist.org/photos/359469791/medium.jpeg,,"",,3,0,false,2,House Sparrow,Passer domesticus,Домовый воробей,Aves,13858
203561276,0dbbfcd5-c567-4a6f-987d-1cb7768cea07,2024/03/23 11:28 AM,2024-03-23,2024-03-23 09:28:00 UTC,Riga,4025258,mara_and_davis_birzgalis,,2024-03-23 07:22:53 UTC,2024-03-23 08:58:41 UTC,research,CC-BY-NC,https://www.inaturalist.org/observations/203561276,https://inaturalist-open-data.s3.amazonaws.com/photos/359675831/medium.jpeg,,"",,2,0,false,,Mājas zvirbulis,Passer domesticus,Домовый воробей,Aves,13858
203761054,7969b795-4642-45a3-b65d-ec6f6aa7c697,2024/03/24 3:36 PM,2024-03-24,2024-03-24 14:36:00 UTC,Ljubljana,745656,amujcinovic,Ahmed Mujčinović,2024-03-24 17:01:30 UTC,2024-04-15 18:42:51 UTC,research,CC-BY-NC-SA,https://www.inaturalist.org/observations/203761054,https://inaturalist-open-data.s3.amazonaws.com/photos/360055435/medium.jpeg,,"",,2,0,false,,House Sparrow,Passer domesticus,Домовый воробей,Aves,13858
203790632,3d64162e-4f78-4d75-a6f6-80a351578215,2024/03/24 8:29 AM,2024-03-24,2024-03-24 07:29:00 UTC,Berlin,1130766,alkalifire,Matt Blango,2024-03-24 20:21:07 UTC,2024-04-01 23:44:16 UTC,research,CC-BY-NC,https://www.inaturalist.org/observations/203790632,https://inaturalist-open-data.s3.amazonaws.com/photos/360109986/medium.jpg,,"",,1,0,false,,House Sparrow,Passer domesticus,Домовый воробей,Aves,13858
204175639,6f23aed6-d6ba-4148-b958-51ffc83f0227,2024-03-27 15:13:15+01:00,2024-03-27,2024-03-27 14:13:15 UTC,Ljubljana,6442535,elizabethompson,,2024-03-27 18:58:47 UTC,2024-03-27 20:14:07 UTC,research,CC-BY-NC,https://www.inaturalist.org/observations/204175639,https://inaturalist-open-data.s3.amazonaws.com/photos/360850302/medium.jpg,,"","",1,0,false,3,House Sparrow,Passer domesticus,Домовый воробей,Aves,13858
204746429,67db843a-cee4-46f3-8917-9822d8c3047d,2024/03/01 17:42,2024-03-01,2024-03-01 14:42:00 UTC,Istanbul,5724994,sublis,Sublis,2024-03-31 15:29:09 UTC,2025-03-04 16:53:25 UTC,research,CC-BY-NC,https://www.inaturalist.org/observations/204746429,https://inaturalist-open-data.s3.amazonaws.com/photos/361936976/medium.jpg,,"",,2,0,false,,Домовый воробей,Passer domesticus,Домовый воробей,Aves,13858
204746558,51358eda-aea4-4db5-96bb-1b894b4ac064,2024/03/06 14:22,2024-03-06,2024-03-06 11:22:00 UTC,Istanbul,5724994,sublis,Sublis,2024-03-31 15:30:10 UTC,2025-03-04 16:53:23 UTC,research,CC-BY-NC,https://www.inaturalist.org/observations/204746558,https://inaturalist-open-data.s3.amazonaws.com/photos/361937260/medium.jpg,,"",,2,0,false,,Домовый воробей,Passer domesticus,Домовый воробей,Aves,13858
204747396,6f9a2418-121b-4bde-a9e8-408780065b66,2024-03-31 17:31:12,2024-03-31,2024-03-31 15:31:12 UTC,Madrid,7682441,mateo700,Chaval Medusa,2024-03-31 15:35:11 UTC,2024-04-14 07:31:31 UTC,research,CC-BY-NC,https://www.inaturalist.org/observations/204747396,https://inaturalist-open-data.s3.amazonaws.com/photos/361939031/medium.jpeg,,"",,1,0,false,2,Gorrión Doméstico,Passer domesticus,Домовый воробей,Aves,13858
204748718,74a9392e-d4fe-47c0-9fbb-370ca86c5ce8,2015/05/19 5:38 PM,2015-05-19,2015-05-19 15:38:00 UTC,Europe/Gibraltar,999306,tysonleeholmes,Tyson Lee Holmes,2024-03-31 15:41:47 UTC,2025-05-01 15:33:53 UTC,research,,https://www.inaturalist.org/observations/204748718,https://inaturalist-open-data.s3.amazonaws.com/photos/361940688/medium.jpg,,"",From the archives,1,0,false,,House Sparrow,Passer domesticus,Домовый воробей,Aves,13858
204771238,d4c8f1ce-8736-42a0-9855-d0c5248dceac,2024/03/31 18:33,2024-03-31,2024-03-31 16:33:00 UTC,Paris,5464227,bvcruz,Blaise Verrier-Cruz,2024-03-31 17:44:00 UTC,2024-04-16 16:34:00 UTC,research,CC-BY-NC,https://www.inaturalist.org/observations/204771238,https://inaturalist-open-data.s3.amazonaws.com/photos/361981377/medium.jpg,,"",,3,0,false,,Moineau domestique,Passer domesticus,Домовый воробей,Aves,13858
204786673,c14bf7d5-8547-4fee-9f28-95aff4d87f73,2024-03-30 18:18:20Z,2024-03-30,2024-03-30 17:18:20 UTC,Lisbon,6691037,miguelsantamaria,Miguel,2024-03-31 19:08:29 UTC,2024-04-05 06:05:49 UTC,research,,https://www.inaturalist.org/observations/204786673,https://static.inaturalist.org/photos/362009811/medium.jpg,,"","",4,0,false,3,Pardal,Passer domesticus,Домовый воробей,Aves,13858
205129037,73f50ae4-36f8-4e6b-b5f1-ab09935c6aaa,2024-04-02 15:24:28Z,2024-04-02,2024-04-02 15:24:28 UTC,Lisbon,6691037,miguelsantamaria,Miguel,2024-04-02 19:00:36 UTC,2024-04-03 12:14:33 UTC,research,,https://www.inaturalist.org/observations/205129037,https://static.inaturalist.org/photos/362657897/medium.jpg,,"","",2,0,false,3,Pardal,Passer domesticus,Домовый воробей,Aves,13858
205379601,8e02fd39-0173-4bf3-838f-9e2b42efdfbf,2024-04-04 16:50:33+02:00,2024-04-04,2024-04-04 14:50:33 UTC,Madrid,7931512,igorgainza,,2024-04-04 14:50:57 UTC,2024-04-04 20:12:31 UTC,research,CC-BY-NC,https://www.inaturalist.org/observations/205379601,https://inaturalist-open-data.s3.amazonaws.com/photos/363143398/medium.jpg,,"","",2,0,false,3,Gorrión Doméstico,Passer domesticus,Домовый воробей,Aves,13858
205582690,7c091df5-3ae1-47a9-ad10-3c6de9a97708,2024/04/01 15:58,2024-04-01,2024-04-01 14:58:00 UTC,Lisbon,2739023,wbettighofer,Wolfgang Bettighofer,2024-04-05 22:59:10 UTC,2024-04-23 14:03:18 UTC,research,CC-BY-NC,https://www.inaturalist.org/observations/205582690,https://inaturalist-open-data.s3.amazonaws.com/photos/363515758/medium.jpg,,"",,2,0,false,,Haussperling,Passer domesticus,Домовый воробей,Aves,13858
205582697,a2e61a00-0f9d-4bd1-a64f-0e2a63dc609f,2024/04/01 16:06,2024-04-01,2024-04-01 15:06:00 UTC,Lisbon,2739023,wbettighofer,Wolfgang Bettighofer,2024-04-05 22:59:12 UTC,2024-04-23 14:03:18 UTC,research,CC-BY-NC,https://www.inaturalist.org/observations/205582697,https://inaturalist-open-data.s3.amazonaws.com/photos/363516027/medium.jpg,,"",,2,0,false,,Haussperling,Passer domesticus,Домовый воробей,Aves,13858
206733638,59cf8f01-795c-43e9-b06e-94a9e5d41fe7,2024/04/11 1:01 PM,2024-04-11,2024-04-11 10:01:00 UTC,Sofia,6327132,stevem4560,SteveM4560,2024-04-12 05:25:37 UTC,2024-04-14 09:29:36 UTC,research,CC-BY,https://www.inaturalist.org/observations/206733638,https://inaturalist-open-data.s3.amazonaws.com/photos/365602105/medium.jpg,,"",Male,2,0,false,,House Sparrow,Passer domesticus,Домовый воробей,Aves,13858
206763048,d947b3aa-54e5-4bd4-88d9-12777aed9514,2024/04/11 12:21 PM,2024-04-11,2024-04-11 11:21:00 UTC,London,631947,jarvo,Jon J. Laysell,2024-04-12 11:43:40 UTC,2025-04-16 19:48:46 UTC,research,CC-BY,https://www.inaturalist.org/observations/206763048,https://inaturalist-open-data.s3.amazonaws.com/photos/365652628/medium.jpg,,"",Enjoying a nice dust bath on the footpath.,3,0,false,,House Sparrow,Passer domesticus,Домовый воробей,Aves,13858
208141440,816a9b52-afc3-4e8e-a041-1403ae31ca42,2024-04-19 11:26:50,2024-04-19,2024-04-19 09:26:50 UTC,Madrid,6209929,udnf,Udnf Fjfjfn,2024-04-19 19:19:07 UTC,2024-06-13 08:45:34 UTC,research,,https://www.inaturalist.org/observations/208141440,https://static.inaturalist.org/photos/368234681/medium.jpeg,,"",,3,0,false,2,イエスズメ,Passer domesticus,Домовый воробей,Aves,13858
208475449,519147db-8576-46e7-a5fd-44487fe6a06b,2024/04/21 08:59,2024-04-21,2024-04-21 06:59:00 UTC,Prague,1476976,miroslavbobek,Miroslav Bobek,2024-04-21 13:23:25 UTC,2024-04-21 16:58:16 UTC,research,,https://www.inaturalist.org/observations/208475449,https://static.inaturalist.org/photos/368864747/medium.jpeg,,"",,3,0,false,,vrabec domácí,Passer domesticus,Домовый воробей,Aves,13858
208484373,963b1241-ecc7-4bf2-b5f3-1c74153e1212,2024-04-20 14:44:46,2024-04-20,2024-04-20 11:44:46 UTC,Athens,6391360,greydawnpademelon,,2024-04-21 14:13:03 UTC,2024-06-08 20:02:10 UTC,research,CC-BY-NC,https://www.inaturalist.org/observations/208484373,https://inaturalist-open-data.s3.amazonaws.com/photos/368881187/medium.jpeg,,"",,4,1,false,2,House Sparrow,Passer domesticus,Домовый воробей,Aves,13858
208814995,c4a0bea2-c8e0-48de-9dc5-7307ae6435b3,2024/04/03 2:42 AM,2024-04-03,2024-04-03 00:42:00 UTC,Europe/Gibraltar,2504907,zimmwisdom,"",2024-04-23 00:41:47 UTC,2024-04-23 03:40:40 UTC,research,CC-BY-NC,https://www.inaturalist.org/observations/208814995,https://inaturalist-open-data.s3.amazonaws.com/photos/369485227/medium.jpg,,"",,4,0,false,,House Sparrow,Passer domesticus,Домовый воробей,Aves,13858
212341759,998e3d75-d9b1-4878-8eef-85a113d54a32,2024/04/20 1:22 PM,2024-04-20,2024-04-20 11:22:00 UTC,Madrid,3771288,faluke,"",2024-04-30 18:50:23 UTC,2024-11-07 11:36:16 UTC,research,CC-BY-NC,https://www.inaturalist.org/observations/212341759,https://inaturalist-open-data.s3.amazonaws.com/photos/375250453/medium.jpeg,,"","",1,0,false,,Passer domesticus,Passer domesticus,Домовый воробей,Aves,13858
213234509,3edd2b6c-14d3-49dc-8f86-bc4e4ac217f6,2024/05/02 17:41,2024-05-02,2024-05-02 15:41:00 UTC,Vienna,4343194,sabine-g,,2024-05-03 20:11:15 UTC,2025-06-04 16:42:19 UTC,research,CC-BY-NC,https://www.inaturalist.org/observations/213234509,https://inaturalist-open-data.s3.amazonaws.com/photos/376834440/medium.jpeg,,"",Nachwuchs,2,0,false,,Haussperling,Passer domesticus,Домовый воробей,Aves,13858
213519947,06b3015d-64cf-45c2-a950-9076713b3562,2024-05-03 14:34:04,2024-05-03,2024-05-03 12:34:04 UTC,Warsaw,8103713,kulcia,Julia Kondratowicz,2024-05-04 21:11:25 UTC,2024-05-05 17:27:55 UTC,research,CC0,https://www.inaturalist.org/observations/213519947,https://inaturalist-open-data.s3.amazonaws.com/photos/377352907/medium.jpeg,,"",,1,0,false,2,Wróbel,Passer domesticus,Домовый воробей,Aves,13858
214766929,331aa32c-2056-4449-97a7-90e72b7a3435,2010/10/27 1:43 PM,2010-10-27,2010-10-27 10:43:00 UTC,Istanbul,7728037,jimsenn,James Senn,2024-05-10 11:31:56 UTC,2025-05-20 15:06:32 UTC,research,CC-BY-NC,https://www.inaturalist.org/observations/214766929,https://inaturalist-open-data.s3.amazonaws.com/photos/379644386/medium.jpg,,"",,1,0,false,,Haussperling,Passer domesticus,Домовый воробей,Aves,13858
215220870,b498685b-4746-493b-a28c-0e29e4abe250,2024-05-11,2024-05-11,,Sofia,5411498,adka06,,2024-05-12 11:28:38 UTC,2024-05-28 12:04:16 UTC,research,CC-BY-NC,https://www.inaturalist.org/observations/215220870,https://inaturalist-open-data.s3.amazonaws.com/photos/380488664/medium.jpeg,,"",,2,0,false,2,Домашно врабче,Passer domesticus,Домовый воробей,Aves,13858
215448357,8d7f4a74-9f4f-4dff-bbeb-d35e48722059,2024-05-09 07:32:06,2024-05-09,2024-05-09 05:32:06 UTC,Paris,738950,michel_du_lac_de_creteil,Michel,2024-05-13 07:32:48 UTC,2024-09-18 12:50:02 UTC,research,,https://www.inaturalist.org/observations/215448357,https://static.inaturalist.org/photos/380913673/medium.jpg,,IMG_2575_Michel_NOEL_©_2024,"",3,0,false,,Moineau domestique,Passer domesticus,Домовый воробей,Aves,13858
215890794,a61d947f-9822-43cd-9e79-83d815d09a15,2024/05/09 6:39 PM,2024-05-09,2024-05-09 17:39:00 UTC,London,3408787,isidoreajar,Jonathan M,2024-05-15 12:05:14 UTC,2024-05-15 13:03:52 UTC,research,CC-BY-NC,https://www.inaturalist.org/observations/215890794,https://inaturalist-open-data.s3.amazonaws.com/photos/381737954/medium.jpg,,"",,1,0,false,,House Sparrow,Passer domesticus,Домовый воробей,Aves,13858
215924985,e46a2b21-2b7b-49de-9d8b-2a43d7e32507,2024/05/05 10:39 AM,2024-05-05,2024-05-05 07:39:00 UTC,Bucharest,6526005,gabyrusu,Gabi Rusu,2024-05-15 15:32:55 UTC,2024-05-15 15:40:58 UTC,research,CC-BY,https://www.inaturalist.org/observations/215924985,https://inaturalist-open-data.s3.amazonaws.com/photos/381811220/medium.jpg,,"House sparrow, Passer domesticus, Vrabie de casa, animal, bird, nature, outdoors, wildlife",,1,0,false,,House Sparrow,Passer domesticus,Домовый воробей,Aves,13858
217448593,886c94b8-db65-410b-98cc-9fbc457cbe99,2024-05-22 10:25:13,2024-05-22,2024-05-22 08:25:13 UTC,Madrid,8097732,fran_10,"",2024-05-22 08:25:36 UTC,2024-05-24 08:49:55 UTC,research,CC-BY-NC,https://www.inaturalist.org/observations/217448593,https://inaturalist-open-data.s3.amazonaws.com/photos/384689142/medium.jpeg,,"",Pardal Domestic ,1,0,false,2,pardal,Passer domesticus,Домовый воробей,Aves,13858
217834618,0c430995-39ad-4ffb-8fae-e201f2b4ea42,2024/05/24 6:51 AM,2024-05-24,2024-05-24 04:51:00 UTC,Paris,5464227,bvcruz,Blaise Verrier-Cruz,2024-05-24 04:59:00 UTC,2024-05-26 03:30:27 UTC,research,CC-BY-NC,https://www.inaturalist.org/observations/217834618,https://inaturalist-open-data.s3.amazonaws.com/photos/385413342/medium.jpg,,"",,2,0,false,,House Sparrow,Passer domesticus,Домовый воробей,Aves,13858
217969438,da255f11-6de1-466e-8a26-9e09f585c121,2024-05-24 17:54:47,2024-05-24,2024-05-24 16:54:47 UTC,London,7997907,vicki41423,Vicki Gallagher,2024-05-24 20:31:58 UTC,2024-05-24 20:55:10 UTC,research,CC0,https://www.inaturalist.org/observations/217969438,https://inaturalist-open-data.s3.amazonaws.com/photos/385661866/medium.jpeg,,"",,3,0,false,2,House Sparrow,Passer domesticus,Домовый воробей,Aves,13858
218446843,a5022ac8-be66-4c0a-8bd1-c928d378b16e,2024/05/26 8:08 AM,2024-05-26,2024-05-26 06:08:00 UTC,Berlin,6705739,igorskh,Igor Kim,2024-05-26 18:45:37 UTC,2024-05-28 20:42:15 UTC,research,CC-BY-NC,https://www.inaturalist.org/observations/218446843,https://inaturalist-open-data.s3.amazonaws.com/photos/386542828/medium.jpg,,"","",2,0,false,,House Sparrow,Passer domesticus,Домовый воробей,Aves,13858
221060013,92caaef2-545d-43b9-864e-8387180f8aa9,2024/06/07 8:21 AM,2024-06-07,2024-06-07 06:21:00 UTC,Madrid,207300,cenaida,Cenaida,2024-06-07 09:13:05 UTC,2025-10-28 20:52:17 UTC,research,CC-BY-NC,https://www.inaturalist.org/observations/221060013,https://inaturalist-open-data.s3.amazonaws.com/photos/391450341/medium.jpeg,,"","",2,0,false,,Gorrión Doméstico,Passer domesticus,Домовый воробей,Aves,13858
226910323,62402d16-f2f4-4422-b5fb-332ea4c6e0f9,2024/07/03 10:47 AM,2024-07-03,2024-07-03 08:47:00 UTC,Madrid,7711788,angel_marcos,ANGEL MARCOS LUENGO BELLO,2024-07-03 15:36:38 UTC,2025-07-22 06:41:29 UTC,research,,https://www.inaturalist.org/observations/226910323,https://inaturalist-open-data.s3.amazonaws.com/photos/402477171/medium.jpeg,,"",,3,0,false,,Gorrión Doméstico,Passer domesticus,Домовый воробей,Aves,13858
229226036,93d3f30b-0c35-41ab-bf34-35c713e36e00,2024-07-12 12:16:12,2024-07-12,2024-07-12 10:16:12 UTC,Berlin,3900661,dondustin,DonDustin,2024-07-14 10:27:40 UTC,2024-08-23 17:20:49 UTC,research,,https://www.inaturalist.org/observations/229226036,https://static.inaturalist.org/photos/406869855/medium.jpeg,,"",,2,0,false,2,Haussperling,Passer domesticus,Домовый воробей,Aves,13858
229340167,6210a277-d369-43bd-a3af-c78d7762d505,2023/03/29 14:07,2023-03-29,2023-03-29 12:07:00 UTC,Berlin,7967787,babene,,2024-07-14 19:55:24 UTC,2024-07-14 19:59:12 UTC,research,CC-BY-NC,https://www.inaturalist.org/observations/229340167,https://inaturalist-open-data.s3.amazonaws.com/photos/407078825/medium.jpeg,,"","",1,0,false,,Haussperling,Passer domesticus,Домовый воробей,Aves,13858
234461517,afe5b5bc-1dbd-4a28-9e05-5f140b12a4e0,2024/05/30 12:37 PM,2024-05-30,2024-05-30 10:37:00 UTC,Skopje,2432467,peterkelly1,Peter Kelly,2024-08-08 04:18:51 UTC,2024-08-08 04:19:10 UTC,research,,https://www.inaturalist.org/observations/234461517,https://static.inaturalist.org/photos/416819151/medium.jpg,,"",,1,0,false,,House Sparrow,Passer domesticus,Домовый воробей,Aves,13858
237130102,cc338ff7-9ea5-4a17-94a8-3407eaaf4428,2021/10/15 8:20 AM,2021-10-15,2021-10-15 06:20:00 UTC,Madrid,8376272,leonardo_od,Leonardo Ordóñez-Delgado,2024-08-21 17:02:31 UTC,2025-11-20 13:29:35 UTC,research,CC-BY-NC-SA,https://www.inaturalist.org/observations/237130102,https://inaturalist-open-data.s3.amazonaws.com/photos/421969779/medium.jpeg,,"","",1,0,false,,Gorrión Doméstico,Passer domesticus,Домовый воробей,Aves,13858
237156766,0a816f3b-ca93-4709-ae23-8bb4697f8d79,2024/08/21 17:35,2024-08-21,2024-08-21 15:35:00 UTC,Bratislava,7159112,oliver_hlasny,Oliver Hlasný,2024-08-21 19:30:20 UTC,2025-07-18 20:12:41 UTC,research,CC-BY,https://www.inaturalist.org/observations/237156766,https://inaturalist-open-data.s3.amazonaws.com/photos/422019178/medium.jpeg,,"",,1,0,false,,vrabec domový,Passer domesticus,Домовый воробей,Aves,13858
237505976,f43d2dd5-3347-4b4b-9aab-f9a61cf2651e,2024/08/23 07:19,2024-08-23,2024-08-23 05:19:00 UTC,Paris,6919529,nicolas1481,Nicolas Alric,2024-08-23 18:38:13 UTC,2024-10-31 15:07:15 UTC,research,,https://www.inaturalist.org/observations/237505976,https://static.inaturalist.org/photos/422696220/medium.jpeg,,"",,2,0,false,,Moineau domestique,Passer domesticus,Домовый воробей,Aves,13858
239754981,10547bba-ece7-4ff6-8870-59ebe1166172,2024/09/03 9:11 AM,2024-09-03,2024-09-03 08:11:00 UTC,London,8385729,emmap_art,,2024-09-04 08:13:20 UTC,2025-05-13 19:48:23 UTC,research,CC-BY-NC,https://www.inaturalist.org/observations/239754981,https://inaturalist-open-data.s3.amazonaws.com/photos/427056722/medium.jpeg,,"","Mostly youngsters, bathing (very correctly!) under adult supervision ",5,0,false,,House Sparrow,Passer domesticus,Домовый воробей,Aves,13858
241297067,c03e2b07-bf12-4fd6-9ecd-ae947a5d9e9c,2024-09-12 12:13:44+01:00,2024-09-12,2024-09-12 11:13:44 UTC,London,241923,hllrnnr,Chuck Wilson,2024-09-12 15:47:41 UTC,2024-09-13 16:08:39 UTC,research,CC0,https://www.inaturalist.org/observations/241297067,https://inaturalist-open-data.s3.amazonaws.com/photos/430026535/medium.jpeg,,"","",2,0,false,3,House Sparrow,Passer domesticus,Домовый воробей,Aves,13858
242142101,6b3f9f83-d3b7-4363-b22c-12c5fae65450,2024/09/16 4:28 PM,2024-09-16,2024-09-16 14:28:00 UTC,Bratislava,8337169,jakub_liptak,Jakub Liptak,2024-09-16 18:34:56 UTC,2025-04-04 11:02:49 UTC,research,CC-BY-NC,https://www.inaturalist.org/observations/242142101,https://inaturalist-open-data.s3.amazonaws.com/photos/431648207/medium.jpeg,,"",,1,0,false,,vrabec domový,Passer domesticus,Домовый воробей,Aves,13858
244281127,1d7e9df8-72df-45a3-935a-30935ba47524,2024/09/21 3:01 PM,2024-09-21,2024-09-21 13:01:00 UTC,Madrid,3771288,faluke,"",2024-09-27 10:46:40 UTC,2024-11-07 11:36:16 UTC,research,CC-BY-NC,https://www.inaturalist.org/observations/244281127,https://inaturalist-open-data.s3.amazonaws.com/photos/435733266/medium.jpeg,,"",Hunter Camera,3,0,false,,Passer domesticus,Passer domesticus,Домовый воробей,Aves,13858
244539973,7924c46b-5835-466e-800d-baf5fc925cc4,2024-09-27 15:48:24,2024-09-27,2024-09-27 13:48:24 UTC,Warsaw,5987045,milennk,"",2024-09-28 18:24:02 UTC,2024-10-02 11:26:00 UTC,research,CC-BY-NC,https://www.inaturalist.org/observations/244539973,https://inaturalist-open-data.s3.amazonaws.com/photos/436212537/medium.jpeg,,"",,1,0,false,2,Wróbel,Passer domesticus,Домовый воробей,Aves,13858
244894782,a3a08e1f-6bf0-4af5-b751-3dfa98f72bd3,2024-09-30 14:16:08,2024-09-30,2024-09-30 13:16:08 UTC,Lisbon,6797449,junisonne,Irene Oberleitner,2024-09-30 13:17:24 UTC,2024-09-30 17:56:33 UTC,research,CC-BY-NC,https://www.inaturalist.org/observations/244894782,https://inaturalist-open-data.s3.amazonaws.com/photos/436916993/medium.jpeg,,"",,3,0,false,2,Haussperling,Passer domesticus,Домовый воробей,Aves,13858
247519529,e3902e64-71de-422e-a29e-837463ef3c28,2024-10-15 15:07:17+01:00,2024-10-15,2024-10-15 14:07:17 UTC,London,4637719,aglasfeld,,2024-10-15 19:55:10 UTC,2024-10-16 10:56:11 UTC,research,CC-BY-NC,https://www.inaturalist.org/observations/247519529,https://inaturalist-open-data.s3.amazonaws.com/photos/442087033/medium.jpeg,,"",Was among a flock of house sparrows. Could it be albino?  Dark eye says maybe not.,1,0,false,3,House Sparrow,Passer domesticus,Домовый воробей,Aves,13858
247612980,a2460c54-679e-48ee-bb61-3fcc8d1cc230,2024/10/16 1:29 PM,2024-10-16,2024-10-16 11:29:00 UTC,Berlin,5894545,kekkarma,Kekkarma,2024-10-16 12:40:34 UTC,2025-02-06 10:08:04 UTC,research,CC0,https://www.inaturalist.org/observations/247612980,https://static.inaturalist.org/photos/442277341/medium.jpeg,,"",,2,0,false,,Haussperling,Passer domesticus,Домовый воробей,Aves,13858
247612983,2470d5f0-3b23-4949-8da6-d28b29db8102,2024/10/16 1:29 PM,2024-10-16,2024-10-16 11:29:00 UTC,Berlin,5894545,kekkarma,Kekkarma,2024-10-16 12:40:35 UTC,2025-02-06 10:08:04 UTC,research,CC0,https://www.inaturalist.org/observations/247612983,https://static.inaturalist.org/photos/442277353/medium.jpeg,,"",,2,0,false,,Haussperling,Passer domesticus,Домовый воробей,Aves,13858
247612984,eb1c995e-d176-4c68-9a86-034face5a1ff,2024/10/16 1:30 PM,2024-10-16,2024-10-16 11:30:00 UTC,Berlin,5894545,kekkarma,Kekkarma,2024-10-16 12:40:35 UTC,2025-02-06 10:08:04 UTC,research,CC0,https://www.inaturalist.org/observations/247612984,https://static.inaturalist.org/photos/442277387/medium.jpeg,,"",,3,0,false,,Haussperling,Passer domesticus,Домовый воробей,Aves,13858
248887438,8ffe36f2-c45a-490e-a3f1-cf3efa9dd430,2024-10-24 14:07:57,2024-10-24,2024-10-24 12:07:57 UTC,Berlin,8459822,benjamin77325,Benjamin Schölzel,2024-10-24 14:40:13 UTC,2025-04-07 08:38:04 UTC,research,,https://www.inaturalist.org/observations/248887438,https://static.inaturalist.org/photos/444803719/medium.jpeg,,"",Möglicherweise Leuzismus,1,0,false,2,Haussperling,Passer domesticus,Домовый воробей,Aves,13858
249207558,4ddde33c-add1-453e-8bb9-c2259b8f02b5,2024/06/24 15:27,2024-06-24,2024-06-24 13:27:00 UTC,Berlin,6086334,deistung,,2024-10-26 19:08:02 UTC,2024-11-03 16:58:06 UTC,research,CC-BY-NC,https://www.inaturalist.org/observations/249207558,https://inaturalist-open-data.s3.amazonaws.com/photos/445431697/medium.jpg,,"","",1,0,false,,Haussperling,Passer domesticus,Домовый воробей,Aves,13858
249901382,f9ccae05-7c36-4fb7-af11-e1a6eec0e5a8,2024-10-31 15:14:58,2024-10-31,2024-10-31 14:14:58 UTC,Berlin,5266780,adriankreft,Adrian Kreft,2024-10-31 16:34:41 UTC,2025-03-25 13:00:53 UTC,research,CC-BY-NC,https://www.inaturalist.org/observations/249901382,https://inaturalist-open-data.s3.amazonaws.com/photos/446816227/medium.jpeg,,"",,1,0,false,2,Haussperling,Passer domesticus,Домовый воробей,Aves,13858
250263062,06420987-e8e7-4681-a1ba-8572d12857da,2024-11-03 10:23:09,2024-11-03,2024-11-03 09:23:09 UTC,Madrid,4736061,zetherino,Zeth,2024-11-03 09:24:36 UTC,2024-11-03 11:25:29 UTC,research,,https://www.inaturalist.org/observations/250263062,https://static.inaturalist.org/photos/447548366/medium.jpeg,,"",,1,0,false,2,Gorrión Doméstico,Passer domesticus,Домовый воробей,Aves,13858
251143343,6267e12e-f691-43df-a4c8-fc800ad8adac,2024/11/09 09:20,2024-11-09,2024-11-09 08:20:00 UTC,Vienna,4724645,lastovka,lastovka,2024-11-10 09:12:19 UTC,2025-04-11 05:47:12 UTC,research,CC-BY-NC,https://www.inaturalist.org/observations/251143343,https://inaturalist-open-data.s3.amazonaws.com/photos/449314908/medium.jpeg,,"",,1,0,false,,Haussperling,Passer domesticus,Домовый воробей,Aves,13858
251446049,9a92eafa-161e-4dcf-9d95-17c5390db6f3,2024-11-12 16:05:03,2024-11-12,2024-11-12 15:05:03 UTC,Madrid,6860568,etzharai,"",2024-11-12 15:14:23 UTC,2024-11-14 11:59:11 UTC,research,CC-BY-NC,https://www.inaturalist.org/observations/251446049,https://inaturalist-open-data.s3.amazonaws.com/photos/449913763/medium.jpeg,,"",,2,0,false,2,Gorrión Doméstico,Passer domesticus,Домовый воробей,Aves,13858
252033360,fdf1fac4-a458-4d9d-930d-1c84e7731a7d,2024/11/17 15:25,2024-11-17,2024-11-17 14:25:00 UTC,Paris,1529405,ahmedm,"",2024-11-17 16:30:56 UTC,2024-11-30 21:23:08 UTC,research,CC-BY-NC,https://www.inaturalist.org/observations/252033360,https://inaturalist-open-data.s3.amazonaws.com/photos/451087085/medium.jpeg,,"",,4,0,false,,Moineau domestique,Passer domesticus,Домовый воробей,Aves,13858
253333285,325bfd88-4908-4940-b98d-3ff76aea39a2,2024-11-24 15:14:46,2024-11-24,2024-11-24 14:14:46 UTC,Madrid,3131454,aggranada,"",2024-11-27 22:08:03 UTC,2025-04-13 06:58:56 UTC,research,CC-BY-NC,https://www.inaturalist.org/observations/253333285,https://inaturalist-open-data.s3.amazonaws.com/photos/453581335/medium.jpeg,,"",,1,0,false,2,Gorrión Doméstico,Passer domesticus,Домовый воробей,Aves,13858
253541978,830aff01-d4a9-4ff1-9155-842f72207594,2024/11/26 09:40,2024-11-26,2024-11-26 08:40:00 UTC,Berlin,7706742,vincentboehm,Vincent Böhm,2024-11-29 19:54:59 UTC,2024-12-16 19:35:08 UTC,research,CC-BY-NC,https://www.inaturalist.org/observations/253541978,https://inaturalist-open-data.s3.amazonaws.com/photos/453997315/medium.jpeg,,"",Wildcamera,4,0,false,,Haussperling,Passer domesticus,Домовый воробей,Aves,13858
253692999,c810f018-2fa9-4785-980e-cdbba3918147,2024-11-30 14:05:26,2024-11-30,2024-11-30 13:05:26 UTC,Madrid,7948882,ossorno,Luis de Ossorno,2024-12-01 01:02:26 UTC,2025-04-13 15:26:23 UTC,research,CC-BY-NC,https://www.inaturalist.org/observations/253692999,https://inaturalist-open-data.s3.amazonaws.com/photos/454297995/medium.jpeg,,"",,1,0,false,843,Gorrión Doméstico,Passer domesticus,Домовый воробей,Aves,13858
253724680,97e313b2-4ee5-48f1-a11e-7d31c5d334ed,2024-11-30 11:48:15,2024-11-30,2024-11-30 10:48:15 UTC,Madrid,935285,animaliaster,Antonio Gomez Corrochano,2024-12-01 07:35:47 UTC,2025-06-30 14:56:37 UTC,research,CC-BY-NC,https://www.inaturalist.org/observations/253724680,https://inaturalist-open-data.s3.amazonaws.com/photos/454361866/medium.jpeg,,"",,1,0,false,2,Gorrión Doméstico,Passer domesticus,Домовый воробей,Aves,13858
254337974,914a7868-8e05-442f-aee4-e0da1e88d71e,2024/06/04 15:48,2024-06-04,2024-06-04 13:48:00 UTC,Vienna,4724645,lastovka,lastovka,2024-12-06 21:50:50 UTC,2024-12-07 10:40:43 UTC,research,CC-BY-NC,https://www.inaturalist.org/observations/254337974,https://inaturalist-open-data.s3.amazonaws.com/photos/455545445/medium.jpeg,,"",,2,0,false,,Haussperling,Passer domesticus,Домовый воробей,Aves,13858
255068696,3d3faa61-916a-42a6-961e-df5227c6e73b,2012/11/03 1:55 PM,2012-11-03,2012-11-03 12:55:00 UTC,Paris,11590,gaell,Gaell Mainguy,2024-12-14 12:23:15 UTC,2025-04-15 15:04:39 UTC,research,CC-BY-NC-ND,https://www.inaturalist.org/observations/255068696,https://inaturalist-open-data.s3.amazonaws.com/photos/457020171/medium.jpeg,,"2012, Novembre, Bretagne, Tregastel, Aves, France, leucistic",,1,0,false,,House Sparrow,Passer domesticus,Домовый воробей,Aves,13858
255593926,f217760e-d368-425d-ab16-5d5b2ae60748,2024/11/04 1:27 AM,2024-11-04,2024-11-04 00:27:00 UTC,Berlin,270397,panecillo,Jorge A. Pérez Torres,2024-12-19 15:43:48 UTC,2024-12-24 13:10:21 UTC,research,CC-BY-NC,https://www.inaturalist.org/observations/255593926,https://inaturalist-open-data.s3.amazonaws.com/photos/458071466/medium.jpeg,,"",,1,0,false,,Gorrión Doméstico,Passer domesticus,Домовый воробей,Aves,13858
255761409,91e1824f-b532-472f-a8ed-4457701b5118,2024/11/02 16:07,2024-11-02,2024-11-02 15:07:00 UTC,Zurich,5360086,greinwald_m,"",2024-12-21 12:09:27 UTC,2025-11-15 18:29:07 UTC,research,CC-BY-NC,https://www.inaturalist.org/observations/255761409,https://static.inaturalist.org/photos/458416370/medium.jpeg,,"",,1,0,false,,Haussperling,Passer domesticus,Домовый воробей,Aves,13858
255915328,78f28d61-a6b1-41fd-a2cb-4c271b86cf5b,2024-12-22 09:23:10,2024-12-22,2024-12-22 08:23:10 UTC,Berlin,2526742,ajott,"",2024-12-22 20:52:32 UTC,2025-04-16 08:43:40 UTC,research,CC-BY,https://www.inaturalist.org/observations/255915328,https://inaturalist-open-data.s3.amazonaws.com/photos/458713015/medium.jpeg,,"",,1,0,false,2,House Sparrow,Passer domesticus,Домовый воробей,Aves,13858
256764224,cb02856b-a6da-4074-8d70-0aa2510bb42e,2024/12/30 3:14 PM,2024-12-30,2024-12-30 14:14:00 UTC,Zurich,4350079,nschwab,Nicolas Schwab,2024-12-30 15:01:36 UTC,2025-12-01 06:10:20 UTC,research,CC-BY,https://www.inaturalist.org/observations/256764224,https://inaturalist-open-data.s3.amazonaws.com/photos/460440484/medium.jpg,,"",,6,0,false,,House Sparrow,Passer domesticus,Домовый воробей,Aves,13858
256881550,909da2df-cde3-49e3-967d-0622ed7dea56,2024/12/31 10:01,2024-12-31,2024-12-31 08:01:00 UTC,Sofia,5400823,ppmg-sliven,Росица Делчева ППМГ Сливен,2024-12-31 14:00:02 UTC,2025-01-02 15:24:02 UTC,research,CC-BY-NC,https://www.inaturalist.org/observations/256881550,https://inaturalist-open-data.s3.amazonaws.com/photos/460678348/medium.jpeg,,"","",2,0,false,,Домашно врабче,Passer domesticus,Домовый воробей,Aves,13858
256882833,45855542-1462-461a-bf31-3f8f824154d4,2024/12/31 11:16 AM,2024-12-31,2024-12-31 11:16:00 UTC,London,5891782,andygpos,,2024-12-31 14:16:10 UTC,2025-09-01 11:30:01 UTC,research,CC-BY,https://www.inaturalist.org/observations/256882833,https://inaturalist-open-data.s3.amazonaws.com/photos/460680787/medium.jpg,,"",Escaped song bird?,2,1,false,,House Sparrow,Passer domesticus,Домовый воробей,Aves,13858
257024799,b8e7e4c8-493a-453b-a9bd-484e9196f943,2025/01/01 4:06 PM,2025-01-01,2025-01-01 16:06:00 UTC,Lisbon,6350056,f_clamote,Francisco Clamote,2025-01-01 18:16:10 UTC,2025-01-02 16:34:57 UTC,research,CC-BY-NC,https://www.inaturalist.org/observations/257024799,https://static.inaturalist.org/photos/460979345/medium.jpeg,,"",Macho,2,0,false,,House Sparrow,Passer domesticus,Домовый воробей,Aves,13858
257116171,de6ceb36-1c91-40ab-b262-3a512014c8ff,2025-01-02 12:39:54,2025-01-02,2025-01-02 11:39:54 UTC,Berlin,6557208,natureerlangen,Felix,2025-01-02 11:44:39 UTC,2025-01-02 23:26:06 UTC,research,,https://www.inaturalist.org/observations/257116171,https://static.inaturalist.org/photos/461166434/medium.jpeg,,"",,2,0,false,2,Haussperling,Passer domesticus,Домовый воробей,Aves,13858
257472022,b6644085-fd81-453d-8cf1-9b5eec8a3b91,2025-01-05 16:05:14,2025-01-05,2025-01-05 15:05:14 UTC,Warsaw,2744469,hchavez,"",2025-01-05 14:21:16 UTC,2025-06-01 17:28:48 UTC,research,CC-BY-NC,https://www.inaturalist.org/observations/257472022,https://inaturalist-open-data.s3.amazonaws.com/photos/461882459/medium.jpeg,,"",Leucistic,4,0,false,2,Gorrión Doméstico,Passer domesticus,Домовый воробей,Aves,13858
257500538,d0f4b303-c7fa-4c04-ad05-a33fdfe4c4fc,2024/12/23 8:46 AM,2024-12-23,2024-12-23 07:46:00 UTC,Rome,5133925,avanyan,N. Yan,2025-01-05 19:19:52 UTC,2025-05-15 12:42:14 UTC,research,,https://www.inaturalist.org/observations/257500538,https://inaturalist-open-data.s3.amazonaws.com/photos/461939536/medium.jpeg,,"","",2,0,false,,House Sparrow,Passer domesticus,Домовый воробей,Aves,13858
257570225,aa2cf932-841a-438e-b5ff-9f7cf0983773,2025-01-06 11:00:52,2025-01-06,2025-01-06 10:00:52 UTC,Warsaw,2744469,hchavez,"",2025-01-06 09:09:24 UTC,2025-01-08 19:57:00 UTC,research,CC-BY-NC,https://www.inaturalist.org/observations/257570225,https://inaturalist-open-data.s3.amazonaws.com/photos/462085157/medium.jpeg,,"",Leucistic ,1,0,false,2,Gorrión Doméstico,Passer domesticus,Домовый воробей,Aves,13858
257957642,734bffd5-e76c-4d03-9c58-76b0e2093280,2025/01/06 14:20,2025-01-06,2025-01-06 13:20:00 UTC,Belgrade,4407334,samettekin,Samet Tekin,2025-01-09 20:57:05 UTC,2025-03-30 15:52:31 UTC,research,CC-BY-NC,https://www.inaturalist.org/observations/257957642,https://inaturalist-open-data.s3.amazonaws.com/photos/462764401/medium.jpeg,,"",,2,0,false,,Bayağı Serçe,Passer domesticus,Домовый воробей,Aves,13858
258225580,033d65c9-a511-45ac-816f-40d7ad22c85a,2025/01/05 14:23,2025-01-05,2025-01-05 12:23:00 UTC,Kyiv,2925610,naturalist30931,Володимир Клетьонкін,2025-01-12 08:30:32 UTC,2025-01-12 18:52:31 UTC,research,,https://www.inaturalist.org/observations/258225580,https://static.inaturalist.org/photos/463277161/medium.jpeg,,"",,3,0,false,,Горобець хатній,Passer domesticus,Домовый воробей,Aves,13858
258236161,741051ae-3a49-4166-970c-f34f578dba5a,2025/01/12 10:20,2025-01-12,2025-01-12 09:20:00 UTC,Berlin,7926886,david_kaliss,David Kaliss,2025-01-12 11:36:54 UTC,2025-03-11 09:10:15 UTC,research,CC-BY-NC,https://www.inaturalist.org/observations/258236161,https://inaturalist-open-data.s3.amazonaws.com/photos/463299353/medium.jpg,,"","",1,0,false,,Haussperling,Passer domesticus,Домовый воробей,Aves,13858
258315254,3e2f5600-6a8b-4aeb-ba63-da43489a0eeb,2017/04/23 11:33 AM,2017-04-23,2017-04-23 09:33:00 UTC,Madrid,1883184,jonatan_antunez,"",2025-01-12 23:36:59 UTC,2025-04-12 02:13:52 UTC,research,CC-BY-NC,https://www.inaturalist.org/observations/258315254,https://inaturalist-open-data.s3.amazonaws.com/photos/463420245/medium.jpeg,,"","",1,0,false,,Gorrión Doméstico,Passer domesticus,Домовый воробей,Aves,13858
258400664,ff572a31-177d-49bc-9a75-9ed11187cc8e,2025/01/12 09:16,2025-01-12,2025-01-12 08:16:00 UTC,Berlin,1545483,severintelindert,Severin en Esther te Lindert,2025-01-13 20:21:09 UTC,2025-06-26 14:53:35 UTC,research,CC-BY,https://www.inaturalist.org/observations/258400664,https://static.inaturalist.org/photos/463602215/medium.jpeg,,"","",1,0,false,,Huismus,Passer domesticus,Домовый воробей,Aves,13858
258559285,132f9aac-47f7-407c-92ba-5de7af2c577e,2025/01/15 11:02 AM,2025-01-15,2025-01-15 10:02:00 UTC,Madrid,4736061,zetherino,Zeth,2025-01-15 13:30:56 UTC,2025-04-12 07:18:35 UTC,research,,https://www.inaturalist.org/observations/258559285,https://static.inaturalist.org/photos/463928182/medium.jpeg,,"",,1,0,false,,Gorrión Doméstico,Passer domesticus,Домовый воробей,Aves,13858
259450714,030657c0-bd50-4819-83ba-63b33cc3bea6,2024/06/15 3:55 PM,2024-06-15,2024-06-15 14:55:00 UTC,Dublin,3097997,bitsnbirds,"",2025-01-24 18:40:43 UTC,2025-05-12 18:54:32 UTC,research,CC-BY-NC,https://www.inaturalist.org/observations/259450714,https://inaturalist-open-data.s3.amazonaws.com/photos/465739149/medium.jpeg,,dslr,"",1,0,false,,House Sparrow,Passer domesticus,Домовый воробей,Aves,13858
259450717,c1a8e3c6-0701-4b82-a001-be557e03b38c,2024/06/15 3:56 PM,2024-06-15,2024-06-15 14:56:00 UTC,Dublin,3097997,bitsnbirds,"",2025-01-24 18:40:44 UTC,2025-05-12 18:54:32 UTC,research,CC-BY-NC,https://www.inaturalist.org/observations/259450717,https://inaturalist-open-data.s3.amazonaws.com/photos/465739237/medium.jpeg,,dslr,"",1,0,false,,House Sparrow,Passer domesticus,Домовый воробей,Aves,13858
259450718,775acb2d-c9bf-44c0-a3a6-059cfada599d,2024/06/15 3:56 PM,2024-06-15,2024-06-15 14:56:00 UTC,Dublin,3097997,bitsnbirds,"",2025-01-24 18:40:44 UTC,2025-05-12 18:54:30 UTC,research,CC-BY-NC,https://www.inaturalist.org/observations/259450718,https://inaturalist-open-data.s3.amazonaws.com/photos/465739261/medium.jpeg,,dslr,"",1,0,false,,House Sparrow,Passer domesticus,Домовый воробей,Aves,13858
259450723,e794b904-c63a-4b0f-8672-8e38a356d1de,2024/06/15 3:56 PM,2024-06-15,2024-06-15 14:56:00 UTC,Dublin,3097997,bitsnbirds,"",2025-01-24 18:40:44 UTC,2025-05-12 18:54:31 UTC,research,CC-BY-NC,https://www.inaturalist.org/observations/259450723,https://inaturalist-open-data.s3.amazonaws.com/photos/465739268/medium.jpeg,,dslr,"",1,0,false,,House Sparrow,Passer domesticus,Домовый воробей,Aves,13858
259450724,b6a39eaa-2317-433e-b6d3-f86ada948897,2024/06/15 4:04 PM,2024-06-15,2024-06-15 15:04:00 UTC,Dublin,3097997,bitsnbirds,"",2025-01-24 18:40:45 UTC,2025-05-12 18:54:34 UTC,research,CC-BY-NC,https://www.inaturalist.org/observations/259450724,https://inaturalist-open-data.s3.amazonaws.com/photos/465739649/medium.jpeg,,dslr,"",1,0,false,,House Sparrow,Passer domesticus,Домовый воробей,Aves,13858
259450726,9bdb2299-976f-4b1b-88c6-6a964f5cfd45,2024/06/15 4:04 PM,2024-06-15,2024-06-15 15:04:00 UTC,Dublin,3097997,bitsnbirds,"",2025-01-24 18:40:45 UTC,2025-05-12 18:54:31 UTC,research,CC-BY-NC,https://www.inaturalist.org/observations/259450726,https://inaturalist-open-data.s3.amazonaws.com/photos/465739696/medium.jpeg,,dslr,"",1,0,false,,House Sparrow,Passer domesticus,Домовый воробей,Aves,13858
260551976,8f68fb08-d8e6-4e05-82cf-63086728c347,2025/02/01 6:56 PM,2025-02-01,2025-02-01 17:56:00 UTC,Madrid,4736061,zetherino,Zeth,2025-02-04 00:31:27 UTC,2025-04-14 07:35:34 UTC,research,,https://www.inaturalist.org/observations/260551976,https://static.inaturalist.org/photos/467930655/medium.jpeg,,"",,1,0,false,,Gorrión Doméstico,Passer domesticus,Домовый воробей,Aves,13858
261275230,2d6b1cf2-531a-43b9-bb3a-3639678be075,2025-02-10 19:55:13Z,2025-02-10,2025-02-10 19:55:13 UTC,Lisbon,8896242,meliscc,,2025-02-10 19:56:19 UTC,2025-02-15 21:40:10 UTC,research,CC-BY-NC,https://www.inaturalist.org/observations/261275230,https://inaturalist-open-data.s3.amazonaws.com/photos/469363648/medium.jpg,,"","",2,0,false,3,House Sparrow,Passer domesticus,Домовый воробей,Aves,13858
261279951,d338faa3-686a-4375-9e43-39736baede5d,2025/02/08 09:25,2025-02-08,2025-02-08 08:25:00 UTC,Warsaw,4752960,maximion,Maksymilian Wojtkiewicz,2025-02-10 20:51:54 UTC,2025-02-14 08:18:17 UTC,research,CC-BY-NC,https://www.inaturalist.org/observations/261279951,https://inaturalist-open-data.s3.amazonaws.com/photos/469373240/medium.jpeg,,"","Pale breast and a weak black spot but in my opinion more black than in pure passer, suggesting a washed out (by passer domesticus) hybrid, probably F3+",2,0,false,,Wróbel,Passer domesticus,Домовый воробей,Aves,13858
261617581,3b149794-5ad5-4a3b-9e33-76e8eb95c366,2025-02-14 11:47:54,2025-02-14,2025-02-14 10:47:54 UTC,Paris,8917943,corentin45570,Corentin HORNN,2025-02-14 11:13:23 UTC,2025-02-23 20:06:16 UTC,research,,https://www.inaturalist.org/observations/261617581,https://static.inaturalist.org/photos/470046656/medium.jpeg,,"",,1,0,false,2,Moineau domestique,Passer domesticus,Домовый воробей,Aves,13858
262261094,ce2bf44b-6461-4d76-987b-ba7ab5bff6c0,2025/02/19 12:26 PM,2025-02-19,2025-02-19 10:26:00 UTC,Riga,4025258,mara_and_davis_birzgalis,,2025-02-19 11:35:49 UTC,2025-02-20 15:38:41 UTC,research,CC-BY-NC,https://www.inaturalist.org/observations/262261094,https://inaturalist-open-data.s3.amazonaws.com/photos/471162569/medium.jpeg,,"",,1,0,false,,Mājas zvirbulis,Passer domesticus,Домовый воробей,Aves,13858
262816875,b0d490bd-30ec-496b-ac4a-7732eb31cf53,2025/02/23 13:33,2025-02-23,2025-02-23 12:33:00 UTC,Berlin,8435487,flyingdemon,"",2025-02-23 14:49:53 UTC,2025-03-02 21:53:04 UTC,research,CC-BY-NC,https://www.inaturalist.org/observations/262816875,https://inaturalist-open-data.s3.amazonaws.com/photos/472026072/medium.jpeg,,"","",2,0,false,,Haussperling,Passer domesticus,Домовый воробей,Aves,13858
262994955,28e7ebbe-4835-4f0b-9744-6e7e4d8942c0,2025/02/23 2:32 PM,2025-02-23,2025-02-23 13:32:00 UTC,Madrid,7413432,diegodgd,Diego González Dopico,2025-02-24 23:52:58 UTC,2025-04-17 05:23:48 UTC,research,CC-BY,https://www.inaturalist.org/observations/262994955,https://inaturalist-open-data.s3.amazonaws.com/photos/472380320/medium.jpg,,"",Probably a melanistic individual.,1,0,false,,Gorrión Doméstico,Passer domesticus,Домовый воробей,Aves,13858
263179246,1e82b5c2-43b9-440a-8e08-78cd961071f6,2025-02-26 11:42:02+01:00,2025-02-26,2025-02-26 10:42:02 UTC,Madrid,739123,jmurill,"",2025-02-26 18:11:47 UTC,2025-04-09 13:48:40 UTC,research,,https://www.inaturalist.org/observations/263179246,https://static.inaturalist.org/photos/473339104/medium.jpg,,"","",1,0,false,3,Gorrión Doméstico,Passer domesticus,Домовый воробей,Aves,13858
264102976,49c5229d-c4a1-40f7-a6fc-323445669e43,2025-03-06 13:13:45+01:00,2025-03-06,2025-03-06 12:13:45 UTC,Paris,8557971,sorene1,Sorène,2025-03-06 15:42:25 UTC,2025-04-09 13:47:13 UTC,research,,https://www.inaturalist.org/observations/264102976,https://static.inaturalist.org/photos/474739931/medium.jpg,,"",Moineau femelle,1,0,false,3,Moineau domestique,Passer domesticus,Домовый воробей,Aves,13858
264631615,06b2b4d4-9c6d-4858-9663-3f887c949d3f,2025-03-09 09:58:22+01:00,2025-03-09,2025-03-09 08:58:22 UTC,Paris,9002674,jullvnr,,2025-03-09 08:59:39 UTC,2025-09-06 14:45:16 UTC,research,CC-BY-NC,https://www.inaturalist.org/observations/264631615,https://inaturalist-open-data.s3.amazonaws.com/photos/475207056/medium.jpg,,"",Nid potentiel,1,0,false,3,Moineau domestique,Passer domesticus,Домовый воробей,Aves,13858
264690580,c0cc3e97-03cc-4e59-a269-8589e012201f,2025-03-09 17:42:01,2025-03-09,2025-03-09 16:42:01 UTC,Madrid,7948882,ossorno,Luis de Ossorno,2025-03-09 18:00:56 UTC,2025-03-09 21:56:18 UTC,research,CC-BY-NC,https://www.inaturalist.org/observations/264690580,https://inaturalist-open-data.s3.amazonaws.com/photos/475316742/medium.jpg,,"","",1,0,false,843,Gorrión Doméstico,Passer domesticus,Домовый воробей,Aves,13858
265325914,c15bed02-7fd7-4120-8a0b-731716f2b3f0,2025/03/12 08:17,2025-03-12,2025-03-12 07:17:00 UTC,Berlin,8435487,flyingdemon,"",2025-03-14 21:46:16 UTC,2025-08-08 16:46:19 UTC,research,CC-BY-NC,https://www.inaturalist.org/observations/265325914,https://inaturalist-open-data.s3.amazonaws.com/photos/476562308/medium.jpeg,,"","",1,0,false,,Haussperling,Passer domesticus,Домовый воробей,Aves,13858
265798465,38460beb-87ac-48f4-9ce9-b58c99555d5a,2025-03-18 07:05:30,2025-03-18,2025-03-18 06:05:30 UTC,Berlin,7610061,meikepa,Meike Paeslack,2025-03-18 06:55:35 UTC,2025-03-18 08:52:39 UTC,research,CC-BY-NC,https://www.inaturalist.org/observations/265798465,https://inaturalist-open-data.s3.amazonaws.com/photos/477494088/medium.jpeg,,"",,3,0,false,2,Haussperling,Passer domesticus,Домовый воробей,Aves,13858
266315649,a249b74d-f6d7-4b31-9968-07c86925a808,2019/11/04 11:05 PM,2019-11-04,2019-11-04 22:05:00 UTC,Madrid,5156513,aljaybe,Lorix J. Bertling,2025-03-22 02:01:25 UTC,2025-03-23 11:59:17 UTC,research,,https://www.inaturalist.org/observations/266315649,https://static.inaturalist.org/photos/478483706/medium.jpeg,,"",,2,0,false,,House Sparrow,Passer domesticus,Домовый воробей,Aves,13858
267139735,0bcaba4f-506b-4fe9-bcce-b643717782fb,2025/02/17 16:10,2025-02-17,2025-02-17 15:10:00 UTC,Berlin,3415335,cymbalaria,"",2025-03-27 01:58:17 UTC,2025-04-14 09:58:57 UTC,research,CC-BY,https://www.inaturalist.org/observations/267139735,https://inaturalist-open-data.s3.amazonaws.com/photos/480035214/medium.jpeg,,"",,1,0,false,,Haussperling,Passer domesticus,Домовый воробей,Aves,13858
267254285,2d96cab2-7492-4178-af42-e9b0e40fd783,2025/03/27 3:23 PM,2025-03-27,2025-03-27 14:23:00 UTC,Madrid,3985012,saranavarro,Sara Navarro,2025-03-27 21:16:35 UTC,2025-04-09 13:44:41 UTC,research,CC-BY,https://www.inaturalist.org/observations/267254285,https://inaturalist-open-data.s3.amazonaws.com/photos/480255675/medium.jpeg,,"","",3,0,false,,Gorrión Doméstico,Passer domesticus,Домовый воробей,Aves,13858
267571960,c84b62a1-6d53-47b0-9303-19a544ea1a59,2025-03-29,2025-03-29,,Madrid,6897662,daniele_naturalist,Daniele Naturalist,2025-03-29 19:56:43 UTC,2025-04-09 13:49:52 UTC,research,CC-BY-NC,https://www.inaturalist.org/observations/267571960,https://inaturalist-open-data.s3.amazonaws.com/photos/480863142/medium.jpeg,,"",,2,0,false,2,House Sparrow,Passer domesticus,Домовый воробей,Aves,13858
268918363,60e68a31-840f-4f14-a023-1c6e87558ed5,2025/04/06 14:24,2025-04-06,2025-04-06 12:24:00 UTC,Berlin,8435487,flyingdemon,"",2025-04-06 12:58:47 UTC,2025-04-06 20:57:53 UTC,research,CC-BY-NC,https://www.inaturalist.org/observations/268918363,https://inaturalist-open-data.s3.amazonaws.com/photos/483442367/medium.jpeg,,"","",2,0,false,,Haussperling,Passer domesticus,Домовый воробей,Aves,13858
269295012,4514ae15-4bb3-4b14-a9db-3f226d852acc,2025-04-08 14:28:58,2025-04-08,2025-04-08 12:28:58 UTC,Warsaw,8403816,szereferat,"",2025-04-08 14:58:33 UTC,2025-04-16 12:11:20 UTC,research,CC-BY-NC,https://www.inaturalist.org/observations/269295012,https://inaturalist-open-data.s3.amazonaws.com/photos/484176679/medium.jpeg,,"",,1,0,false,2,Wróbel,Passer domesticus,Домовый воробей,Aves,13858
269298489,35158b32-1963-4195-b623-3289c540b985,2025-04-08 17:24:29,2025-04-08,2025-04-08 15:24:29 UTC,Berlin,9101755,ghostingonline,ghost,2025-04-08 15:27:15 UTC,2025-05-30 23:59:27 UTC,research,CC-BY-NC,https://www.inaturalist.org/observations/269298489,https://inaturalist-open-data.s3.amazonaws.com/photos/484183655/medium.jpeg,,"",Little chirper,1,0,false,2,House Sparrow,Passer domesticus,Домовый воробей,Aves,13858
269321819,564dcbfc-dde1-40cf-bfe8-7aaf73056a82,2025/04/08 07:30,2025-04-08,2025-04-08 04:30:00 UTC,Minsk,8073355,alexnikrom,,2025-04-08 18:05:52 UTC,2025-07-16 04:10:04 UTC,research,CC-BY-NC,https://www.inaturalist.org/observations/269321819,https://inaturalist-open-data.s3.amazonaws.com/photos/484222544/medium.jpeg,,"",,4,0,false,,Домовый воробей,Passer domesticus,Домовый воробей,Aves,13858
269804404,55ef8295-5163-4701-89cd-66a74e6c5a24,2025/04/11 11:07,2025-04-11,2025-04-11 09:07:00 UTC,Vienna,8557227,juliasophie,JuliaSophie,2025-04-11 15:57:10 UTC,2025-07-13 20:37:14 UTC,research,CC-BY-NC-ND,https://www.inaturalist.org/observations/269804404,https://inaturalist-open-data.s3.amazonaws.com/photos/485147621/medium.jpg,,"",,1,0,false,,Haussperling,Passer domesticus,Домовый воробей,Aves,13858
269923219,21100f76-4389-424e-8e24-d14012474b54,2025-04-12 10:19:36+02:00,2025-04-12,2025-04-12 08:19:36 UTC,Berlin,6128161,daniel_koerbaecher,,2025-04-12 08:20:15 UTC,2025-04-14 21:32:14 UTC,research,CC-BY-NC,https://www.inaturalist.org/observations/269923219,https://inaturalist-open-data.s3.amazonaws.com/photos/485381998/medium.jpg,https://static.inaturalist.org/sounds/1371293.m4a?1744446021,"","",2,0,false,3,Haussperling,Passer domesticus,Домовый воробей,Aves,13858
270016515,daefcb86-e695-4f8a-bd0b-9b0da3118331,2025-04-12 08:14:54+02:00,2025-04-12,2025-04-12 06:14:54 UTC,Amsterdam,1508203,steven2802,Steven Schulting,2025-04-12 17:59:42 UTC,2025-04-12 19:43:06 UTC,research,CC-BY-NC,https://www.inaturalist.org/observations/270016515,https://inaturalist-open-data.s3.amazonaws.com/photos/485551619/medium.jpg,,"","",1,0,false,3,Huismus,Passer domesticus,Домовый воробей,Aves,13858
270258765,f0f5ac43-4726-43ab-a639-abf547458afe,2025/04/13 16:31,2025-04-13,2025-04-13 14:31:00 UTC,Berlin,4372458,drmichaelbraun,Dr. Michael P. Braun,2025-04-13 19:10:30 UTC,2025-04-13 19:57:11 UTC,research,,https://www.inaturalist.org/observations/270258765,https://static.inaturalist.org/photos/486008617/medium.jpeg,,"",,2,0,false,,Haussperling,Passer domesticus,Домовый воробей,Aves,13858
270648204,55bd2593-13b5-4472-89fd-0ed734fd81f4,2025-04-15 17:39:09,2025-04-15,2025-04-15 14:39:09 UTC,Vilnius,7799313,kasparas7,Kasparas Tumas,2025-04-15 16:11:01 UTC,2025-04-19 08:12:02 UTC,research,,https://www.inaturalist.org/observations/270648204,https://static.inaturalist.org/photos/486761805/medium.jpeg,,"",,1,0,false,2,Naminis žvirblis,Passer domesticus,Домовый воробей,Aves,13858
270698478,5a1083c6-dcfa-4d5a-8139-80d157577f26,2025-04-14 15:49:50+03:00,2025-04-14,2025-04-14 12:49:50 UTC,Athens,9139469,spyros_dimitriou,spyros dimitriou,2025-04-15 20:51:09 UTC,2025-04-16 13:21:44 UTC,research,CC-BY-NC,https://www.inaturalist.org/observations/270698478,https://inaturalist-open-data.s3.amazonaws.com/photos/486853696/medium.jpg,,"","",3,1,false,3,Σπιτοσπουργίτης,Passer domesticus,Домовый воробей,Aves,13858
271743701,fa9ab736-9fea-4332-9f1e-2b7574f7723b,2025-04-20 10:38:33+02:00,2025-04-20,2025-04-20 08:38:33 UTC,Madrid,9097594,melo29,,2025-04-20 16:57:33 UTC,2025-05-03 21:36:37 UTC,research,CC-BY-NC,https://www.inaturalist.org/observations/271743701,https://inaturalist-open-data.s3.amazonaws.com/photos/489442171/medium.jpg,,"","",2,0,false,3,House Sparrow,Passer domesticus,Домовый воробей,Aves,13858
272527366,fb89ac26-79af-406d-9af6-9ec9d8dea74f,2025-04-23 22:41:06,2025-04-23,2025-04-23 20:41:06 UTC,Berlin,6557208,natureerlangen,Felix,2025-04-23 20:42:22 UTC,2025-05-01 08:17:13 UTC,research,,https://www.inaturalist.org/observations/272527366,https://static.inaturalist.org/photos/490302757/medium.jpeg,,"",,1,0,false,2,Haussperling,Passer domesticus,Домовый воробей,Aves,13858
273161576,34c199e8-fc2d-4089-86ba-678c094e2084,2025-04-25 17:30:20,2025-04-25,2025-04-25 15:30:20 UTC,Zagreb,5743994,vlatka2,Vlatka Dumbovic,2025-04-25 15:32:52 UTC,2025-04-26 14:21:13 UTC,research,,https://www.inaturalist.org/observations/273161576,https://static.inaturalist.org/photos/491352558/medium.jpeg,,"",,1,0,false,2,House Sparrow,Passer domesticus,Домовый воробей,Aves,13858
274850368,2debe7da-2d0c-4832-bdff-e4e309c7f026,2025-04-27 18:27:01,2025-04-27,2025-04-27 17:27:01 UTC,London,5437948,wearepreston,LibProj,2025-04-27 17:27:30 UTC,2025-04-27 20:14:18 UTC,research,CC-BY-NC,https://www.inaturalist.org/observations/274850368,https://inaturalist-open-data.s3.amazonaws.com/photos/494012443/medium.jpeg,,"",,1,0,false,2,House Sparrow,Passer domesticus,Домовый воробей,Aves,13858
274951869,3308cb5a-1154-4935-a8c0-a1a5195a128a,2025-04-26 13:11:52+01:00,2025-04-26,2025-04-26 12:11:52 UTC,Berlin,6765522,anna_s_,Anna Schöppe,2025-04-27 19:25:15 UTC,2025-04-28 20:59:55 UTC,research,,https://www.inaturalist.org/observations/274951869,https://static.inaturalist.org/photos/494172704/medium.jpg,,"","",3,0,false,3,Haussperling,Passer domesticus,Домовый воробей,Aves,13858
275021856,348a7a11-2017-4d60-a422-bf7e41ab56e7,2025/04/27 11:54,2025-04-27,2025-04-27 09:54:00 UTC,Vienna,8849200,m_maitz,Martin Maitz,2025-04-27 20:43:06 UTC,2025-08-11 13:21:26 UTC,research,CC-BY,https://www.inaturalist.org/observations/275021856,https://inaturalist-open-data.s3.amazonaws.com/photos/494220975/medium.jpg,,"",,2,0,false,,Haussperling,Passer domesticus,Домовый воробей,Aves,13858
275488020,bc622aaf-4a6d-42c6-a830-7983818898a0,2025/04/26 11:26,2025-04-26,2025-04-26 09:26:00 UTC,Paris,9171165,joanneschmbn,,2025-04-28 09:32:31 UTC,2025-06-20 13:53:32 UTC,research,CC-BY-NC,https://www.inaturalist.org/observations/275488020,https://inaturalist-open-data.s3.amazonaws.com/photos/495020273/medium.jpg,,"",,1,0,false,,Moineau domestique,Passer domesticus,Домовый воробей,Aves,13858
275598846,4aa7ffd8-07e5-4c0e-87b1-994e0591735c,2025/04/28 12:47,2025-04-28,2025-04-28 10:47:00 UTC,Kaliningrad,8807010,anatoliy10942,Анатолий Стрила,2025-04-28 12:53:00 UTC,2025-04-29 15:02:26 UTC,research,,https://www.inaturalist.org/observations/275598846,https://static.inaturalist.org/photos/495178337/medium.jpeg,,"","",1,0,false,,Домовый воробей,Passer domesticus,Домовый воробей,Aves,13858
277432778,abfc0803-34b8-4e60-93f8-1caadaf3dd5e,2025/04/30 11:44 AM,2025-04-30,2025-04-30 09:44:00 UTC,Amsterdam,615980,stanvrem,Stan van Remmerden,2025-05-01 17:07:30 UTC,2025-06-08 06:39:54 UTC,research,CC-BY-NC,https://www.inaturalist.org/observations/277432778,https://inaturalist-open-data.s3.amazonaws.com/photos/498152665/medium.jpeg,,"","",1,0,false,,House Sparrow,Passer domesticus,Домовый воробей,Aves,13858
277745976,0c7ce55d-e40a-4047-a2c4-418da10516f8,2025-05-02 17:45:26,2025-05-02,2025-05-02 15:45:26 UTC,Paris,7134171,bricepcd,Brice pichard,2025-05-02 15:46:32 UTC,2025-05-03 09:34:39 UTC,research,,https://www.inaturalist.org/observations/277745976,https://static.inaturalist.org/photos/498781499/medium.jpeg,,"","",1,0,false,2,House Sparrow,Passer domesticus,Домовый воробей,Aves,13858
277747262,46397c93-92fd-4664-a259-55fd6e09a31d,2025-05-02 17:50:37,2025-05-02,2025-05-02 15:50:37 UTC,Paris,7134171,bricepcd,Brice pichard,2025-05-02 15:51:03 UTC,2025-05-03 06:05:19 UTC,research,,https://www.inaturalist.org/observations/277747262,https://static.inaturalist.org/photos/498783213/medium.jpeg,https://static.inaturalist.org/sounds/1434830.m4a?1746201064,"",O3,2,0,false,2,House Sparrow,Passer domesticus,Домовый воробей,Aves,13858
279074627,c4ed0b81-876e-4131-a97d-2e093566d356,2025-05-06 17:38:06,2025-05-06,2025-05-06 15:38:06 UTC,Madrid,6688617,luisja1,Luis Javier Cuéllar Sánchez,2025-05-06 21:47:36 UTC,2025-05-09 11:39:27 UTC,research,,https://www.inaturalist.org/observations/279074627,https://static.inaturalist.org/photos/501122383/medium.jpeg,,"",,4,0,false,2,House Sparrow,Passer domesticus,Домовый воробей,Aves,13858
280040814,9647724e-115d-4eb1-9643-ac86da6881e9,2025/05/10 16:42,2025-05-10,2025-05-10 14:42:00 UTC,Budapest,8936999,zsolt53457,Zsolt Budai,2025-05-10 20:15:52 UTC,2025-05-17 11:30:38 UTC,research,,https://www.inaturalist.org/observations/280040814,https://static.inaturalist.org/photos/502921973/medium.jpg,,"",,1,0,false,,Házi veréb,Passer domesticus,Домовый воробей,Aves,13858
280283914,bb706015-7ba3-48a2-acb5-788c905ed194,2025/05/11 2:21 PM,2025-05-11,2025-05-11 13:21:00 UTC,Lisbon,6350056,f_clamote,Francisco Clamote,2025-05-11 17:20:14 UTC,2025-05-11 21:31:31 UTC,research,CC-BY-NC,https://www.inaturalist.org/observations/280283914,https://static.inaturalist.org/photos/503381320/medium.jpeg,,"",Fêmea,2,0,false,,House Sparrow,Passer domesticus,Домовый воробей,Aves,13858
280284575,f2fec393-9077-4192-bb4d-e7524ee4ad01,2025/05/11 2:44 PM,2025-05-11,2025-05-11 13:44:00 UTC,Lisbon,6350056,f_clamote,Francisco Clamote,2025-05-11 17:22:17 UTC,2025-05-11 21:31:23 UTC,research,CC-BY-NC,https://www.inaturalist.org/observations/280284575,https://static.inaturalist.org/photos/503382154/medium.jpeg,,"",Macho,2,0,false,,House Sparrow,Passer domesticus,Домовый воробей,Aves,13858
281303103,fa7c14d3-3e97-4056-a8a9-cef6f258a9d2,2025/05/15 4:23 PM,2025-05-15,2025-05-15 15:23:00 UTC,Lisbon,6350056,f_clamote,Francisco Clamote,2025-05-15 17:59:01 UTC,2025-05-16 14:57:04 UTC,research,CC-BY-NC,https://www.inaturalist.org/observations/281303103,https://static.inaturalist.org/photos/505305172/medium.jpg,,"",macho,2,0,false,,House Sparrow,Passer domesticus,Домовый воробей,Aves,13858
282312013,a32f9c59-0ab1-43aa-bfc7-21ee0fb76aa7,2025/05/05 11:39 AM,2025-05-05,2025-05-05 08:39:00 UTC,Bucharest,7139087,amatala,Adrian Matala,2025-05-19 07:26:43 UTC,2025-06-11 11:03:42 UTC,research,CC-BY,https://www.inaturalist.org/observations/282312013,https://inaturalist-open-data.s3.amazonaws.com/photos/507205547/medium.jpg,,"",,1,0,false,,House Sparrow,Passer domesticus,Домовый воробей,Aves,13858
282593156,eaf13d62-46ad-4b1f-bf1e-4a1304275669,2025-05-20 11:51:17,2025-05-20,2025-05-20 09:51:17 UTC,Vienna,3044934,etuz,ET,2025-05-20 09:53:13 UTC,2025-11-19 04:18:46 UTC,research,,https://www.inaturalist.org/observations/282593156,https://static.inaturalist.org/photos/507726181/medium.jpg,,"Deformity, deformed",,2,0,false,2,House Sparrow,Passer domesticus,Домовый воробей,Aves,13858
283452239,8f935a00-74a2-4f6c-8da5-483ab7b1cc2f,2025/05/23 4:52 PM,2025-05-23,2025-05-23 15:52:00 UTC,Lisbon,6350056,f_clamote,Francisco Clamote,2025-05-23 19:38:23 UTC,2025-05-23 22:32:15 UTC,research,CC-BY-NC,https://www.inaturalist.org/observations/283452239,https://static.inaturalist.org/photos/509322020/medium.jpg,,"",Macho,3,0,false,,House Sparrow,Passer domesticus,Домовый воробей,Aves,13858
283797174,d2eb9a92-ec8b-499b-ad4e-37f2aca6f5ec,2025/05/24 2:18 PM,2025-05-24,2025-05-24 12:18:00 UTC,Madrid,7357203,saraalien1,,2025-05-25 00:01:04 UTC,2025-06-12 12:06:13 UTC,research,CC-BY-NC,https://www.inaturalist.org/observations/283797174,https://inaturalist-open-data.s3.amazonaws.com/photos/509955850/medium.jpg,,"","As usual, if you don't like this kind of stuff ignore me, block or whatever, do not engage with me <3 thanks!",2,0,false,,Gorrión Doméstico,Passer domesticus,Домовый воробей,Aves,13858
284012998,8061b47c-4401-40e0-97ea-088a50b9cf6d,2025/05/19 12:50 PM,2025-05-19,2025-05-19 10:50:00 UTC,Madrid,2489493,arseniogonzalez-anapri,ARSENIO GONZALEZ NAVARRO,2025-05-25 17:42:06 UTC,2025-05-25 17:43:13 UTC,research,CC-BY-NC,https://www.inaturalist.org/observations/284012998,https://inaturalist-open-data.s3.amazonaws.com/photos/510363763/medium.jpg,,"","",1,0,false,,Gorrión Doméstico,Passer domesticus,Домовый воробей,Aves,13858
284226932,b90c4a1d-1e81-4a0c-8184-3e31a68e6243,2025/05/26 11:03 AM,2025-05-26,2025-05-26 10:03:00 UTC,Lisbon,6350056,f_clamote,Francisco Clamote,2025-05-26 11:30:03 UTC,2025-05-26 18:32:56 UTC,research,CC-BY-NC,https://www.inaturalist.org/observations/284226932,https://static.inaturalist.org/photos/510785638/medium.jpg,,"",Fêmea,2,0,false,,House Sparrow,Passer domesticus,Домовый воробей,Aves,13858
284227589,25a70dc2-d6d0-40b3-a82c-1ccb0e6cf42f,2025/05/26 11:04 AM,2025-05-26,2025-05-26 10:04:00 UTC,Lisbon,6350056,f_clamote,Francisco Clamote,2025-05-26 11:34:17 UTC,2025-05-26 18:32:34 UTC,research,CC-BY-NC,https://www.inaturalist.org/observations/284227589,https://static.inaturalist.org/photos/510786649/medium.jpg,,"",macho,2,0,false,,House Sparrow,Passer domesticus,Домовый воробей,Aves,13858
284326588,27838bf9-a197-4dce-85e7-46984929a5c3,2025-05-26 17:52:45,2025-05-26,2025-05-26 15:52:45 UTC,Zurich,1920716,phyllisma,Phyllis Ma,2025-05-26 18:27:10 UTC,2025-05-27 03:57:22 UTC,research,CC-BY-NC,https://www.inaturalist.org/observations/284326588,https://inaturalist-open-data.s3.amazonaws.com/photos/510966088/medium.jpg,,"",,1,0,false,843,House Sparrow,Passer domesticus,Домовый воробей,Aves,13858
284602697,90d0ed4e-3362-47d3-98dd-91a5ff085c04,2025/05/27 5:01 PM,2025-05-27,2025-05-27 16:01:00 UTC,Lisbon,6350056,f_clamote,Francisco Clamote,2025-05-27 17:38:47 UTC,2025-05-28 07:45:48 UTC,research,CC-BY-NC,https://www.inaturalist.org/observations/284602697,https://static.inaturalist.org/photos/511495250/medium.jpg,,"","",3,0,false,,House Sparrow,Passer domesticus,Домовый воробей,Aves,13858
285090377,86ae5582-542c-482a-92a3-0a02cbe5f0a7,2025/05/29 3:21 PM,2025-05-29,2025-05-29 14:21:00 UTC,Lisbon,6350056,f_clamote,Francisco Clamote,2025-05-29 15:48:54 UTC,2025-05-29 23:13:03 UTC,research,CC-BY-NC,https://www.inaturalist.org/observations/285090377,https://static.inaturalist.org/photos/512412271/medium.jpg,,"",Fêmea,4,0,false,,House Sparrow,Passer domesticus,Домовый воробей,Aves,13858
285096915,18148923-23af-4bb0-8960-b77bc69e2309,2025/05/29 3:28 PM,2025-05-29,2025-05-29 14:28:00 UTC,Lisbon,6350056,f_clamote,Francisco Clamote,2025-05-29 16:15:50 UTC,2025-05-29 23:12:45 UTC,research,CC-BY-NC,https://www.inaturalist.org/observations/285096915,https://static.inaturalist.org/photos/512424358/medium.jpg,,"",Macho,4,0,false,,House Sparrow,Passer domesticus,Домовый воробей,Aves,13858
285135335,6aa38ead-4789-4a2d-a4c3-00b56e79d294,2025/05/29 3:39 PM,2025-05-29,2025-05-29 14:39:00 UTC,Lisbon,6350056,f_clamote,Francisco Clamote,2025-05-29 18:35:52 UTC,2025-05-29 23:11:16 UTC,research,CC-BY-NC,https://www.inaturalist.org/observations/285135335,https://static.inaturalist.org/photos/512493548/medium.jpg,,"",Fêmea,2,0,false,,House Sparrow,Passer domesticus,Домовый воробей,Aves,13858
285142524,6592367e-a3bc-452e-acb1-34fef1820f05,2025/05/29 3:50 PM,2025-05-29,2025-05-29 14:50:00 UTC,Lisbon,6350056,f_clamote,Francisco Clamote,2025-05-29 19:01:09 UTC,2025-05-30 22:52:53 UTC,research,CC-BY-NC,https://www.inaturalist.org/observations/285142524,https://static.inaturalist.org/photos/512506745/medium.jpg,,"",Macho,1,0,false,,Passer domesticus,Passer domesticus,Домовый воробей,Aves,13858
286095649,9504f7ae-3bba-45ce-af54-02eab7596950,2025/06/01 11:29 PM,2025-06-01,2025-06-01 21:29:00 UTC,Madrid,9384024,yael12345,,2025-06-01 21:32:18 UTC,2025-06-02 09:29:42 UTC,research,CC-BY-NC,https://www.inaturalist.org/observations/286095649,https://inaturalist-open-data.s3.amazonaws.com/photos/514284224/medium.jpg,,"",,2,0,false,,pardal,Passer domesticus,Домовый воробей,Aves,13858
289332669,fee352a8-ae89-4d5d-a926-ac24c51d8b8c,2025/06/12 8:42 PM,2025-06-12,2025-06-12 18:42:00 UTC,Madrid,8160476,malonso,Miguel Ángel Alonso,2025-06-13 19:08:05 UTC,2025-06-19 04:36:32 UTC,research,,https://www.inaturalist.org/observations/289332669,https://static.inaturalist.org/photos/520345397/medium.jpg,,"",,2,0,false,,Gorrión Doméstico,Passer domesticus,Домовый воробей,Aves,13858
290507800,9fa330ef-4a46-4040-b4b9-1f3378fa4de1,2025/06/03 4:28 PM,2025-06-03,2025-06-03 15:28:00 UTC,Lisbon,6350056,f_clamote,Francisco Clamote,2025-06-17 21:18:46 UTC,2025-06-19 22:54:33 UTC,research,CC-BY-NC,https://www.inaturalist.org/observations/290507800,https://static.inaturalist.org/photos/522615147/medium.jpg,,"",Macho,2,0,false,,House Sparrow,Passer domesticus,Домовый воробей,Aves,13858
290511519,1fcca0cb-c2ad-4d63-815b-fdf225d3fee2,2025/06/03 4:51 PM,2025-06-03,2025-06-03 15:51:00 UTC,Lisbon,6350056,f_clamote,Francisco Clamote,2025-06-17 21:34:26 UTC,2025-06-19 22:48:01 UTC,research,CC-BY-NC,https://www.inaturalist.org/observations/290511519,https://static.inaturalist.org/photos/522622026/medium.jpg,,"",Macho,2,0,false,,House Sparrow,Passer domesticus,Домовый воробей,Aves,13858
290513111,302d9fb0-3e32-494f-a403-20e0c6133f78,2025/06/03 4:59 PM,2025-06-03,2025-06-03 15:59:00 UTC,Lisbon,6350056,f_clamote,Francisco Clamote,2025-06-17 21:41:29 UTC,2025-06-19 22:31:49 UTC,research,CC-BY-NC,https://www.inaturalist.org/observations/290513111,https://static.inaturalist.org/photos/522624914/medium.jpg,,"",macho,2,0,false,,House Sparrow,Passer domesticus,Домовый воробей,Aves,13858
290640982,83d68aae-d9a9-4f5d-b0eb-7fcae7931519,2025/06/15 11:34,2025-06-15,2025-06-15 08:34:00 UTC,St. Petersburg,6305380,sovyshka,Екатерина,2025-06-18 11:41:38 UTC,2025-06-20 05:47:36 UTC,research,CC-BY-NC,https://www.inaturalist.org/observations/290640982,https://inaturalist-open-data.s3.amazonaws.com/photos/522864890/medium.jpg,,"",,1,0,false,,Домовый воробей,Passer domesticus,Домовый воробей,Aves,13858
290659508,a1f85f7d-75c1-4b1e-8d68-bc8c354014dc,2025-06-18 15:28:37,2025-06-18,2025-06-18 13:28:37 UTC,Kaliningrad,8889136,anastasiya91853,Анастасия,2025-06-18 13:29:48 UTC,2025-08-08 04:30:14 UTC,research,,https://www.inaturalist.org/observations/290659508,https://static.inaturalist.org/photos/522900672/medium.jpg,,"",,2,0,false,2,Домовый воробей,Passer domesticus,Домовый воробей,Aves,13858
290708342,4ddbc706-0fc5-46a6-8a1e-291aea34a760,2025-06-18 18:40:25,2025-06-18,2025-06-18 16:40:25 UTC,Budapest,8801320,kristoff98705,Kristoff,2025-06-18 16:57:23 UTC,2025-06-19 20:55:48 UTC,needs_id,,https://www.inaturalist.org/observations/290708342,https://static.inaturalist.org/photos/522987263/medium.jpg,,"",,0,0,false,2,Wróbel,Passer domesticus,Домовый воробей,Aves,13858
291006945,6fc08e2d-a12b-443a-9650-c776602586f0,2025-06-19 19:25:58,2025-06-19,2025-06-19 18:25:58 UTC,Dublin,1186361,gleoiseach,Fionn,2025-06-19 19:00:58 UTC,2025-06-19 20:13:17 UTC,research,CC0,https://www.inaturalist.org/observations/291006945,https://inaturalist-open-data.s3.amazonaws.com/photos/523545595/medium.jpg,,"",Recently fledged bird with yellow gape,1,0,false,2,House Sparrow,Passer domesticus,Домовый воробей,Aves,13858
291232319,bb2ed48f-b631-43a8-8172-83485dab3004,2025/06/20 12:38,2025-06-20,2025-06-20 09:38:00 UTC,St. Petersburg,5152887,olgamitrofanova_,Ольга Митрофанова,2025-06-20 16:08:19 UTC,2025-06-20 19:07:52 UTC,research,CC-BY-NC,https://www.inaturalist.org/observations/291232319,https://inaturalist-open-data.s3.amazonaws.com/photos/523970265/medium.jpg,,"",,1,0,false,,Домовый воробей,Passer domesticus,Домовый воробей,Aves,13858
291297926,ef882d5a-ac20-435f-a13b-939480cfef2e,2025-06-17 13:11:29+02:00,2025-06-17,2025-06-17 11:11:29 UTC,Zurich,7671791,acnell,Achim Schnell,2025-06-20 20:34:57 UTC,2025-06-26 19:29:22 UTC,research,,https://www.inaturalist.org/observations/291297926,https://static.inaturalist.org/photos/524096967/medium.jpg,,"","",2,0,false,3,Haussperling,Passer domesticus,Домовый воробей,Aves,13858
291853181,e57bf9dd-0b93-43d3-98c8-e5a65c695b50,2025-06-07 14:28:44-04:00,2025-06-07,2025-06-07 18:28:44 UTC,London,34564,nooga_naturalist,Jim Greenway,2025-06-22 18:00:44 UTC,2025-10-12 22:51:43 UTC,research,CC-BY-NC,https://www.inaturalist.org/observations/291853181,https://inaturalist-open-data.s3.amazonaws.com/photos/525140779/medium.jpg,,"","",3,0,false,3,House Sparrow,Passer domesticus,Домовый воробей,Aves,13858
294154293,2e977dd1-fd18-4aca-827c-6f1b2adc2f55,2025/06/28 4:22 PM,2025-06-28,2025-06-28 14:22:00 UTC,Madrid,4612939,javsagg34,Javier Sánchez Álvarez,2025-06-30 20:59:15 UTC,2025-07-02 06:24:41 UTC,needs_id,CC-BY,https://www.inaturalist.org/observations/294154293,https://inaturalist-open-data.s3.amazonaws.com/photos/529371346/medium.jpg,,"",,2,0,false,,Gorrión Común,Passer domesticus,Домовый воробей,Aves,13858
294263211,844a625a-7e1f-46a2-aee7-dda879048998,2025-06-29 08:07:11,2025-06-29,2025-06-29 06:07:11 UTC,Madrid,1183361,donna165,Donna Schakelaar,2025-07-01 07:47:40 UTC,2025-07-21 10:37:57 UTC,research,CC-BY-NC,https://www.inaturalist.org/observations/294263211,https://inaturalist-open-data.s3.amazonaws.com/photos/529649006/medium.jpg,,"",,2,0,false,2,House Sparrow,Passer domesticus,Домовый воробей,Aves,13858
295511588,9847cb6c-ad8c-48f9-89ae-ea177608533b,2025/06/14 17:09,2025-06-14,2025-06-14 14:09:00 UTC,Istanbul,7630468,salix-babylonica,Mehmet Baran,2025-07-05 21:41:50 UTC,2025-09-28 16:02:21 UTC,research,CC-BY,https://www.inaturalist.org/observations/295511588,https://inaturalist-open-data.s3.amazonaws.com/photos/531987568/medium.jpg,,"Türkiye, Türkiye Biyo Çeşitliliği, Doğa, Canlı, Canlılar, Türkiye'deki Gözlemler, Gözlem, Anadolu, Anatolia, Nature, Life, Nature of Anatolia, Biodiversity of Anatolia, Fujifilm Observations, Anatolian Habitat, Minor Asia, Asia, Türkiye Canlıları, Türkiye'deki Canlılar, Life in Anatolia, Ecosystem, Habitat, Biodiversity, nature observation, naturalist, organism, World, earth, life on earth, observing nature, Fuji XF, Fujifilm, Fujifilm in inaturalist, Turkish Observers, Turkiye, observed with care, Ankara","Location: Ankara, Türkiye
Elevation (m): 986 mAMSL

Notes:
Observed with <a href=""https://www.inaturalist.org/projects/239910"">care</a>. During the observation period, no harm was inflicted upon the observed organism. Observational measures were conducted with minimal disturbance to the surrounding habitat. 

Media Usage Rights:
CC BY-NC-ND 4.0 (Cannot be used without my permission. Fotoğraflarım/videolarım hiçbir şekilde izinsiz kullanılamaz)",3,0,false,,Bayağı Serçe,Passer domesticus,Домовый воробей,Aves,13858
295732423,6da90afa-8a04-4398-9afe-ad9e8c122427,2025/07/03 9:16 AM,2025-07-03,2025-07-03 06:16:00 UTC,Vilnius,3906381,ramune_vakare,Ramunė Vakarė,2025-07-06 16:30:10 UTC,2025-07-07 08:24:37 UTC,research,CC-BY-NC,https://www.inaturalist.org/observations/295732423,https://inaturalist-open-data.s3.amazonaws.com/photos/532416550/medium.jpg,,"",,2,0,false,,Naminis žvirblis,Passer domesticus,Домовый воробей,Aves,13858
295920456,7115bc81-4099-467c-9f87-79528d4507bb,2025/07/05 09:35,2025-07-05,2025-07-05 07:35:00 UTC,Paris,9171165,joanneschmbn,,2025-07-07 05:49:27 UTC,2025-07-07 12:55:26 UTC,research,CC-BY-NC,https://www.inaturalist.org/observations/295920456,https://inaturalist-open-data.s3.amazonaws.com/photos/532781824/medium.jpg,,"",,1,0,false,,Moineau domestique,Passer domesticus,Домовый воробей,Aves,13858
296274116,48b635d8-b852-49e4-8bbf-d45a358e08b7,2025-06-15 14:51:33+02:00,2025-06-15,2025-06-15 12:51:33 UTC,Paris,2721299,majipi,,2025-07-08 15:45:38 UTC,2025-11-16 08:49:13 UTC,research,CC-BY-NC,https://www.inaturalist.org/observations/296274116,https://inaturalist-open-data.s3.amazonaws.com/photos/533457614/medium.jpg,,"","",2,0,false,2,Moineau domestique,Passer domesticus,Домовый воробей,Aves,13858
296293554,01c459cc-9c35-4cba-b702-a742a3ff64c2,2025-07-08 18:06:38,2025-07-08,2025-07-08 17:06:38 UTC,London,9512820,sesa748656,,2025-07-08 17:08:43 UTC,2025-07-08 20:11:56 UTC,research,CC-BY-NC,https://www.inaturalist.org/observations/296293554,https://inaturalist-open-data.s3.amazonaws.com/photos/533494833/medium.jpg,,"",,1,0,false,843,House Sparrow,Passer domesticus,Домовый воробей,Aves,13858
297279599,56763879-c825-4cf3-a067-c6c32eee8108,2025/07/11 1:13 PM,2025-07-11,2025-07-11 10:13:00 UTC,Sofia,6327132,stevem4560,SteveM4560,2025-07-12 13:44:50 UTC,2025-09-05 03:43:06 UTC,research,CC-BY,https://www.inaturalist.org/observations/297279599,https://inaturalist-open-data.s3.amazonaws.com/photos/535374640/medium.jpg,,"",Male,2,0,false,,House Sparrow,Passer domesticus,Домовый воробей,Aves,13858
300239136,168ca8f1-0f9a-4caf-ae27-186008da47b1,2025/07/22 3:00 PM,2025-07-22,2025-07-22 14:00:00 UTC,Lisbon,6350056,f_clamote,Francisco Clamote,2025-07-22 21:32:30 UTC,2025-07-30 16:28:42 UTC,research,CC-BY-NC,https://www.inaturalist.org/observations/300239136,https://static.inaturalist.org/photos/540950475/medium.jpg,,"",Juvenil,3,0,false,,House Sparrow,Passer domesticus,Домовый воробей,Aves,13858
300241247,df20ebfa-1fa7-4a66-a5eb-5c2b12c6ca18,2025/07/22 2:33 PM,2025-07-22,2025-07-22 13:33:00 UTC,Lisbon,6350056,f_clamote,Francisco Clamote,2025-07-22 21:42:05 UTC,2025-07-30 16:28:40 UTC,research,CC-BY-NC,https://www.inaturalist.org/observations/300241247,https://static.inaturalist.org/photos/540955053/medium.jpg,,"",Macho,3,0,false,,House Sparrow,Passer domesticus,Домовый воробей,Aves,13858
300244360,691038d3-89df-4534-a96e-d5534ac81952,2025/07/22 2:39 PM,2025-07-22,2025-07-22 13:39:00 UTC,Lisbon,6350056,f_clamote,Francisco Clamote,2025-07-22 21:57:10 UTC,2025-07-30 16:28:32 UTC,research,CC-BY-NC,https://www.inaturalist.org/observations/300244360,https://static.inaturalist.org/photos/540961464/medium.jpg,,"",Macho,3,0,false,,House Sparrow,Passer domesticus,Домовый воробей,Aves,13858
301312164,5bbce6fa-01ab-435a-989d-56ca79b1b524,2025/07/13 10:51 AM,2025-07-13,2025-07-13 09:51:00 UTC,Lisbon,2445105,crisgiraovieira,Cristina Girão Vieira,2025-07-26 20:26:02 UTC,2025-08-15 16:02:55 UTC,research,CC-BY-NC,https://www.inaturalist.org/observations/301312164,https://inaturalist-open-data.s3.amazonaws.com/photos/542948562/medium.jpg,,"","",3,0,false,,Pardal-dos-telhados,Passer domesticus,Домовый воробей,Aves,13858
302047210,67e08531-40bd-4901-bfaf-7f28e23ee045,2025-07-27 14:34:18,2025-07-27,2025-07-27 12:34:18 UTC,Berlin,8604587,marion52449,Marion Weinand,2025-07-29 09:39:55 UTC,2025-08-03 21:58:24 UTC,research,,https://www.inaturalist.org/observations/302047210,https://static.inaturalist.org/photos/544331899/medium.jpg,,"",,2,0,false,2,Haussperling,Passer domesticus,Домовый воробей,Aves,13858
302832066,ea0aee41-9885-4300-9f15-c4304ef9e03d,2025/07/13 16:04,2025-07-13,2025-07-13 14:04:00 UTC,Paris,5666908,lesept,,2025-08-01 11:16:26 UTC,2025-08-01 20:21:39 UTC,research,CC-BY-NC,https://www.inaturalist.org/observations/302832066,https://inaturalist-open-data.s3.amazonaws.com/photos/545782537/medium.jpg,,"",,1,0,false,,Moineau domestique,Passer domesticus,Домовый воробей,Aves,13858
302948591,db9480f5-685d-4bee-8f84-1227af63bc89,2025/06/16 7:44 PM,2025-06-16,2025-06-16 17:44:00 UTC,Madrid,5321496,eva_b_s,"",2025-08-01 20:25:28 UTC,2025-08-08 17:48:27 UTC,research,CC-BY-NC,https://www.inaturalist.org/observations/302948591,https://inaturalist-open-data.s3.amazonaws.com/photos/545997787/medium.jpg,,"",,2,0,false,,Gorrión Común,Passer domesticus,Домовый воробей,Aves,13858
303276965,b1575191-4d4f-465e-b420-65dde8235be9,2025-08-02 10:02:04,2025-08-02,2025-08-02 08:02:04 UTC,Paris,1275073,larswillighagen,Lars Willighagen,2025-08-02 23:48:34 UTC,2025-08-03 08:20:43 UTC,research,CC0,https://www.inaturalist.org/observations/303276965,https://inaturalist-open-data.s3.amazonaws.com/photos/546609633/medium.jpg,,"",,2,0,false,2,House Sparrow,Passer domesticus,Домовый воробей,Aves,13858
304641924,9f5acf29-8630-4494-8fe0-c6407b4582fb,2024-05-18 16:36:09,2024-05-18,2024-05-18 14:36:09 UTC,Kaliningrad,8889136,anastasiya91853,Анастасия,2025-08-08 04:20:21 UTC,2025-12-01 06:29:50 UTC,research,,https://www.inaturalist.org/observations/304641924,https://static.inaturalist.org/photos/549213229/medium.jpg,,"",,2,0,false,2,Домовый воробей,Passer domesticus,Домовый воробей,Aves,13858
306738303,2e638692-fde3-4476-8f82-e9a97a444e84,2025-06-23 12:07:13,2025-06-23,2025-06-23 10:07:13 UTC,Paris,2012965,pierrolaloune,"",2025-08-16 14:33:59 UTC,2025-08-16 23:08:43 UTC,research,,https://www.inaturalist.org/observations/306738303,https://inaturalist-open-data.s3.amazonaws.com/photos/553189919/medium.jpg,,"","Je dirais moineau domestique mais je me réfère à une meilleure expertise de la communauté.

Trouvé mort dans mon jardin, tué par un chat.",2,0,false,2,Moineau domestique,Passer domesticus,Домовый воробей,Aves,13858
307040893,41b04242-23f3-4eca-b964-aa430b6978a3,2025/07/31 8:40 AM,2025-07-31,2025-07-31 06:40:00 UTC,Vienna,3949919,mani_raab,Manuel Raab,2025-08-17 16:11:03 UTC,2025-08-21 17:06:55 UTC,research,CC-BY-NC,https://www.inaturalist.org/observations/307040893,https://inaturalist-open-data.s3.amazonaws.com/photos/553755255/medium.jpg,,"",,3,0,false,,Haussperling,Passer domesticus,Домовый воробей,Aves,13858
308513061,1464f59d-6252-47a3-b9ba-cb2a629aaf8f,2025-08-23 11:26:16,2025-08-23,2025-08-23 09:26:16 UTC,Warsaw,5249990,kuba_che,Kuba Che,2025-08-23 19:29:29 UTC,2025-08-24 21:13:55 UTC,research,,https://www.inaturalist.org/observations/308513061,https://static.inaturalist.org/photos/556603371/medium.jpg,,"",,2,0,false,2,Wróbel,Passer domesticus,Домовый воробей,Aves,13858
308777071,98a37b2d-4e1b-49b8-b788-30a56ef14754,2025/07/24 17:18,2025-07-24,2025-07-24 15:18:00 UTC,Berlin,760235,christophlenz,Christoph Lenz,2025-08-24 17:58:58 UTC,2025-09-18 12:34:39 UTC,research,CC-BY-NC,https://www.inaturalist.org/observations/308777071,https://inaturalist-open-data.s3.amazonaws.com/photos/557110807/medium.jpg,,"",,2,0,false,,Haussperling,Passer domesticus,Домовый воробей,Aves,13858
309007011,5560c292-47ff-47bd-815f-1b6d55316c97,2025/07/24 8:30 PM,2025-07-24,2025-07-24 19:30:00 UTC,Lisbon,5476913,franciscoplps,Francisco Lopes,2025-08-25 14:34:45 UTC,2025-08-25 23:33:14 UTC,research,,https://www.inaturalist.org/observations/309007011,https://static.inaturalist.org/photos/557556465/medium.jpg,,"",,2,0,false,,Pardal-dos-telhados,Passer domesticus,Домовый воробей,Aves,13858
310062091,5414466e-5a09-44cb-adcf-56721358de32,2025/08/29 3:17 PM,2025-08-29,2025-08-29 14:17:00 UTC,Lisbon,6350056,f_clamote,Francisco Clamote,2025-08-29 21:21:10 UTC,2025-08-30 17:33:47 UTC,research,CC-BY-NC,https://www.inaturalist.org/observations/310062091,https://static.inaturalist.org/photos/559558780/medium.jpg,,"","",2,0,false,,House Sparrow,Passer domesticus,Домовый воробей,Aves,13858
311542081,2bc74d9a-2212-4641-b531-ba65c5510159,2005/05/08 9:00 PM,2005-05-08,2005-05-08 19:00:00 UTC,Madrid,3277592,godo,Godo,2025-09-04 19:42:26 UTC,2025-09-05 21:14:21 UTC,research,CC-BY-NC,https://www.inaturalist.org/observations/311542081,https://inaturalist-open-data.s3.amazonaws.com/photos/562402915/medium.jpg,,"",,3,0,false,,Gorrión Común,Passer domesticus,Домовый воробей,Aves,13858
311622117,a6799919-0e72-4d50-8640-8f9100a03b06,2025/09/03 4:40 AM,2025-09-03,2025-09-03 03:40:00 UTC,Lisbon,6723505,zebedeugalinha,zebedeugalinha,2025-09-05 03:46:53 UTC,2025-12-07 20:03:51 UTC,research,CC-BY,https://www.inaturalist.org/observations/311622117,https://inaturalist-open-data.s3.amazonaws.com/photos/562557984/medium.jpg,,"",,2,0,false,,Pardal,Passer domesticus,Домовый воробей,Aves,13858
311751758,dbd46ebe-c2d8-44cd-85ca-2f16239959e9,2025/09/05 12:48 PM,2025-09-05,2025-09-05 10:48:00 UTC,Amsterdam,6891661,thegreatdodo,"",2025-09-05 18:37:23 UTC,2025-09-07 01:22:49 UTC,research,CC-BY-NC,https://www.inaturalist.org/observations/311751758,https://inaturalist-open-data.s3.amazonaws.com/photos/562793950/medium.jpg,,"",,3,0,false,,House Sparrow,Passer domesticus,Домовый воробей,Aves,13858
312075123,9ac3c6d3-7192-4aca-a499-5f0702923804,2025/09/04 1:13 PM,2025-09-04,2025-09-04 11:13:00 UTC,Madrid,4736061,zetherino,Zeth,2025-09-07 00:43:49 UTC,2025-09-07 08:56:37 UTC,research,,https://www.inaturalist.org/observations/312075123,https://static.inaturalist.org/photos/563401470/medium.jpg,,"",,1,0,false,,Gorrión Común,Passer domesticus,Домовый воробей,Aves,13858
312519227,45ccb666-5c58-4a2c-b220-994da811ed75,2025-09-08T07:09,2025-09-08,2025-09-08 04:09:00 UTC,Athens,7652090,elito7023,Elliot W,2025-09-08 19:24:56 UTC,2025-09-19 13:53:16 UTC,research,CC-BY-NC,https://www.inaturalist.org/observations/312519227,https://inaturalist-open-data.s3.amazonaws.com/photos/564259444/medium.jpg,,"",Eating Mediterranean Mantis,1,0,false,843,House Sparrow,Passer domesticus,Домовый воробей,Aves,13858
315878116,2f62b282-de5d-408f-8903-f135644c2533,2025/09/22 1:20 PM,2025-09-22,2025-09-22 12:20:00 UTC,Lisbon,6350056,f_clamote,Francisco Clamote,2025-09-22 19:07:33 UTC,2025-09-24 12:51:17 UTC,research,CC-BY-NC,https://www.inaturalist.org/observations/315878116,https://static.inaturalist.org/photos/570668433/medium.jpg,,"",Fêmea),1,0,false,,House Sparrow,Passer domesticus,Домовый воробей,Aves,13858
315880637,e3de56f2-469a-41a7-8575-1adf0002eeb4,2025/09/22 1:28 PM,2025-09-22,2025-09-22 12:28:00 UTC,Lisbon,6350056,f_clamote,Francisco Clamote,2025-09-22 19:17:35 UTC,2025-09-24 12:52:19 UTC,research,CC-BY-NC,https://www.inaturalist.org/observations/315880637,https://static.inaturalist.org/photos/570672986/medium.jpg,,"",Macho,2,0,false,,House Sparrow,Passer domesticus,Домовый воробей,Aves,13858
316110761,afd8843d-1735-440a-ab1c-9705e48390f7,2025/09/23 3:25 PM,2025-09-23,2025-09-23 14:25:00 UTC,Lisbon,6350056,f_clamote,Francisco Clamote,2025-09-23 18:40:46 UTC,2025-09-24 12:54:09 UTC,research,CC-BY-NC,https://www.inaturalist.org/observations/316110761,https://static.inaturalist.org/photos/571102740/medium.jpg,,"",Macho,2,0,false,,House Sparrow,Passer domesticus,Домовый воробей,Aves,13858
316728147,653c1996-88db-4e77-b83d-03d9ea608ad1,2025-09-26 14:44:29,2025-09-26,2025-09-26 12:44:29 UTC,Madrid,3555610,gonza_ganda,Gonzalo Ganda Álvarez,2025-09-26 13:36:34 UTC,2025-09-26 14:39:31 UTC,research,CC-BY,https://www.inaturalist.org/observations/316728147,https://inaturalist-open-data.s3.amazonaws.com/photos/572273158/medium.jpg,,"",Haliaeetus leucocephalus?,2,0,false,2,Gorrión Común,Passer domesticus,Домовый воробей,Aves,13858
316755060,042342d6-59d5-44a2-888c-eac5dd626f99,2025-09-26 17:43:50+02:00,2025-09-26,2025-09-26 15:43:50 UTC,Berlin,9548801,robaldo,suiiiiii,2025-09-26 15:44:10 UTC,2025-10-14 16:19:34 UTC,needs_id,CC-BY-NC,https://www.inaturalist.org/observations/316755060,https://inaturalist-open-data.s3.amazonaws.com/photos/572319218/medium.jpg,,"","",0,0,false,3,Sperlingsvögel,Passer domesticus,Домовый воробей,Aves,13858
317492758,8a5f09ce-f419-4600-a19a-99980b4b8f20,2025/09/27 09:52,2025-09-27,2025-09-27 06:52:00 UTC,St. Petersburg,5152887,olgamitrofanova_,Ольга Митрофанова,2025-09-29 09:07:40 UTC,2025-09-29 09:42:28 UTC,research,CC-BY-NC,https://www.inaturalist.org/observations/317492758,https://inaturalist-open-data.s3.amazonaws.com/photos/573713392/medium.jpg,,"",,2,0,false,,Домовый воробей,Passer domesticus,Домовый воробей,Aves,13858
317958069,cf1eb454-75cc-49d3-bb2b-c9a1cf421bfa,2025-10-01 12:23:31,2025-10-01,2025-10-01 10:23:31 UTC,Madrid,4813833,daniel_valdes,Daniel Valdes,2025-10-01 10:24:00 UTC,2025-10-02 09:32:22 UTC,research,,https://www.inaturalist.org/observations/317958069,https://static.inaturalist.org/photos/574602539/medium.jpg,,"",,1,0,false,2,House Sparrow,Passer domesticus,Домовый воробей,Aves,13858
322815279,b93daf21-fe66-4605-b76c-6a31ba3c0e8c,2022/01/19 3:53 PM,2022-01-19,2022-01-19 15:53:00 UTC,Lisbon,6350056,f_clamote,Francisco Clamote,2025-10-24 19:06:05 UTC,2025-10-26 09:34:33 UTC,research,CC-BY-NC,https://www.inaturalist.org/observations/322815279,https://static.inaturalist.org/photos/584043200/medium.jpg,,"",Macho,4,0,false,,House Sparrow,Passer domesticus,Домовый воробей,Aves,13858
322815754,33ad7959-e273-49e9-83b8-f759edeac1e2,2022/01/19 3:58 PM,2022-01-19,2022-01-19 15:58:00 UTC,Lisbon,6350056,f_clamote,Francisco Clamote,2025-10-24 19:08:13 UTC,2025-10-26 09:34:19 UTC,research,CC-BY-NC,https://www.inaturalist.org/observations/322815754,https://static.inaturalist.org/photos/584043852/medium.jpg,,"","",3,0,false,,House Sparrow,Passer domesticus,Домовый воробей,Aves,13858
325694806,f8c31137-52c7-4ac7-a8d9-7352fdeea823,2025-11-09 15:07:29,2025-11-09,2025-11-09 15:07:29 UTC,London,5437948,wearepreston,LibProj,2025-11-09 15:10:24 UTC,2025-11-10 07:50:22 UTC,research,CC-BY-NC,https://www.inaturalist.org/observations/325694806,https://inaturalist-open-data.s3.amazonaws.com/photos/589943189/medium.jpg,,"",F  DAFOR scale estimate FREQUENT.     Hedgerow - mainly Crataegus main shelter.  ,1,0,false,2,House Sparrow,Passer domesticus,Домовый воробей,Aves,13858
325726302,183c1a30-4deb-4658-a671-36d78c417ac4,2025/11/08 3:59 PM,2025-11-08,2025-11-08 15:59:00 UTC,Lisbon,6350056,f_clamote,Francisco Clamote,2025-11-09 18:22:07 UTC,2025-11-10 21:33:05 UTC,research,CC-BY-NC,https://www.inaturalist.org/observations/325726302,https://static.inaturalist.org/photos/589798878/medium.jpg,,"","",3,0,false,,House Sparrow,Passer domesticus,Домовый воробей,Aves,13858
327094733,05b58e31-aab2-44f7-9d5e-120338bcb341,2025/05/30 10:47 AM,2025-05-30,2025-05-30 08:47:00 UTC,Budapest,998113,andreas48,Andreas No,2025-11-18 10:44:21 UTC,2025-11-18 20:24:29 UTC,research,,https://www.inaturalist.org/observations/327094733,https://static.inaturalist.org/photos/592524861/medium.jpg,,"","",4,0,false,,House Sparrow,Passer domesticus,Домовый воробей,Aves,13858
327910372,d85a6abb-5156-41fb-ab3b-0b207c720976,2025-11-23 14:06:04,2025-11-23,2025-11-23 12:06:04 UTC,Kaliningrad,4597086,tatiana_vinogradova,Tatiana Vinogradova,2025-11-23 20:03:11 UTC,2025-11-24 09:45:36 UTC,research,,https://www.inaturalist.org/observations/327910372,https://static.inaturalist.org/photos/594119528/medium.jpg,,"",,1,0,false,2,House Sparrow,Passer domesticus,Домовый воробей,Aves,13858
329129627,f2158c45-d408-4369-9811-10acbd7b621e,2025/11/30 1:08 PM,2025-11-30,2025-11-30 13:08:00 UTC,Lisbon,6335017,i_cristina,Inês Cristina,2025-12-01 23:13:56 UTC,2025-12-05 01:56:43 UTC,research,CC-BY-NC,https://www.inaturalist.org/observations/329129627,https://inaturalist-open-data.s3.amazonaws.com/photos/596543828/medium.jpg,,"",,3,0,false,,Pardal-dos-telhados,Passer domesticus,Домовый воробей,Aves,13858
329132072,e8769d6f-9eb5-43e8-ae57-1034612056c3,2025/11/29 12:58 PM,2025-11-29,2025-11-29 12:58:00 UTC,Lisbon,6335017,i_cristina,Inês Cristina,2025-12-01 23:38:13 UTC,2025-12-05 01:55:54 UTC,research,CC-BY-NC,https://www.inaturalist.org/observations/329132072,https://inaturalist-open-data.s3.amazonaws.com/photos/596549289/medium.jpg,,"",,3,0,false,,Pardal-dos-telhados,Passer domesticus,Домовый воробей,Aves,13858
329133353,d37720a9-b549-4643-b3e8-ae07499a5e39,2025/11/29 12:46 PM,2025-11-29,2025-11-29 12:46:00 UTC,Lisbon,6335017,i_cristina,Inês Cristina,2025-12-01 23:49:18 UTC,2025-12-05 01:55:47 UTC,research,CC-BY-NC,https://www.inaturalist.org/observations/329133353,https://inaturalist-open-data.s3.amazonaws.com/photos/596551699/medium.jpg,,"",,2,0,false,,Pardal-dos-telhados,Passer domesticus,Домовый воробей,Aves,13858
329463058,67a32363-8dfd-43dd-b5f4-9bfd59687067,2022-02-04 12:14:24Z,2022-02-04,2022-02-04 12:14:24 UTC,London,8671628,callumcarpenter,,2025-12-04 16:57:53 UTC,2025-12-04 17:26:34 UTC,research,CC-BY-NC,https://www.inaturalist.org/observations/329463058,https://inaturalist-open-data.s3.amazonaws.com/photos/597217594/medium.jpg,,"","",3,0,false,3,House Sparrow,Passer domesticus,Домовый воробей,Aves,13858
329466350,b2af454c-7f14-49e4-9eb3-b398d75c74d8,2021/02/24 11:14,2021-02-24,2021-02-24 10:14:00 UTC,Berlin,9433635,jana30435,janag,2025-12-04 17:29:58 UTC,2025-12-04 17:55:38 UTC,research,CC-BY-NC,https://www.inaturalist.org/observations/329466350,https://inaturalist-open-data.s3.amazonaws.com/photos/597223568/medium.jpg,,"","",1,0,false,,Haussperling,Passer domesticus,Домовый воробей,Aves,13858
329467388,38c9481b-0bea-45f6-8ab3-2802d4f2211b,2020-07-20 12:49:48,2020-07-20,2020-07-20 10:49:48 UTC,Paris,6319296,arnaud_badiane,Arnaud Badiane,2025-12-04 17:41:21 UTC,2025-12-06 20:51:12 UTC,research,CC-BY-NC,https://www.inaturalist.org/observations/329467388,https://static.inaturalist.org/photos/597225682/medium.jpg,,"Oiseaux, Bird, Aves, Animal, Wildlife, Camargue, Gard, Animals, Nature, Birds, France, Francia, Passeridae, Moineau Domestique - House Sparrow - Passer domesticus","Camargue, France",4,0,false,,Moineau domestique,Passer domesticus,Домовый воробей,Aves,13858
329467433,024c16cd-a7b7-49bc-88b9-d5e662a29830,2020-07-20 12:17:56,2020-07-20,2020-07-20 10:17:56 UTC,Paris,6319296,arnaud_badiane,Arnaud Badiane,2025-12-04 17:41:30 UTC,2025-12-06 20:50:27 UTC,research,CC-BY-NC,https://www.inaturalist.org/observations/329467433,https://static.inaturalist.org/photos/597225719/medium.jpg,,"Oiseaux, Bird, Aves, Animal, Wildlife, Camargue, Gard, Animals, Nature, Birds, France, Francia, Passeridae, Moineau Domestique - House Sparrow - Passer domesticus","Camargue, France",2,0,false,,Moineau domestique,Passer domesticus,Домовый воробей,Aves,13858
330012684,62e3afbf-3593-452b-883c-cbbffe132057,2025-12-08 20:21:00,2025-12-08,2025-12-08 19:21:00 UTC,Madrid,8887816,adri_2013,Adrián Pazos Otero,2025-12-08 19:21:33 UTC,2025-12-08 20:17:31 UTC,research,,https://www.inaturalist.org/observations/330012684,https://static.inaturalist.org/photos/598325548/medium.jpg,,"",,2,0,false,2,Gorrión Doméstico,Passer domesticus,Домовый воробей,Aves,13858
330104121,5f5f4949-efbb-42c7-9350-d4c271cf854d,2025-12-09 11:06:51,2025-12-09,2025-12-09 09:06:51 UTC,Bucharest,9636663,andrey009,Andrei Murariu,2025-12-09 14:13:37 UTC,2025-12-10 15:42:05 UTC,research,CC-BY-NC,https://www.inaturalist.org/observations/330104121,https://inaturalist-open-data.s3.amazonaws.com/photos/598513861/medium.jpg,,"",,3,0,false,2,Vrabie de casă,Passer domesticus,Домовый воробей,Aves,13858
330501289,11762610-74c3-45a1-b049-5e5fff023821,2013/06/24 11:27,2013-06-24,2013-06-24 08:27:00 UTC,Kyiv,9981541,rodych,Taras Rodych / Тарас Родич,2025-12-12 21:20:36 UTC,2025-12-15 18:59:27 UTC,research,CC-BY-NC,https://www.inaturalist.org/observations/330501289,https://inaturalist-open-data.s3.amazonaws.com/photos/599327025/medium.jpg,,"",,1,0,false,,Горобець хатній,Passer domesticus,Домовый воробей,Aves,13858
330876685,200dbc13-5de0-4975-a901-ef8109933abd,2025-12-03 12:47:53,2025-12-03,2025-12-03 11:47:53 UTC,Paris,6238899,nikhilrr,Nikhil R R,2025-12-15 19:01:45 UTC,2025-12-16 01:23:38 UTC,research,CC0,https://www.inaturalist.org/observations/330876685,https://inaturalist-open-data.s3.amazonaws.com/photos/600100531/medium.jpg,,"",,2,0,false,2,House Sparrow,Passer domesticus,Домовый воробей,Aves,13858
