id,uuid,observed_on_string,observed_on,time_observed_at,time_zone,user_id,user_login,user_name,created_at,updated_at,quality_grade,license,url,image_url,sound_url,tag_list,description,num_identification_agreements,num_identification_disagreements,captive_cultivated,oauth_application_id,species_guess,scientific_name,common_name,iconic_taxon_name,taxon_id
29555,214fda23-8970-4fa7-9aac-98a26832b590,2011-08-24,2011-08-24,,Paris,2479,naturalist,"",2011-08-29 20:39:03 UTC,2023-04-17 16:58:47 UTC,research,,http://www.inaturalist.org/observations/29555,https://static.inaturalist.org/photos/51793/medium.JPG,,"",from under the surface,1,0,false,,Mallard,Anas platyrhynchos,Кряква,Aves,6930
267843,305ae372-c6a1-45e8-9841-aa5df081c6ac,2013-05-14,2013-05-14,,London,2991,sea-kangaroo,"",2013-05-14 22:01:11 UTC,2021-05-16 17:02:39 UTC,research,CC-BY,http://www.inaturalist.org/observations/267843,https://inaturalist-open-data.s3.amazonaws.com/photos/350253/medium.JPG,,"male, female",Human-friendly pair in the river.,3,0,false,,Mallard,Anas platyrhynchos,Кряква,Aves,6930
373196,7dcdfbb5-a317-4b7f-8433-d4088a25f022,2013-08-13 13:56:44,2013-08-13,2013-08-13 11:56:44 UTC,Rome,13082,marcello,Marcello Consolo,2013-08-22 09:07:56 UTC,2023-12-22 20:36:22 UTC,research,CC-BY,http://www.inaturalist.org/observations/373196,https://inaturalist-open-data.s3.amazonaws.com/photos/466705/medium.jpg,,"","",12,1,false,,Mallard,Anas platyrhynchos,Кряква,Aves,6930
2636254,14479e65-41d9-4694-9ec7-672d7f604088,2016-01-25,2016-01-25,,Rome,51288,scubale,Alessandra Boccabianca,2016-02-01 11:18:03 UTC,2022-03-15 15:20:46 UTC,research,CC-BY-NC,http://www.inaturalist.org/observations/2636254,https://static.inaturalist.org/photos/2955697/medium.JPG,,"germano reale, Wild Mallard","",3,0,false,,Mallard,Anas platyrhynchos,Кряква,Aves,6930
2904490,47298755-6ea0-4456-9e3b-f6d5b1e4aa53,2016-04-09 08:15:56,2016-04-09,2016-04-09 07:15:56 UTC,London,97542,paulcools,Paul Cools,2016-04-09 13:39:23 UTC,2025-04-17 08:30:34 UTC,research,CC-BY-NC,http://www.inaturalist.org/observations/2904490,https://inaturalist-open-data.s3.amazonaws.com/photos/3322599/medium.jpg,,"",,6,0,false,,Mallard,Anas platyrhynchos,Кряква,Aves,6930
3508390,7568e0c4-0228-4e33-a79f-6639e5e68c92,Thu Jun 23 2016 13:12:01 GMT+0200 (GMT+2),2016-06-23,2016-06-23 11:12:01 UTC,Pretoria,137919,sofia-b,"",2016-06-23 18:13:19 UTC,2023-12-04 11:52:40 UTC,research,CC-BY-NC,http://www.inaturalist.org/observations/3508390,https://inaturalist-open-data.s3.amazonaws.com/photos/4083732/medium.jpg,,"",,2,0,false,3,Germano reale,Anas platyrhynchos,Кряква,Aves,6930
3714323,ebfb1edb-3b6f-4ebd-9a44-0db8101e05c5,Thu Jul 21 2016 16:05:24 GMT+0200 (GMT+2),2016-07-21,2016-07-21 14:05:24 UTC,Pretoria,206148,teresaurrutia,Teresa Urrutia,2016-07-21 14:34:20 UTC,2023-04-23 03:11:51 UTC,research,,http://www.inaturalist.org/observations/3714323,https://static.inaturalist.org/photos/4316145/medium.jpeg,,"",,3,0,false,3,Mallard,Anas platyrhynchos,Кряква,Aves,6930
5516547,3f21771e-0945-4742-af05-5a1534e934f2,2017-03-31 10:20:51 AM CEST,2017-03-31,2017-03-31 08:20:51 UTC,Paris,428033,montale,"",2017-03-31 08:55:48 UTC,2023-12-06 15:08:44 UTC,research,CC-BY-NC,https://www.inaturalist.org/observations/5516547,https://inaturalist-open-data.s3.amazonaws.com/photos/6804079/medium.jpeg,,"",,4,0,false,2,Canard colvert,Anas platyrhynchos,Кряква,Aves,6930
7614387,a757cd2d-b58e-4d91-b3ea-57c7affb6cf4,2017-08-23 10:49:14 AM CEST,2017-08-23,2017-08-23 08:49:14 UTC,Paris,575857,lorisroberto,"",2017-08-23 08:50:26 UTC,2021-04-25 07:06:39 UTC,research,CC-BY-NC,https://www.inaturalist.org/observations/7614387,https://inaturalist-open-data.s3.amazonaws.com/photos/9953302/medium.jpeg,,"",,2,0,false,2,Germano reale,Anas platyrhynchos,Кряква,Aves,6930
8758908,c030e360-9d53-44a3-a8a2-7d0196a56be5,Sat Nov 11 2017 09:41:47 GMT+0100 (GMT+1),2017-11-11,2017-11-11 08:41:47 UTC,Amsterdam,703025,absynthe,,2017-11-11 08:42:01 UTC,2019-05-06 11:07:00 UTC,research,,https://www.inaturalist.org/observations/8758908,https://static.inaturalist.org/photos/11762176/medium.jpg,,"",,2,0,false,3,Canard colvert,Anas platyrhynchos,Кряква,Aves,6930
9836163,c44971f9-f364-4381-8855-3431b7371a57,Mon Feb 12 2018 16:25:05 GMT+0100 (GMT+1),2018-02-12,2018-02-12 15:25:05 UTC,Amsterdam,68132,jackassgardener,Robb Telfer,2018-02-12 16:11:52 UTC,2018-02-12 17:18:28 UTC,research,CC-BY-NC,https://www.inaturalist.org/observations/9836163,https://inaturalist-open-data.s3.amazonaws.com/photos/13470124/medium.jpg,,"",,2,0,false,3,Mallard,Anas platyrhynchos,Кряква,Aves,6930
9878254,20beee92-284f-4bb6-8736-bc73a8b6688a,2017/10/21 12:09 PM CEST,2017-10-21,2017-10-21 10:09:00 UTC,Paris,464262,jeremybarker,Jeremy Barker,2018-02-16 10:57:28 UTC,2024-11-21 09:23:48 UTC,research,CC0,https://www.inaturalist.org/observations/9878254,https://inaturalist-open-data.s3.amazonaws.com/photos/13538815/medium.jpeg,,"",,2,0,false,,Pato de collar,Anas platyrhynchos,Кряква,Aves,6930
9955507,46b29076-e036-4947-b3f8-bd8f3a9a1071,2018/02/16 12:48 PM CET,2018-02-16,2018-02-16 11:48:00 UTC,Paris,745656,amujcinovic,Ahmed Mujčinović,2018-02-22 08:52:25 UTC,2022-10-21 19:37:37 UTC,research,CC-BY-NC-SA,https://www.inaturalist.org/observations/9955507,https://inaturalist-open-data.s3.amazonaws.com/photos/13669730/medium.jpeg,,"","",7,0,false,,Mallard,Anas platyrhynchos,Кряква,Aves,6930
12228142,bf26d1e6-f0e6-4b99-85c3-28a3c9ff8328,Mon May 07 2018 12:30:42 GMT+0200 (GMT+2),2018-05-07,2018-05-07 10:30:42 UTC,Africa/Johannesburg,890426,ahoehn,,2018-05-07 10:31:27 UTC,2020-02-09 07:19:35 UTC,research,,https://www.inaturalist.org/observations/12228142,https://static.inaturalist.org/photos/17573325/medium.jpg,,"",,4,0,false,3,Canard colvert,Anas platyrhynchos,Кряква,Aves,6930
13308943,817d674a-5b9e-40bb-ae2b-abc61f685593,2018-06-10 1:00:37 am CEST,2018-06-10,2018-06-09 23:00:37 UTC,Paris,979665,milot,Milot Kurshumliu,2018-06-10 20:07:48 UTC,2023-04-09 19:19:04 UTC,research,,https://www.inaturalist.org/observations/13308943,https://static.inaturalist.org/photos/19491790/medium.jpeg,,"",,5,1,false,2,Germano reale,Anas platyrhynchos,Кряква,Aves,6930
13740159,8ec85c38-ef32-4f3b-af39-955e0bf2d38e,2018-06-24 6:45:05 p.m. CEST,2018-06-24,2018-06-24 16:45:05 UTC,Paris,945173,nickeledocus,Nick Scheffers,2018-06-24 16:50:12 UTC,2025-12-03 06:16:20 UTC,research,CC-BY-SA,https://www.inaturalist.org/observations/13740159,https://static.inaturalist.org/photos/20249823/medium.jpeg,,"",,2,0,false,2,Mallard,Anas platyrhynchos,Кряква,Aves,6930
14119201,8bb4e774-10b6-4ae2-84ac-e0de7d1034c5,2018-07-06 12:30:00 nachm. MESZ,2018-07-06,2018-07-06 10:30:00 UTC,Amsterdam,995577,volkers,Volker Stricker,2018-07-07 00:39:43 UTC,2018-09-01 10:30:34 UTC,research,CC-BY-NC,https://www.inaturalist.org/observations/14119201,https://inaturalist-open-data.s3.amazonaws.com/photos/20915075/medium.jpg,,"",Stockente,3,0,false,2,Germano reale,Anas platyrhynchos,Кряква,Aves,6930
15388255,f0873ae6-f462-44dc-a906-3dcc6b56bfcf,2018-08-13 12:55:04 PM CEST,2018-08-13,2018-08-13 10:55:04 UTC,Paris,827924,samyp,Samuele Pisani,2018-08-13 15:08:37 UTC,2023-04-09 19:32:07 UTC,research,CC-BY-NC,https://www.inaturalist.org/observations/15388255,https://inaturalist-open-data.s3.amazonaws.com/photos/23063063/medium.jpeg,,"",,3,0,false,2,Germano reale,Anas platyrhynchos,Кряква,Aves,6930
15443933,c69da2cd-2878-4f70-8b6a-257bcbe1cc20,Thu Jan 04 2018 14:40:36 GMT+0100 (GMT+1),2018-01-04,2018-01-04 13:40:36 UTC,Amsterdam,1140795,zazzonatura,,2018-08-15 10:23:09 UTC,2018-08-15 11:03:14 UTC,research,,https://www.inaturalist.org/observations/15443933,https://static.inaturalist.org/photos/23166492/medium.jpg,,"",,1,0,false,3,Germano reale,Anas platyrhynchos,Кряква,Aves,6930
15843979,7fab3fc4-326c-44a5-816e-d55554b4d85f,Fri Apr 27 2018 03:49:41 GMT-0400 (EDT),2018-04-27,2018-04-27 07:49:41 UTC,Eastern Time (US & Canada),1159640,noj,Noj Elyoc,2018-08-24 15:02:35 UTC,2019-05-06 10:54:14 UTC,research,,https://www.inaturalist.org/observations/15843979,https://static.inaturalist.org/photos/23688874/medium.jpg,,"",,3,0,false,3,Canard colvert,Anas platyrhynchos,Кряква,Aves,6930
16696671,777b1db9-c353-48d5-a042-464760809481,2018/09/14 5:35 PM BST,2018-09-14,2018-09-14 16:35:00 UTC,Edinburgh,631947,jarvo,Jon J. Laysell,2018-09-19 20:53:30 UTC,2025-02-01 11:10:54 UTC,research,CC-BY,https://www.inaturalist.org/observations/16696671,https://inaturalist-open-data.s3.amazonaws.com/photos/25186328/medium.jpg,,"",,5,0,false,,Germano reale,Anas platyrhynchos,Кряква,Aves,6930
17048699,73d50182-dfb1-418c-badd-3c58d3c2be15,2016-06-20,2016-06-20,,Hawaii,963904,askalotl,"",2018-09-30 01:11:58 UTC,2021-06-20 02:14:09 UTC,research,CC0,https://www.inaturalist.org/observations/17048699,https://inaturalist-open-data.s3.amazonaws.com/photos/25794173/medium.png,,"","",1,0,false,,Mallard,Anas platyrhynchos,Кряква,Aves,6930
18459903,096cfc5e-d65b-4e8e-9896-0fddd1735da0,Mon Oct 01 2018 16:29:04 GMT+0100 (GMT+1),2018-10-01,2018-10-01 14:29:04 UTC,Amsterdam,1356487,vimal4david,,2018-11-17 23:39:10 UTC,2019-04-28 19:58:42 UTC,research,,https://www.inaturalist.org/observations/18459903,https://static.inaturalist.org/photos/28226110/medium.jpg,,"",,5,0,false,3,Mallard,Anas platyrhynchos,Кряква,Aves,6930
18772399,15aad041-5d74-4d11-96ba-b5549f7df6c3,2018/11/29 5:14 PM CST,2018-11-29,2018-11-29 23:14:00 UTC,Central Time (US & Canada),144442,andriy,"",2018-12-02 07:41:04 UTC,2020-02-16 02:07:08 UTC,research,CC-BY-NC,https://www.inaturalist.org/observations/18772399,https://inaturalist-open-data.s3.amazonaws.com/photos/28749716/medium.jpeg,,"",,3,0,false,,Mallard,Anas platyrhynchos,Кряква,Aves,6930
19249075,077b8b41-b8a9-4ee8-861c-35ba1017b75b,2000/03/17,2000-03-17,,Berlin,464262,jeremybarker,Jeremy Barker,2018-12-27 14:12:54 UTC,2024-11-21 09:11:23 UTC,research,CC0,https://www.inaturalist.org/observations/19249075,https://inaturalist-open-data.s3.amazonaws.com/photos/29575336/medium.jpg,,"",First Devon record,11,0,false,,American Black Duck,Anas rubripes,Американская чёрная кряква,Aves,6924
19844967,f85d695a-3298-4621-afa6-058cb96caae6,2018/12/30 9:47 AM CET,2018-12-30,2018-12-30 08:47:00 UTC,Paris,894789,bruno31820,"",2019-01-24 18:23:06 UTC,2019-05-06 10:46:55 UTC,research,,https://www.inaturalist.org/observations/19844967,https://static.inaturalist.org/photos/30595235/medium.jpg,,"",,6,0,false,,Canard colvert,Anas platyrhynchos,Кряква,Aves,6930
20327442,f8894aa5-a2aa-465d-b8db-6028b453401a,2019-02-13 10:40:00 AM GMT+01:00,2019-02-13,2019-02-13 09:40:00 UTC,Amsterdam,1073255,crapfou,Crap Fou,2019-02-13 21:07:33 UTC,2024-06-25 23:16:14 UTC,research,,https://www.inaturalist.org/observations/20327442,https://static.inaturalist.org/photos/31388581/medium.jpeg,,"",,3,0,false,,Canard colvert,Anas platyrhynchos,Кряква,Aves,6930
20393122,3694c991-4022-4c4e-b17d-77633c396b7e,2019-02-13 10:26:26 am GMT+00:00,2019-02-13,2019-02-13 10:26:26 UTC,Edinburgh,1470491,sheriff_kelly,"",2019-02-16 19:30:04 UTC,2019-02-18 15:46:03 UTC,research,CC-BY-NC,https://www.inaturalist.org/observations/20393122,https://inaturalist-open-data.s3.amazonaws.com/photos/31491898/medium.jpeg,,"",,3,0,false,2,Mallard,Anas platyrhynchos,Кряква,Aves,6930
22745856,47cd0155-37d1-4ddc-9ead-f37ecd256178,2019/02/05 10:47 AM HST,2019-02-05,2019-02-05 20:47:00 UTC,Hawaii,1638442,awdslr,"",2019-04-20 08:33:09 UTC,2019-04-24 08:02:34 UTC,research,,https://www.inaturalist.org/observations/22745856,https://static.inaturalist.org/photos/35250805/medium.jpeg,,"AWDSLR, bird, wildlife, mallard, Kent UK",,2,0,false,,Germano reale,Anas platyrhynchos,Кряква,Aves,6930
22745857,7ce08cab-9ef3-4094-afaf-ac8121933121,2019/02/05 10:47 AM HST,2019-02-05,2019-02-05 20:47:00 UTC,Hawaii,1638442,awdslr,"",2019-04-20 08:33:10 UTC,2019-04-24 08:02:40 UTC,research,,https://www.inaturalist.org/observations/22745857,https://static.inaturalist.org/photos/35250830/medium.jpeg,,"Wildlife, UK, bird, Kent UK, AWDSLR",,2,0,false,,Germano reale,Anas platyrhynchos,Кряква,Aves,6930
23564578,bedd4e86-2c5c-4081-9fa1-354d4893f113,2019/04/27 10:40 AM CEST,2019-04-27,2019-04-27 08:40:00 UTC,Paris,1640704,petrvo,Petr Vo,2019-04-28 04:17:32 UTC,2021-09-23 11:32:46 UTC,research,CC-BY-NC,https://www.inaturalist.org/observations/23564578,https://inaturalist-open-data.s3.amazonaws.com/photos/36488146/medium.jpg,,"",,5,0,false,,Canard colvert,Anas platyrhynchos,Кряква,Aves,6930
23854677,d2c0863f-9524-4d35-abc0-3c39f010e285,Fri Apr 26 2019 13:41:19 GMT+0200 (GMT+2),2019-04-26,2019-04-26 11:41:19 UTC,Pretoria,1656343,heile744,,2019-04-29 05:22:59 UTC,2022-11-06 20:49:52 UTC,research,CC-BY-NC,https://www.inaturalist.org/observations/23854677,https://inaturalist-open-data.s3.amazonaws.com/photos/36912572/medium.jpg,,"",,5,0,false,3,Mallard,Anas platyrhynchos,Кряква,Aves,6930
24295124,a147edd2-9f64-4952-8b5d-6938f4c8c09d,2019/04/30 7:24 PM UTC,2019-04-30,,UTC,922357,lioneska,Lioneska,2019-05-01 17:12:13 UTC,2019-07-23 12:58:31 UTC,research,CC-BY-NC,https://www.inaturalist.org/observations/24295124,https://inaturalist-open-data.s3.amazonaws.com/photos/37569446/medium.jpg,,"",,4,0,false,,Mallard,Anas platyrhynchos,Кряква,Aves,6930
24984484,e6e0d982-5c6a-4b7b-b4d4-869dab6344ca,Wed May 01 2019 16:12:08 GMT+0200 (GMT+2),2019-05-01,2019-05-01 14:12:08 UTC,Africa/Johannesburg,1352409,giorgia_tonetto,,2019-05-12 08:07:14 UTC,2021-02-03 21:22:30 UTC,research,,https://www.inaturalist.org/observations/24984484,https://static.inaturalist.org/photos/38656688/medium.jpg,,"",,3,0,false,3,Germano reale,Anas platyrhynchos,Кряква,Aves,6930
25001549,501b76b4-b89a-4b5c-a1c2-8a5c21750211,2019-05-08 7:03:58 pm CEST,2019-05-08,2019-05-08 17:03:58 UTC,Paris,1744563,attilaolah,Attila Oláh,2019-05-12 16:02:41 UTC,2021-04-16 20:32:07 UTC,research,CC-BY,https://www.inaturalist.org/observations/25001549,https://inaturalist-open-data.s3.amazonaws.com/photos/38684356/medium.jpeg,,"",,3,0,false,2,Canard colvert,Anas platyrhynchos,Кряква,Aves,6930
25009092,b67aa30c-a4c0-4361-af57-a2359130c31b,2019-05-08 7:04:09 pm CEST,2019-05-08,2019-05-08 17:04:09 UTC,Paris,1744563,attilaolah,Attila Oláh,2019-05-12 18:00:33 UTC,2019-05-12 18:19:03 UTC,research,CC-BY,https://www.inaturalist.org/observations/25009092,https://inaturalist-open-data.s3.amazonaws.com/photos/38697112/medium.jpeg,,"",,1,0,false,2,Stockente,Anas platyrhynchos,Кряква,Aves,6930
25152383,e106e816-ddab-422c-a959-d03832d8958b,2019-05-15 10:43:42 am BST,2019-05-15,2019-05-15 10:43:42 UTC,UTC,1753337,andrew685,Andrew Booty,2019-05-15 09:47:11 UTC,2021-07-05 18:41:17 UTC,research,,https://www.inaturalist.org/observations/25152383,https://static.inaturalist.org/photos/38933244/medium.jpeg,,"",,2,1,false,2,Canard colvert,Anas platyrhynchos,Кряква,Aves,6930
25632496,06102b1d-9ecb-42da-8efd-8cc924c0f492,2019-05-23 5:00:00 pm BST,2019-05-23,2019-05-23 17:00:00 UTC,UTC,1744885,freyjabrown,Freyja Brown,2019-05-23 19:14:20 UTC,2020-02-26 14:08:40 UTC,research,,https://www.inaturalist.org/observations/25632496,https://static.inaturalist.org/photos/39722921/medium.jpg,,"",Malard ducklings,1,0,false,2,Mallard,Anas platyrhynchos,Кряква,Aves,6930
25634187,3e84e3d8-d7d1-4bc8-b840-25a6b3c7c590,2019-05-23 3:45:00 pm BST,2019-05-23,2019-05-23 15:45:00 UTC,UTC,1744885,freyjabrown,Freyja Brown,2019-05-23 19:44:01 UTC,2019-05-23 20:35:00 UTC,research,,https://www.inaturalist.org/observations/25634187,https://static.inaturalist.org/photos/39725663/medium.jpeg,,"",Lots of mallards at this lake,1,0,false,2,Pato-real,Anas platyrhynchos,Кряква,Aves,6930
25813541,a25fe646-9499-4a98-a727-22cba1d3c468,Sun May 26 2019 18:21:19 GMT+0200 (GMT+2),2019-05-26,2019-05-26 16:21:19 UTC,Africa/Johannesburg,1762928,yoshiiakiza,YoSHii AKIZA,2019-05-26 16:21:52 UTC,2019-06-09 20:38:09 UTC,research,,https://www.inaturalist.org/observations/25813541,https://static.inaturalist.org/photos/40022087/medium.jpg,,"",,5,0,false,3,Canard colvert,Anas platyrhynchos,Кряква,Aves,6930
25984692,3b5e537e-baae-4bf4-b279-f61b9c71f572,2019-05-27 3:48:26 pm BST,2019-05-27,2019-05-27 15:48:26 UTC,UTC,1708054,metalguy3000,,2019-05-29 06:40:21 UTC,2019-10-29 00:54:39 UTC,research,CC-BY-NC,https://www.inaturalist.org/observations/25984692,https://inaturalist-open-data.s3.amazonaws.com/photos/40308459/medium.jpeg,,"",,3,0,false,2,Mallard,Anas platyrhynchos,Кряква,Aves,6930
26495978,d130c87e-1aef-44c9-8278-286e1afaffe9,Thu Jun 06 2019 16:10:14 GMT+0100 (GMT+1),2019-06-06,2019-06-06 14:10:14 UTC,Amsterdam,1281677,amedeofelix,Amedeo Felix,2019-06-06 15:10:24 UTC,2019-07-16 23:23:35 UTC,research,,https://www.inaturalist.org/observations/26495978,https://static.inaturalist.org/photos/41148171/medium.jpg,,"",,3,0,false,3,Mallard,Anas platyrhynchos,Кряква,Aves,6930
26667815,0bbd96ca-c83c-4bc6-adb3-2309e0e1ef5c,2019/05/01 4:33 PM CEST,2019-05-01,2019-05-01 14:33:00 UTC,Paris,1851929,heimischetiere,Marco Böhm,2019-06-09 11:44:21 UTC,2024-05-31 21:44:19 UTC,research,CC-BY-NC,https://www.inaturalist.org/observations/26667815,https://inaturalist-open-data.s3.amazonaws.com/photos/41422796/medium.jpeg,,"Würzburg, Ringpark, Erpel, Stockente, Ente",Portrait einer Stockente,2,0,false,,Stockente,Anas platyrhynchos,Кряква,Aves,6930
27728485,abee8dc6-f743-4907-933b-3d913f3ec5f3,2019-06-26 2:03:00 pm BST,2019-06-26,2019-06-26 14:03:00 UTC,UTC,1744885,freyjabrown,Freyja Brown,2019-06-27 00:27:08 UTC,2020-02-26 14:02:27 UTC,research,,https://www.inaturalist.org/observations/27728485,https://static.inaturalist.org/photos/43173161/medium.jpeg,,"",Female,2,0,false,2,Mallard,Anas platyrhynchos,Кряква,Aves,6930
28634584,3a7caa7c-8e63-4391-b0ca-226de726b491,2019-07-11 7:22:43 pm BST,2019-07-11,2019-07-11 18:22:43 UTC,Edinburgh,1835240,averixus,Avery,2019-07-11 20:39:16 UTC,2019-07-12 06:06:11 UTC,research,CC-BY-NC,https://www.inaturalist.org/observations/28634584,https://inaturalist-open-data.s3.amazonaws.com/photos/44649563/medium.jpeg,,"",She had a lot of ducklings under there.,2,0,false,2,Mallard,Anas platyrhynchos,Кряква,Aves,6930
28687899,ba24111a-7750-4ff2-9443-5d130f498451,2019/07/11 1:10 PM CEST,2019-07-11,2019-07-11 11:10:00 UTC,Berlin,32124,martingrimm,Martin Grimm,2019-07-12 19:15:43 UTC,2021-10-09 21:58:01 UTC,research,CC-BY-NC,https://www.inaturalist.org/observations/28687899,https://inaturalist-open-data.s3.amazonaws.com/photos/44735271/medium.jpg,,"",,3,0,false,,Mallard,Anas platyrhynchos,Кряква,Aves,6930
28775758,06351454-dcb9-4d7f-9bc1-1141f2c18690,2019/06/24 7:32 AM PDT,2019-06-24,2019-06-24 14:32:00 UTC,Pacific Time (US & Canada),1653276,lglevanik,Lauren Glevanik,2019-07-14 03:46:30 UTC,2021-03-18 03:34:37 UTC,research,CC-BY-NC,https://www.inaturalist.org/observations/28775758,https://inaturalist-open-data.s3.amazonaws.com/photos/44879501/medium.jpeg,,"","",2,0,false,,Mallard,Anas platyrhynchos,Кряква,Aves,6930
28881867,c5631113-f879-46d6-8bf9-9a4fa2a9e978,2019/07/13 3:06 PM CEST,2019-07-13,2019-07-13 13:06:00 UTC,Amsterdam,975480,cherusker,Jim,2019-07-15 18:46:43 UTC,2019-07-17 11:35:28 UTC,research,CC-BY-NC,https://www.inaturalist.org/observations/28881867,https://inaturalist-open-data.s3.amazonaws.com/photos/45047113/medium.jpeg,,"",,2,0,false,,Stockente,Anas platyrhynchos,Кряква,Aves,6930
29281216,71b2e1f8-11e2-405b-8d2f-08f2dbbd75e8,2019/07/21 7:29 PM CEST,2019-07-21,2019-07-21 17:29:00 UTC,Amsterdam,1756341,katherine_jane,Katherine Wright,2019-07-21 23:14:49 UTC,2022-09-03 02:04:50 UTC,research,CC-BY-NC,https://www.inaturalist.org/observations/29281216,https://inaturalist-open-data.s3.amazonaws.com/photos/45688128/medium.jpeg,,"",,4,0,false,,Mallard,Anas platyrhynchos,Кряква,Aves,6930
29374619,be1e979d-05e5-4023-ae8c-d97e1aa3bc1f,2018-06-06,2018-06-06,,UTC,2040073,rdlgv,"",2019-07-23 12:30:17 UTC,2019-07-28 12:53:08 UTC,research,,https://www.inaturalist.org/observations/29374619,https://inaturalist-open-data.s3.amazonaws.com/photos/45842181/medium.jpeg,,"",,1,0,false,333,Stockente,Anas platyrhynchos,Кряква,Aves,6930
30418641,b4bbce85-b194-4ecd-b4f2-abab9cb1134c,2019-08-08 10:21:55 am BST,2019-08-08,2019-08-08 10:21:55 UTC,UTC,1175846,pleopard,PLeopard,2019-08-08 12:35:04 UTC,2019-10-29 00:49:33 UTC,research,CC-BY-NC,https://www.inaturalist.org/observations/30418641,https://inaturalist-open-data.s3.amazonaws.com/photos/47523987/medium.jpeg,,"",,2,0,false,2,Mallard,Anas platyrhynchos,Кряква,Aves,6930
30738267,483b9fbc-ee0a-4766-bda6-f12c54279220,Tue Aug 13 2019 07:53:24 GMT+0100 (GMT+1),2019-08-13,2019-08-13 05:53:24 UTC,Amsterdam,299197,scrappapertiger,Sonny Hallett,2019-08-13 08:09:41 UTC,2019-10-29 00:49:17 UTC,research,,https://www.inaturalist.org/observations/30738267,https://static.inaturalist.org/photos/48039679/medium.jpg,,"",,2,0,false,3,Mallard,Anas platyrhynchos,Кряква,Aves,6930
31810006,3b7f5bc7-a4b4-429e-850c-35f66fda777b,2019-08-30 4:27:00 pm BST,2019-08-30,2019-08-30 16:27:00 UTC,UTC,2149378,heng_uk,Heng Ng,2019-08-30 20:27:24 UTC,2019-08-31 10:12:41 UTC,research,,https://www.inaturalist.org/observations/31810006,https://static.inaturalist.org/photos/49825316/medium.jpeg,,"",,1,0,false,2,Canard colvert,Anas platyrhynchos,Кряква,Aves,6930
34016183,b57cd904-73f6-4b10-888c-68268ed881ca,2019-10-07 5:20:25 PM GMT+02:00,2019-10-07,2019-10-07 15:20:25 UTC,Pretoria,2287599,astrowild,Porcherot Bossu,2019-10-07 15:56:52 UTC,2022-10-04 14:13:49 UTC,research,CC-BY-NC,https://www.inaturalist.org/observations/34016183,https://inaturalist-open-data.s3.amazonaws.com/photos/53555351/medium.jpeg,,"",Canard observé avec une dizaine de ses congénères.,6,0,false,2,Lavanco,Anas platyrhynchos,Кряква,Aves,6930
34117494,84346065-edf8-4856-b723-b752d3289f2e,2019/10/01 5:35 PM CEST,2019-10-01,2019-10-01 15:35:00 UTC,Amsterdam,1756341,katherine_jane,Katherine Wright,2019-10-09 15:24:09 UTC,2022-09-03 02:04:50 UTC,research,CC-BY-NC,https://www.inaturalist.org/observations/34117494,https://inaturalist-open-data.s3.amazonaws.com/photos/53652692/medium.jpg,,"",,2,0,false,,Mallard,Anas platyrhynchos,Кряква,Aves,6930
34117500,1b1194e6-05e8-467f-97fe-7df1f34b1f0a,2019/10/01 5:35 PM CEST,2019-10-01,2019-10-01 15:35:00 UTC,Amsterdam,1756341,katherine_jane,Katherine Wright,2019-10-09 15:24:14 UTC,2022-09-03 02:04:50 UTC,research,CC-BY-NC,https://www.inaturalist.org/observations/34117500,https://inaturalist-open-data.s3.amazonaws.com/photos/53652703/medium.jpg,,"",,2,0,false,,Mallard,Anas platyrhynchos,Кряква,Aves,6930
34200351,55c20875-567f-45f2-9d2a-9fb2145ae60d,2019/10/05 4:26 PM CEST,2019-10-05,2019-10-05 14:26:00 UTC,Amsterdam,26121,wouterkoch,Wouter Koch,2019-10-11 12:40:22 UTC,2024-04-20 00:46:01 UTC,research,CC0,https://www.inaturalist.org/observations/34200351,https://inaturalist-open-data.s3.amazonaws.com/photos/53795602/medium.jpg,,"",,5,0,false,,Canard colvert,Anas platyrhynchos,Кряква,Aves,6930
35197979,7b63b37d-e448-407f-8a54-9733baa8508f,2019/10/17 5:16 PM +0700,2019-10-17,2019-10-17 10:16:00 UTC,Bangkok,614054,birdexplorers,Bird Explorers,2019-11-02 14:28:38 UTC,2022-10-13 11:25:22 UTC,research,CC-BY-NC,https://www.inaturalist.org/observations/35197979,https://inaturalist-open-data.s3.amazonaws.com/photos/55476711/medium.jpg,,"","13.0 POLSKA
         Krzyżówka, ssp platyrhynchos
13.2 Mazowieckie
Mińsk Mazowiecki, Park Dernałowiczów, abundant in the park, 145 m, photo, 17 October 2019.",4,0,false,,Mallard,Anas platyrhynchos,Кряква,Aves,6930
35880769,6038a3f2-1d50-45b4-9441-56f1a43b1404,2019-11-20,2019-11-20,,UTC,2447598,seeker1000,"",2019-11-20 11:05:20 UTC,2021-06-12 17:04:40 UTC,research,,https://www.inaturalist.org/observations/35880769,https://static.inaturalist.org/photos/56636890/medium.jpeg,,"",,4,0,false,333,Stockente,Anas platyrhynchos,Кряква,Aves,6930
36889653,2c8e1903-123a-4783-a67d-c108441c7167,2014/04/12 4:42 PM UTC,2014-04-12,,UTC,2179289,richardkunz,Richard Kunz,2019-12-23 19:27:35 UTC,2025-06-19 15:09:39 UTC,research,,https://www.inaturalist.org/observations/36889653,https://static.inaturalist.org/photos/58388763/medium.jpg,,"",,5,0,false,,Canard colvert,Anas platyrhynchos,Кряква,Aves,6930
37915623,1e432e07-6607-4225-a501-2c4733064b0b,2020/01/19 12:21 PM CET,2020-01-19,2020-01-19 11:21:00 UTC,Berlin,999066,alexis_orion,Alexis Tinker-Tsavalas,2020-01-24 14:31:49 UTC,2020-09-21 06:36:05 UTC,research,CC-BY,https://www.inaturalist.org/observations/37915623,https://inaturalist-open-data.s3.amazonaws.com/photos/60181052/medium.jpeg,,"",,2,0,false,,Mallard,Anas platyrhynchos,Кряква,Aves,6930
37915624,ebe3be63-0527-4cb0-9f7c-fd72822fc60d,2020/01/19 12:24 PM CET,2020-01-19,2020-01-19 11:24:00 UTC,Berlin,999066,alexis_orion,Alexis Tinker-Tsavalas,2020-01-24 14:31:51 UTC,2020-01-24 15:50:45 UTC,research,CC-BY,https://www.inaturalist.org/observations/37915624,https://inaturalist-open-data.s3.amazonaws.com/photos/60181060/medium.jpeg,,"",,2,0,false,,Mallard,Anas platyrhynchos,Кряква,Aves,6930
37921529,e80d300d-7f06-41d4-84bf-aaf5d797713e,2017/01/29 3:54 PM CET,2017-01-29,2017-01-29 14:54:00 UTC,Paris,1409524,mobbini,"",2020-01-24 18:24:06 UTC,2022-03-27 14:40:57 UTC,research,CC-BY-NC,https://www.inaturalist.org/observations/37921529,https://inaturalist-open-data.s3.amazonaws.com/photos/60191416/medium.jpeg,,"","related ducks on ice obs, same day/location: https://www.inaturalist.org/observations?on=2017-01-29&place_id=any&subview=grid&taxon_id=6930&user_id=1409524",5,0,false,,Stockente,Anas platyrhynchos,Кряква,Aves,6930
37944511,165219a3-8680-401e-a7d3-6dfd34392e74,2020/01/25 2:27 PM CET,2020-01-25,2020-01-25 13:27:00 UTC,Berlin,32124,martingrimm,Martin Grimm,2020-01-25 13:17:51 UTC,2025-04-03 02:24:15 UTC,research,CC-BY-NC,https://www.inaturalist.org/observations/37944511,https://inaturalist-open-data.s3.amazonaws.com/photos/60231168/medium.jpg,,"","female, EA201368, banded on 29.06.18 in Leipzig center",1,0,false,,Mallard,Anas platyrhynchos,Кряква,Aves,6930
38224530,35b2b66b-330f-427a-9432-d521d5c8b7cb,2019/04/17 8:21 AM CEST,2019-04-17,2019-04-17 06:21:00 UTC,Berlin,1975101,adlerauge,Til Mann,2020-02-02 18:03:23 UTC,2024-03-25 17:46:47 UTC,research,CC-BY-NC,https://www.inaturalist.org/observations/38224530,https://inaturalist-open-data.s3.amazonaws.com/photos/60719835/medium.jpeg,,"",,2,0,false,,Mallard,Anas platyrhynchos,Кряква,Aves,6930
38361857,f8f8ffc4-fb92-4632-bbd6-9b56b8970662,2020/02/01 4:18 PM CET,2020-02-01,2020-02-01 15:18:00 UTC,Rome,20518,finrod,Stefano Doglio,2020-02-06 16:56:55 UTC,2020-02-07 01:17:37 UTC,research,CC-BY-NC,https://www.inaturalist.org/observations/38361857,https://inaturalist-open-data.s3.amazonaws.com/photos/60958725/medium.jpeg,,"",,5,0,false,,Germano reale,Anas platyrhynchos,Кряква,Aves,6930
38422077,a95922d1-5175-4743-934c-af1602a6fcac,2020/02/07 4:29 PM CET,2020-02-07,2020-02-07 15:29:00 UTC,Rome,365508,gianluigi1951,gianluigi,2020-02-08 13:53:00 UTC,2025-04-12 04:00:02 UTC,research,CC0,https://www.inaturalist.org/observations/38422077,https://inaturalist-open-data.s3.amazonaws.com/photos/61061200/medium.jpeg,,"",,4,0,false,,Germano reale,Anas platyrhynchos,Кряква,Aves,6930
38423117,2938ba7e-b851-4d83-b297-3b00fe9ac788,2012/07/11 12:56 PM HST,2012-07-11,2012-07-11 22:56:00 UTC,Hawaii,1609208,thierrycordenos,CORDENOS Thierry,2020-02-08 14:39:46 UTC,2020-02-08 15:01:20 UTC,research,CC-BY-NC,https://www.inaturalist.org/observations/38423117,https://inaturalist-open-data.s3.amazonaws.com/photos/61063043/medium.jpg,,"",Une image saisissante de canard colvert machouillant des poissons rouges attrapés dans l'étang.,1,0,false,,Mallard,Anas platyrhynchos,Кряква,Aves,6930
38534791,e86781b4-7b69-4bc8-b538-1a9737aa5ca6,2020/02/01 3:11 PM UTC,2020-02-01,,UTC,1756341,katherine_jane,Katherine Wright,2020-02-11 12:26:16 UTC,2022-09-03 02:04:50 UTC,research,CC-BY-NC,https://www.inaturalist.org/observations/38534791,https://inaturalist-open-data.s3.amazonaws.com/photos/61257725/medium.jpeg,,"","Somehow got stuck inside the flamingo enclosure! Seemed to be happy enough, though",1,0,false,,Mallard,Anas platyrhynchos,Кряква,Aves,6930
38535391,5725afeb-5fe6-4407-8129-0c13b0bd676a,2020/02/04 2:57 PM UTC,2020-02-04,,UTC,1756341,katherine_jane,Katherine Wright,2020-02-11 12:57:19 UTC,2022-09-03 02:04:50 UTC,research,CC-BY-NC,https://www.inaturalist.org/observations/38535391,https://inaturalist-open-data.s3.amazonaws.com/photos/61259320/medium.jpeg,,"",,2,0,false,,Mallard,Anas platyrhynchos,Кряква,Aves,6930
38535427,7a0ef479-082e-41e4-bca2-42830ceee9e6,2020/02/04 3:07 PM UTC,2020-02-04,,UTC,1756341,katherine_jane,Katherine Wright,2020-02-11 12:57:46 UTC,2022-09-03 02:04:50 UTC,research,CC-BY-NC,https://www.inaturalist.org/observations/38535427,https://inaturalist-open-data.s3.amazonaws.com/photos/61259469/medium.jpeg,,"",,4,0,false,,Mallard,Anas platyrhynchos,Кряква,Aves,6930
38666518,8ef0edb7-d14c-42b4-98ff-9c59e07b4e0d,2020-02-15 1:55:41 PM GMT+01:00,2020-02-15,2020-02-15 12:55:41 UTC,Amsterdam,1449951,tarpao,,2020-02-15 12:58:03 UTC,2020-04-12 14:08:09 UTC,research,CC-BY-NC,https://www.inaturalist.org/observations/38666518,https://inaturalist-open-data.s3.amazonaws.com/photos/61487200/medium.jpeg,,"",,4,0,false,2,Mallard,Anas platyrhynchos,Кряква,Aves,6930
39043116,005bd4d6-c53c-4b74-be66-d12147449073,2020/02/14 15:41 UTC,2020-02-14,2020-02-14 15:41:00 UTC,UTC,1756341,katherine_jane,Katherine Wright,2020-02-22 12:51:36 UTC,2022-09-03 02:04:50 UTC,research,CC-BY-NC,https://www.inaturalist.org/observations/39043116,https://inaturalist-open-data.s3.amazonaws.com/photos/61948579/medium.jpeg,,"","",2,0,false,,Mallard,Anas platyrhynchos,Кряква,Aves,6930
39091089,9904e6e1-c9e6-4d77-96d7-14d32e69fa20,Sat Feb 22 2020 16:32:17 GMT+0100 (GMT+1),2020-02-22,2020-02-22 15:32:17 UTC,Amsterdam,1764140,bioros82,Rosario Balestrieri,2020-02-23 15:35:51 UTC,2020-05-23 09:24:00 UTC,research,,https://www.inaturalist.org/observations/39091089,https://static.inaturalist.org/photos/62024654/medium.jpg,,"",,4,0,false,3,Germano reale,Anas platyrhynchos,Кряква,Aves,6930
39095416,0b5b454c-40bd-4c5d-ae7b-e2c14ea0d188,2020/02/18 13:17 UTC,2020-02-18,2020-02-18 13:17:00 UTC,UTC,1756341,katherine_jane,Katherine Wright,2020-02-23 17:36:01 UTC,2022-09-03 02:04:50 UTC,research,CC-BY-NC,https://www.inaturalist.org/observations/39095416,https://inaturalist-open-data.s3.amazonaws.com/photos/62028317/medium.jpeg,,"","",1,0,false,,Stockente,Anas platyrhynchos,Кряква,Aves,6930
39244014,190e9352-a238-48f0-835e-97a6a05a2986,Wed Feb 26 2020 16:24:45 GMT+0100 (GMT+1),2020-02-26,2020-02-26 15:24:45 UTC,Amsterdam,2580830,thima823,,2020-02-26 16:03:24 UTC,2020-03-13 19:01:20 UTC,research,CC-BY-NC,https://www.inaturalist.org/observations/39244014,https://inaturalist-open-data.s3.amazonaws.com/photos/62236405/medium.jpg,,"",,2,0,false,3,Canard colvert,Anas platyrhynchos,Кряква,Aves,6930
39325381,df04fd2d-a1d5-49d4-af9e-5b577c006ffd,2020/02/28 4:48 PM CET,2020-02-28,2020-02-28 15:48:00 UTC,Berlin,32124,martingrimm,Martin Grimm,2020-02-28 20:05:27 UTC,2023-01-13 00:38:23 UTC,research,CC-BY-NC,https://www.inaturalist.org/observations/39325381,https://inaturalist-open-data.s3.amazonaws.com/photos/62373803/medium.jpg,,"",hybrid Mallard x N. rufina,3,0,false,,Mallard,Anas platyrhynchos,Кряква,Aves,6930
39470228,b3f0f8b7-389e-48e3-96dd-cab67727f585,2020/03/02 3:41 PM UTC,2020-03-02,,UTC,1756341,katherine_jane,Katherine Wright,2020-03-02 23:27:15 UTC,2024-05-26 08:23:08 UTC,research,CC-BY-NC,https://www.inaturalist.org/observations/39470228,https://inaturalist-open-data.s3.amazonaws.com/photos/62625544/medium.jpeg,,"",,5,1,false,,Canard colvert,Anas platyrhynchos,Кряква,Aves,6930
39774238,5cbc4744-fc4d-405c-a8e9-56648ccab965,Tue Oct 29 2019 03:29:22 GMT+0100 (GMT+1),2019-10-29,2019-10-29 02:29:22 UTC,Amsterdam,2633451,daryamarusyk,Darya Marusyk,2020-03-09 22:39:59 UTC,2022-11-17 00:22:41 UTC,research,,https://www.inaturalist.org/observations/39774238,https://static.inaturalist.org/photos/63136639/medium.jpg,,"",,2,0,false,3,Mallard,Anas platyrhynchos,Кряква,Aves,6930
39834311,1e4393da-17ad-4f8e-a5ee-fe43f9048950,2020-03-11 9:02:28 AM GMT,2020-03-11,2020-03-11 09:02:28 UTC,Europe/London,2164172,calum_mclennan,Calum McLennan,2020-03-11 10:58:16 UTC,2020-03-23 08:46:43 UTC,research,CC-BY,https://www.inaturalist.org/observations/39834311,https://inaturalist-open-data.s3.amazonaws.com/photos/63238657/medium.jpg,,"",,8,0,false,2,Mallard,Anas platyrhynchos,Кряква,Aves,6930
40124253,37c7c904-b279-4681-996e-c9314f63656b,2020-03-16 5:33:36 PM GMT+01:00,2020-03-16,2020-03-16 16:33:36 UTC,Amsterdam,2637764,vjvallance,Victor Vallance,2020-03-17 12:06:06 UTC,2022-04-08 13:18:34 UTC,research,,https://www.inaturalist.org/observations/40124253,https://static.inaturalist.org/photos/63732385/medium.jpeg,,"",,4,0,false,2,Canard colvert,Anas platyrhynchos,Кряква,Aves,6930
41312804,fe6ea64a-26bd-43cf-aa66-884154e4730b,2011/08/14 7:10 PM CEST,2011-08-14,2011-08-14 17:10:00 UTC,Rome,1937746,naturalista1989,Marco,2020-04-03 19:20:03 UTC,2021-12-19 11:13:06 UTC,research,CC-BY-NC,https://www.inaturalist.org/observations/41312804,https://inaturalist-open-data.s3.amazonaws.com/photos/65526453/medium.jpg,,"Germano Reale, Storga, Treviso, Italia, Sile",,6,0,false,,Canard colvert,Anas platyrhynchos,Кряква,Aves,6930
41312805,eb443ae7-a1c2-4982-9ab2-68c6ae5514ae,2011/08/14 7:10 PM CEST,2011-08-14,2011-08-14 17:10:00 UTC,Rome,1937746,naturalista1989,Marco,2020-04-03 19:20:03 UTC,2021-12-19 11:18:10 UTC,research,CC-BY-NC,https://www.inaturalist.org/observations/41312805,https://inaturalist-open-data.s3.amazonaws.com/photos/65526482/medium.jpg,,"germano reale, Treviso, Italia, Sile, Storga",,7,0,false,,Stockente,Anas platyrhynchos,Кряква,Aves,6930
41450069,19e427e9-44cf-4c66-b0df-128c01573739,2020/03/31 12:49 PM UTC,2020-03-31,2020-03-31 12:49:00 UTC,UTC,922357,lioneska,Lioneska,2020-04-05 15:58:54 UTC,2020-09-07 12:25:21 UTC,research,CC-BY-NC,https://www.inaturalist.org/observations/41450069,https://inaturalist-open-data.s3.amazonaws.com/photos/65747679/medium.jpg,,"Prague, animal, bird, blue, branch, brown, clouds, dry, grass, green, grey, march, orange, overcast, red, reeds, sky, snow, spring, sunny, tree, water, white, yellow",,2,0,false,,Mallard,Anas platyrhynchos,Кряква,Aves,6930
41833681,77b35ec5-fceb-4c30-8a18-99d12f22acdf,2015/06/28 2:27 PM CEST,2015-06-28,2015-06-28 12:27:00 UTC,Rome,1937746,naturalista1989,Marco,2020-04-10 16:29:26 UTC,2021-03-14 17:01:53 UTC,research,CC-BY-NC,https://www.inaturalist.org/observations/41833681,https://inaturalist-open-data.s3.amazonaws.com/photos/66380148/medium.jpeg,,"acqua, Italia, Lago, germano reale, montagna",,5,0,false,,Germano reale,Anas platyrhynchos,Кряква,Aves,6930
41834382,cbcc80cc-5648-4a4b-9b3f-a7f07ae576f9,2015/06/28 1:52 PM CEST,2015-06-28,2015-06-28 11:52:00 UTC,Rome,1937746,naturalista1989,Marco,2020-04-10 16:38:03 UTC,2021-02-03 21:05:13 UTC,research,CC-BY-NC,https://www.inaturalist.org/observations/41834382,https://inaturalist-open-data.s3.amazonaws.com/photos/66380840/medium.jpeg,,"Lago, Italia",,8,0,false,,Mallard,Anas platyrhynchos,Кряква,Aves,6930
41834384,42846a0d-7ba3-4e23-9e2b-6c09173e69fd,2015/06/28 12:54 PM CEST,2015-06-28,2015-06-28 10:54:00 UTC,Rome,1937746,naturalista1989,Marco,2020-04-10 16:38:06 UTC,2024-06-12 14:05:46 UTC,research,CC-BY-NC,https://www.inaturalist.org/observations/41834384,https://inaturalist-open-data.s3.amazonaws.com/photos/66381203/medium.jpeg,,"lago, italia, prova",,8,0,false,,Mallard,Anas platyrhynchos,Кряква,Aves,6930
41951540,a6a10ffc-3217-40a4-b4f8-b85acc28af94,2020/03/30 2:55 PM UTC,2020-03-30,,UTC,1756341,katherine_jane,Katherine Wright,2020-04-11 22:47:38 UTC,2022-09-03 02:04:50 UTC,research,CC-BY-NC,https://www.inaturalist.org/observations/41951540,https://inaturalist-open-data.s3.amazonaws.com/photos/66572843/medium.jpeg,,"",,1,0,false,,Mallard,Anas platyrhynchos,Кряква,Aves,6930
42109954,d1fe9a6d-c3b9-4283-9b33-0fe0ff8f51d3,2020/04/13 2:59 PM CEST,2020-04-13,2020-04-13 12:59:00 UTC,Paris,1421845,burguenomuc,Michael Barth,2020-04-13 19:31:37 UTC,2020-04-15 14:22:35 UTC,research,CC-BY-NC,https://www.inaturalist.org/observations/42109954,https://inaturalist-open-data.s3.amazonaws.com/photos/66840636/medium.jpeg,,"",,2,0,false,,綠頭鴨,Anas platyrhynchos,Кряква,Aves,6930
42163229,e9532a12-6d96-47cb-a6c8-022f8ae989a9,2020/04/14 1:01 PM CEST,2020-04-14,2020-04-14 11:01:00 UTC,Paris,1386107,butia2017,,2020-04-14 14:52:52 UTC,2020-04-16 19:37:28 UTC,research,CC-BY-NC,https://www.inaturalist.org/observations/42163229,https://inaturalist-open-data.s3.amazonaws.com/photos/66931890/medium.jpg,,"",,1,0,false,,Germano reale,Anas platyrhynchos,Кряква,Aves,6930
42241762,790ea4e2-81a7-40da-9fab-df9978e0c334,Wed Apr 15 2020 12:22:46 GMT+0200 (GMT+2),2020-04-15,2020-04-15 10:22:46 UTC,Africa/Johannesburg,2757400,tobias_brendel,,2020-04-15 16:07:25 UTC,2023-04-17 00:42:32 UTC,research,CC-BY-NC,https://www.inaturalist.org/observations/42241762,https://inaturalist-open-data.s3.amazonaws.com/photos/67061722/medium.jpg,,"",,2,0,false,3,Canard colvert,Anas platyrhynchos,Кряква,Aves,6930
42468372,284b8a1c-92a6-463a-8e65-166810e67cd9,2017-04-16 1:33:00 PM GMT+02:00,2017-04-16,2017-04-16 11:33:00 UTC,Warsaw,2637468,the-inspektor,Inspektor,2020-04-18 13:06:53 UTC,2021-05-16 00:20:57 UTC,research,CC-BY-NC,https://www.inaturalist.org/observations/42468372,https://inaturalist-open-data.s3.amazonaws.com/photos/67432879/medium.jpg,,"",male and female pair.,1,0,false,,Krzyżówka,Anas platyrhynchos,Кряква,Aves,6930
42589610,5b2cdb61-8b0d-46fd-b047-56478c598f8a,2020/04/18 1:49 PM HST,2020-04-18,2020-04-18 23:49:00 UTC,Hawaii,1959201,merl,Kevin Merl,2020-04-19 17:59:58 UTC,2025-06-19 15:34:20 UTC,research,CC0,https://www.inaturalist.org/observations/42589610,https://inaturalist-open-data.s3.amazonaws.com/photos/67627531/medium.jpeg,,"","",2,0,false,,Mallard,Anas platyrhynchos,Кряква,Aves,6930
42602105,020fc79d-5ffd-4599-ae65-0a197fa7c7b2,Sat Jan 04 2020 17:30:16 GMT+0100 (GMT+1),2020-01-04,2020-01-04 16:30:16 UTC,Amsterdam,2431870,arianna88,Arianna Caniglia,2020-04-19 19:55:17 UTC,2020-06-26 12:32:57 UTC,research,,https://www.inaturalist.org/observations/42602105,https://static.inaturalist.org/photos/67649535/medium.jpg,,"",,5,0,false,3,Stockente,Anas platyrhynchos,Кряква,Aves,6930
42652552,0c156d13-ce5d-4d26-9d96-432781010129,2020/04/20 10:01 AM ,2020-04-20,2020-04-20 08:01:00 UTC,Vienna,2743194,thza,"",2020-04-20 08:20:02 UTC,2025-06-19 15:34:14 UTC,research,CC-BY-NC-SA,https://www.inaturalist.org/observations/42652552,https://inaturalist-open-data.s3.amazonaws.com/photos/67733102/medium.jpg,,"",,2,0,false,,Germano reale,Anas platyrhynchos,Кряква,Aves,6930
43704216,ed8c70d5-a124-4dca-8950-93acddc857f4,2020/04/26 4:01 PM HST,2020-04-26,2020-04-27 02:01:00 UTC,Hawaii,1959201,merl,Kevin Merl,2020-04-26 19:30:40 UTC,2025-06-20 15:22:53 UTC,research,CC0,https://www.inaturalist.org/observations/43704216,https://inaturalist-open-data.s3.amazonaws.com/photos/69311259/medium.jpeg,,"","",3,0,false,,Stockente,Anas platyrhynchos,Кряква,Aves,6930
43940569,cd5ed317-8bf2-42c2-a9d2-5c303927e11f,2020/04/27 5:21 PM CEST,2020-04-27,2020-04-27 15:21:00 UTC,Berlin,32124,martingrimm,Martin Grimm,2020-04-27 17:50:29 UTC,2023-04-17 01:27:02 UTC,research,CC-BY-NC,https://www.inaturalist.org/observations/43940569,https://inaturalist-open-data.s3.amazonaws.com/photos/69679744/medium.jpg,,"",,1,0,false,,Stockente,Anas platyrhynchos,Кряква,Aves,6930
44127482,9b35c36b-c444-4ad3-b363-7e4f66ecf265,2020-04-28 4:50:23 PM GMT+02:00,2020-04-28,2020-04-28 14:50:23 UTC,Africa/Johannesburg,1776852,blackindia77,Kathrin Haas,2020-04-28 14:53:17 UTC,2025-06-20 15:26:28 UTC,research,CC-BY-NC,https://www.inaturalist.org/observations/44127482,https://inaturalist-open-data.s3.amazonaws.com/photos/69965568/medium.jpeg,,"",,2,0,false,2,Mallard,Anas platyrhynchos,Кряква,Aves,6930
44127546,fb3dd670-c7e2-4a89-9fcb-f3292d39af5d,2020-04-28 4:50:16 PM GMT+02:00,2020-04-28,2020-04-28 14:50:16 UTC,Africa/Johannesburg,1776852,blackindia77,Kathrin Haas,2020-04-28 14:53:58 UTC,2025-06-20 15:26:27 UTC,research,CC-BY-NC,https://www.inaturalist.org/observations/44127546,https://inaturalist-open-data.s3.amazonaws.com/photos/69965698/medium.jpeg,,"",,2,0,false,2,Mallard,Anas platyrhynchos,Кряква,Aves,6930
45190791,c1fe9418-ad6e-4cea-9c5f-1d4af253ae76,2020/05/06 6:17 PM CEST,2020-05-06,2020-05-06 16:17:00 UTC,Sarajevo,745656,amujcinovic,Ahmed Mujčinović,2020-05-07 18:39:44 UTC,2022-10-21 19:29:39 UTC,research,CC-BY-NC-SA,https://www.inaturalist.org/observations/45190791,https://inaturalist-open-data.s3.amazonaws.com/photos/71648436/medium.jpeg,,"",,2,0,false,,Mallard,Anas platyrhynchos,Кряква,Aves,6930
45668010,9e34192a-1e35-4e78-a1ed-f68398ba3654,2020-04-26 6:41:24 PM GMT+02:00,2020-04-26,2020-04-26 16:41:24 UTC,Africa/Johannesburg,2937606,trailcamnl,trailcam.nl,2020-05-12 10:05:11 UTC,2021-01-06 08:06:33 UTC,research,,https://www.inaturalist.org/observations/45668010,https://static.inaturalist.org/photos/72425752/medium.jpeg,,"",,2,0,false,2,Canard colvert,Anas platyrhynchos,Кряква,Aves,6930
45756898,7cfa6fb6-ddbf-4798-9dba-421e7eaa9d8a,2020-05-12 4:47:07 PM GMT+02:00,2020-05-12,2020-05-12 14:47:07 UTC,Africa/Johannesburg,2942371,auroracolla,Aurora Colla,2020-05-13 07:08:42 UTC,2020-06-07 19:44:39 UTC,research,,https://www.inaturalist.org/observations/45756898,https://static.inaturalist.org/photos/77485607/medium.jpeg,,"",,4,0,false,2,Germano reale,Anas platyrhynchos,Кряква,Aves,6930
45861700,266357ed-fa47-4d88-85cc-c91a059fd2a0,2020/05/09 1:56 PM CEST,2020-05-09,2020-05-09 11:56:00 UTC,Rome,111219,cristianomantovani,Cristiano Mantovani,2020-05-14 11:55:51 UTC,2022-09-29 22:55:49 UTC,research,,https://www.inaturalist.org/observations/45861700,https://static.inaturalist.org/photos/72737807/medium.jpg,,"",,3,0,false,,Germano reale,Anas platyrhynchos,Кряква,Aves,6930
46285808,648815cd-4cee-4b89-a5b3-8917fac27439,2020/05/17 3:23 PM CEST,2020-05-17,2020-05-17 13:23:00 UTC,Berlin,213733,inasiebert,Ina Siebert,2020-05-17 20:02:33 UTC,2022-01-19 08:29:03 UTC,research,CC-BY-NC,https://www.inaturalist.org/observations/46285808,https://inaturalist-open-data.s3.amazonaws.com/photos/73405820/medium.jpg,,"","",1,0,false,,Mallard,Anas platyrhynchos,Кряква,Aves,6930
46380132,a49de488-6567-46ae-9e08-1d16776ce3f0,Sun Nov 03 2019 19:12:02 GMT+0200 (GMT+2),2019-11-03,2019-11-03 17:12:02 UTC,Kyiv,2256857,vorobeivolynskii,Arsen Vorobei,2020-05-18 15:31:29 UTC,2024-10-01 11:41:08 UTC,research,CC-BY,https://www.inaturalist.org/observations/46380132,https://inaturalist-open-data.s3.amazonaws.com/photos/73561776/medium.jpg,,"",,1,0,false,3,Pato-real,Anas platyrhynchos,Кряква,Aves,6930
46495578,4afdce43-3d83-4438-9eda-7638a4bb010f,2020-05-19 5:45:05 PM GMT+02:00,2020-05-19,2020-05-19 15:45:05 UTC,Africa/Johannesburg,2977041,bukaj,"",2020-05-19 15:45:42 UTC,2020-11-03 22:19:15 UTC,research,,https://www.inaturalist.org/observations/46495578,https://static.inaturalist.org/photos/73745661/medium.jpeg,,"",,3,0,false,2,Kachna Divoká,Anas platyrhynchos,Кряква,Aves,6930
46869705,e09af74a-beab-4485-81bd-2a8a66881e2f,2020/05/22 5:29 PM CEST,2020-05-22,2020-05-22 15:29:00 UTC,Paris,2123860,nans_barth,Nans,2020-05-22 18:20:48 UTC,2022-01-11 15:18:22 UTC,research,CC-BY-NC,https://www.inaturalist.org/observations/46869705,https://inaturalist-open-data.s3.amazonaws.com/photos/74331191/medium.jpeg,,"",,1,0,false,,Canard colvert,Anas platyrhynchos,Кряква,Aves,6930
47205992,727ab4e5-5d75-4a21-842c-657ac304be27,2020-05-06 8:24:05 PM GMT+02:00,2020-05-06,2020-05-06 18:24:05 UTC,Africa/Johannesburg,3048600,lluisdegibertiatienza,Lluis de Gibert i Atienza,2020-05-25 00:22:50 UTC,2020-05-28 22:44:54 UTC,research,,https://www.inaturalist.org/observations/47205992,https://static.inaturalist.org/photos/74865621/medium.jpeg,,"",,1,0,false,2,綠頭鴨,Anas platyrhynchos,Кряква,Aves,6930
47435727,3374df3a-59e4-42d6-ab4d-6574a0e69155,2020/05/24 10:59 AM CEST,2020-05-24,2020-05-24 08:59:00 UTC,Berlin,2715138,ch_berg,Christian Berg,2020-05-26 19:56:11 UTC,2025-06-20 15:31:47 UTC,research,CC-BY,https://www.inaturalist.org/observations/47435727,https://inaturalist-open-data.s3.amazonaws.com/photos/75232369/medium.jpeg,,"","",2,0,false,,Mallard,Anas platyrhynchos,Кряква,Aves,6930
47452402,77343d14-5dea-4282-82e1-8e2a4e3e187b,2020/05/25 14:20 UTC,2020-05-25,2020-05-25 14:20:00 UTC,UTC,1756341,katherine_jane,Katherine Wright,2020-05-26 22:42:33 UTC,2022-09-03 02:04:50 UTC,research,CC-BY-NC,https://www.inaturalist.org/observations/47452402,https://inaturalist-open-data.s3.amazonaws.com/photos/75259268/medium.jpeg,,"",Intersex bird,2,0,false,,Mallard,Anas platyrhynchos,Кряква,Aves,6930
47452412,03137fa9-3a99-420b-819d-e42fa8a4886c,2020/05/25 14:22 UTC,2020-05-25,2020-05-25 14:22:00 UTC,UTC,1756341,katherine_jane,Katherine Wright,2020-05-26 22:42:38 UTC,2022-09-03 02:04:50 UTC,research,CC-BY-NC,https://www.inaturalist.org/observations/47452412,https://inaturalist-open-data.s3.amazonaws.com/photos/75259397/medium.jpeg,,"","",2,0,false,,Mallard,Anas platyrhynchos,Кряква,Aves,6930
47767520,e05e8c6d-9a6d-45a2-944f-002c979c10cc,2009/12/25 11:29 AM SAST,2009-12-25,2009-12-25 10:29:00 UTC,Vienna,2839503,adamwelz,Adam Welz,2020-05-29 19:51:32 UTC,2025-06-20 15:31:07 UTC,research,CC-BY-NC,https://www.inaturalist.org/observations/47767520,https://inaturalist-open-data.s3.amazonaws.com/photos/75771662/medium.jpg,,"Austria, Aves, EU, Europe, Mallard, Prater Park, Vienna, Wien, bird, birds, duck, male, record shot, winter",Prater Park. In eBird.,2,0,false,,Mallard,Anas platyrhynchos,Кряква,Aves,6930
47782266,f1489a4e-a2a9-4b17-a30f-1685ee59527b,2020/05/28 13:04 UTC,2020-05-28,2020-05-28 13:04:00 UTC,UTC,1756341,katherine_jane,Katherine Wright,2020-05-29 22:27:27 UTC,2022-09-03 02:04:50 UTC,research,CC-BY-NC,https://www.inaturalist.org/observations/47782266,https://inaturalist-open-data.s3.amazonaws.com/photos/75790420/medium.jpeg,,"","",2,0,false,,Mallard,Anas platyrhynchos,Кряква,Aves,6930
48413384,73f9a097-cd4a-411f-a68f-e0715fcdbcf1,2020/05/02 9:52 AM CEST,2020-05-02,2020-05-02 07:52:00 UTC,Paris,1859910,frankielee91,"",2020-06-04 06:04:49 UTC,2023-04-03 08:23:14 UTC,research,CC-BY-NC,https://www.inaturalist.org/observations/48413384,https://inaturalist-open-data.s3.amazonaws.com/photos/76818531/medium.jpeg,,"",,1,0,false,,Mallard,Anas platyrhynchos,Кряква,Aves,6930
49628744,a6eb7348-f6be-4430-9500-189dcdbab160,Tue Jun 11 2019 15:00:04 GMT+0200 (GMT+2),2019-06-11,2019-06-11 13:00:04 UTC,Africa/Johannesburg,1433997,stefandominik,Stefan Dominik Brändel,2020-06-14 20:02:37 UTC,2025-08-14 06:52:34 UTC,research,,https://www.inaturalist.org/observations/49628744,https://static.inaturalist.org/photos/78785134/medium.jpg,,"",,2,0,false,3,Stockente,Anas platyrhynchos,Кряква,Aves,6930
49945577,d03d7d16-a834-40c6-9ffa-21114605ec3c,2020/03/08 5:15 PM AEDT,2020-03-08,2020-03-08 06:15:00 UTC,Sydney,793005,twan3253,Tim,2020-06-17 14:26:50 UTC,2025-06-20 15:35:44 UTC,research,CC-BY,https://www.inaturalist.org/observations/49945577,https://inaturalist-open-data.s3.amazonaws.com/photos/79299345/medium.jpeg,,"","",4,0,false,,Mallard,Anas platyrhynchos,Кряква,Aves,6930
50254447,f5cd09ea-b88b-474f-994f-c8b803ffd5ee,2020-04-26 10:43:27 AM GMT+02:00,2020-04-26,2020-04-26 08:43:27 UTC,Pretoria,3209123,christofhuber,christof huber,2020-06-20 12:20:22 UTC,2025-06-20 15:41:01 UTC,research,CC-BY-NC,https://www.inaturalist.org/observations/50254447,https://static.inaturalist.org/photos/79803494/medium.jpeg,,"",,3,0,false,2,Stockente,Anas platyrhynchos,Кряква,Aves,6930
50283657,f2a34c24-0298-4eaa-b4a9-5653af726902,Sat Jun 20 2020 14:56:12 GMT+0100 (GMT+1),2020-06-20,2020-06-20 12:56:12 UTC,Amsterdam,3211307,lornajgreen,,2020-06-20 16:15:49 UTC,2022-08-16 16:27:57 UTC,research,CC-BY-NC,https://www.inaturalist.org/observations/50283657,https://inaturalist-open-data.s3.amazonaws.com/photos/79845516/medium.jpg,,"",,4,0,false,3,Canard colvert,Anas platyrhynchos,Кряква,Aves,6930
50295731,8ddd74cd-0b79-4a5b-b954-a15fb340c6c3,2020/03/13 1:59 PM AEDT,2020-03-13,2020-03-13 02:59:00 UTC,Sydney,793005,twan3253,Tim,2020-06-20 17:40:26 UTC,2025-06-20 15:40:40 UTC,research,CC-BY,https://www.inaturalist.org/observations/50295731,https://inaturalist-open-data.s3.amazonaws.com/photos/79859120/medium.jpeg,,"","",2,0,false,,Stockente,Anas platyrhynchos,Кряква,Aves,6930
50402545,4bce8764-5f05-44e0-9bb8-f0f952032515,2020/03/13 5:11 PM AEDT,2020-03-13,2020-03-13 06:11:00 UTC,Sydney,793005,twan3253,Tim,2020-06-21 12:55:07 UTC,2025-06-20 15:39:44 UTC,research,CC-BY,https://www.inaturalist.org/observations/50402545,https://inaturalist-open-data.s3.amazonaws.com/photos/80029578/medium.jpeg,,"","",2,0,false,,Mallard,Anas platyrhynchos,Кряква,Aves,6930
50435473,232959b3-249e-4ec6-852d-a410e73b71c7,2020/06/20 7:15 PM BST,2020-06-20,2020-06-20 18:15:00 UTC,London,1002688,kitbeard,"",2020-06-21 17:07:39 UTC,2022-04-06 12:02:25 UTC,research,CC-BY,https://www.inaturalist.org/observations/50435473,https://inaturalist-open-data.s3.amazonaws.com/photos/80081150/medium.jpeg,,"","",3,0,false,,Mallard,Anas platyrhynchos,Кряква,Aves,6930
50538605,b60db9a8-6165-4e1d-854f-8f033bb2f645,2020/06/21 3:43 PM BST,2020-06-21,2020-06-21 14:43:00 UTC,London,1002688,kitbeard,"",2020-06-22 11:59:11 UTC,2022-04-06 12:02:25 UTC,research,CC-BY,https://www.inaturalist.org/observations/50538605,https://inaturalist-open-data.s3.amazonaws.com/photos/80249460/medium.jpeg,,"",,3,0,false,,Mallard,Anas platyrhynchos,Кряква,Aves,6930
50746058,d949ee76-d581-4b38-b018-338ad31d36c4,2020/03/19 3:39 PM AEDT,2020-03-19,2020-03-19 04:39:00 UTC,Sydney,793005,twan3253,Tim,2020-06-24 05:34:58 UTC,2025-06-20 15:47:12 UTC,research,CC-BY,https://www.inaturalist.org/observations/50746058,https://inaturalist-open-data.s3.amazonaws.com/photos/80597668/medium.jpeg,,"","",4,0,false,,Wilde Eend,Anas platyrhynchos,Кряква,Aves,6930
50879040,0d8d140f-82c6-4c4e-8d88-33757bdca990,2017-09-08 4:23:00 PM GMT+02:00,2017-09-08,2017-09-08 14:23:00 UTC,Africa/Johannesburg,3120162,ruggeridavide,RUGGERI DAVIDE,2020-06-25 13:12:56 UTC,2025-06-20 15:46:24 UTC,research,,https://www.inaturalist.org/observations/50879040,https://static.inaturalist.org/photos/80812719/medium.jpg,,"",,2,0,false,2,Canard colvert,Anas platyrhynchos,Кряква,Aves,6930
51359771,879c80b5-e8d7-4005-9134-253973a946bd,Mon Jun 29 2020 16:02:50 GMT+0200 (GMT+2),2020-06-29,2020-06-29 14:02:50 UTC,Africa/Johannesburg,1808957,nicolaslr,,2020-06-29 14:07:14 UTC,2020-06-29 15:48:18 UTC,research,CC-BY-NC,https://www.inaturalist.org/observations/51359771,https://inaturalist-open-data.s3.amazonaws.com/photos/81592607/medium.jpg,,"",,1,0,false,3,Mallard,Anas platyrhynchos,Кряква,Aves,6930
51677672,1a4289c7-5e9c-44eb-969a-af0cf174b96e,2018-12-04 2:02:27 PM GMT+01:00,2018-12-04,2018-12-04 13:02:27 UTC,Amsterdam,3150278,ladovics,"",2020-07-02 11:06:02 UTC,2025-06-20 15:44:31 UTC,research,,https://www.inaturalist.org/observations/51677672,https://static.inaturalist.org/photos/82121904/medium.jpeg,,"",,2,0,false,2,Кряква,Anas platyrhynchos,Кряква,Aves,6930
53359764,1ce48cd2-b468-4d19-8048-948bc6ff9f15,2020/07/17 1:48 PM CEST,2020-07-17,2020-07-17 11:48:00 UTC,Warsaw,3049655,zuzannaz,Zuzanna Zaradzka,2020-07-17 13:21:31 UTC,2022-05-10 12:46:13 UTC,research,,https://www.inaturalist.org/observations/53359764,https://static.inaturalist.org/photos/84863810/medium.jpeg,,"",,1,0,false,,Krzyżówka,Anas platyrhynchos,Кряква,Aves,6930
53492584,1b7ebafd-e200-4b0c-9d86-0f27ad4685ed,2020/07/18 4:33 PM UTC,2020-07-18,,UTC,2613544,wolfschritt,Wolfgang Schrittwieser,2020-07-18 16:51:55 UTC,2025-06-20 15:43:23 UTC,research,CC-BY-NC,https://www.inaturalist.org/observations/53492584,https://inaturalist-open-data.s3.amazonaws.com/photos/85081216/medium.jpg,,"",,2,0,false,,Mallard,Anas platyrhynchos,Кряква,Aves,6930
53542502,88334a8b-7dca-4ab0-8aeb-9d8770bdb96d,2020/07/17 3:23 PM UTC,2020-07-17,,UTC,1756341,katherine_jane,Katherine Wright,2020-07-19 00:22:12 UTC,2022-09-03 02:04:50 UTC,research,CC-BY-NC,https://www.inaturalist.org/observations/53542502,https://inaturalist-open-data.s3.amazonaws.com/photos/85160751/medium.jpeg,,"",Intersex bird,2,0,false,,Mallard,Anas platyrhynchos,Кряква,Aves,6930
53542514,94622297-91b3-46b0-86b6-16c16cbc811d,2020/07/17 3:26 PM UTC,2020-07-17,,UTC,1756341,katherine_jane,Katherine Wright,2020-07-19 00:22:18 UTC,2022-09-03 02:04:50 UTC,research,CC-BY-NC,https://www.inaturalist.org/observations/53542514,https://inaturalist-open-data.s3.amazonaws.com/photos/85161037/medium.jpeg,,"",,2,0,false,,Sinisorsa,Anas platyrhynchos,Кряква,Aves,6930
53982863,5ee09b56-d17f-4240-8e73-409618aa013c,2020/07/22 12:28 PM CEST,2020-07-22,2020-07-22 10:28:00 UTC,Berlin,213733,inasiebert,Ina Siebert,2020-07-22 19:45:12 UTC,2020-07-22 20:57:11 UTC,research,CC-BY-NC,https://www.inaturalist.org/observations/53982863,https://inaturalist-open-data.s3.amazonaws.com/photos/85870453/medium.jpg,,"",,2,0,false,,Mallard,Anas platyrhynchos,Кряква,Aves,6930
54033763,400292f4-5867-44d5-be8d-0daa5b545c25,2020-07-23T10:51:41+02:00,2020-07-23,2020-07-23 08:51:41 UTC,Paris,327694,taupo,Pierre Kerner,2020-07-23 08:51:48 UTC,2020-11-18 16:05:03 UTC,research,CC-BY-NC,https://www.inaturalist.org/observations/54033763,https://inaturalist-open-data.s3.amazonaws.com/photos/85961639/medium.jpeg,,"","",1,0,false,333,Canard Colvert,Anas platyrhynchos,Кряква,Aves,6930
54653077,d02418ae-a0e4-494f-a6cb-c8b9517adf55,2020-07-28 2:26:35 PM GMT+02:00,2020-07-28,2020-07-28 10:26:35 UTC,Pretoria,1073255,crapfou,Crap Fou,2020-07-28 17:57:19 UTC,2025-06-02 09:08:57 UTC,research,,https://www.inaturalist.org/observations/54653077,https://static.inaturalist.org/photos/86974454/medium.jpeg,,"",,2,0,false,2,Canard colvert,Anas platyrhynchos,Кряква,Aves,6930
54692502,6bb787df-9456-49aa-a995-5b8de3e03e86,2020/07/26 2:38 PM UTC,2020-07-26,,UTC,1756341,katherine_jane,Katherine Wright,2020-07-29 01:02:15 UTC,2022-09-03 02:04:50 UTC,research,CC-BY-NC,https://www.inaturalist.org/observations/54692502,https://inaturalist-open-data.s3.amazonaws.com/photos/87037042/medium.jpeg,,"",,2,0,false,,Mallard,Anas platyrhynchos,Кряква,Aves,6930
54870194,763de8e0-eb7c-41ff-8a41-6c1ac903cf23,2020/07/26 8:32 AM HST,2020-07-26,2020-07-26 18:32:00 UTC,Hawaii,1959201,merl,Kevin Merl,2020-07-30 19:44:34 UTC,2025-06-20 15:52:06 UTC,research,CC0,https://www.inaturalist.org/observations/54870194,https://inaturalist-open-data.s3.amazonaws.com/photos/87329536/medium.jpeg,,"","",2,0,false,,Mallard,Anas platyrhynchos,Кряква,Aves,6930
54949533,df0f2ef3-7e2e-4669-87a5-113683eef3d9,2020/07/31 4:13 PM CEST,2020-07-31,2020-07-31 14:13:00 UTC,Vienna,3022719,danielahlavka,Daniela Hlavka,2020-07-31 17:42:42 UTC,2025-06-20 15:52:04 UTC,research,CC-BY-NC,https://www.inaturalist.org/observations/54949533,https://static.inaturalist.org/photos/87464918/medium.jpeg,,"","",2,0,false,,Mallard,Anas platyrhynchos,Кряква,Aves,6930
57047310,27b99191-0cda-4623-8a20-329f24adec57,2007/04/23 2:21 PM CEST,2007-04-23,2007-04-23 12:21:00 UTC,Paris,2533480,christoph_moning,Christoph Moning,2020-08-20 18:08:06 UTC,2025-06-20 15:49:26 UTC,research,CC-BY,https://www.inaturalist.org/observations/57047310,https://inaturalist-open-data.s3.amazonaws.com/photos/90962402/medium.jpeg,,"",,2,0,false,,Sinisorsa,Anas platyrhynchos,Кряква,Aves,6930
58374488,120c2656-298b-4016-b7c6-4f36ed7bc054,2020/09/02 7:12 PM UTC,2020-09-02,,UTC,3333545,albissers_grund,"",2020-09-02 23:31:15 UTC,2020-09-03 19:27:48 UTC,research,CC-BY-NC,https://www.inaturalist.org/observations/58374488,https://inaturalist-open-data.s3.amazonaws.com/photos/93191606/medium.jpg,,"",,2,0,false,,Sinisorsa,Anas platyrhynchos,Кряква,Aves,6930
59428588,bdffa5e5-6055-431d-a204-bd1bb52e41a1,2020/09/01 4:25 PM CEST,2020-09-01,2020-09-01 14:25:00 UTC,Vienna,827504,gernotkunz,"",2020-09-13 10:47:09 UTC,2025-06-20 15:58:41 UTC,research,CC-BY-NC,https://www.inaturalist.org/observations/59428588,https://static.inaturalist.org/photos/94957480/medium.jpg,,"",,3,0,false,,Mallard,Anas platyrhynchos,Кряква,Aves,6930
61130452,a118e9e3-2ab0-48a7-bf64-4fb726c50725,Sun Sep 27 2020 10:23:05 GMT+0200 (GMT+2),2020-09-27,2020-09-27 08:23:05 UTC,Africa/Johannesburg,842312,chrisvanbladel,"",2020-09-28 18:58:09 UTC,2020-09-28 20:25:33 UTC,research,CC-BY-ND,https://www.inaturalist.org/observations/61130452,https://inaturalist-open-data.s3.amazonaws.com/photos/97791227/medium.jpg,,"",,1,0,false,3,Pato-real,Anas platyrhynchos,Кряква,Aves,6930
61804205,d5412ecc-a38d-4cbb-bd1b-a7c85729e183,2009/07/08,2009-07-08,,Paris,3681584,linnes_nightmare,Linné's Nightmare,2020-10-05 19:49:41 UTC,2025-06-20 15:54:29 UTC,research,CC-BY-NC,https://www.inaturalist.org/observations/61804205,https://static.inaturalist.org/photos/98941983/medium.jpg,,"",,2,0,false,,Mallard,Anas platyrhynchos,Кряква,Aves,6930
62027999,55e3f44a-d090-465b-917e-36eb172d0786,2020-10-08 4:13:58 PM GMT+02:00,2020-10-08,2020-10-08 14:13:58 UTC,Africa/Johannesburg,3709655,jessica_k,"",2020-10-08 14:16:57 UTC,2025-06-20 16:01:59 UTC,research,CC-BY-NC,https://www.inaturalist.org/observations/62027999,https://inaturalist-open-data.s3.amazonaws.com/photos/99330587/medium.jpeg,,"",,2,0,false,2,Germano reale,Anas platyrhynchos,Кряква,Aves,6930
63243533,9c2cd1ab-ca53-4560-9886-359aa958cf40,2020/10/22 12:23 PM BST,2020-10-22,2020-10-22 11:23:00 UTC,Edinburgh,3352499,trevorsheffield,Trevor Marshall,2020-10-22 14:42:34 UTC,2020-10-22 19:49:20 UTC,research,CC-BY-NC,https://www.inaturalist.org/observations/63243533,https://inaturalist-open-data.s3.amazonaws.com/photos/101467420/medium.jpeg,,"","",2,0,false,,Mallard,Anas platyrhynchos,Кряква,Aves,6930
63576277,9fe88703-291c-4837-a753-141de49ea217,2018/04/29,2018-04-29,,Paris,3681584,linnes_nightmare,Linné's Nightmare,2020-10-26 16:25:57 UTC,2025-06-20 16:11:11 UTC,research,CC-BY-NC,https://www.inaturalist.org/observations/63576277,https://static.inaturalist.org/photos/226161289/medium.jpg,,"","",2,0,false,,Anas platyrhynchos,Anas platyrhynchos,Кряква,Aves,6930
63774446,7c380dc1-1162-4143-8ef0-1aebda81a43c,2011/05/12,2011-05-12,,Paris,3681584,linnes_nightmare,Linné's Nightmare,2020-10-29 18:01:56 UTC,2025-06-20 16:10:29 UTC,research,CC-BY-NC,https://www.inaturalist.org/observations/63774446,https://static.inaturalist.org/photos/254907875/medium.jpg,,"",,3,0,false,,Mallard,Anas platyrhynchos,Кряква,Aves,6930
63861533,3ec98bf1-86cd-4563-b9d3-7db2ea475f73,2020/06/13 8:09 PM CEST,2020-06-13,2020-06-13 18:09:00 UTC,Paris,3233792,rober025,"",2020-10-31 03:19:55 UTC,2021-04-29 06:09:25 UTC,research,CC-BY-NC,https://www.inaturalist.org/observations/63861533,https://static.inaturalist.org/photos/102567972/medium.jpeg,,Lannewee,"",2,0,false,,Mallard,Anas platyrhynchos,Кряква,Aves,6930
63926937,a30cf9d1-cd14-4faf-ac69-126cd8279168,2020-10-25 1:56:00 PM GMT+01:00,2020-10-25,2020-10-25 12:56:00 UTC,Amsterdam,3773045,speckmaus,"",2020-11-01 00:36:24 UTC,2025-06-20 16:09:07 UTC,research,CC-BY-NC,https://www.inaturalist.org/observations/63926937,https://inaturalist-open-data.s3.amazonaws.com/photos/102683232/medium.jpeg,,"",Entenvögel (Anatidae),4,0,false,2,Mallard,Anas platyrhynchos,Кряква,Aves,6930
64068586,bb809bd8-1f2e-4374-9725-71777f0c1aa7,2020/11/02 5:35 PM CET,2020-11-02,2020-11-02 16:35:00 UTC,Paris,3233792,rober025,"",2020-11-02 22:55:41 UTC,2021-04-29 06:09:25 UTC,research,CC-BY-NC,https://www.inaturalist.org/observations/64068586,https://static.inaturalist.org/photos/102938833/medium.jpeg,,"Haff Remich, Aves","",3,0,false,,Sinisorsa,Anas platyrhynchos,Кряква,Aves,6930
64922820,a0448f26-72a1-44ed-b450-6f01f1694956,2020/11/14 12:00 PM HST,2020-11-14,2020-11-14 22:00:00 UTC,Hawaii,1959201,merl,Kevin Merl,2020-11-15 10:07:48 UTC,2025-06-20 16:06:41 UTC,research,CC0,https://www.inaturalist.org/observations/64922820,https://inaturalist-open-data.s3.amazonaws.com/photos/104453137/medium.jpeg,,"","",2,0,false,,Mallard,Anas platyrhynchos,Кряква,Aves,6930
65009406,d03b8fcd-6555-4629-8aa2-6f215f476814,2020-11-16 11:50:31 AM GMT+01:00,2020-11-16,2020-11-16 10:50:31 UTC,Amsterdam,3290749,lugerjosef,Luger Josef,2020-11-16 11:51:43 UTC,2025-06-20 16:16:26 UTC,research,CC-BY-NC,https://www.inaturalist.org/observations/65009406,https://static.inaturalist.org/photos/104599137/medium.jpeg,,"",,2,0,false,2,Mallard,Anas platyrhynchos,Кряква,Aves,6930
65460972,6bd83525-0987-4a8e-9954-33875011df27,2020/11/22 11:18 AM CET,2020-11-22,2020-11-22 10:18:00 UTC,Madrid,3643504,euqirneto,"",2020-11-23 07:01:17 UTC,2025-01-01 02:27:30 UTC,research,CC0,https://www.inaturalist.org/observations/65460972,https://inaturalist-open-data.s3.amazonaws.com/photos/105367306/medium.jpg,,"",There's always a huge flock of /Anas platyrhynchos/ here. This single male individual has always stood out from the rest due to its lack of colour. It has also a yellow ring on one of its feet.,4,0,false,,Ánade real,Anas platyrhynchos,Кряква,Aves,6930
66242716,094d9a8e-2020-446b-ba28-148a7bb1bcd9,2020/12/04 2:49 PM CET,2020-12-04,2020-12-04 13:49:00 UTC,Berlin,999066,alexis_orion,Alexis Tinker-Tsavalas,2020-12-07 09:27:23 UTC,2020-12-11 18:49:40 UTC,research,CC-BY,https://www.inaturalist.org/observations/66242716,https://inaturalist-open-data.s3.amazonaws.com/photos/106741743/medium.jpeg,,"",,5,0,false,,Mallard,Anas platyrhynchos,Кряква,Aves,6930
66251385,e2e60d23-27a2-417c-aa00-7a288d3ec91f,Fri Dec 07 2018 12:52:36 GMT+0000 (GMT),2018-12-07,2018-12-07 12:52:36 UTC,UTC,3171509,alice-j13,Alice Johnston,2020-12-07 15:59:50 UTC,2020-12-08 08:05:19 UTC,research,,https://www.inaturalist.org/observations/66251385,https://static.inaturalist.org/photos/106759038/medium.jpg,,"","",3,0,false,3,Mallard,Anas platyrhynchos,Кряква,Aves,6930
66371783,265a9d44-83fe-4071-9e15-e22900a424b2,2006/10/29 6:52 AM CET,2006-10-29,2006-10-29 05:52:00 UTC,Paris,3078378,paulsch,paulsch,2020-12-10 12:36:46 UTC,2025-06-20 16:13:36 UTC,research,CC-BY-NC,https://www.inaturalist.org/observations/66371783,https://static.inaturalist.org/photos/106981929/medium.jpg,,"",,2,0,false,,Mallard,Anas platyrhynchos,Кряква,Aves,6930
66373970,fc922617-4fb8-4c4d-93f3-e9ab7da960f2,Wed Dec 09 2020 13:34:01 GMT+0100 (GMT+1),2020-12-09,2020-12-09 12:34:01 UTC,Amsterdam,3887829,samy_hadouche,Imane Elotmani,2020-12-10 14:16:32 UTC,2024-10-01 08:38:50 UTC,research,,https://www.inaturalist.org/observations/66373970,https://static.inaturalist.org/photos/106986467/medium.jpg,,"","",4,0,false,3,Mallard,Anas platyrhynchos,Кряква,Aves,6930
66468101,76b0370c-7715-4956-9b89-bf4b402750af,2020/12/04 11:00 AM CET,2020-12-04,2020-12-04 10:00:00 UTC,Berlin,32124,martingrimm,Martin Grimm,2020-12-12 15:49:17 UTC,2025-09-24 20:14:43 UTC,research,CC-BY-NC,https://www.inaturalist.org/observations/66468101,https://inaturalist-open-data.s3.amazonaws.com/photos/107156610/medium.jpg,,"",,3,1,false,,Stockente,Anas platyrhynchos,Кряква,Aves,6930
66870581,3dcdb5b5-7acb-4156-946c-ad94f1d2e13f,2020/12/20 12:51 PM CET,2020-12-20,2020-12-20 11:51:00 UTC,Paris,2562698,unus,"",2020-12-21 09:59:44 UTC,2020-12-22 18:20:56 UTC,research,CC-BY-NC,https://www.inaturalist.org/observations/66870581,https://inaturalist-open-data.s3.amazonaws.com/photos/107899841/medium.jpg,,"",,2,0,false,,Stockente,Anas platyrhynchos,Кряква,Aves,6930
67211380,3bee3456-2965-4cc3-a202-908582aac643,2020/12/28 1:55 PM UTC,2020-12-28,2020-12-28 13:55:00 UTC,UTC,922357,lioneska,Lioneska,2020-12-28 21:06:03 UTC,2021-01-05 07:29:00 UTC,research,CC-BY-NC,https://www.inaturalist.org/observations/67211380,https://inaturalist-open-data.s3.amazonaws.com/photos/108520755/medium.jpg,,"Jesenice, animal, bird, black, blue, brown, december, dog, field, green, grey, lake, orange, overcast, sky, tree, water, white, winter",,1,0,false,,Lavanco,Anas platyrhynchos,Кряква,Aves,6930
67417263,86491493-5b57-4e20-bf5b-4689c89c7679,2020/12/26 3:46 PM CET,2020-12-26,2020-12-26 14:46:00 UTC,Amsterdam,3433377,ceacea,Cea,2021-01-01 20:49:38 UTC,2024-10-19 14:02:35 UTC,research,CC-BY-NC,https://www.inaturalist.org/observations/67417263,https://static.inaturalist.org/photos/108919003/medium.jpeg,,feather,,2,0,false,,Mallard,Anas platyrhynchos,Кряква,Aves,6930
67821710,a9c2983d-4d60-4867-9153-2a6be4b754d0,2017/04/17 11:01 AM BST,2017-04-17,2017-04-17 10:01:00 UTC,Edinburgh,3929132,francescook,Frances Cook,2021-01-09 23:28:30 UTC,2021-01-10 18:01:34 UTC,research,CC-BY-NC,https://www.inaturalist.org/observations/67821710,https://inaturalist-open-data.s3.amazonaws.com/photos/109676309/medium.jpg,,"",,3,0,false,,Mallard,Anas platyrhynchos,Кряква,Aves,6930
67959988,5bcf65d3-be24-419f-9f64-fb7b604b1087,2021/01/12 4:08 PM CET,2021-01-12,2021-01-12 15:08:00 UTC,Paris,3839792,jaom,Jose-Antonio Ortiz-Marzo,2021-01-12 15:27:48 UTC,2021-01-15 15:23:26 UTC,research,CC-BY-NC,https://www.inaturalist.org/observations/67959988,https://inaturalist-open-data.s3.amazonaws.com/photos/109933841/medium.jpg,,"",,3,0,false,,Mallard,Anas platyrhynchos,Кряква,Aves,6930
68857197,963ccdfe-ead7-4f42-9294-7c75096301be,2021-01-20 2:58:46 PM GMT+01:00,2021-01-20,2021-01-20 13:58:46 UTC,Amsterdam,3878141,georg_,Georg,2021-01-31 12:43:59 UTC,2021-01-31 14:33:10 UTC,research,,https://www.inaturalist.org/observations/68857197,https://static.inaturalist.org/photos/111598710/medium.jpeg,,"",,1,0,false,2,Canard colvert,Anas platyrhynchos,Кряква,Aves,6930
69465609,b415d956-acfb-427f-838f-b0362050c2f5,2021/02/12 1:19 PM UTC,2021-02-12,2021-02-12 13:19:00 UTC,UTC,3448449,milodrozdek,Miloš Drozdek,2021-02-12 18:42:39 UTC,2021-02-15 21:59:07 UTC,research,,https://www.inaturalist.org/observations/69465609,https://static.inaturalist.org/photos/112715066/medium.jpg,,"",,2,0,false,,Mallard,Anas platyrhynchos,Кряква,Aves,6930
69684475,2f39a7e5-e5c6-47b7-b284-1c4e2ad5d018,Tue Feb 16 2021 15:49:49 GMT+0000 (GMT),2021-02-16,2021-02-16 15:49:49 UTC,Europe/London,1790012,sbushes,Sam R,2021-02-16 20:18:41 UTC,2024-10-19 13:54:03 UTC,research,CC-BY-NC,https://www.inaturalist.org/observations/69684475,https://inaturalist-open-data.s3.amazonaws.com/photos/113123669/medium.jpg,,"","",2,0,false,3,Mallard,Anas platyrhynchos,Кряква,Aves,6930
69714968,6a767bbf-b821-45a4-9805-1924de5b16db,2021-02-17 11:14:04 AM GMT+01:00,2021-02-17,2021-02-17 11:14:04 UTC,UTC,3959956,aitanabega,,2021-02-17 11:49:49 UTC,2021-09-03 18:33:31 UTC,research,CC-BY-NC,https://www.inaturalist.org/observations/69714968,https://inaturalist-open-data.s3.amazonaws.com/photos/113181496/medium.jpeg,,"",,1,0,false,2,Pato norteño,Anas platyrhynchos,Кряква,Aves,6930
69998019,62f0d9ba-f984-4201-a91e-fa89f640cfc7,2021-02-22 12:04:15 PM GMT+01:00,2021-02-22,2021-02-22 11:04:15 UTC,Amsterdam,2778943,vlastimil-lata,Vlastimil Lata,2021-02-22 18:50:17 UTC,2021-02-24 00:04:21 UTC,research,,https://www.inaturalist.org/observations/69998019,https://static.inaturalist.org/photos/113709280/medium.jpeg,,"",,2,0,false,2,Mallard,Anas platyrhynchos,Кряква,Aves,6930
70088162,1ee36bc6-f6dc-4274-8749-2e746e69705c,2021-02-24 12:42:19 PM GMT+01:00,2021-02-24,2021-02-24 11:42:19 UTC,Amsterdam,3841483,robinia396,Magdalena Nogaj,2021-02-24 14:30:08 UTC,2021-02-25 07:34:39 UTC,research,,https://www.inaturalist.org/observations/70088162,https://static.inaturalist.org/photos/113875787/medium.jpeg,,"",,4,0,false,2,Mallard,Anas platyrhynchos,Кряква,Aves,6930
70098525,0971554b-b7b9-465f-866c-9465a291ae2c,2021-02-24 1:07:59 PM GMT+01:00,2021-02-24,2021-02-24 12:07:59 UTC,Amsterdam,3841483,robinia396,Magdalena Nogaj,2021-02-24 18:03:30 UTC,2021-02-25 07:33:57 UTC,research,,https://www.inaturalist.org/observations/70098525,https://static.inaturalist.org/photos/113893582/medium.jpeg,,"",,2,0,false,2,Mallard,Anas platyrhynchos,Кряква,Aves,6930
70268878,80090555-4fac-4d91-8498-a0187afd1896,Sat Feb 27 2021 10:29:29 GMT+0000 (GMT),2021-02-27,2021-02-27 10:29:29 UTC,UTC,3604028,oldfordbaz,"",2021-02-27 19:25:36 UTC,2021-02-28 22:27:20 UTC,research,CC-BY-NC,https://www.inaturalist.org/observations/70268878,https://inaturalist-open-data.s3.amazonaws.com/photos/114198280/medium.jpg,,"","",2,0,false,3,Stockente,Anas platyrhynchos,Кряква,Aves,6930
70314612,87e86d12-0ad7-4462-949f-f66004a0bdd0,2020/07/17 6:09 PM CEST,2020-07-17,2020-07-17 16:09:00 UTC,Warsaw,742419,grzegorz_grzejszczak,Grzegorz Grzejszczak,2021-02-28 12:29:10 UTC,2022-09-24 18:32:40 UTC,research,CC-BY-SA,https://www.inaturalist.org/observations/70314612,https://inaturalist-open-data.s3.amazonaws.com/photos/114282291/medium.jpeg,,"","",1,0,false,,Mallard,Anas platyrhynchos,Кряква,Aves,6930
70491073,730d4f0c-3a10-441d-a31a-df400bcab2bb,Wed Feb 24 2021 13:39:16 GMT+0100 (GMT+1),2021-02-24,2021-02-24 12:39:16 UTC,Amsterdam,4027297,camgi,,2021-03-03 08:58:56 UTC,2021-03-03 09:00:27 UTC,research,CC-BY-NC,https://www.inaturalist.org/observations/70491073,https://inaturalist-open-data.s3.amazonaws.com/photos/114608485/medium.jpg,,"","",1,0,false,3,Wilde Eend,Anas platyrhynchos,Кряква,Aves,6930
70544508,c3c59d02-bef8-4b5e-9830-d68d724b8bff,Thu Feb 25 2021 14:16:00 GMT+0100 (GMT+1),2021-02-25,2021-02-25 13:16:00 UTC,Amsterdam,3866784,crisgarciajentys,,2021-03-04 07:21:12 UTC,2021-03-05 07:23:20 UTC,research,CC-BY-NC,https://www.inaturalist.org/observations/70544508,https://inaturalist-open-data.s3.amazonaws.com/photos/114704743/medium.jpg,,"","",5,0,false,3,Stockente,Anas platyrhynchos,Кряква,Aves,6930
70611965,fbe877e9-fd2b-4f4b-97ac-92c8edea58cc,2004/07/01 7:06 PM CEST,2004-07-01,2004-07-01 17:06:00 UTC,Rome,1937746,naturalista1989,Marco,2021-03-05 16:12:04 UTC,2024-02-09 14:11:11 UTC,research,CC-BY-NC,https://www.inaturalist.org/observations/70611965,https://inaturalist-open-data.s3.amazonaws.com/photos/114825481/medium.jpeg,,"",,3,0,false,,Germano reale,Anas platyrhynchos,Кряква,Aves,6930
70612111,25ed60ad-e2bf-4a48-854f-a5cd1cf8d0f8,2004/07/06 4:45 PM CEST,2004-07-06,2004-07-06 14:45:00 UTC,Rome,1937746,naturalista1989,Marco,2021-03-05 16:15:25 UTC,2024-02-23 16:07:18 UTC,research,CC-BY-NC,https://www.inaturalist.org/observations/70612111,https://inaturalist-open-data.s3.amazonaws.com/photos/114825751/medium.jpeg,,"",,4,0,false,,Canard colvert,Anas platyrhynchos,Кряква,Aves,6930
70822716,1b3ce191-f9dd-46da-a7b3-b700b5d4d810,2021-03-07 09:17:23,2021-03-07,2021-03-07 08:17:23 UTC,Paris,738950,michel_du_lac_de_creteil,Michel,2021-03-08 17:14:02 UTC,2022-12-14 03:49:57 UTC,research,,https://www.inaturalist.org/observations/70822716,https://static.inaturalist.org/photos/115206199/medium.jpg,,"Canard colvert, Anas platyrhynchos, Mallard, Canard colvert - Anas platyrhynchos - Mallard : IMG_9338_©_Michel_NOEL_2021_au_Lac_de_Creteil","",4,0,false,,Germano reale,Anas platyrhynchos,Кряква,Aves,6930
71149093,8babf8e2-b6fc-4376-8c5f-eca1b95e3d93,2021-03-13 5:03:07 PM GMT+01:00,2021-03-13,2021-03-13 16:03:07 UTC,Amsterdam,3841483,robinia396,Magdalena Nogaj,2021-03-13 19:01:24 UTC,2021-04-08 16:33:41 UTC,research,,https://www.inaturalist.org/observations/71149093,https://static.inaturalist.org/photos/115791777/medium.jpeg,,"",,3,0,false,2,Stockente,Anas platyrhynchos,Кряква,Aves,6930
71823982,9602fa79-7634-4a6c-9ddc-8a5eaba04512,2021/03/20 6:23 PM CET,2021-03-20,2021-03-20 17:23:00 UTC,Paris,3293205,ivanpazvinas,Ivan Paz-Vinas,2021-03-22 20:46:41 UTC,2021-03-25 11:15:53 UTC,research,CC-BY-NC,https://www.inaturalist.org/observations/71823982,https://inaturalist-open-data.s3.amazonaws.com/photos/116991962/medium.jpeg,,"",,3,0,false,,Yeşilbaş,Anas platyrhynchos,Кряква,Aves,6930
72100277,415375d2-040d-4fe1-88d9-c950217dcb2f,2019/06/02 1:50 PM UTC,2019-06-02,2019-06-02 13:50:00 UTC,UTC,4065983,wolfgangbacher,Wolfgang Bacher,2021-03-26 17:48:38 UTC,2024-10-20 02:01:40 UTC,research,CC0,https://www.inaturalist.org/observations/72100277,https://inaturalist-open-data.s3.amazonaws.com/photos/117490468/medium.jpeg,,"","",3,0,false,,Mallard,Anas platyrhynchos,Кряква,Aves,6930
72627269,a79f96c9-7084-450f-b24f-5bfefad683e7,2021/04/01 5:53 PM CEST,2021-04-01,2021-04-01 15:53:00 UTC,Paris,2205362,illerendril,Romain Chazal,2021-04-01 19:29:00 UTC,2021-04-14 18:40:01 UTC,research,CC-BY-NC-ND,https://www.inaturalist.org/observations/72627269,https://inaturalist-open-data.s3.amazonaws.com/photos/118445463/medium.jpg,,"",,4,0,false,,Canard colvert,Anas platyrhynchos,Кряква,Aves,6930
72695885,67bcb6b9-c020-4801-a9e3-e35fab4dc4a7,2004/07/01 7:06 PM CEST,2004-07-01,2004-07-01 17:06:00 UTC,Rome,1937746,naturalista1989,Marco,2021-04-02 16:11:03 UTC,2024-02-09 14:10:48 UTC,research,CC-BY-NC,https://www.inaturalist.org/observations/72695885,https://inaturalist-open-data.s3.amazonaws.com/photos/118568246/medium.jpeg,,"weekend, Lugano, Lago, Svizzera, genitori, gita",,3,0,false,,Germano reale,Anas platyrhynchos,Кряква,Aves,6930
72712730,5c6184b7-cf1a-429a-a22b-b46d81a3de59,2021-04-02 4:24:29 PM GMT+02:00,2021-04-02,2021-04-02 14:24:29 UTC,Pretoria,2581741,adamwiernasz,Adam Wiernasz,2021-04-02 19:32:59 UTC,2025-12-16 09:54:26 UTC,research,CC-BY-NC,https://www.inaturalist.org/observations/72712730,https://inaturalist-open-data.s3.amazonaws.com/photos/118598678/medium.jpeg,,"",So it happened :) for some time i wished my 500'th observation would be something special... And today i found a duck that picked a fallen tree in my garden to breed her babies :) ,3,0,false,2,Krzyżówka,Anas platyrhynchos,Кряква,Aves,6930
72822437,195ff61e-964b-437d-9bdd-a20d1c209c5c,2021-04-01 11:36:23 AM GMT+02:00,2021-04-01,2021-04-01 09:36:23 UTC,Pretoria,3841483,robinia396,Magdalena Nogaj,2021-04-03 21:11:39 UTC,2021-04-08 16:32:45 UTC,research,,https://www.inaturalist.org/observations/72822437,https://static.inaturalist.org/photos/118802570/medium.jpeg,,"",,2,0,false,2,Stockente,Anas platyrhynchos,Кряква,Aves,6930
72890244,eceadf87-087b-4a2c-b587-718c514a861f,2021/04/02 3:44 PM CEST,2021-04-02,2021-04-02 13:44:00 UTC,Rome,1937746,naturalista1989,Marco,2021-04-04 14:07:50 UTC,2024-02-09 14:10:01 UTC,research,CC-BY-NC,https://www.inaturalist.org/observations/72890244,https://inaturalist-open-data.s3.amazonaws.com/photos/118925749/medium.jpeg,,"",,5,0,false,,Canard colvert,Anas platyrhynchos,Кряква,Aves,6930
72892624,f77eeae9-aafb-4859-8663-54e342d336b0,2021/04/04 2:11 PM CEST,2021-04-04,2021-04-04 12:11:00 UTC,Paris,543698,murielle3,Murielle Desrois,2021-04-04 14:36:36 UTC,2025-05-13 07:52:16 UTC,research,,https://www.inaturalist.org/observations/72892624,https://inaturalist-open-data.s3.amazonaws.com/photos/118929484/medium.jpeg,,"",,1,0,false,,Mallard,Anas platyrhynchos,Кряква,Aves,6930
73023919,9868bf03-a38a-48d6-b627-8b96de835c86,2021/04/01 6:08 PM CEST,2021-04-01,2021-04-01 16:08:00 UTC,Paris,4179194,royeb,"",2021-04-05 16:50:02 UTC,2022-04-13 04:27:42 UTC,research,CC-BY-NC,https://www.inaturalist.org/observations/73023919,https://inaturalist-open-data.s3.amazonaws.com/photos/119164896/medium.jpg,,"",,2,0,false,,Stockente,Anas platyrhynchos,Кряква,Aves,6930
73628224,4cdc6742-8386-4763-87cf-ae3e5b7f290c,2021/04/02 4:53 PM CEST,2021-04-02,2021-04-02 14:53:00 UTC,Paris,3726386,floriangutsch,"",2021-04-11 16:06:21 UTC,2022-04-08 13:07:56 UTC,research,CC-BY-NC,https://www.inaturalist.org/observations/73628224,https://inaturalist-open-data.s3.amazonaws.com/photos/120227217/medium.jpeg,,"",,3,0,false,,Mallard,Anas platyrhynchos,Кряква,Aves,6930
73824818,203a86cd-ec8d-47cb-aaa3-40391d0c3372,2021/04/12 12:42 PM BST,2021-04-12,2021-04-12 11:42:00 UTC,London,1236256,steve_mcwilliam,Stephen James McWilliam,2021-04-13 07:57:14 UTC,2025-12-13 12:03:40 UTC,research,CC0,https://www.inaturalist.org/observations/73824818,https://inaturalist-open-data.s3.amazonaws.com/photos/120581698/medium.jpg,,"",male,3,0,false,,Anas platyrhynchos,Anas platyrhynchos,Кряква,Aves,6930
74030890,7b291bcb-9cc5-4a60-bf80-f6d498b85591,2021/03/30 12:23 PM BST,2021-03-30,2021-03-30 11:23:00 UTC,Edinburgh,3635289,bsteer,"",2021-04-15 11:12:54 UTC,2024-05-06 03:50:03 UTC,research,CC-BY-NC,https://www.inaturalist.org/observations/74030890,https://inaturalist-open-data.s3.amazonaws.com/photos/120946144/medium.jpg,,bfav,,1,0,false,,Mallard,Anas platyrhynchos,Кряква,Aves,6930
74254833,81363ff1-f239-4ce6-bfd9-04b3ffb05183,2021-04-17 5:50:14 PM GMT+01:00,2021-04-17,2021-04-17 15:50:14 UTC,Amsterdam,1617933,shirley63,Adam Beall,2021-04-17 16:51:50 UTC,2021-04-19 15:39:40 UTC,research,,https://www.inaturalist.org/observations/74254833,https://static.inaturalist.org/photos/121339067/medium.jpeg,,"",,1,0,false,2,Mallard,Anas platyrhynchos,Кряква,Aves,6930
74934697,41dee3f2-6033-4d1f-8db5-929fb84515e1,Fri Apr 23 2021 15:37:16 GMT+0100 (GMT+1),2021-04-23,2021-04-23 13:37:16 UTC,Amsterdam,2175625,blueybirdy,Katy,2021-04-23 15:17:57 UTC,2022-10-14 21:20:34 UTC,research,CC-BY,https://www.inaturalist.org/observations/74934697,https://inaturalist-open-data.s3.amazonaws.com/photos/122534698/medium.jpg,,"","",3,0,false,3,Germano reale,Anas platyrhynchos,Кряква,Aves,6930
75210562,d3de90a5-8f48-4e49-a717-3b18d910ffe4,2021/04/20 10:21 AM CEST,2021-04-20,2021-04-20 08:21:00 UTC,Paris,2783368,paolobaldi,Paolo,2021-04-25 18:52:26 UTC,2021-04-25 23:12:14 UTC,research,CC-BY-NC,https://www.inaturalist.org/observations/75210562,https://inaturalist-open-data.s3.amazonaws.com/photos/123011816/medium.jpeg,,"",Hunter Camera,3,0,false,,Mallard,Anas platyrhynchos,Кряква,Aves,6930
75599097,476eb437-ab1a-4714-8e94-e46b57058df9,2018/05/13 4:32 PM CEST,2018-05-13,2018-05-13 14:32:00 UTC,Madrid,1014066,marcellotaglialatela,"",2021-04-28 23:24:12 UTC,2021-04-29 06:40:19 UTC,research,CC-BY-NC,https://www.inaturalist.org/observations/75599097,https://inaturalist-open-data.s3.amazonaws.com/photos/123701260/medium.jpg,,"",,2,0,false,,Mallard,Anas platyrhynchos,Кряква,Aves,6930
75663692,2ab0ce98-1544-44e1-bb2a-29a9fa37701a,Sat Apr 24 2021 11:05:44 GMT+0100 (GMT+1),2021-04-24,2021-04-24 09:05:44 UTC,Amsterdam,3399728,critteros,,2021-04-29 15:55:47 UTC,2021-06-06 22:03:53 UTC,research,CC-BY-NC,https://www.inaturalist.org/observations/75663692,https://inaturalist-open-data.s3.amazonaws.com/photos/123815395/medium.jpg,,"","",1,0,false,3,Mallard,Anas platyrhynchos,Кряква,Aves,6930
75839849,38240ea3-4407-46ad-b5d4-2274cd35101e,2021-04-30 17:24:39,2021-04-30,2021-04-30 15:24:39 UTC,Prague,4298108,hroziva,Iva Marešková,2021-04-30 15:25:45 UTC,2021-05-04 20:23:30 UTC,research,,https://www.inaturalist.org/observations/75839849,https://static.inaturalist.org/photos/124098105/medium.jpeg,,"",,4,0,false,2,Kachna Divoká,Anas platyrhynchos,Кряква,Aves,6930
75842144,0cd78750-4c91-4f7e-8c04-d13080440280,2021/04/30 11:48 AM BST,2021-04-30,2021-04-30 10:48:00 UTC,London,1352893,grahamc57,GrahamC57,2021-04-30 15:34:23 UTC,2025-04-16 20:11:41 UTC,research,,https://www.inaturalist.org/observations/75842144,https://inaturalist-open-data.s3.amazonaws.com/photos/124100435/medium.jpg,,"",,1,0,false,,Mallard,Anas platyrhynchos,Кряква,Aves,6930
76090263,8ae097b2-06a3-4ff9-aaba-3d837dc175fc,2021/04/24 12:31 PM CEST,2021-04-24,2021-04-24 10:31:00 UTC,Paris,4329032,krtgvnn05,,2021-05-01 10:31:54 UTC,2021-05-02 12:15:10 UTC,research,CC-BY-NC,https://www.inaturalist.org/observations/76090263,https://inaturalist-open-data.s3.amazonaws.com/photos/124494089/medium.jpeg,,"","",4,0,false,,Ánade Real,Anas platyrhynchos,Кряква,Aves,6930
76247875,7b5bdd68-2079-4a2c-9017-d08937aebc07,2021/05/01 3:31 PM CEST,2021-05-01,2021-05-01 13:31:00 UTC,Berlin,1508203,steven2802,Steven Schulting,2021-05-01 19:15:26 UTC,2025-11-23 21:02:33 UTC,research,CC-BY-NC,https://www.inaturalist.org/observations/76247875,https://inaturalist-open-data.s3.amazonaws.com/photos/124710229/medium.jpeg,,"","",6,0,false,,Wilde Eend,Anas platyrhynchos,Кряква,Aves,6930
77045822,90aabfb8-1285-4efb-bbd3-eb777d38f7f7,2021-04-19 4:32:30 PM GMT+02:00,2021-04-19,2021-04-19 14:32:30 UTC,Pretoria,2391244,it_lp,"",2021-05-03 19:33:51 UTC,2025-06-20 17:12:15 UTC,research,CC-BY-NC,https://www.inaturalist.org/observations/77045822,https://inaturalist-open-data.s3.amazonaws.com/photos/125997007/medium.jpeg,,"",,1,0,false,2,Stockente,Anas platyrhynchos,Кряква,Aves,6930
78038964,17aa1349-41a3-4287-9780-ee6724608319,Sun May 09 2021 11:00:16 GMT+0100 (GMT+1),2021-05-09,2021-05-09 09:00:16 UTC,Amsterdam,4340234,pete_doyle7,,2021-05-09 11:00:43 UTC,2021-05-16 10:12:17 UTC,research,CC-BY-NC,https://www.inaturalist.org/observations/78038964,https://inaturalist-open-data.s3.amazonaws.com/photos/127670731/medium.jpg,,"","",2,0,false,3,Mallard,Anas platyrhynchos,Кряква,Aves,6930
80369113,44cecf7d-4ec1-4af5-848c-1f7dab442b79,2008/07/14 12:00 AM CEST,2008-07-14,2008-07-13 22:00:00 UTC,Paris,3926910,sylb,"",2021-05-26 15:09:38 UTC,2021-07-07 14:13:31 UTC,research,,https://www.inaturalist.org/observations/80369113,https://static.inaturalist.org/photos/131717729/medium.jpeg,,"",,1,0,false,,Mallard,Anas platyrhynchos,Кряква,Aves,6930
81316695,ab685e7e-51e9-4a89-8b53-3e46b23b1187,2015/06/28 12:52 PM CEST,2015-06-28,2015-06-28 10:52:00 UTC,Rome,1937746,naturalista1989,Marco,2021-06-02 16:13:22 UTC,2021-09-19 09:39:36 UTC,research,CC-BY-NC,https://www.inaturalist.org/observations/81316695,https://inaturalist-open-data.s3.amazonaws.com/photos/133365703/medium.jpeg,,"",,4,0,false,,Germano reale,Anas platyrhynchos,Кряква,Aves,6930
81317540,3e488a0f-f29e-4a54-a1a3-6d9ed9a5a2ac,2016/05/28 12:51 PM CEST,2016-05-28,2016-05-28 10:51:00 UTC,Rome,1937746,naturalista1989,Marco,2021-06-02 16:19:32 UTC,2023-05-12 15:14:34 UTC,research,CC-BY-NC,https://www.inaturalist.org/observations/81317540,https://inaturalist-open-data.s3.amazonaws.com/photos/133367206/medium.jpg,,"",,2,1,false,,Stockente,Anas platyrhynchos,Кряква,Aves,6930
83366470,841f3366-a5ff-4c12-a98b-900d594d0bf3,Thu May 27 2021 14:10:09 GMT+0200 (GMT+2),2021-05-27,2021-05-27 12:10:09 UTC,Pretoria,4364132,fotjon_prence,Fotjon Prence,2021-06-17 09:39:56 UTC,2022-11-24 05:39:04 UTC,research,,https://www.inaturalist.org/observations/83366470,https://static.inaturalist.org/photos/136912737/medium.jpg,,"","",2,0,false,3,Pato norteño,Anas platyrhynchos,Кряква,Aves,6930
84054178,abdc7fb2-687a-47d2-9911-9adad833c708,Tue Jun 22 2021 16:20:49 GMT+0200 (GMT+2),2021-06-22,2021-06-22 14:20:49 UTC,Pretoria,2329473,guillaumedutrannois,Guillaume,2021-06-22 14:21:15 UTC,2021-06-24 11:14:53 UTC,research,CC-BY-NC,https://www.inaturalist.org/observations/84054178,https://inaturalist-open-data.s3.amazonaws.com/photos/138109157/medium.jpg,,"","",2,0,false,3,Wilde Eend,Anas platyrhynchos,Кряква,Aves,6930
85213351,6027704a-68b5-49a4-97ab-f6560fc606e9,2021/06/26 7:59 AM CEST,2021-06-26,2021-06-26 05:59:00 UTC,Amsterdam,441130,marcomunari,Marco Munari,2021-07-01 14:52:14 UTC,2024-10-19 13:06:42 UTC,research,CC-BY-NC,https://www.inaturalist.org/observations/85213351,https://inaturalist-open-data.s3.amazonaws.com/photos/140165706/medium.jpg,,"",,3,0,false,,Mallard,Anas platyrhynchos,Кряква,Aves,6930
85907277,60014b40-5de8-4009-95bc-68575716c582,2021-07-06 15:28:41,2021-07-06,2021-07-06 13:28:41 UTC,Rome,4578652,mirko-madella,,2021-07-06 13:29:23 UTC,2025-04-19 15:21:59 UTC,needs_id,CC-BY-NC,https://www.inaturalist.org/observations/85907277,https://inaturalist-open-data.s3.amazonaws.com/photos/141434318/medium.jpeg,,"",,1,0,false,2,Mallard,Anas platyrhynchos,Кряква,Aves,6930
85966631,4c9879aa-8033-4c34-82a0-f559b33b1f21,2021/07/06 2:59 PM CEST,2021-07-06,2021-07-06 12:59:00 UTC,Vienna,2438113,pastabaum,Patrick Hacker,2021-07-06 22:12:49 UTC,2021-09-08 08:32:12 UTC,research,CC-BY,https://www.inaturalist.org/observations/85966631,https://inaturalist-open-data.s3.amazonaws.com/photos/141537524/medium.jpeg,,"",,2,0,false,,Stockente,Anas platyrhynchos,Кряква,Aves,6930
86889054,ac6954ee-da27-40c2-be5f-31d709a8fce1,2021/07/06 6:00 AM HST,2021-07-06,2021-07-06 16:00:00 UTC,Hawaii,678997,eliag,Elia Guariento,2021-07-13 18:57:46 UTC,2025-04-19 15:22:05 UTC,research,CC-BY-NC,https://www.inaturalist.org/observations/86889054,https://inaturalist-open-data.s3.amazonaws.com/photos/143213462/medium.jpeg,,"",,1,0,false,,Mallard,Anas platyrhynchos,Кряква,Aves,6930
91415291,5efe96b6-cfb9-43e7-b7b4-8a004ec73fcd,2021/08/15 3:39 PM CEST,2021-08-15,2021-08-15 13:39:00 UTC,Paris,3926910,sylb,"",2021-08-16 15:20:13 UTC,2021-08-28 16:19:27 UTC,research,,https://www.inaturalist.org/observations/91415291,https://static.inaturalist.org/photos/151201356/medium.jpeg,,"",,1,0,false,,Canard colvert,Anas platyrhynchos,Кряква,Aves,6930
93388801,c267ab07-3152-4dbc-8880-6d5529428823,2021/08/03 3:35 PM UTC,2021-08-03,2021-08-03 15:35:00 UTC,UTC,3514602,smithdiego,"",2021-09-02 18:19:16 UTC,2021-09-03 16:28:20 UTC,research,CC-BY-NC,https://www.inaturalist.org/observations/93388801,https://inaturalist-open-data.s3.amazonaws.com/photos/154949188/medium.jpg,,"",,1,0,false,,Stockente,Anas platyrhynchos,Кряква,Aves,6930
93634348,9055eca5-ad61-438f-928c-e94ec5becb15,2012/12/15 11:44 AM CET,2012-12-15,2012-12-15 10:44:00 UTC,Vienna,4596540,hemala_vladimir,Vladimir Hemala,2021-09-04 20:49:12 UTC,2022-10-27 20:45:51 UTC,research,CC-BY,https://www.inaturalist.org/observations/93634348,https://inaturalist-open-data.s3.amazonaws.com/photos/155214497/medium.jpg,,"",,3,0,false,,Germano reale,Anas platyrhynchos,Кряква,Aves,6930
94194521,a4e2daee-5e17-472a-9237-a7d8e4ecb08d,2018/08/30 3:30 PM CEST,2018-08-30,2018-08-30 13:30:00 UTC,Paris,4971920,duc_d_aquitaine,,2021-09-09 09:36:54 UTC,2021-09-11 15:11:48 UTC,research,CC-BY-NC,https://www.inaturalist.org/observations/94194521,https://inaturalist-open-data.s3.amazonaws.com/photos/156226043/medium.jpeg,,"","",1,0,false,,Canard colvert,Anas platyrhynchos,Кряква,Aves,6930
95408520,385b369c-c384-42ba-a5b9-38c256d1416e,2021/08/19 7:53 PM CEST,2021-08-19,2021-08-19 17:53:00 UTC,Paris,4013421,thomasdr,Thomas Dreux,2021-09-19 15:41:33 UTC,2025-03-08 09:37:34 UTC,research,CC-BY,https://www.inaturalist.org/observations/95408520,https://inaturalist-open-data.s3.amazonaws.com/photos/158386177/medium.jpeg,,"",,2,0,false,,Mallard,Anas platyrhynchos,Кряква,Aves,6930
95516632,a71b881e-5f3c-4c17-b078-fc490cbc0672,2021/09/16 7:11 PM CEST,2021-09-16,2021-09-16 17:11:00 UTC,Madrid,2620196,javiercastrillo-anapri,Javier Castrillo,2021-09-20 09:03:55 UTC,2023-04-04 10:07:26 UTC,research,CC-BY-NC,https://www.inaturalist.org/observations/95516632,https://inaturalist-open-data.s3.amazonaws.com/photos/158580573/medium.jpeg,,"",,2,0,false,,Mallard,Anas platyrhynchos,Кряква,Aves,6930
95567379,e92423f7-c1d6-4ba1-804b-403fe22716a8,2019/08/30 8:34 PM CEST,2019-08-30,2019-08-30 18:34:00 UTC,Rome,752618,mrgls,Maria Rita Gelso,2021-09-20 19:01:59 UTC,2024-04-17 00:21:47 UTC,research,CC-BY-NC,https://www.inaturalist.org/observations/95567379,https://inaturalist-open-data.s3.amazonaws.com/photos/158671104/medium.jpeg,,piume,"",3,0,false,,Mallard,Anas platyrhynchos,Кряква,Aves,6930
96006727,a0a41dc6-0ed9-408f-86bf-ad56d31be013,2021/09/07 2:31 PM UTC,2021-09-07,2021-09-07 14:31:00 UTC,UTC,922357,lioneska,Lioneska,2021-09-24 20:44:05 UTC,2022-01-20 10:11:33 UTC,research,CC-BY-NC,https://www.inaturalist.org/observations/96006727,https://inaturalist-open-data.s3.amazonaws.com/photos/159398902/medium.jpg,,"animal, bird, black, blue, brown, bush, butterfly, green, lake, nature, sky, sunny, swan, swimming, tree, water",,3,0,false,,Кряква,Anas platyrhynchos,Кряква,Aves,6930
96225306,83d9cc71-a636-48ce-8b90-5e8e7faf1d30,2021-09-26 16:07:52,2021-09-26,2021-09-26 14:07:52 UTC,Paris,447969,sammatey,"",2021-09-26 14:08:43 UTC,2021-09-27 21:21:37 UTC,research,CC-BY-NC,https://www.inaturalist.org/observations/96225306,https://inaturalist-open-data.s3.amazonaws.com/photos/159833212/medium.jpeg,,"",,1,0,false,2,Mallard,Anas platyrhynchos,Кряква,Aves,6930
98011632,a18112c1-1708-4cc2-8fbc-0f987252dc7a,2021-10-12 17:41:07,2021-10-12,2021-10-12 15:41:07 UTC,Zagreb,3884690,thorrune,Thor-Rune Hansen,2021-10-12 15:41:32 UTC,2022-10-15 21:12:45 UTC,research,CC-BY-SA,https://www.inaturalist.org/observations/98011632,https://inaturalist-open-data.s3.amazonaws.com/photos/163101769/medium.jpeg,,"",,2,0,false,2,Mallard,Anas platyrhynchos,Кряква,Aves,6930
98368609,d39bc84b-31b6-4eb0-8ad8-06bfe7c42465,2021-10-16 14:15:01,2021-10-16,2021-10-16 12:15:01 UTC,Ljubljana,3884690,thorrune,Thor-Rune Hansen,2021-10-16 12:15:39 UTC,2022-12-04 00:27:39 UTC,research,CC-BY-SA,https://www.inaturalist.org/observations/98368609,https://inaturalist-open-data.s3.amazonaws.com/photos/163760961/medium.jpeg,,"",,3,0,false,2,Mallard,Anas platyrhynchos,Кряква,Aves,6930
98377008,9174af68-7d7e-4ecc-b0d7-d2f9df652593,2021-10-16 16:06:22,2021-10-16,2021-10-16 14:06:22 UTC,Ljubljana,3884690,thorrune,Thor-Rune Hansen,2021-10-16 14:08:36 UTC,2024-02-03 17:41:32 UTC,research,CC-BY-SA,https://www.inaturalist.org/observations/98377008,https://inaturalist-open-data.s3.amazonaws.com/photos/163777086/medium.jpeg,,"",,5,0,false,2,Canard colvert,Anas platyrhynchos,Кряква,Aves,6930
98531711,26a359b5-b210-45e6-9f8d-ca941e16a391,2021-10-17 15:49:08,2021-10-17,2021-10-17 13:49:08 UTC,Zurich,3841483,robinia396,Magdalena Nogaj,2021-10-17 20:11:36 UTC,2021-10-19 18:02:20 UTC,research,,https://www.inaturalist.org/observations/98531711,https://static.inaturalist.org/photos/164067324/medium.jpeg,,"",,4,0,false,2,Mallard,Anas platyrhynchos,Кряква,Aves,6930
98761310,afbc049d-8056-4efc-b88e-00120624bbde,2019/03/07 12:12 PM CET,2019-03-07,2019-03-07 11:12:00 UTC,Paris,3836989,t_e_d,T. E. D.,2021-10-20 02:59:18 UTC,2024-01-21 13:04:17 UTC,research,CC-BY-NC,https://www.inaturalist.org/observations/98761310,https://static.inaturalist.org/photos/164504327/medium.jpeg,,"",,5,0,false,,Wilde Eend,Anas platyrhynchos,Кряква,Aves,6930
99927770,69c29e3b-bc75-4660-99cb-742d1fdf55b9,2021/10/28 5:25 PM UTC,2021-10-28,2021-10-28 17:25:00 UTC,UTC,922357,lioneska,Lioneska,2021-10-31 23:42:56 UTC,2021-11-28 15:38:53 UTC,research,CC-BY-NC,https://www.inaturalist.org/observations/99927770,https://inaturalist-open-data.s3.amazonaws.com/photos/166692654/medium.jpg,,"animal, autumn, bird, black, blue, brown, clouds, duck, flying, goose, grass, green, lake, leaves, nature, orange, sky, tree, water, waves, white, yellow",,3,0,false,,Mallard,Anas platyrhynchos,Кряква,Aves,6930
101279685,b0d43944-d0c9-4bdc-8324-aad96319bd65,2021/01/23 1:00 PM GMT,2021-01-23,2021-01-23 13:00:00 UTC,Edinburgh,5178103,brentparks,Brent Parks Forum,2021-11-16 19:55:01 UTC,2022-03-21 13:32:35 UTC,research,CC-BY-NC,https://www.inaturalist.org/observations/101279685,https://inaturalist-open-data.s3.amazonaws.com/photos/169126901/medium.png,,Mallards,"This ob. is duplicated on the Brent Parks Friends Project.

 Photo taken by Friends of Woodcock Park - We have used a screen-capture for accurate reference and permission sought and granted. 

They are part of our Parks Forum and overseen by the London Friends of Parks Organisation.  

Wealdstone Brook Mallards are back.   Friends of Wealdstone Brook.  ",3,0,false,,Mallard,Anas platyrhynchos,Кряква,Aves,6930
102538725,bbc76395-9c3f-4dfb-891f-b760719b7ca5,2021/12/05 5:03 PM HST,2021-12-05,2021-12-06 03:03:00 UTC,Hawaii,1271604,leonardbolte,"",2021-12-05 16:27:31 UTC,2024-10-27 18:33:08 UTC,research,CC-BY,https://www.inaturalist.org/observations/102538725,https://inaturalist-open-data.s3.amazonaws.com/photos/171431450/medium.jpeg,,"",,3,0,false,,Stockente,Anas platyrhynchos,Кряква,Aves,6930
102890162,176258a4-59fd-49c0-9431-f6e81f794e76,2021-12-11 12:32:54,2021-12-11,2021-12-11 11:32:54 UTC,Warsaw,3532911,piecuszek,,2021-12-11 21:22:26 UTC,2023-06-21 16:21:08 UTC,research,CC-BY-NC,https://www.inaturalist.org/observations/102890162,https://inaturalist-open-data.s3.amazonaws.com/photos/172090438/medium.jpeg,,"","",2,0,false,2,Krzyżówka,Anas platyrhynchos,Кряква,Aves,6930
103636525,d877b9f4-0e1f-4261-be9c-e9adf98f650a,2021/12/05 12:14 PM CET,2021-12-05,2021-12-05 11:14:00 UTC,Rome,365508,gianluigi1951,gianluigi,2021-12-25 16:39:15 UTC,2025-04-12 04:21:19 UTC,research,CC0,https://www.inaturalist.org/observations/103636525,https://inaturalist-open-data.s3.amazonaws.com/photos/173501349/medium.jpg,,"",,1,0,false,,Stockente,Anas platyrhynchos,Кряква,Aves,6930
104300144,983a24cc-d643-4031-8bf1-01252bb8f153,2021/12/28 11:52 AM EST,2021-12-28,2021-12-28 16:52:00 UTC,Eastern Time (US & Canada),4770435,ramonamolnar,Ramóna Molnár,2022-01-03 21:06:18 UTC,2022-01-10 21:18:41 UTC,research,CC-BY-NC,https://www.inaturalist.org/observations/104300144,https://inaturalist-open-data.s3.amazonaws.com/photos/174724154/medium.jpeg,,"","poor girl in photos 5, 6, and 10 had a chipped beak. seemed to be doing ok though thankfully.",2,0,false,,Mallard,Anas platyrhynchos,Кряква,Aves,6930
104857678,8a66079f-927a-4446-849d-e71b13a46a7b,2022-01-13 10:22:11,2022-01-13,2022-01-13 09:22:11 UTC,Paris,1546239,louis_raginwulf,Louis Raginwulf,2022-01-13 09:24:30 UTC,2025-06-02 09:04:04 UTC,research,,https://www.inaturalist.org/observations/104857678,https://static.inaturalist.org/photos/175796924/medium.jpeg,,"",,3,0,false,2,Canard colvert,Anas platyrhynchos,Кряква,Aves,6930
104922029,f6e27a5d-5c4a-4346-b16a-c275b0e5d5b6,Fri Jan 14 2022 16:19:36 GMT+0100 (GMT+1),2022-01-14,2022-01-14 15:19:36 UTC,Paris,2017270,nroche,Nicolas Roche,2022-01-14 16:42:25 UTC,2022-01-16 22:04:12 UTC,research,,https://www.inaturalist.org/observations/104922029,https://static.inaturalist.org/photos/175921505/medium.jpg,,"","",5,0,false,3,Кряква,Anas platyrhynchos,Кряква,Aves,6930
105153221,6817fdd1-ef56-4d07-b510-621e882f31e8,2022/01/18 10:29 AM CET,2022-01-18,2022-01-18 09:29:00 UTC,Rome,752618,mrgls,Maria Rita Gelso,2022-01-18 12:31:46 UTC,2024-04-17 00:40:56 UTC,research,CC-BY-NC,https://www.inaturalist.org/observations/105153221,https://inaturalist-open-data.s3.amazonaws.com/photos/176367297/medium.jpeg,,accoppiamento,"",2,0,false,,Stockente,Anas platyrhynchos,Кряква,Aves,6930
105737491,445f845f-1c9d-41b4-86d2-76454a16624a,2022/01/28 3:03 PM CET,2022-01-28,2022-01-28 14:03:00 UTC,Paris,3804546,codrin_bucur,Codrin Bucur,2022-01-28 22:08:03 UTC,2025-11-14 23:53:06 UTC,research,CC-BY,https://www.inaturalist.org/observations/105737491,https://inaturalist-open-data.s3.amazonaws.com/photos/177479326/medium.jpeg,,"Animal, Author: Codrin, Basel, Basel-Stadt, Bird, Birdwatching, Eclipsing, Mallard, Nikon D850, Nikon Nikkor AF-S 200-500mm, Observation, Rhine, Switzerland",Mallard eclipsing (or intersex?!) male #1 on the Rhine in Basel - Jan 2022,6,0,false,,Stockente,Anas platyrhynchos,Кряква,Aves,6930
105829332,9eadb894-7ef6-445b-a177-2c630bb049e4,2021-10-23 04:56:00,2021-10-23,2021-10-23 04:56:00 UTC,UTC,5331735,laura3419,Laura Geiger,2022-01-30 09:57:05 UTC,2022-01-31 17:19:17 UTC,research,,https://www.inaturalist.org/observations/105829332,https://static.inaturalist.org/photos/177658360/medium.jpeg,,"",,2,0,false,2,Mallard,Anas platyrhynchos,Кряква,Aves,6930
105830717,34ccca43-c865-4f51-812c-8132ad0e7010,2015/06/28 1:54 PM CEST,2015-06-28,2015-06-28 11:54:00 UTC,Rome,1937746,naturalista1989,Marco,2022-01-30 10:52:16 UTC,2024-02-09 14:09:01 UTC,research,CC-BY-NC,https://www.inaturalist.org/observations/105830717,https://inaturalist-open-data.s3.amazonaws.com/photos/177660801/medium.jpeg,,"","",2,0,false,,Germano reale,Anas platyrhynchos,Кряква,Aves,6930
105917599,46a17214-6764-4ab5-ad96-8c5f5294c235,2022/01/31 3:07 PM CET,2022-01-31,2022-01-31 14:07:00 UTC,Berlin,2740467,michibird,"",2022-01-31 18:22:38 UTC,2022-05-22 15:45:57 UTC,research,CC-BY-NC,https://www.inaturalist.org/observations/105917599,https://inaturalist-open-data.s3.amazonaws.com/photos/177827423/medium.jpeg,,"",,3,1,false,,Stockente,Anas platyrhynchos,Кряква,Aves,6930
106565760,788ffb51-02b0-4655-a1d4-a2674ba7bbcb,2022/02/09 2:49 PM GMT,2022-02-09,2022-02-09 14:49:00 UTC,Edinburgh,2883211,rkl,Roy Lowry,2022-02-11 20:10:30 UTC,2022-07-10 10:25:28 UTC,research,CC-BY,https://www.inaturalist.org/observations/106565760,https://inaturalist-open-data.s3.amazonaws.com/photos/179040518/medium.jpeg,,"",,2,0,false,,Кряква,Anas platyrhynchos,Кряква,Aves,6930
107120290,0d0d5d3d-8de6-43bb-a7b7-3516518f0375,2022-02-20 12:40:00,2022-02-20,2022-02-20 12:40:00 UTC,UTC,5349216,sytv,"",2022-02-20 17:46:45 UTC,2022-06-26 09:48:21 UTC,research,CC-BY-NC,https://www.inaturalist.org/observations/107120290,https://inaturalist-open-data.s3.amazonaws.com/photos/180101535/medium.jpeg,,"",,4,0,false,2,Mallard,Anas platyrhynchos,Кряква,Aves,6930
109164848,ae29238d-c941-4276-8b1b-a4a1dee1c6dd,2022/03/03 3:32 PM UTC,2022-03-03,2022-03-03 15:32:00 UTC,UTC,5376913,jos7c09,"",2022-03-21 19:11:02 UTC,2022-03-21 19:30:15 UTC,research,CC-BY-NC,https://www.inaturalist.org/observations/109164848,https://inaturalist-open-data.s3.amazonaws.com/photos/183937081/medium.jpeg,,"",,1,0,false,,Canard colvert,Anas platyrhynchos,Кряква,Aves,6930
109274542,963b5c15-471d-4c26-b527-e426114f5f00,Wed Mar 23 2022 11:55:22 GMT +0100 (GMT+1),2022-03-23,2022-03-23 11:55:22 UTC,UTC,4574278,thekladiespinne,,2022-03-23 10:55:47 UTC,2022-03-24 12:04:51 UTC,research,CC-BY-NC,https://www.inaturalist.org/observations/109274542,https://inaturalist-open-data.s3.amazonaws.com/photos/184142391/medium.jpeg,,"",,1,0,false,333,Mallard,Anas platyrhynchos,Кряква,Aves,6930
109591139,5ce89441-7bab-4eca-89fc-7a962eccab9e,2022/03/25 5:21 PM UTC,2022-03-25,2022-03-25 17:21:00 UTC,UTC,3841483,robinia396,Magdalena Nogaj,2022-03-26 23:06:39 UTC,2022-04-08 18:41:01 UTC,research,,https://www.inaturalist.org/observations/109591139,https://static.inaturalist.org/photos/184732749/medium.jpeg,,"",,3,0,false,,Mallard,Anas platyrhynchos,Кряква,Aves,6930
110205180,2332012c-d3e3-4193-ac04-a0e9dedd1684,2022-03-28 09:50:03,2022-03-28,2022-03-28 08:50:03 UTC,London,5400512,hillfarmplayford,"Hill Farm, Playford",2022-04-02 19:27:08 UTC,2022-05-22 11:41:38 UTC,research,CC-BY-NC,https://www.inaturalist.org/observations/110205180,https://inaturalist-open-data.s3.amazonaws.com/photos/185869691/medium.jpeg,,"",And pheasant. Now being incubated by female mallard.,1,0,false,2,Mallard,Anas platyrhynchos,Кряква,Aves,6930
110832066,a24445d3-d938-4c4b-8cac-2b515c04dfb0,2021-03-09 12:44:52,2021-03-09,2021-03-09 11:44:52 UTC,Rome,5449151,alberto722,Alberto Beccalli,2022-04-09 10:42:20 UTC,2022-05-31 21:36:42 UTC,research,,https://www.inaturalist.org/observations/110832066,https://static.inaturalist.org/photos/187030547/medium.jpeg,,"",,1,0,false,2,Stockente,Anas platyrhynchos,Кряква,Aves,6930
110861083,72d938cb-631e-4477-be28-3726232bcf72,Sat Apr 09 2022 18:49:57 GMT+0200 (GMT+2),2022-04-09,2022-04-09 15:49:57 UTC,Athens,1824031,adtll,"",2022-04-09 16:50:56 UTC,2024-09-04 16:19:53 UTC,research,CC-BY-NC,https://www.inaturalist.org/observations/110861083,https://inaturalist-open-data.s3.amazonaws.com/photos/187081257/medium.jpg,,"","",3,1,false,3,Mallard,Anas platyrhynchos,Кряква,Aves,6930
110872862,c89ecd18-315b-4583-83ca-1303da317eec,2022/04/09 9:11 AM CEST,2022-04-09,2022-04-09 07:11:00 UTC,Paris,5216703,smyodes,Simon Engelberger,2022-04-09 18:32:36 UTC,2024-07-19 03:47:35 UTC,research,CC-BY,https://www.inaturalist.org/observations/110872862,https://inaturalist-open-data.s3.amazonaws.com/photos/187098949/medium.jpeg,,"",,3,0,false,,Mallard,Anas platyrhynchos,Кряква,Aves,6930
111288423,60f30990-93f3-42f2-893b-f81a19702ac6,Wed Mar 09 2022 15:00:55 GMT+0000 (GMT),2022-03-09,2022-03-09 15:00:55 UTC,UTC,5508808,cwillan,,2022-04-13 08:55:57 UTC,2024-07-28 15:29:09 UTC,research,CC-BY-NC,https://www.inaturalist.org/observations/111288423,https://inaturalist-open-data.s3.amazonaws.com/photos/187854479/medium.jpg,,"","",3,0,false,3,Pato norteño,Anas platyrhynchos,Кряква,Aves,6930
111512174,2529c260-e687-4348-a19a-cd280afc66cb,2022-04-15 14:45:25,2022-04-15,2022-04-15 12:45:25 UTC,Rome,5514366,pingupit,pingupit,2022-04-15 12:46:09 UTC,2022-04-15 14:50:56 UTC,research,,https://www.inaturalist.org/observations/111512174,https://static.inaturalist.org/photos/188255739/medium.jpeg,,"",,1,0,false,2,Mallard,Anas platyrhynchos,Кряква,Aves,6930
111631236,4b57c57c-de5b-451a-aa55-9be6dc95c92f,2022-04-16 12:35:41,2022-04-16,2022-04-16 10:35:41 UTC,Rome,4709005,gond,Amico Cosimo / Gond,2022-04-16 11:54:07 UTC,2022-04-16 12:03:47 UTC,research,CC-BY-NC,https://www.inaturalist.org/observations/111631236,https://inaturalist-open-data.s3.amazonaws.com/photos/188473139/medium.jpeg,,"",,1,0,false,2,Stockente,Anas platyrhynchos,Кряква,Aves,6930
112970724,9a9a0341-7106-4d94-8189-5cd39cabd6c1,2022-04-26 07:06:18+02:00,2022-04-26,2022-04-26 05:06:18 UTC,Berlin,5341813,just_say_jamie,,2022-04-26 14:43:02 UTC,2022-04-26 15:45:16 UTC,research,CC-BY-NC,https://www.inaturalist.org/observations/112970724,https://inaturalist-open-data.s3.amazonaws.com/photos/190865000/medium.jpg,,"","",2,0,false,3,Mallard,Anas platyrhynchos,Кряква,Aves,6930
113265076,f72cb6b0-356b-41d1-99be-ab2192a1e306,2018/04/22 2:11 PM,2018-04-22,2018-04-22 12:11:00 UTC,Berlin,5404350,katha28,Katharina Schormair,2022-04-28 20:52:08 UTC,2022-05-27 13:35:41 UTC,research,,https://www.inaturalist.org/observations/113265076,https://static.inaturalist.org/photos/191375562/medium.jpeg,,"",,1,0,false,,Mallard,Anas platyrhynchos,Кряква,Aves,6930
113447604,df303117-b926-4646-b342-7695a401b6b4,2022-04-29 18:06:03,2022-04-29,2022-04-29 16:06:03 UTC,Prague,5590169,eliska49,Eliska Tomasova,2022-04-29 16:06:35 UTC,2022-06-23 19:32:58 UTC,research,,https://www.inaturalist.org/observations/113447604,https://static.inaturalist.org/photos/191666750/medium.jpeg,,"",,5,0,false,2,بركة,Anas platyrhynchos,Кряква,Aves,6930
114691710,f6cd7dbe-d9db-40f5-87b4-b7f2876371ff,2022/05/02 11:06 AM,2022-05-02,2022-05-02 09:06:00 UTC,Rome,463924,stefano_aguzzi,Stefano,2022-05-02 14:20:27 UTC,2022-05-17 20:10:54 UTC,research,CC-BY-NC,https://www.inaturalist.org/observations/114691710,https://inaturalist-open-data.s3.amazonaws.com/photos/193645399/medium.jpeg,,"","",3,0,false,,Germano reale,Anas platyrhynchos,Кряква,Aves,6930
115226006,257871d5-93ea-4137-86de-f1160fff1a55,2022-03-11 17:46:49,2022-03-11,2022-03-11 16:46:49 UTC,Madrid,5626052,angel1079,Angel Galan Fernandez,2022-05-03 22:10:23 UTC,2025-12-11 20:11:30 UTC,research,,https://www.inaturalist.org/observations/115226006,https://static.inaturalist.org/photos/194497200/medium.jpeg,,"",,4,0,false,2,Ánade Azulón,Anas platyrhynchos,Кряква,Aves,6930
115728754,41e06180-6293-4227-b3a2-e968818ebe05,2022/05/06 10:35 AM,2022-05-06,2022-05-06 08:35:00 UTC,Berlin,3333545,albissers_grund,"",2022-05-06 13:36:36 UTC,2022-05-06 20:09:59 UTC,research,CC-BY-NC,https://www.inaturalist.org/observations/115728754,https://inaturalist-open-data.s3.amazonaws.com/photos/195322216/medium.jpg,,"",,2,0,false,,Gråand,Anas platyrhynchos,Кряква,Aves,6930
116339736,21c70a9c-52d7-4d05-9d05-103d56282d05,2022-04-18 09:52:17,2022-04-18,2022-04-18 07:52:17 UTC,Madrid,5257102,jmsandicor18,"",2022-05-09 22:03:57 UTC,2022-05-18 23:40:10 UTC,research,,https://www.inaturalist.org/observations/116339736,https://static.inaturalist.org/photos/196373424/medium.jpeg,,"",,1,0,false,2,Pato norteño,Anas platyrhynchos,Кряква,Aves,6930
116577329,fff25763-fa58-461d-a4e4-63f3a148007b,2022-05-10 17:28:21+02:00,2022-05-10,2022-05-10 15:28:21 UTC,Berlin,5662414,metatrontumultum,,2022-05-11 17:01:07 UTC,2022-05-27 18:05:30 UTC,research,CC-BY-NC,https://www.inaturalist.org/observations/116577329,https://inaturalist-open-data.s3.amazonaws.com/photos/196795718/medium.jpg,,"","Enten...
",3,0,false,3,Stockente,Anas platyrhynchos,Кряква,Aves,6930
117016842,5d3a0fb2-f282-4ab6-935f-e4cbc168b7e1,2022/05/14 11:20 AM,2022-05-14,2022-05-14 09:20:00 UTC,Madrid,2489493,arseniogonzalez-anapri,ARSENIO GONZALEZ NAVARRO,2022-05-14 18:59:44 UTC,2022-05-15 14:46:15 UTC,research,CC-BY-NC,https://www.inaturalist.org/observations/117016842,https://inaturalist-open-data.s3.amazonaws.com/photos/197573724/medium.jpeg,,"","",3,0,false,,Pato norteño,Anas platyrhynchos,Кряква,Aves,6930
117318277,413c3888-6153-4da8-b6a0-d22978d040f8,2022/05/16 9:09 AM,2022-05-16,2022-05-16 07:09:00 UTC,Madrid,5274831,kakariki14,Pablo Pozo,2022-05-16 15:25:40 UTC,2022-07-23 06:32:42 UTC,research,CC-BY-NC,https://www.inaturalist.org/observations/117318277,https://inaturalist-open-data.s3.amazonaws.com/photos/198117089/medium.jpg,,"","",2,0,false,,Mallard,Anas platyrhynchos,Кряква,Aves,6930
117417145,4398b51a-b5fa-4886-b388-57a99e4cc7e4,2011-05-21 14:25:00,2011-05-21,2011-05-21 12:25:00 UTC,Amsterdam,1744563,attilaolah,Attila Oláh,2022-05-17 06:27:53 UTC,2024-01-08 16:44:08 UTC,research,CC-BY,https://www.inaturalist.org/observations/117417145,https://inaturalist-open-data.s3.amazonaws.com/photos/198300029/medium.jpeg,,"","@herminaov nézd, mit találtam :)",4,0,false,2,Wilde Eend,Anas platyrhynchos,Кряква,Aves,6930
118819168,c064b001-47a7-4b97-a6e6-eaa20ee37cb2,2022/05/17 10:07 AM,2022-05-17,2022-05-17 09:07:00 UTC,London,545290,mishanook,Mishanook,2022-05-26 18:48:08 UTC,2022-06-08 14:37:05 UTC,research,CC-BY-NC,https://www.inaturalist.org/observations/118819168,https://inaturalist-open-data.s3.amazonaws.com/photos/200793092/medium.jpeg,,"","",2,0,false,,Mallard,Anas platyrhynchos,Кряква,Aves,6930
119097897,e7a08971-d4e9-4680-ae36-69d9fdc78d06,2022/05/28,2022-05-28,,Berlin,1584261,christiansw,Christian Kahle,2022-05-28 17:53:47 UTC,2024-04-20 00:38:29 UTC,research,CC0,https://www.inaturalist.org/observations/119097897,https://inaturalist-open-data.s3.amazonaws.com/photos/201292995/medium.jpg,,"Stockente, Schneverdingen, Anas platyrhynchos",,1,0,false,,Stockente,Anas platyrhynchos,Кряква,Aves,6930
119893773,75efd90d-7532-4fad-a049-be6b802dfb59,2022/05/14 17:05,2022-05-14,2022-05-14 15:05:00 UTC,Paris,3376444,lepromeneur69,Eric Coulomb,2022-06-02 17:03:51 UTC,2022-06-02 17:07:40 UTC,research,CC-BY-NC-ND,https://www.inaturalist.org/observations/119893773,https://inaturalist-open-data.s3.amazonaws.com/photos/202722327/medium.jpg,,"",,1,0,false,,Mallard,Anas platyrhynchos,Кряква,Aves,6930
120482004,07a99099-5167-4576-9e67-e59e4f3246eb,2022-06-06 10:42:51,2022-06-06,2022-06-06 08:42:51 UTC,Madrid,4612939,javsagg34,Javier Sánchez Álvarez,2022-06-06 08:45:17 UTC,2025-05-12 21:43:12 UTC,research,CC-BY,https://www.inaturalist.org/observations/120482004,https://inaturalist-open-data.s3.amazonaws.com/photos/203783285/medium.jpeg,,"",,2,0,false,2,Mallard,Anas platyrhynchos,Кряква,Aves,6930
120785667,f9a590dd-b9bd-41de-b20b-f644f045201d,2022-06-07 17:40:40+02:00,2022-06-07,2022-06-07 15:40:40 UTC,Paris,4386595,domileo,Dominique Léonard,2022-06-08 08:26:14 UTC,2024-09-04 17:44:18 UTC,research,,https://www.inaturalist.org/observations/120785667,https://static.inaturalist.org/photos/204330500/medium.jpg,,"","",3,0,false,3,Stockente,Anas platyrhynchos,Кряква,Aves,6930
122289413,91bd5890-841a-4ed0-af06-f58c456ef4ee,Sat Jun 18 2022 13:07:47 GMT +0200 (GMT+2),2022-06-18,2022-06-18 11:07:47 UTC,Madrid,3434056,phoneixs,"",2022-06-18 11:07:58 UTC,2022-06-20 07:34:25 UTC,research,CC0,https://www.inaturalist.org/observations/122289413,https://inaturalist-open-data.s3.amazonaws.com/photos/207034759/medium.jpeg,,"",,3,0,false,333,Ànec collverd,Anas platyrhynchos,Кряква,Aves,6930
122458558,21439cb7-4b0a-448d-b87e-4982d555eb51,2022-06-19 13:04:06,2022-06-19,2022-06-19 11:04:06 UTC,Rome,4709005,gond,Amico Cosimo / Gond,2022-06-19 11:39:12 UTC,2022-06-26 12:25:57 UTC,research,CC-BY-NC,https://www.inaturalist.org/observations/122458558,https://inaturalist-open-data.s3.amazonaws.com/photos/207338648/medium.jpeg,,"",,2,0,false,2,Stockente,Anas platyrhynchos,Кряква,Aves,6930
123665645,fe2bc6f8-922e-49d9-8b4f-7f12a3aefd8a,2022/06/26 10:59 AM,2022-06-26,2022-06-26 08:59:00 UTC,Zurich,213733,inasiebert,Ina Siebert,2022-06-27 09:02:56 UTC,2022-06-29 02:36:12 UTC,research,CC-BY-NC,https://www.inaturalist.org/observations/123665645,https://inaturalist-open-data.s3.amazonaws.com/photos/209521878/medium.jpg,,"",,2,0,false,,Canard colvert,Anas platyrhynchos,Кряква,Aves,6930
125334529,394a6bf6-c592-4b0f-a178-e154172f070c,2022/07/08 2:46 PM,2022-07-08,2022-07-08 12:46:00 UTC,Berlin,496767,camogains,"",2022-07-08 18:02:04 UTC,2025-07-09 12:56:24 UTC,research,CC-BY-NC,https://www.inaturalist.org/observations/125334529,https://inaturalist-open-data.s3.amazonaws.com/photos/212535287/medium.jpeg,,"",,2,0,false,,Stockente,Anas platyrhynchos,Кряква,Aves,6930
127187740,2646ca11-d92c-493a-ae9b-98ee50eeb96b,2021/03/29,2021-03-29,,Prague,3629759,grr007,David Kimr,2022-07-21 05:06:51 UTC,2022-07-21 15:13:45 UTC,research,CC-BY-NC,https://www.inaturalist.org/observations/127187740,https://inaturalist-open-data.s3.amazonaws.com/photos/215898928/medium.jpeg,,"",,4,0,false,,Stockente,Anas platyrhynchos,Кряква,Aves,6930
127223662,a2d219c6-6944-4438-af38-a7f44fb017e6,2022-07-21 11:44:15+01:00,2022-07-21,2022-07-21 10:44:15 UTC,London,5909450,dougied1,,2022-07-21 14:10:58 UTC,2025-04-16 21:24:54 UTC,research,CC-BY-NC,https://www.inaturalist.org/observations/127223662,https://inaturalist-open-data.s3.amazonaws.com/photos/215963910/medium.jpg,,"","",2,0,false,3,Mallard,Anas platyrhynchos,Кряква,Aves,6930
127549831,03fbe421-b1ee-446d-949a-89df3a524d3d,2022-07-23 17:52:32,2022-07-23,2022-07-23 15:52:32 UTC,Rome,4709005,gond,Amico Cosimo / Gond,2022-07-23 18:49:39 UTC,2022-07-24 00:24:15 UTC,research,CC-BY-NC,https://www.inaturalist.org/observations/127549831,https://inaturalist-open-data.s3.amazonaws.com/photos/216552594/medium.jpeg,,"",,2,0,false,2,Sinisorsa,Anas platyrhynchos,Кряква,Aves,6930
128015043,ddaacb70-cbb6-4595-ac74-6b820c1ea747,2021/06/19 5:35 PM,2021-06-19,2021-06-19 16:35:00 UTC,London,5913399,m_feaster,,2022-07-26 16:47:35 UTC,2022-09-29 19:23:15 UTC,research,CC-BY-NC,https://www.inaturalist.org/observations/128015043,https://inaturalist-open-data.s3.amazonaws.com/photos/217400580/medium.jpeg,,"",,3,0,false,,Mallard,Anas platyrhynchos,Кряква,Aves,6930
129811393,cc25ffd4-8227-4164-b041-c9edcc80360f,2022/08/07 11:09,2022-08-07,2022-08-07 09:09:00 UTC,Berlin,4823678,susannespider,Susanne Spindler,2022-08-07 12:25:44 UTC,2023-04-07 21:27:47 UTC,research,CC-BY-NC,https://www.inaturalist.org/observations/129811393,https://inaturalist-open-data.s3.amazonaws.com/photos/220656204/medium.jpeg,,"",,2,0,false,,Stockente,Anas platyrhynchos,Кряква,Aves,6930
130271186,669a2d66-678a-45d8-9a37-1ca306217feb,2022-04-29 17:18:02+02:00,2022-04-29,2022-04-29 15:18:02 UTC,Vienna,4863729,natpict,Reinberg Meinrad,2022-08-10 18:03:15 UTC,2025-06-23 17:09:44 UTC,research,,https://www.inaturalist.org/observations/130271186,https://static.inaturalist.org/photos/221516652/medium.jpg,,"","",3,0,false,3,Stockente,Anas platyrhynchos,Кряква,Aves,6930
131347400,4394e1eb-a9c9-451f-a15b-a2ce6001f799,2022/06/26 5:48 PM,2022-06-26,2022-06-26 15:48:00 UTC,Budapest,5623322,nomen_novum,Nomen novum,2022-08-18 16:35:08 UTC,2022-08-29 20:59:28 UTC,research,,https://www.inaturalist.org/observations/131347400,https://static.inaturalist.org/photos/223499707/medium.png,,"",Lake Balaton,2,0,false,,Mallard,Anas platyrhynchos,Кряква,Aves,6930
131362693,6e746b8c-18e5-43b7-988e-81ba88b1476b,2022-08-18 20:36:34+02:00,2022-08-18,2022-08-18 18:36:34 UTC,Madrid,3916807,borja_garcia___oliveros,Borja García - Oliveros,2022-08-18 18:38:12 UTC,2022-08-19 01:24:52 UTC,research,,https://www.inaturalist.org/observations/131362693,https://static.inaturalist.org/photos/223535950/medium.jpg,,"","",1,0,false,3,Pato norteño,Anas platyrhynchos,Кряква,Aves,6930
131778078,e9299f19-88bb-4d21-990c-16d944d13046,2022/08/08 3:34 PM,2022-08-08,2022-08-08 14:34:00 UTC,London,1756341,katherine_jane,Katherine Wright,2022-08-21 19:11:32 UTC,2023-05-26 15:40:26 UTC,research,CC-BY-NC,https://www.inaturalist.org/observations/131778078,https://inaturalist-open-data.s3.amazonaws.com/photos/224304835/medium.jpeg,,"",,3,0,false,,Mallard,Anas platyrhynchos,Кряква,Aves,6930
132307434,2ac51104-033b-4d65-a28a-31752c9d9d69,2022-08-25 14:48:54,2022-08-25,2022-08-25 12:48:54 UTC,Berlin,6066461,einbobo,"",2022-08-25 18:32:25 UTC,2022-09-23 18:39:21 UTC,research,,https://www.inaturalist.org/observations/132307434,https://static.inaturalist.org/photos/225292189/medium.jpeg,,"",,2,0,false,2,Mallard,Anas platyrhynchos,Кряква,Aves,6930
132924007,1a86ceeb-5146-4ef8-94bc-5fd1b078baf4,2014/04/06 13:31,2014-04-06,2014-04-06 11:31:00 UTC,Prague,5979926,vladavihan,Vladislav Vihan,2022-08-30 08:14:27 UTC,2023-06-29 17:47:24 UTC,research,CC-BY-NC,https://www.inaturalist.org/observations/132924007,https://static.inaturalist.org/photos/226339293/medium.jpeg,,"","",6,0,false,,Stockente,Anas platyrhynchos,Кряква,Aves,6930
133931227,d5079bb3-b5bf-466b-be5b-de92ff5085d5,2022/08/02 10:04,2022-08-02,2022-08-02 08:04:00 UTC,Rome,1176208,marco_vicariotto,Marco Vicariotto,2022-09-06 17:03:04 UTC,2022-09-08 07:34:21 UTC,research,CC-BY-NC-ND,https://www.inaturalist.org/observations/133931227,https://inaturalist-open-data.s3.amazonaws.com/photos/228204886/medium.jpg,,"",,1,0,false,,Germano reale,Anas platyrhynchos,Кряква,Aves,6930
134268662,7e3b4ce0-d633-4489-b90b-3eded274df04,2022-09-09 08:43:02,2022-09-09,2022-09-09 06:43:02 UTC,Berlin,6120754,leo633,Leo Jensen,2022-09-09 06:45:33 UTC,2024-07-04 14:13:29 UTC,research,,https://www.inaturalist.org/observations/134268662,https://static.inaturalist.org/photos/228838512/medium.jpeg,,"",,4,0,false,2,Stockente,Anas platyrhynchos,Кряква,Aves,6930
134268665,fb12767e-67bc-4d24-9aba-1f412d65e575,2022-09-09 08:44:14,2022-09-09,2022-09-09 06:44:14 UTC,Berlin,6120754,leo633,Leo Jensen,2022-09-09 06:45:41 UTC,2024-07-04 14:13:30 UTC,research,,https://www.inaturalist.org/observations/134268665,https://static.inaturalist.org/photos/228838526/medium.jpeg,,"",,3,0,false,2,Sinisorsa,Anas platyrhynchos,Кряква,Aves,6930
134828497,7c08419b-097f-4e01-9f57-c039bfae215d,2022-09-12 16:23:06,2022-09-12,2022-09-12 14:23:06 UTC,Paris,977678,marcderval,Marc Derval,2022-09-13 05:52:05 UTC,2023-09-07 12:45:41 UTC,research,,https://www.inaturalist.org/observations/134828497,https://static.inaturalist.org/photos/229884546/medium.jpeg,,"",,3,1,false,2,Mallard,Anas platyrhynchos,Кряква,Aves,6930
136059566,260d15f6-88d2-41b6-917c-cb2c856d2ec6,2022-08-27 17:58:15,2022-08-27,2022-08-27 15:58:15 UTC,Warsaw,68722,missnarjess,Narjess,2022-09-22 17:27:49 UTC,2022-09-22 19:35:33 UTC,research,,https://www.inaturalist.org/observations/136059566,https://static.inaturalist.org/photos/232157026/medium.jpeg,,"",,1,0,false,2,Pato norteño,Anas platyrhynchos,Кряква,Aves,6930
136130012,63c75d7f-a046-47c6-bd30-df327a2ffb60,2022/08/16 8:45 PM,2022-08-16,2022-08-16 18:45:00 UTC,Madrid,2619098,solrac82,,2022-09-23 06:51:06 UTC,2022-09-24 08:36:55 UTC,research,CC-BY-NC,https://www.inaturalist.org/observations/136130012,https://inaturalist-open-data.s3.amazonaws.com/photos/232286861/medium.jpeg,,"","",1,0,false,,Pato norteño,Anas platyrhynchos,Кряква,Aves,6930
137062730,8423db66-8bb1-48fd-bd4b-b7c2ef6e6e2b,2022-09-18 11:04:22+01:00,2022-09-18,2022-09-18 10:04:22 UTC,London,2108800,tisrel,"",2022-09-30 19:35:47 UTC,2025-11-15 16:05:42 UTC,research,CC-BY-NC,https://www.inaturalist.org/observations/137062730,https://inaturalist-open-data.s3.amazonaws.com/photos/234018286/medium.jpg,,"",Twisted beak.,3,0,false,3,Mallard,Anas platyrhynchos,Кряква,Aves,6930
137836890,13171619-93dc-4449-b6ab-6a971cdcfa0a,2022-10-07 09:34:17,2022-10-07,2022-10-07 07:34:17 UTC,Rome,3014243,yannictalarico,Yannic Talarico,2022-10-07 07:36:39 UTC,2022-10-08 21:04:56 UTC,research,,https://www.inaturalist.org/observations/137836890,https://static.inaturalist.org/photos/235482316/medium.jpeg,,"",,3,0,false,2,Canard colvert,Anas platyrhynchos,Кряква,Aves,6930
138614530,4b7c1e26-b219-4958-be88-6510ed873e9d,2022-10-09 12:49:28+02:00,2022-10-09,2022-10-09 10:49:28 UTC,Rome,137919,sofia-b,"",2022-10-13 14:40:35 UTC,2023-12-04 11:41:32 UTC,research,CC-BY-NC,https://www.inaturalist.org/observations/138614530,https://inaturalist-open-data.s3.amazonaws.com/photos/236955208/medium.jpg,,"","",1,0,false,3,Mallard,Anas platyrhynchos,Кряква,Aves,6930
140078556,e609a7a7-7c82-4dbb-9580-6cda6470ac18,2022/10/20 8:46 AM,2022-10-20,2022-10-20 06:46:00 UTC,Amsterdam,1499212,adkonings,Ad Konings,2022-10-26 18:04:19 UTC,2024-01-10 08:54:41 UTC,research,CC-BY-NC,https://www.inaturalist.org/observations/140078556,https://inaturalist-open-data.s3.amazonaws.com/photos/239720566/medium.jpg,,"",,3,0,false,,Кряква,Anas platyrhynchos,Кряква,Aves,6930
140090754,8c17b39a-68ec-4100-8cc6-04c87bac62d8,2022/10/21 1:30 PM,2022-10-21,2022-10-21 11:30:00 UTC,Amsterdam,1499212,adkonings,Ad Konings,2022-10-26 20:12:44 UTC,2024-12-13 19:13:24 UTC,research,CC-BY-NC,https://www.inaturalist.org/observations/140090754,https://inaturalist-open-data.s3.amazonaws.com/photos/239743809/medium.jpg,,"",,5,0,false,,Mallard,Anas platyrhynchos,Кряква,Aves,6930
141250406,2ebe6b10-4244-4ee7-9137-47468538f4ed,2022/07/04 10:02 AM,2022-07-04,2022-07-04 09:02:00 UTC,London,6304742,canoe180,Canoe180,2022-11-06 10:43:20 UTC,2022-11-27 17:58:37 UTC,research,CC-BY-NC,https://www.inaturalist.org/observations/141250406,https://inaturalist-open-data.s3.amazonaws.com/photos/241937638/medium.jpeg,,"","",2,0,false,,Mallard,Anas platyrhynchos,Кряква,Aves,6930
142296448,0ab6c0df-7534-48e3-ada2-08863f83d27c,2022-11-18 17:01:08,2022-11-18,2022-11-18 16:01:08 UTC,Madrid,6298587,escuelasiempreviva,Siempreviva,2022-11-18 16:01:38 UTC,2022-12-11 13:02:38 UTC,research,CC-BY-NC,https://www.inaturalist.org/observations/142296448,https://inaturalist-open-data.s3.amazonaws.com/photos/243931762/medium.jpeg,,"",,2,0,false,2,Mallard,Anas platyrhynchos,Кряква,Aves,6930
142683793,057ad91b-fa29-4333-88b6-4fcc83484b5f,2022/11/22 1:35 PM,2022-11-22,2022-11-22 12:35:00 UTC,Berlin,213733,inasiebert,Ina Siebert,2022-11-23 17:20:57 UTC,2023-01-17 21:30:29 UTC,research,CC-BY-NC,https://www.inaturalist.org/observations/142683793,https://inaturalist-open-data.s3.amazonaws.com/photos/244665735/medium.jpg,,"","Hunting and catching several fish, but having trouble swallowing them. A female Mallard was more successful.",5,0,false,,Germano reale,Anas platyrhynchos,Кряква,Aves,6930
143422097,39a47f09-3108-4108-9186-fd0a8383f477,1961/06/18 7:54 PM,1961-06-18,1961-06-18 18:54:00 UTC,London,717200,kenharris,Ken Harris EntSocVic,2022-12-01 10:45:39 UTC,2024-10-15 21:53:18 UTC,research,CC-BY-NC,https://www.inaturalist.org/observations/143422097,https://inaturalist-open-data.s3.amazonaws.com/photos/245954837/medium.jpg,,"",,4,0,false,,Mallard,Anas platyrhynchos,Кряква,Aves,6930
144017229,62f2bfb4-b047-4d75-bd86-db40026b5597,2022/11/13 15:12,2022-11-13,2022-11-13 14:12:00 UTC,Berlin,5927316,jsrmo,"",2022-12-09 17:55:17 UTC,2022-12-14 16:02:43 UTC,research,CC-BY-NC,https://www.inaturalist.org/observations/144017229,https://inaturalist-open-data.s3.amazonaws.com/photos/247094058/medium.jpeg,,"",,4,0,false,,Mallard,Anas platyrhynchos,Кряква,Aves,6930
144601664,e3fe9015-4591-4cd4-8555-9ca30a146240,2022/12/18 12:21,2022-12-18,2022-12-18 11:21:00 UTC,Vienna,5645316,philip_schaffer,Philip Schaffer,2022-12-18 13:28:44 UTC,2023-02-13 18:19:57 UTC,research,CC-BY,https://www.inaturalist.org/observations/144601664,https://inaturalist-open-data.s3.amazonaws.com/photos/248214805/medium.jpeg,,"",,4,0,false,,Stockente,Anas platyrhynchos,Кряква,Aves,6930
144601668,cc69ced3-d716-4ffd-a947-fa50f48092a9,2022/12/18 12:23,2022-12-18,2022-12-18 11:23:00 UTC,Vienna,5645316,philip_schaffer,Philip Schaffer,2022-12-18 13:28:45 UTC,2023-02-13 18:19:57 UTC,research,CC-BY,https://www.inaturalist.org/observations/144601668,https://inaturalist-open-data.s3.amazonaws.com/photos/248215056/medium.jpg,,"",,3,0,false,,Wilde Eend,Anas platyrhynchos,Кряква,Aves,6930
145102069,2833f84b-2433-4aef-82f6-85a129b3fca0,2022-12-26 10:38:34+01:00,2022-12-26,2022-12-26 09:38:34 UTC,Vienna,6231395,anna-lena_wallner,,2022-12-26 11:57:53 UTC,2025-06-23 17:41:21 UTC,research,CC-BY-NC,https://www.inaturalist.org/observations/145102069,https://inaturalist-open-data.s3.amazonaws.com/photos/249191606/medium.jpg,,"","",3,0,false,3,Mallard,Anas platyrhynchos,Кряква,Aves,6930
145223362,516dec58-77bc-41fe-9cd6-6b26efb9df59,2022-12-27 17:06:13+03:00,2022-12-27,2022-12-27 14:06:13 UTC,Rome,3361259,ahenttonen,Antti Henttonen,2022-12-27 23:56:16 UTC,2022-12-28 10:20:12 UTC,research,CC-BY-NC,https://www.inaturalist.org/observations/145223362,https://inaturalist-open-data.s3.amazonaws.com/photos/249422836/medium.jpg,,"","",4,0,false,3,Mallard,Anas platyrhynchos,Кряква,Aves,6930
145492186,8cf20d90-68d2-4f48-b7e3-525b59071097,2022-12-30 13:59:32,2022-12-30,2022-12-30 12:59:32 UTC,Prague,6336847,ondrav,Ondřej Véle,2022-12-31 09:52:15 UTC,2025-06-19 18:27:17 UTC,research,,https://www.inaturalist.org/observations/145492186,https://static.inaturalist.org/photos/249919974/medium.jpeg,,"",,5,0,false,2,Kachna Divoká,Anas platyrhynchos,Кряква,Aves,6930
146029276,484b723f-130c-4307-aebe-e9256995e7c7,2023/01/06 2:13 PM,2023-01-06,2023-01-06 14:13:00 UTC,London,1236256,steve_mcwilliam,Stephen James McWilliam,2023-01-07 11:01:56 UTC,2025-12-13 12:04:42 UTC,research,CC0,https://www.inaturalist.org/observations/146029276,https://inaturalist-open-data.s3.amazonaws.com/photos/250966571/medium.jpg,,"",Mating Mallards,4,0,false,,Anas platyrhynchos,Anas platyrhynchos,Кряква,Aves,6930
146325497,fc4c9fe6-7a07-439e-96ca-375d19656add,2023-01-11 09:44:49,2023-01-11,2023-01-11 08:44:49 UTC,Madrid,4267801,christianserrano-anapri,Christian,2023-01-11 09:20:51 UTC,2025-05-04 11:16:17 UTC,research,,https://www.inaturalist.org/observations/146325497,https://static.inaturalist.org/photos/251543811/medium.jpeg,,"",,5,0,false,2,Pato norteño,Anas platyrhynchos,Кряква,Aves,6930
147267594,f278826f-658b-4e3b-895b-b3474d6d57a9,2006/04/06 16:21,2006-04-06,2006-04-06 14:21:00 UTC,Berlin,4372458,drmichaelbraun,Dr. Michael P. Braun,2023-01-24 15:30:13 UTC,2023-01-24 21:57:32 UTC,research,,https://www.inaturalist.org/observations/147267594,https://static.inaturalist.org/photos/253377970/medium.jpeg,,"",,4,0,false,,Mallard,Anas platyrhynchos,Кряква,Aves,6930
147834330,ebc2b72b-daec-44bc-95db-0563f6e99b90,2023-02-01 16:54:09,2023-02-01,2023-02-01 15:54:09 UTC,Berlin,4668986,lina_aachen,Lina Goldman,2023-02-01 16:17:18 UTC,2023-02-01 23:31:48 UTC,research,CC-BY-NC,https://www.inaturalist.org/observations/147834330,https://inaturalist-open-data.s3.amazonaws.com/photos/254455935/medium.jpeg,,"",,3,0,false,2,Mallard,Anas platyrhynchos,Кряква,Aves,6930
148767970,74d4ae1a-0d64-4e48-889a-e5e641d229eb,2023-02-14 13:40:10+01:00,2023-02-14,2023-02-14 12:40:10 UTC,Rome,6466192,lucasartore,,2023-02-14 16:45:59 UTC,2023-02-14 18:06:17 UTC,research,CC-BY-NC,https://www.inaturalist.org/observations/148767970,https://inaturalist-open-data.s3.amazonaws.com/photos/256248960/medium.jpg,,"","",3,0,false,3,Mallard,Anas platyrhynchos,Кряква,Aves,6930
148781515,946079a2-d17b-475c-be1a-a73e6be2b252,2023-02-14 13:19:36,2023-02-14,2023-02-14 13:19:36 UTC,London,1892695,tirvine,Theresa Irvine,2023-02-14 20:36:37 UTC,2025-05-26 13:11:14 UTC,research,CC-BY-NC,https://www.inaturalist.org/observations/148781515,https://inaturalist-open-data.s3.amazonaws.com/photos/256274353/medium.jpeg,,"",,3,0,false,2,Mallard,Anas platyrhynchos,Кряква,Aves,6930
149036134,b083d14e-142c-4b71-b36a-8479159fb289,2023-02-18 13:10:44,2023-02-18,2023-02-18 12:10:44 UTC,Belgrade,5784976,viktorkovacevic,Viktor Kovačević Ćovi,2023-02-18 12:48:41 UTC,2024-05-02 19:23:54 UTC,research,CC-BY-NC,https://www.inaturalist.org/observations/149036134,https://inaturalist-open-data.s3.amazonaws.com/photos/256752958/medium.jpeg,,"",,4,0,false,2,Stockente,Anas platyrhynchos,Кряква,Aves,6930
149493553,226bfa05-6f36-451e-8574-b1510e1f2b08,2023/02/23 12:28 PM,2023-02-23,2023-02-23 12:28:00 UTC,London,5745502,dave2022,Dave,2023-02-23 18:46:45 UTC,2024-11-06 13:15:55 UTC,research,CC-BY-NC,https://www.inaturalist.org/observations/149493553,https://inaturalist-open-data.s3.amazonaws.com/photos/257610451/medium.jpg,,"",,3,0,false,,Mallard,Anas platyrhynchos,Кряква,Aves,6930
150598307,4f049d41-45bc-4fa9-953a-23aa94ded78a,2023/03/04 13:46,2023-03-04,2023-03-04 12:46:00 UTC,Vienna,2517068,paulwerner,Paul Werner Süss,2023-03-08 20:36:24 UTC,2024-09-07 11:56:16 UTC,research,CC-BY-NC,https://www.inaturalist.org/observations/150598307,https://inaturalist-open-data.s3.amazonaws.com/photos/259713757/medium.jpg,,Stockente,Anas platyrhynchos,1,0,false,,Canard colvert,Anas platyrhynchos,Кряква,Aves,6930
150859338,98bd8712-3ee9-4910-94ea-821cac690f47,2023/03/11 9:43 AM,2023-03-11,2023-03-11 09:43:00 UTC,London,5555405,andrew_skotnicki,Andrew Skotnicki,2023-03-11 21:58:02 UTC,2023-03-21 07:28:58 UTC,research,CC-BY-NC,https://www.inaturalist.org/observations/150859338,https://inaturalist-open-data.s3.amazonaws.com/photos/260200774/medium.jpg,,"Anas, Anas platyrhynchos, Anatidae, Mallard, duck","",2,0,false,,Canard colvert,Anas platyrhynchos,Кряква,Aves,6930
151428645,6855c7d9-d054-4dd8-aafe-3d4d027938d5,2006/11/23 11:36,2006-11-23,2006-11-23 10:36:00 UTC,Rome,1945930,phylos,Luigi Andena,2023-03-17 22:23:19 UTC,2025-01-22 19:15:26 UTC,research,CC-BY-NC,https://www.inaturalist.org/observations/151428645,https://inaturalist-open-data.s3.amazonaws.com/photos/261277218/medium.jpg,,"","",2,0,false,,Germano reale,Anas platyrhynchos,Кряква,Aves,6930
151848368,9ad322e1-0a8c-4607-983e-f6730a3446a4,2023-03-16 19:00:05+01:00,2023-03-16,2023-03-16 18:00:05 UTC,Berlin,6471623,steffen_gutbier,Steffen Gutbier,2023-03-21 18:05:17 UTC,2023-04-21 18:54:20 UTC,research,,https://www.inaturalist.org/observations/151848368,https://static.inaturalist.org/photos/262066244/medium.jpg,,"","",2,0,false,3,Stockente,Anas platyrhynchos,Кряква,Aves,6930
152011993,3e6e36af-3aca-42be-8b99-a7569e63c037,2023/03/02 10:24,2023-03-02,2023-03-02 09:24:00 UTC,Zurich,1945930,phylos,Luigi Andena,2023-03-23 09:26:59 UTC,2023-08-18 06:17:50 UTC,research,CC-BY-NC,https://www.inaturalist.org/observations/152011993,https://inaturalist-open-data.s3.amazonaws.com/photos/262372130/medium.jpg,,"",,3,0,false,,Mallard,Anas platyrhynchos,Кряква,Aves,6930
152120254,5512b1a2-f5f2-4655-ae7e-6686324e3920,2023/03/19 15:35,2023-03-19,2023-03-19 14:35:00 UTC,Rome,4826790,vale_khr,,2023-03-24 10:00:35 UTC,2024-04-22 10:39:13 UTC,research,CC-BY-NC,https://www.inaturalist.org/observations/152120254,https://inaturalist-open-data.s3.amazonaws.com/photos/262564880/medium.jpg,,"","",2,0,false,,Mallard,Anas platyrhynchos,Кряква,Aves,6930
152550621,927edbf8-ea6e-4745-a256-8b0458f7e0a3,2023/03/27 18:31,2023-03-27,2023-03-27 16:31:00 UTC,Prague,2396792,luskoun,Vojtěch Vyskočil,2023-03-27 21:20:29 UTC,2023-04-03 12:54:43 UTC,research,CC-BY-NC,https://www.inaturalist.org/observations/152550621,https://inaturalist-open-data.s3.amazonaws.com/photos/263359273/medium.jpeg,,"","",3,0,false,,Mallard,Anas platyrhynchos,Кряква,Aves,6930
152681612,741a8a3a-dfcd-4f17-9c90-9dcbed60efbf,2011-06-27 15:43:34,2011-06-27,2011-06-27 13:43:34 UTC,Vienna,3676808,nikolett6ttn,Nikolett Tóth,2023-03-29 00:56:39 UTC,2025-10-13 17:21:46 UTC,research,CC-BY-ND,https://www.inaturalist.org/observations/152681612,https://inaturalist-open-data.s3.amazonaws.com/photos/263602997/medium.jpeg,,"",,1,0,false,2,Wilde Eend,Anas platyrhynchos,Кряква,Aves,6930
154715370,277a58c3-d34f-4f3a-af3f-822a2fb2ffdc,2023/04/13 6:00 PM,2023-04-13,2023-04-13 16:00:00 UTC,Rome,6057935,dragonfyre,Dragonfyre,2023-04-13 16:35:22 UTC,2025-02-10 17:16:46 UTC,research,CC-BY-NC,https://www.inaturalist.org/observations/154715370,https://inaturalist-open-data.s3.amazonaws.com/photos/267355611/medium.jpeg,,"","",1,0,false,,Stockente,Anas platyrhynchos,Кряква,Aves,6930
154794930,13a974ba-cb22-4fb6-b94f-400edd90559f,2023/04/14 9:59 AM,2023-04-14,2023-04-14 08:59:00 UTC,London,6618122,thomasnottom,Thomas Collard,2023-04-14 10:20:22 UTC,2023-04-20 00:34:52 UTC,research,,https://www.inaturalist.org/observations/154794930,https://static.inaturalist.org/photos/267502900/medium.jpeg,,"",,1,0,false,,Mallard,Anas platyrhynchos,Кряква,Aves,6930
156585363,fc6609e1-899c-4f19-bfab-df9bd7e5b009,2023-04-25 10:23:27,2023-04-25,2023-04-25 08:23:27 UTC,Paris,2217011,lefebvremax,Lefebvre Maxence,2023-04-25 14:59:44 UTC,2024-07-25 05:58:31 UTC,research,,https://www.inaturalist.org/observations/156585363,https://static.inaturalist.org/photos/270782625/medium.jpeg,,"",,1,0,false,2,Stockente,Anas platyrhynchos,Кряква,Aves,6930
158313064,8fea7ed8-0186-4603-a8e6-2c0587d2bc64,2023/04/30 12:45,2023-04-30,2023-04-30 10:45:00 UTC,Amsterdam,4752960,maximion,Maksymilian Wojtkiewicz,2023-04-30 21:26:22 UTC,2024-01-10 10:11:42 UTC,research,CC-BY-NC,https://www.inaturalist.org/observations/158313064,https://inaturalist-open-data.s3.amazonaws.com/photos/273612292/medium.jpeg,,"","",2,0,false,,Mallard,Anas platyrhynchos,Кряква,Aves,6930
158797559,32ecbc0d-da1d-4a10-8235-cc979dc23709,2023/05/01 17:31,2023-05-01,2023-05-01 15:31:00 UTC,Berlin,2798400,infernocomplex,Anton Dangl,2023-05-01 19:11:47 UTC,2023-11-26 20:28:53 UTC,research,CC-BY-NC,https://www.inaturalist.org/observations/158797559,https://inaturalist-open-data.s3.amazonaws.com/photos/274381531/medium.jpg,,"",,3,0,false,,Stockente,Anas platyrhynchos,Кряква,Aves,6930
159869735,80eeb009-f7b5-4488-8c38-f580eaee7cc1,2023-05-05 13:45:07,2023-05-05,2023-05-05 11:45:07 UTC,Berlin,4414711,susi_elh,Susi Elh,2023-05-05 15:00:44 UTC,2023-06-20 14:56:57 UTC,research,,https://www.inaturalist.org/observations/159869735,https://static.inaturalist.org/photos/276240599/medium.jpeg,,"",,1,0,false,2,Mallard,Anas platyrhynchos,Кряква,Aves,6930
160386421,6b33f9e0-316c-4436-b056-a5b23f1d7a48,2023/05/07 8:08 PM,2023-05-07,2023-05-07 19:08:00 UTC,London,5437948,wearepreston,LibProj,2023-05-07 19:10:10 UTC,2023-05-07 19:28:38 UTC,research,CC-BY-NC,https://www.inaturalist.org/observations/160386421,https://inaturalist-open-data.s3.amazonaws.com/photos/277144696/medium.jpeg,,"",,2,0,false,,綠頭鴨,Anas platyrhynchos,Кряква,Aves,6930
161421356,b7fb4e10-17d7-4cd8-8a0a-c20ca6acdd3c,2023/05/13 15:14,2023-05-13,2023-05-13 13:14:00 UTC,Paris,5185459,patricklm35,Patrick Le Mao,2023-05-13 15:54:49 UTC,2025-12-16 15:08:55 UTC,research,CC0,https://www.inaturalist.org/observations/161421356,https://inaturalist-open-data.s3.amazonaws.com/photos/279011884/medium.jpeg,,"",,1,0,false,,Canard colvert,Anas platyrhynchos,Кряква,Aves,6930
162264956,fb753171-7f41-4440-8538-3af81b75b061,2023-05-15 13:15:11,2023-05-15,2023-05-15 12:15:11 UTC,London,1645803,mostlyflowers,Danielle Buma,2023-05-18 08:22:10 UTC,2023-05-23 12:48:21 UTC,research,CC-BY-NC,https://www.inaturalist.org/observations/162264956,https://inaturalist-open-data.s3.amazonaws.com/photos/280563023/medium.jpeg,,"",Ducklings in separate post,1,0,false,2,Mallard,Anas platyrhynchos,Кряква,Aves,6930
162267460,886e4eba-d1d4-41c9-ae70-209afe24a8b2,2023-05-18 10:06:36,2023-05-18,2023-05-18 08:06:36 UTC,Prague,5444569,claudiaaaaa,Claudia Caputo,2023-05-18 08:52:17 UTC,2023-05-19 11:45:19 UTC,research,CC-BY-NC,https://www.inaturalist.org/observations/162267460,https://inaturalist-open-data.s3.amazonaws.com/photos/280567059/medium.jpeg,,"",,2,0,false,2,Kachna Divoká,Anas platyrhynchos,Кряква,Aves,6930
162963887,c4b59638-5540-4576-a9ed-20a21f6c09da,2023/05/18 2:51 PM,2023-05-18,2023-05-18 12:51:00 UTC,Madrid,598614,txalibionte,Txalen Galina-Gaiton,2023-05-21 19:35:00 UTC,2023-07-26 08:52:01 UTC,research,,https://www.inaturalist.org/observations/162963887,https://inaturalist-open-data.s3.amazonaws.com/photos/281780912/medium.jpeg,,"","",1,0,false,,Pato norteño,Anas platyrhynchos,Кряква,Aves,6930
164599074,59b27e58-0f52-473e-9f96-cbb12a6de812,Tue May 30 2023 11:04:15 GMT +0200 (GMT),2023-05-30,2023-05-30 09:04:15 UTC,Rome,6912528,sabinaiqbal,,2023-05-30 09:04:27 UTC,2023-07-26 04:57:35 UTC,research,CC-BY-NC,https://www.inaturalist.org/observations/164599074,https://inaturalist-open-data.s3.amazonaws.com/photos/284819738/medium.jpeg,,"",,1,0,false,333,Кряква,Anas platyrhynchos,Кряква,Aves,6930
164769573,054d3f85-93ac-4b1d-a9e1-cb74eddf9e97,2023-05-30 11:29:38+02:00,2023-05-30,2023-05-30 09:29:38 UTC,Rome,6965612,flexboy03,Fedro Fedriga,2023-05-31 07:40:42 UTC,2023-05-31 09:19:47 UTC,research,,https://www.inaturalist.org/observations/164769573,https://static.inaturalist.org/photos/285136178/medium.jpg,,"","",1,0,false,3,Kachna Divoká,Anas platyrhynchos,Кряква,Aves,6930
165190433,6c1304eb-adad-4e2f-93db-1f0330a38729,2023-01-25 12:04:20,2023-01-25,2023-01-25 12:04:20 UTC,London,6978979,lauraw5079,Laura Whitlam,2023-06-02 20:03:34 UTC,2023-06-03 21:04:21 UTC,research,,https://www.inaturalist.org/observations/165190433,https://static.inaturalist.org/photos/285916936/medium.jpeg,,"",,1,0,false,2,Mallard,Anas platyrhynchos,Кряква,Aves,6930
166139276,0879364c-bec5-41ff-80f3-01eb5b8f58b1,2023/06/07 4:12 PM,2023-06-07,2023-06-07 14:12:00 UTC,Amsterdam,2638948,tomaswijk,Tomas Wijk,2023-06-07 21:28:56 UTC,2024-01-08 16:38:54 UTC,research,,https://www.inaturalist.org/observations/166139276,https://static.inaturalist.org/photos/287670743/medium.jpg,,"",,2,0,false,,Didžioji antis,Anas platyrhynchos,Кряква,Aves,6930
167149955,06354a20-9a28-4351-9dab-b1d2fcf9c9ac,2023-06-10 20:38:58,2023-06-10,2023-06-10 18:38:58 UTC,Prague,7026931,justgoose,"",2023-06-13 06:32:37 UTC,2024-08-04 13:01:25 UTC,research,CC-BY-NC,https://www.inaturalist.org/observations/167149955,https://inaturalist-open-data.s3.amazonaws.com/photos/289527632/medium.jpeg,,"",,5,0,false,2,Germano reale,Anas platyrhynchos,Кряква,Aves,6930
167969873,f66260fe-ecec-4e06-ad71-cb15cf15dcd3,2023-06-17 08:48:31+01:00,2023-06-17,2023-06-17 07:48:31 UTC,London,2792990,chrisbrothwood,Chris Brothwood,2023-06-17 21:57:48 UTC,2023-07-13 23:15:34 UTC,research,,https://www.inaturalist.org/observations/167969873,https://static.inaturalist.org/photos/291039230/medium.jpg,,"","",3,1,false,3,Mallard,Anas platyrhynchos,Кряква,Aves,6930
172992312,2bc3e035-eaff-4591-a674-b0cf4b62747b,2023-07-15 13:06:29,2023-07-15,2023-07-15 11:06:29 UTC,Madrid,7145035,oriolballestermarti,Oriol Ballester Marti,2023-07-15 11:34:43 UTC,2025-02-17 17:54:09 UTC,research,,https://www.inaturalist.org/observations/172992312,https://static.inaturalist.org/photos/300379029/medium.jpeg,,"",,3,0,false,2,Mallard,Anas platyrhynchos,Кряква,Aves,6930
173382056,d6be9497-5f1d-4696-be67-477fe7e0c229,2023/07/16 09:37,2023-07-16,2023-07-16 07:37:00 UTC,Ljubljana,275478,jessica_peruzzo,Jessica Peruzzo,2023-07-17 09:37:23 UTC,2023-07-17 19:06:23 UTC,research,CC-BY-NC,https://www.inaturalist.org/observations/173382056,https://inaturalist-open-data.s3.amazonaws.com/photos/301096105/medium.jpg,,"",,1,0,false,,Mallard,Anas platyrhynchos,Кряква,Aves,6930
173772318,8fe63b3f-5080-41ff-92de-5a572c944520,2023/07/19 9:25 AM,2023-07-19,2023-07-19 08:25:00 UTC,London,4630377,inlandbirder,,2023-07-19 14:48:53 UTC,2023-07-26 18:10:20 UTC,research,CC-BY-NC,https://www.inaturalist.org/observations/173772318,https://inaturalist-open-data.s3.amazonaws.com/photos/301814440/medium.jpeg,,"","",3,0,false,,Mallard,Anas platyrhynchos,Кряква,Aves,6930
174667249,a3153515-fdc6-4f9c-9fd9-a3db7d02e763,2023-07-24 14:07:12+02:00,2023-07-24,2023-07-24 12:07:12 UTC,Paris,4258173,huppe83,,2023-07-24 12:30:18 UTC,2024-08-16 20:23:13 UTC,research,CC-BY-NC,https://www.inaturalist.org/observations/174667249,https://inaturalist-open-data.s3.amazonaws.com/photos/303471954/medium.jpg,,"","",3,0,false,3,Canard colvert,Anas platyrhynchos,Кряква,Aves,6930
175449649,82df96bd-2ea7-4325-b234-5b77d299d8ca,2023-04-28 13:23:00,2023-04-28,2023-04-28 11:23:00 UTC,Warsaw,7125499,bobo-x,Bobo-X,2023-07-28 23:09:32 UTC,2023-12-18 12:48:58 UTC,research,CC-BY,https://www.inaturalist.org/observations/175449649,https://inaturalist-open-data.s3.amazonaws.com/photos/304916383/medium.jpeg,,"",,2,0,false,2,Krzyżówka,Anas platyrhynchos,Кряква,Aves,6930
175451351,6e0d4cb9-9ffb-49ab-9d62-95430e9fefbf,2023-05-17 17:23:00,2023-05-17,2023-05-17 15:23:00 UTC,Warsaw,7125499,bobo-x,Bobo-X,2023-07-28 23:23:11 UTC,2023-12-18 12:48:13 UTC,research,CC-BY,https://www.inaturalist.org/observations/175451351,https://inaturalist-open-data.s3.amazonaws.com/photos/304919570/medium.jpeg,,"",,2,0,false,2,Krzyżówka,Anas platyrhynchos,Кряква,Aves,6930
175720573,b9967768-0b30-414b-b989-f6839b4e4114,2023/07/29 2:42 PM,2023-07-29,2023-07-29 12:42:00 UTC,Berlin,26480,redhat,"",2023-07-30 13:16:13 UTC,2023-07-30 23:15:30 UTC,research,CC-BY-NC,https://www.inaturalist.org/observations/175720573,https://inaturalist-open-data.s3.amazonaws.com/photos/305409990/medium.jpeg,,"",,1,0,false,,Mallard,Anas platyrhynchos,Кряква,Aves,6930
177238654,c0632128-9a5f-483a-8a7a-9ff40a31c018,2023-08-07 15:31:04,2023-08-07,2023-08-07 13:31:04 UTC,Warsaw,7125499,bobo-x,Bobo-X,2023-08-07 21:14:04 UTC,2023-12-18 12:49:24 UTC,research,CC-BY,https://www.inaturalist.org/observations/177238654,https://inaturalist-open-data.s3.amazonaws.com/photos/308233079/medium.jpeg,,"",,3,0,false,2,Krzyżówka,Anas platyrhynchos,Кряква,Aves,6930
178149989,fa3977ae-b4d6-4d0b-8b82-2d5fa193395e,2023-08-12 12:46:59+02:00,2023-08-12,2023-08-12 10:46:59 UTC,Warsaw,7236914,hgruszcz,Hela,2023-08-13 10:41:11 UTC,2024-06-26 17:20:55 UTC,research,CC-BY-NC,https://www.inaturalist.org/observations/178149989,https://inaturalist-open-data.s3.amazonaws.com/photos/309949608/medium.jpg,,"","",1,0,false,3,Krzyżówka,Anas platyrhynchos,Кряква,Aves,6930
178288052,28ba0bef-7fa7-44b6-8563-ddeeff1c6c78,2023-07-19 11:00:00+02:00,2023-07-19,2023-07-19 09:00:00 UTC,Warsaw,6450284,chimpers,"",2023-08-14 00:36:23 UTC,2025-06-27 16:15:29 UTC,research,CC0,https://www.inaturalist.org/observations/178288052,https://inaturalist-open-data.s3.amazonaws.com/photos/310213411/medium.jpg,,"","",2,0,false,3,Krzyżówka,Anas platyrhynchos,Кряква,Aves,6930
178420726,bfd4f237-da5f-4bfc-b529-c765a7c718f8,2023/08/14 9:17 AM,2023-08-14,2023-08-14 07:17:00 UTC,Berlin,857593,sven_gippner,Dr. Sven Gippner,2023-08-14 19:53:52 UTC,2023-08-20 10:56:11 UTC,research,CC-BY-NC,https://www.inaturalist.org/observations/178420726,https://inaturalist-open-data.s3.amazonaws.com/photos/310465138/medium.jpg,,"",,2,0,false,,Stockente,Anas platyrhynchos,Кряква,Aves,6930
179313956,e401613a-42f4-4ef2-a99a-f012c55d56ed,2023-08-19 16:18:03,2023-08-19,2023-08-19 14:18:03 UTC,Warsaw,6892925,dzierzba_na_wierzbie,dzierzba_na_wierzbie,2023-08-20 09:48:06 UTC,2023-09-16 16:29:46 UTC,research,CC-BY-NC,https://www.inaturalist.org/observations/179313956,https://inaturalist-open-data.s3.amazonaws.com/photos/312155898/medium.jpeg,,"",,2,0,false,2,Krzyżówka,Anas platyrhynchos,Кряква,Aves,6930
179555646,0c733204-15cc-4534-b244-c5a676f12759,2023-08-19 17:11:32,2023-08-19,2023-08-19 15:11:32 UTC,Rome,4709005,gond,Amico Cosimo / Gond,2023-08-21 17:46:35 UTC,2023-08-22 16:28:52 UTC,research,CC-BY-NC,https://www.inaturalist.org/observations/179555646,https://inaturalist-open-data.s3.amazonaws.com/photos/312618711/medium.jpeg,,"",,1,0,false,2,Germano reale,Anas platyrhynchos,Кряква,Aves,6930
180285369,d7e46bd9-ac19-495e-912e-a4f77ff155f2,2014/01/08 8:19 AM,2014-01-08,2014-01-08 08:19:00 UTC,London,6476964,paulkingsnorth,Paul Kingsnorth,2023-08-26 15:52:25 UTC,2023-08-26 23:56:19 UTC,research,CC-BY-NC-ND,https://www.inaturalist.org/observations/180285369,https://inaturalist-open-data.s3.amazonaws.com/photos/314011299/medium.jpg,,"",,2,0,false,,Mallard,Anas platyrhynchos,Кряква,Aves,6930
181068329,22e47b7c-c775-4a7d-8519-d7fd209fbc59,2023/08/31 12:15,2023-08-31,2023-08-31 10:15:00 UTC,Europe/Luxembourg,2305729,francisbirlenbach,Francis Birlenbach,2023-08-31 16:04:37 UTC,2023-09-01 21:35:19 UTC,research,CC-BY-NC,https://www.inaturalist.org/observations/181068329,https://inaturalist-open-data.s3.amazonaws.com/photos/315515717/medium.jpg,,"",,3,0,false,,Stockente,Anas platyrhynchos,Кряква,Aves,6930
182215470,3b95e790-f84a-4225-bb10-c439e7d25aeb,2023/09/07 08:43,2023-09-07,2023-09-07 06:43:00 UTC,Rome,51288,scubale,Alessandra Boccabianca,2023-09-07 18:02:01 UTC,2025-04-13 15:33:45 UTC,research,,https://www.inaturalist.org/observations/182215470,https://static.inaturalist.org/photos/317659052/medium.jpg,,"",,2,0,false,,Germano reale,Anas platyrhynchos,Кряква,Aves,6930
182216623,5194aa63-1e17-45bd-a339-4135fdc676fc,2023/09/07 08:49,2023-09-07,2023-09-07 06:49:00 UTC,Rome,51288,scubale,Alessandra Boccabianca,2023-09-07 18:09:45 UTC,2025-04-13 15:33:32 UTC,research,,https://www.inaturalist.org/observations/182216623,https://static.inaturalist.org/photos/317661585/medium.jpg,,"",,1,0,false,,Germano reale,Anas platyrhynchos,Кряква,Aves,6930
183706230,e96450da-62b1-4e60-8d2d-ec2ecd0f8c14,2023-09-17 15:44:05,2023-09-17,2023-09-17 14:44:05 UTC,London,5624989,stephdholl1,"",2023-09-17 18:02:45 UTC,2023-09-17 18:09:05 UTC,research,CC-BY-NC,https://www.inaturalist.org/observations/183706230,https://inaturalist-open-data.s3.amazonaws.com/photos/320542836/medium.jpeg,,"",,1,0,false,2,Mallard,Anas platyrhynchos,Кряква,Aves,6930
184418451,44a4e56a-2385-420d-90d6-7383b9b9b015,2023/04/11 2:22 AM,2023-04-11,2023-04-11 00:22:00 UTC,Paris,270397,panecillo,Jorge A. Pérez Torres,2023-09-22 18:46:48 UTC,2023-09-23 04:47:36 UTC,research,CC-BY-NC,https://www.inaturalist.org/observations/184418451,https://inaturalist-open-data.s3.amazonaws.com/photos/321909775/medium.jpeg,,"",,2,0,false,,Pato norteño,Anas platyrhynchos,Кряква,Aves,6930
185822164,d7773fb3-86ef-461c-8af7-c70d9ac930af,2023/10/01 4:05 PM,2023-10-01,2023-10-01 14:05:00 UTC,Paris,1428321,dawicho,David Torres,2023-10-01 23:06:54 UTC,2023-10-02 11:48:58 UTC,research,CC-BY-NC,https://www.inaturalist.org/observations/185822164,https://inaturalist-open-data.s3.amazonaws.com/photos/324593955/medium.jpg,,"",,5,0,false,,Mallard,Anas platyrhynchos,Кряква,Aves,6930
185822201,0b097ede-a723-4396-ac2c-e8bffd5bb101,2023/10/01 4:20 PM,2023-10-01,2023-10-01 14:20:00 UTC,Paris,1428321,dawicho,David Torres,2023-10-01 23:07:00 UTC,2023-10-02 11:48:55 UTC,research,CC-BY-NC,https://www.inaturalist.org/observations/185822201,https://inaturalist-open-data.s3.amazonaws.com/photos/324595795/medium.jpg,,"",,7,0,false,,Mallard,Anas platyrhynchos,Кряква,Aves,6930
186013820,24e055c7-e679-459e-b3ab-f438bd7b35d5,2023-10-03 19:55:18+11:00,2023-10-03,2023-10-03 08:55:18 UTC,Amsterdam,4252076,anastol,,2023-10-03 08:59:18 UTC,2024-01-10 09:24:18 UTC,research,CC-BY-NC,https://www.inaturalist.org/observations/186013820,https://inaturalist-open-data.s3.amazonaws.com/photos/324981202/medium.jpg,,"","",2,0,false,3,Mallard,Anas platyrhynchos,Кряква,Aves,6930
186338125,8711c10f-81e0-4750-8eb1-b2e434fa2d47,2023/10/05 5:37 PM,2023-10-05,2023-10-05 15:37:00 UTC,Vienna,3949919,mani_raab,Manuel Raab,2023-10-05 22:15:53 UTC,2025-06-24 17:50:11 UTC,research,CC-BY-NC,https://www.inaturalist.org/observations/186338125,https://inaturalist-open-data.s3.amazonaws.com/photos/325617477/medium.jpg,,"",,5,0,false,,Stockente,Anas platyrhynchos,Кряква,Aves,6930
186836764,69b66745-ff59-43e3-87fe-00b1a8fd3113,2023/10/08 5:09 PM,2023-10-08,2023-10-08 15:09:00 UTC,Berlin,5806146,victorbeccari,Victor Beccari,2023-10-09 11:33:01 UTC,2024-02-24 17:30:23 UTC,research,CC-BY-NC,https://www.inaturalist.org/observations/186836764,https://inaturalist-open-data.s3.amazonaws.com/photos/326600822/medium.jpg,,"",,2,0,false,,Mallard,Anas platyrhynchos,Кряква,Aves,6930
186985280,cae29fa0-ea68-4b80-b7d9-0445b79e896d,2023-10-09 19:34:40+03:00,2023-10-09,2023-10-09 16:34:40 UTC,Budapest,3446273,pulmat,"",2023-10-10 12:59:31 UTC,2024-02-28 12:08:21 UTC,research,CC-BY-NC,https://www.inaturalist.org/observations/186985280,https://inaturalist-open-data.s3.amazonaws.com/photos/326897028/medium.jpg,,"","",2,0,false,3,Sinisorsa,Anas platyrhynchos,Кряква,Aves,6930
187101138,3c023e08-3e84-46fc-9b42-24c1a30e5780,2023/10/10 4:58 PM,2023-10-10,2023-10-10 14:58:00 UTC,Berlin,5806146,victorbeccari,Victor Beccari,2023-10-11 10:12:17 UTC,2023-10-13 14:37:44 UTC,research,CC-BY-NC,https://www.inaturalist.org/observations/187101138,https://inaturalist-open-data.s3.amazonaws.com/photos/327131337/medium.jpg,,"",,5,0,false,,Mallard,Anas platyrhynchos,Кряква,Aves,6930
187113119,5fc955de-8a36-43db-ae59-3e5b89babe1c,2023/10/11 11:44 AM,2023-10-11,2023-10-11 10:44:00 UTC,London,4630377,inlandbirder,,2023-10-11 13:02:14 UTC,2023-11-08 18:21:00 UTC,research,CC-BY-NC,https://www.inaturalist.org/observations/187113119,https://inaturalist-open-data.s3.amazonaws.com/photos/327153591/medium.jpeg,,"","",6,0,false,,Mallard,Anas platyrhynchos,Кряква,Aves,6930
187300447,b74181bd-05a6-4303-8273-f606a5595eb0,2023-10-12 23:22:26+01:00,2023-10-12,2023-10-12 22:22:26 UTC,London,6461476,stanley110,Stanley Davis,2023-10-12 22:22:36 UTC,2025-07-21 17:14:02 UTC,research,CC-BY,https://www.inaturalist.org/observations/187300447,https://inaturalist-open-data.s3.amazonaws.com/photos/327518202/medium.jpg,,"","",4,0,false,3,Mallard,Anas platyrhynchos,Кряква,Aves,6930
187384772,dc8393d0-cf0e-42c9-bd84-db08534ee92d,2023/09/10 18:00,2023-09-10,2023-09-10 16:00:00 UTC,Vienna,5477026,wolflutz,,2023-10-13 17:08:40 UTC,2025-06-24 17:54:58 UTC,research,CC-BY-NC,https://www.inaturalist.org/observations/187384772,https://inaturalist-open-data.s3.amazonaws.com/photos/327685581/medium.jpg,,"",,3,0,false,,Stockente,Anas platyrhynchos,Кряква,Aves,6930
187388306,2dda9f7e-5d56-451c-9f1f-732a60a15ef3,2023/09/24 6:01 PM,2023-09-24,2023-09-24 16:01:00 UTC,Amsterdam,4106214,kattenkwaad,Katia Setrinen,2023-10-13 17:39:32 UTC,2024-01-10 10:58:48 UTC,research,,https://www.inaturalist.org/observations/187388306,https://inaturalist-open-data.s3.amazonaws.com/photos/327692078/medium.jpg,,"",,2,0,false,,Кряква,Anas platyrhynchos,Кряква,Aves,6930
188160563,1fa84da2-dd97-400b-88b5-109935cdc4c4,2021-03-30 18:28:26,2021-03-30,2021-03-30 17:28:26 UTC,London,5400706,joe_goes_fishing,Joe,2023-10-19 17:24:25 UTC,2023-10-20 04:21:57 UTC,research,CC-BY-NC,https://www.inaturalist.org/observations/188160563,https://inaturalist-open-data.s3.amazonaws.com/photos/329237113/medium.jpeg,,"",The mother mallard was close by. Just got slightly spooked by me walking past.,1,0,false,2,Mallard,Anas platyrhynchos,Кряква,Aves,6930
188264214,0e929d00-d8ee-460a-a4e3-11f254f8f14e,2023/10/14 3:48 PM,2023-10-14,2023-10-14 13:48:00 UTC,Madrid,7335589,mallarenga,Maxime Martin,2023-10-20 15:13:27 UTC,2023-10-20 23:42:41 UTC,research,,https://www.inaturalist.org/observations/188264214,https://static.inaturalist.org/photos/329451657/medium.jpg,,"",,2,0,false,,Ánade real,Anas platyrhynchos,Кряква,Aves,6930
188356625,a92a0ac0-7d7f-403d-9592-1d7b5b69be5b,2023-10-14 15:58:40,2023-10-14,2023-10-14 14:58:40 UTC,London,3328432,sabarnisarker,Sabarni Sarker,2023-10-21 09:08:44 UTC,2025-11-22 15:04:05 UTC,research,CC0,https://www.inaturalist.org/observations/188356625,https://inaturalist-open-data.s3.amazonaws.com/photos/329650541/medium.jpeg,,"",,1,0,false,2,Mallard,Anas platyrhynchos,Кряква,Aves,6930
188468193,646b14ba-8574-4762-b8d7-7571e9918bc6,2023-06-03 15:07:22+02:00,2023-06-03,2023-06-03 13:07:22 UTC,Paris,4252076,anastol,,2023-10-22 02:56:27 UTC,2023-10-22 13:01:35 UTC,research,CC-BY-NC,https://www.inaturalist.org/observations/188468193,https://inaturalist-open-data.s3.amazonaws.com/photos/329870521/medium.jpg,,"","",3,0,false,3,Mallard,Anas platyrhynchos,Кряква,Aves,6930
188469088,237e9f07-7c7b-4adf-a67c-c5e70c676a65,2023-06-03 15:10:54+02:00,2023-06-03,2023-06-03 13:10:54 UTC,Paris,4252076,anastol,,2023-10-22 03:06:28 UTC,2023-10-22 13:01:41 UTC,research,CC-BY-NC,https://www.inaturalist.org/observations/188469088,https://inaturalist-open-data.s3.amazonaws.com/photos/329872635/medium.jpg,,"","",3,0,false,3,Mallard,Anas platyrhynchos,Кряква,Aves,6930
188662329,ba0576db-c78e-4008-90f4-cf8479b1104a,2023/10/22 12:29,2023-10-22,2023-10-22 10:29:00 UTC,Paris,1891727,donalddavesne,Donald Davesne,2023-10-23 14:19:25 UTC,2023-10-23 14:36:42 UTC,research,CC-BY,https://www.inaturalist.org/observations/188662329,https://inaturalist-open-data.s3.amazonaws.com/photos/330270370/medium.jpg,,"",,2,0,false,,Canard colvert,Anas platyrhynchos,Кряква,Aves,6930
188662330,6d462798-09ca-4c7f-a6b0-5ce360483bda,2023/10/22 12:29,2023-10-22,2023-10-22 10:29:00 UTC,Paris,1891727,donalddavesne,Donald Davesne,2023-10-23 14:19:25 UTC,2023-10-23 14:36:42 UTC,research,CC-BY,https://www.inaturalist.org/observations/188662330,https://inaturalist-open-data.s3.amazonaws.com/photos/330270371/medium.jpg,,"",,2,0,false,,Canard colvert,Anas platyrhynchos,Кряква,Aves,6930
190985151,9c5819e4-359c-4e47-8139-21440c8a3b9f,2023/11/12 12:52,2023-11-12,2023-11-12 11:52:00 UTC,Berlin,828394,andreacala,Andrea Kreuzhage,2023-11-14 09:38:11 UTC,2023-11-17 16:44:55 UTC,research,CC-BY-NC,https://www.inaturalist.org/observations/190985151,https://inaturalist-open-data.s3.amazonaws.com/photos/334931032/medium.jpeg,,"",Holding down the float.,3,0,false,,Stockente,Anas platyrhynchos,Кряква,Aves,6930
191667506,3914c21c-64f7-44b9-b888-ff30b62d88b7,2023/11/21 08:50,2023-11-21,2023-11-21 07:50:00 UTC,Prague,1638987,mnauky,"",2023-11-21 12:45:59 UTC,2025-01-16 15:44:13 UTC,research,CC-BY,https://www.inaturalist.org/observations/191667506,https://inaturalist-open-data.s3.amazonaws.com/photos/336296085/medium.jpg,,"","",4,0,false,,Anas platyrhynchos,Anas platyrhynchos,Кряква,Aves,6930
191686784,92e689f2-deee-45b6-9712-78d0ed2484b4,2023/11/21 09:48,2023-11-21,2023-11-21 08:48:00 UTC,Rome,6220032,nikx63,Nicola,2023-11-21 17:27:48 UTC,2023-11-21 20:49:56 UTC,research,CC-BY-NC,https://www.inaturalist.org/observations/191686784,https://inaturalist-open-data.s3.amazonaws.com/photos/336333408/medium.jpg,,"Lago Maggiore, Sesto Calende, Fiume Ticino",,4,0,false,,Germano reale,Anas platyrhynchos,Кряква,Aves,6930
191871683,4a0edf97-8f17-43a4-8e63-eca38d556c0b,2023/11/23 14:10,2023-11-23,2023-11-23 13:10:00 UTC,Berlin,6884955,davidak,,2023-11-23 20:17:55 UTC,2023-11-25 03:17:11 UTC,research,CC-BY,https://www.inaturalist.org/observations/191871683,https://inaturalist-open-data.s3.amazonaws.com/photos/336708774/medium.jpeg,,"",,4,0,false,,Stockente,Anas platyrhynchos,Кряква,Aves,6930
192624021,0f9221a2-c67e-474a-96ec-a9ab57665098,2023/10/29 10:22,2023-10-29,2023-10-29 09:22:00 UTC,Paris,1926371,matthieu_gauvain,Matthieu Gauvain,2023-11-30 09:04:31 UTC,2023-12-16 17:10:55 UTC,research,CC-BY,https://www.inaturalist.org/observations/192624021,https://inaturalist-open-data.s3.amazonaws.com/photos/338190531/medium.jpeg,,"","",4,0,false,,Canard colvert,Anas platyrhynchos,Кряква,Aves,6930
192941010,2eaeb012-1d79-4ba5-ab76-91332e5fbf15,2023/12/03 10:01,2023-12-03,2023-12-03 09:01:00 UTC,Berlin,4902955,tinnunculus,Samantha und Simon,2023-12-03 16:49:31 UTC,2024-01-08 21:36:42 UTC,research,,https://www.inaturalist.org/observations/192941010,https://static.inaturalist.org/photos/338821301/medium.jpg,,"","",3,0,false,,Stockente,Anas platyrhynchos,Кряква,Aves,6930
193151600,0c09251e-fe62-4a9c-96e7-75817f5b1a18,2023/12/05 11:48 AM,2023-12-05,2023-12-05 10:48:00 UTC,Berlin,213733,inasiebert,Ina Siebert,2023-12-05 20:31:44 UTC,2023-12-10 09:46:25 UTC,research,CC-BY-NC,https://www.inaturalist.org/observations/193151600,https://inaturalist-open-data.s3.amazonaws.com/photos/339255500/medium.jpg,,"",,2,0,false,,Mallard,Anas platyrhynchos,Кряква,Aves,6930
193154926,eaff86f9-6133-4bd9-9466-048162ec2519,2023/12/05 14:40,2023-12-05,2023-12-05 13:40:00 UTC,Berlin,6667106,fabian_karner,,2023-12-05 21:13:28 UTC,2023-12-06 12:41:32 UTC,research,CC-BY-NC,https://www.inaturalist.org/observations/193154926,https://inaturalist-open-data.s3.amazonaws.com/photos/339254546/medium.jpeg,,"",,3,0,false,,Stockente,Anas platyrhynchos,Кряква,Aves,6930
193279025,2d7026b6-19ff-495c-a632-2177c09bd11d,2023/12/03 09:32,2023-12-03,2023-12-03 08:32:00 UTC,Berlin,1859910,frankielee91,"",2023-12-07 07:06:49 UTC,2023-12-07 07:12:26 UTC,research,CC-BY-NC,https://www.inaturalist.org/observations/193279025,https://inaturalist-open-data.s3.amazonaws.com/photos/339508951/medium.jpeg,,"",,1,0,false,,Stockente,Anas platyrhynchos,Кряква,Aves,6930
193484955,34b73daa-3beb-401d-b9de-b7b7103aa8bf,2023/12/06 12:46 PM,2023-12-06,2023-12-06 11:46:00 UTC,Amsterdam,3048160,mb16,Mb16,2023-12-09 14:01:10 UTC,2024-01-08 14:04:58 UTC,research,CC-BY-NC,https://www.inaturalist.org/observations/193484955,https://inaturalist-open-data.s3.amazonaws.com/photos/339895260/medium.jpeg,,"",,2,0,false,,Wilde Eend,Anas platyrhynchos,Кряква,Aves,6930
193953939,17bb5720-ae6b-4610-b46d-b619dedb7389,2023/12/14 10:18,2023-12-14,2023-12-14 09:18:00 UTC,Rome,3351615,tizianaciaghi,Tiziana Ciaghi,2023-12-14 16:04:55 UTC,2024-02-23 20:37:44 UTC,research,CC-BY-NC,https://www.inaturalist.org/observations/193953939,https://inaturalist-open-data.s3.amazonaws.com/photos/340801726/medium.jpg,,"","",4,0,false,,Germano reale,Anas platyrhynchos,Кряква,Aves,6930
194043728,58708e81-e297-4168-98db-4493727a6c37,2023-12-15 14:35:24+01:00,2023-12-15,2023-12-15 13:35:24 UTC,Paris,5618296,sylvain_deville,SYLVAIN DEVILLE,2023-12-15 19:23:47 UTC,2024-03-08 23:13:26 UTC,research,CC-BY-NC,https://www.inaturalist.org/observations/194043728,https://static.inaturalist.org/photos/340980517/medium.jpg,,"","",1,0,false,3,Canard colvert,Anas platyrhynchos,Кряква,Aves,6930
194228461,090e6162-8065-4985-b5c6-65582d130591,2023/12/17 11:15,2023-12-17,2023-12-17 10:15:00 UTC,Vienna,6226062,miriamoettl,Miriam Öttl,2023-12-17 22:08:07 UTC,2025-06-24 18:22:20 UTC,research,CC-BY-NC,https://www.inaturalist.org/observations/194228461,https://inaturalist-open-data.s3.amazonaws.com/photos/341350428/medium.jpeg,,"",,3,0,false,,Stockente,Anas platyrhynchos,Кряква,Aves,6930
194233062,0b303c7d-00a5-4d27-a320-189322370dae,2023/12/17 12:14 PM,2023-12-17,2023-12-17 11:14:00 UTC,Vienna,5502269,tobiasgratzer,Tobias Gratzer,2023-12-17 23:07:12 UTC,2024-09-07 17:10:18 UTC,research,CC-BY,https://www.inaturalist.org/observations/194233062,https://inaturalist-open-data.s3.amazonaws.com/photos/341359792/medium.jpeg,,"",Excursion with Roya Payandeh,5,0,false,,Stockente,Anas platyrhynchos,Кряква,Aves,6930
194425996,33cf2633-083f-4caf-a55a-a266a26a5a62,2023-12-19 16:13:14,2023-12-19,2023-12-19 15:13:14 UTC,Zurich,1470329,padrepapa,Marco,2023-12-20 12:28:15 UTC,2024-08-07 16:15:04 UTC,research,,https://www.inaturalist.org/observations/194425996,https://static.inaturalist.org/photos/341754668/medium.jpeg,,"",,2,0,false,2,Mallard,Anas platyrhynchos,Кряква,Aves,6930
194746959,447b7eee-315d-4b7c-a90a-152af8e28cb2,2023-12-24 15:46:28Z,2023-12-24,2023-12-24 15:46:28 UTC,London,579540,g33k5p34k,David Tan,2023-12-24 16:12:23 UTC,2023-12-24 21:47:59 UTC,research,CC-BY-NC,https://www.inaturalist.org/observations/194746959,https://inaturalist-open-data.s3.amazonaws.com/photos/342408248/medium.jpg,,"","",3,0,false,3,Mallard,Anas platyrhynchos,Кряква,Aves,6930
194895242,31199fce-a543-47bb-b75b-9a177857c1d6,2023/12/26 15:42,2023-12-26,2023-12-26 14:42:00 UTC,Rome,1212505,edonardo,Edoardo Nardelli,2023-12-26 15:28:56 UTC,2024-08-29 16:43:55 UTC,research,CC-BY,https://www.inaturalist.org/observations/194895242,https://inaturalist-open-data.s3.amazonaws.com/photos/342710778/medium.png,,"",,3,0,false,,Germano reale,Anas platyrhynchos,Кряква,Aves,6930
194899777,46c33759-2c8a-4e33-a0ab-c971dd934ac7,2023-12-26 16:18:39,2023-12-26,2023-12-26 15:18:39 UTC,Berlin,5920601,mizudori,"",2023-12-26 16:31:51 UTC,2024-12-14 23:42:48 UTC,research,CC-BY-NC,https://www.inaturalist.org/observations/194899777,https://inaturalist-open-data.s3.amazonaws.com/photos/342735467/medium.jpeg,,"",,3,0,false,2,Stockente,Anas platyrhynchos,Кряква,Aves,6930
195100488,0c8be816-ae54-402e-add8-2403e86083d3,2023/12/26 10:11 AM,2023-12-26,2023-12-26 09:11:00 UTC,Berlin,1130766,alkalifire,Matt Blango,2023-12-28 20:04:33 UTC,2024-04-01 23:42:35 UTC,research,CC-BY-NC,https://www.inaturalist.org/observations/195100488,https://inaturalist-open-data.s3.amazonaws.com/photos/343134921/medium.jpg,,"",,3,0,false,,Mallard,Anas platyrhynchos,Кряква,Aves,6930
195313121,4bb75614-7385-4d5f-b799-d40aba2e0347,2023-12-30 16:06:00+01:00,2023-12-30,2023-12-30 15:06:00 UTC,Berlin,3125876,zombiefied,,2023-12-30 23:07:18 UTC,2023-12-31 00:07:11 UTC,research,,https://www.inaturalist.org/observations/195313121,https://static.inaturalist.org/photos/343567299/medium.jpg,,"","",2,0,false,3,Stockente,Anas platyrhynchos,Кряква,Aves,6930
195357759,a494005f-e84e-4a95-be6d-a26f507855d4,2023-12-31 10:35:33,2023-12-31,2023-12-31 09:35:33 UTC,Ljubljana,6853444,jure10,Jure Grošelj,2023-12-31 11:04:26 UTC,2024-01-25 21:51:21 UTC,research,,https://www.inaturalist.org/observations/195357759,https://static.inaturalist.org/photos/343659756/medium.jpeg,,"",,1,0,false,2,Mallard,Anas platyrhynchos,Кряква,Aves,6930
195372237,c175b4e7-c8b6-4574-b857-7102ee228280,2023/12/30 16:08,2023-12-30,2023-12-30 15:08:00 UTC,Vienna,4065983,wolfgangbacher,Wolfgang Bacher,2023-12-31 15:11:24 UTC,2025-06-24 18:28:42 UTC,research,CC0,https://www.inaturalist.org/observations/195372237,https://inaturalist-open-data.s3.amazonaws.com/photos/343686722/medium.jpeg,,"","",1,0,false,,Stockente,Anas platyrhynchos,Кряква,Aves,6930
195506914,48079309-c278-4fbc-b590-8a5f294e03d7,2024/01/01 10:34 AM,2024-01-01,2024-01-01 10:34:00 UTC,London,3209851,andythompson1701,Andrew Thompson,2024-01-01 22:02:40 UTC,2025-06-09 23:05:41 UTC,research,CC-BY,https://www.inaturalist.org/observations/195506914,https://inaturalist-open-data.s3.amazonaws.com/photos/343959580/medium.jpeg,,"",,1,0,false,,Mallard,Anas platyrhynchos,Кряква,Aves,6930
195511756,ebc46153-82ee-41e6-863f-a8f24d721192,2024/01/01 3:49 PM,2024-01-01,2024-01-01 15:49:00 UTC,London,4218684,mppwildlife,MPP Wildlife,2024-01-01 22:48:23 UTC,2024-01-03 19:11:12 UTC,research,CC-BY-NC,https://www.inaturalist.org/observations/195511756,https://inaturalist-open-data.s3.amazonaws.com/photos/343974866/medium.jpeg,,"",Female,3,0,false,,Mallard,Anas platyrhynchos,Кряква,Aves,6930
196074467,84ef6b25-b6bd-477e-842f-5c1f6e27bb01,2020/07/02 10:19,2020-07-02,2020-07-02 08:19:00 UTC,Rome,7701068,rpanzeri,,2024-01-07 23:55:51 UTC,2024-02-21 18:27:51 UTC,research,CC-BY-NC,https://www.inaturalist.org/observations/196074467,https://inaturalist-open-data.s3.amazonaws.com/photos/345105946/medium.jpeg,,"",,4,0,false,,Germano reale,Anas platyrhynchos,Кряква,Aves,6930
196074469,0a2c5dc7-9c2b-4a06-bc22-55fb04afc82e,2020/07/19 16:59,2020-07-19,2020-07-19 14:59:00 UTC,Rome,7701068,rpanzeri,,2024-01-07 23:55:52 UTC,2024-01-13 13:10:11 UTC,research,CC-BY-NC,https://www.inaturalist.org/observations/196074469,https://inaturalist-open-data.s3.amazonaws.com/photos/345105947/medium.jpeg,,"",,3,0,false,,Germano reale,Anas platyrhynchos,Кряква,Aves,6930
196074470,9120f201-b72c-4630-bb8b-8bf1e1e494e9,2020/07/25 14:09,2020-07-25,2020-07-25 12:09:00 UTC,Rome,7701068,rpanzeri,,2024-01-07 23:55:53 UTC,2024-02-21 18:27:52 UTC,research,CC-BY-NC,https://www.inaturalist.org/observations/196074470,https://inaturalist-open-data.s3.amazonaws.com/photos/345105700/medium.jpeg,,"",,4,0,false,,Germano reale,Anas platyrhynchos,Кряква,Aves,6930
196104672,fd628d18-02a5-4e77-b489-9fe2d30e6192,2024-01-08 08:01:25+01:00,2024-01-08,2024-01-08 07:01:25 UTC,Prague,579540,g33k5p34k,David Tan,2024-01-08 07:45:44 UTC,2024-01-10 09:46:22 UTC,research,CC-BY-NC,https://www.inaturalist.org/observations/196104672,https://inaturalist-open-data.s3.amazonaws.com/photos/345170263/medium.jpg,,"","",3,0,false,3,Mallard,Anas platyrhynchos,Кряква,Aves,6930
196198617,a2ebdcaa-620e-4e84-a38c-f84d314bc5e4,2024/01/09 11:53 AM,2024-01-09,2024-01-09 10:53:00 UTC,Brussels,6613402,michiel65,Michiel Van de Velde,2024-01-09 12:33:39 UTC,2024-09-30 08:30:07 UTC,research,,https://www.inaturalist.org/observations/196198617,https://static.inaturalist.org/photos/345357303/medium.jpeg,,"",,3,0,false,,Mallard,Anas platyrhynchos,Кряква,Aves,6930
196429671,7e3fa036-a104-471a-beea-3914b6ed867c,2024/01/12 3:05 PM,2024-01-12,2024-01-12 14:05:00 UTC,Amsterdam,5282937,luukieluuk,"",2024-01-12 15:26:07 UTC,2025-02-25 14:18:56 UTC,research,CC-BY-NC,https://www.inaturalist.org/observations/196429671,https://inaturalist-open-data.s3.amazonaws.com/photos/345826490/medium.jpeg,,"","",4,0,false,,Wilde Eend,Anas platyrhynchos,Кряква,Aves,6930
196684510,97121d43-73a9-40c7-b580-b6fb7387c0aa,2024/01/13 12:49,2024-01-13,2024-01-13 11:49:00 UTC,Brussels,5065453,marc_haegeman,Marc Haegeman,2024-01-14 18:44:26 UTC,2024-12-23 20:08:00 UTC,research,,https://www.inaturalist.org/observations/196684510,https://static.inaturalist.org/photos/346218292/medium.jpg,,"",,5,0,false,,Wilde Eend,Anas platyrhynchos,Кряква,Aves,6930
196927107,967b60b2-dcb4-44de-b105-69c7fb9139ca,2024/01/17 15:13,2024-01-17,2024-01-17 14:13:00 UTC,Paris,5464227,bvcruz,Blaise Verrier-Cruz,2024-01-17 17:44:47 UTC,2024-01-17 21:19:06 UTC,research,CC-BY-NC,https://www.inaturalist.org/observations/196927107,https://inaturalist-open-data.s3.amazonaws.com/photos/346707800/medium.jpg,,"",,2,0,false,,Canard colvert,Anas platyrhynchos,Кряква,Aves,6930
197003601,44f8494d-118b-4593-9bf2-1e1ab1639e2d,2024/01/18 03:16 PM,2024-01-18,2024-01-18 14:16:00 UTC,Berlin,6705739,igorskh,Igor Kim,2024-01-18 18:29:51 UTC,2024-05-08 12:43:00 UTC,research,CC-BY-NC,https://www.inaturalist.org/observations/197003601,https://inaturalist-open-data.s3.amazonaws.com/photos/346865506/medium.jpg,,"","",5,0,false,,Mallard,Anas platyrhynchos,Кряква,Aves,6930
197136599,a6f81e9c-dfbc-4f18-bf2d-3217fd37b31f,2024/01/20 10:41,2024-01-20,2024-01-20 09:41:00 UTC,Berlin,1456562,samleipzig,Sam,2024-01-20 13:19:43 UTC,2024-01-21 08:44:04 UTC,research,CC-BY-NC-SA,https://www.inaturalist.org/observations/197136599,https://inaturalist-open-data.s3.amazonaws.com/photos/347132363/medium.jpeg,,"","",4,0,false,,Stockente,Anas platyrhynchos,Кряква,Aves,6930
197136601,7c39b236-292b-4262-a337-7bd9a3f9f94c,2024/01/20 10:41,2024-01-20,2024-01-20 09:41:00 UTC,Berlin,1456562,samleipzig,Sam,2024-01-20 13:19:43 UTC,2024-01-21 08:44:02 UTC,research,CC-BY-NC-SA,https://www.inaturalist.org/observations/197136601,https://inaturalist-open-data.s3.amazonaws.com/photos/347132395/medium.jpeg,,"","",4,0,false,,Stockente,Anas platyrhynchos,Кряква,Aves,6930
197264537,6eb47188-427f-43fc-9639-5b035885493f,2024-01-21 12:01:53,2024-01-21,2024-01-21 12:01:53 UTC,London,7509506,distortedbeetle,Olivia Stnszk,2024-01-21 22:59:45 UTC,2024-12-24 12:03:07 UTC,research,,https://www.inaturalist.org/observations/197264537,https://static.inaturalist.org/photos/347390163/medium.jpeg,,"",,3,0,false,2,Mallard,Anas platyrhynchos,Кряква,Aves,6930
197272380,2e5e78ba-90d5-4573-91c3-dabe893ba007,2023/08/03 15:52,2023-08-03,2023-08-03 13:52:00 UTC,Budapest,3008920,kuplungos,"",2024-01-22 00:56:31 UTC,2024-01-23 22:15:43 UTC,research,CC-BY-NC,https://www.inaturalist.org/observations/197272380,https://inaturalist-open-data.s3.amazonaws.com/photos/347393329/medium.jpeg,,"","",2,0,false,,Tőkés réce,Anas platyrhynchos,Кряква,Aves,6930
197459630,9057b500-f902-4151-a6aa-c5389dfd3419,2023/04/11 9:20 AM,2023-04-11,2023-04-11 07:20:00 UTC,Paris,270397,panecillo,Jorge A. Pérez Torres,2024-01-24 13:42:33 UTC,2024-01-24 13:58:43 UTC,research,CC-BY-NC,https://www.inaturalist.org/observations/197459630,https://inaturalist-open-data.s3.amazonaws.com/photos/347787055/medium.jpeg,,"",,1,0,false,,Pato norteño,Anas platyrhynchos,Кряква,Aves,6930
197459821,68eadfa6-8d83-4c10-bde0-9718be23621d,2023/04/12 11:20 AM,2023-04-12,2023-04-12 09:20:00 UTC,Paris,270397,panecillo,Jorge A. Pérez Torres,2024-01-24 13:46:20 UTC,2024-01-24 18:29:58 UTC,research,CC-BY-NC,https://www.inaturalist.org/observations/197459821,https://inaturalist-open-data.s3.amazonaws.com/photos/347787371/medium.jpeg,,"",,2,0,false,,Pato norteño,Anas platyrhynchos,Кряква,Aves,6930
197794178,4f7e0e12-3415-4eba-b724-3e9bd018dfde,2024/01/28 12:53 PM,2024-01-28,2024-01-28 11:53:00 UTC,Prague,1476120,opisska,Jan Ebr &amp; Ivana Ebrová,2024-01-28 14:30:29 UTC,2025-07-09 13:25:27 UTC,research,CC-BY,https://www.inaturalist.org/observations/197794178,https://inaturalist-open-data.s3.amazonaws.com/photos/500493294/medium.jpeg,,unikatniAves unikatniAnimalia,"",2,0,false,,Mallard,Anas platyrhynchos,Кряква,Aves,6930
197918628,c27f26c9-c0e6-4bf5-a454-ee1e257e9c74,2023/10/29 10:55 AM,2023-10-29,2023-10-29 10:55:00 UTC,London,1325538,engelhard,Georg H. Engelhard,2024-01-29 20:58:48 UTC,2025-12-08 22:33:47 UTC,research,,https://www.inaturalist.org/observations/197918628,https://static.inaturalist.org/photos/348711357/medium.jpeg,,"","",2,0,false,,Mallard,Anas platyrhynchos,Кряква,Aves,6930
198265587,586421be-2380-4b3e-bb11-a4b58e75d53d,2023/04/07 1:03 PM,2023-04-07,2023-04-07 12:03:00 UTC,London,4218684,mppwildlife,MPP Wildlife,2024-02-03 04:18:02 UTC,2024-02-03 08:45:14 UTC,research,CC-BY-NC,https://www.inaturalist.org/observations/198265587,https://inaturalist-open-data.s3.amazonaws.com/photos/349409614/medium.jpeg,,"",,4,0,false,,Mallard,Anas platyrhynchos,Кряква,Aves,6930
198299084,b3547597-f1eb-43ca-a2ee-77ea6c4290ac,2024-02-03 14:34:00,2024-02-03,2024-02-03 14:34:00 UTC,London,6647726,m0ntague,M0ntague Velkin,2024-02-03 15:33:37 UTC,2024-09-21 19:18:38 UTC,research,,https://www.inaturalist.org/observations/198299084,https://static.inaturalist.org/photos/349476177/medium.jpeg,,"",,1,0,false,2,Mallard,Anas platyrhynchos,Кряква,Aves,6930
198885460,0c3a62cc-80a6-492c-98d8-f30c5da78d65,2023/05/01 2:58 PM,2023-05-01,2023-05-01 13:58:00 UTC,London,7783644,catmandog,,2024-02-10 11:14:32 UTC,2024-02-10 13:15:46 UTC,research,CC-BY-NC,https://www.inaturalist.org/observations/198885460,https://inaturalist-open-data.s3.amazonaws.com/photos/350632137/medium.jpg,,"",,1,0,false,,Mallard,Anas platyrhynchos,Кряква,Aves,6930
198927704,c58e1855-9ccb-4567-be82-18631ecad829,2024-02-10 16:49:52,2024-02-10,2024-02-10 15:49:52 UTC,Paris,1428321,dawicho,David Torres,2024-02-10 20:35:43 UTC,2024-02-14 21:19:57 UTC,research,CC-BY-NC,https://www.inaturalist.org/observations/198927704,https://inaturalist-open-data.s3.amazonaws.com/photos/350713051/medium.jpeg,,"",,4,0,false,2,Mallard,Anas platyrhynchos,Кряква,Aves,6930
199600369,25cf4fb3-13f6-4e43-881c-4fb382b8d217,2024/02/17 10:41,2024-02-17,2024-02-17 09:41:00 UTC,Amsterdam,5284514,floris_heemskerk,"",2024-02-17 21:01:45 UTC,2024-02-17 21:22:51 UTC,research,CC-BY-NC,https://www.inaturalist.org/observations/199600369,https://inaturalist-open-data.s3.amazonaws.com/photos/352022263/medium.jpg,,"",,3,0,false,,Wilde Eend,Anas platyrhynchos,Кряква,Aves,6930
199982204,2c561090-268f-4c06-b96a-ef2f85482b0c,2024-02-19 12:51:11Z,2024-02-19,2024-02-19 12:51:11 UTC,London,5655763,josscarr,Joss Carr,2024-02-21 10:38:06 UTC,2025-04-02 15:30:41 UTC,research,CC-BY,https://www.inaturalist.org/observations/199982204,https://inaturalist-open-data.s3.amazonaws.com/photos/352742940/medium.jpg,,"","",2,0,false,3,Mallard,Anas platyrhynchos,Кряква,Aves,6930
199999899,215770e3-c7f0-412e-83aa-58b985446024,2015/04/12 4:41 PM,2015-04-12,2015-04-12 14:41:00 UTC,Warsaw,1257588,wojtest,"",2024-02-21 15:30:49 UTC,2024-03-04 10:36:34 UTC,research,CC-BY-NC,https://www.inaturalist.org/observations/199999899,https://static.inaturalist.org/photos/352776243/medium.jpeg,,"",,3,0,false,,Mallard,Anas platyrhynchos,Кряква,Aves,6930
200029740,c45f1e84-4a89-449c-ac09-a1500c565bc5,2024/02/03 2:47 PM,2024-02-03,2024-02-03 13:47:00 UTC,Amsterdam,1706261,theivaprakashamhari,Theivaprakasham Hari,2024-02-21 21:24:12 UTC,2025-07-13 11:38:40 UTC,research,CC-BY,https://www.inaturalist.org/observations/200029740,https://inaturalist-open-data.s3.amazonaws.com/photos/352834190/medium.jpg,,"","",3,0,false,,Mallard,Anas platyrhynchos,Кряква,Aves,6930
200091606,a01e5664-2681-47f4-8f44-90008c42c2d7,2024-02-22 15:43:22,2024-02-22,2024-02-22 14:43:22 UTC,Warsaw,7743226,ogii1,ogii xD,2024-02-22 14:58:34 UTC,2024-06-23 17:16:59 UTC,research,,https://www.inaturalist.org/observations/200091606,https://static.inaturalist.org/photos/352959726/medium.jpeg,,"",,1,0,false,2,Krzyżówka,Anas platyrhynchos,Кряква,Aves,6930
200160144,c2989f3c-f1fc-486c-b015-ca6e1608b5c0,2024/02/22 11:51,2024-02-22,2024-02-22 10:51:00 UTC,Vienna,4065983,wolfgangbacher,Wolfgang Bacher,2024-02-23 06:46:13 UTC,2024-02-23 19:54:24 UTC,research,CC0,https://www.inaturalist.org/observations/200160144,https://inaturalist-open-data.s3.amazonaws.com/photos/353088324/medium.jpeg,,"","",2,0,false,,Stockente,Anas platyrhynchos,Кряква,Aves,6930
200652897,8c27e4a5-f671-47e0-8f04-a0e0e87285d2,2024/02/27 15:07,2024-02-27,2024-02-27 14:07:00 UTC,Berlin,2869797,kampfmaus,Andrea,2024-02-27 20:49:07 UTC,2024-09-02 21:11:11 UTC,research,CC-BY,https://www.inaturalist.org/observations/200652897,https://inaturalist-open-data.s3.amazonaws.com/photos/354049110/medium.jpg,,"","Erpel, mit Teichhuhn",4,0,false,,Stockente,Anas platyrhynchos,Кряква,Aves,6930
201024421,124913da-0321-4527-a295-b985ca507889,2009/10/31 4:20 PM,2009-10-31,2009-10-31 16:20:00 UTC,London,6476964,paulkingsnorth,Paul Kingsnorth,2024-03-02 17:23:15 UTC,2024-03-02 17:35:14 UTC,research,CC-BY-NC-ND,https://www.inaturalist.org/observations/201024421,https://inaturalist-open-data.s3.amazonaws.com/photos/354783087/medium.jpg,,"",,2,0,false,,Mallard,Anas platyrhynchos,Кряква,Aves,6930
201239695,bc147cea-56cf-4d16-bed5-f44359834b89,2024/03/01 8:12 AM,2024-03-01,2024-03-01 07:12:00 UTC,Rome,1249002,ajpto,"",2024-03-04 09:03:28 UTC,2024-07-29 13:33:09 UTC,research,CC-BY-NC,https://www.inaturalist.org/observations/201239695,https://inaturalist-open-data.s3.amazonaws.com/photos/355205511/medium.jpeg,,"",,4,1,false,,Mallard,Anas platyrhynchos,Кряква,Aves,6930
201622932,72bd0c73-6224-4e69-9e02-9b8090f5e1f6,2024/03/07 13:33,2024-03-07,2024-03-07 12:33:00 UTC,Vienna,4725019,adinie,adinie,2024-03-07 23:04:07 UTC,2024-03-08 05:54:29 UTC,research,CC-BY-NC,https://www.inaturalist.org/observations/201622932,https://inaturalist-open-data.s3.amazonaws.com/photos/355939685/medium.jpeg,,"",Ente >Nr. 1 (w),2,0,false,,Stockente,Anas platyrhynchos,Кряква,Aves,6930
201622941,bf2a7111-dbf0-4227-908d-dfd2ac27b49a,2024/03/07 14:43,2024-03-07,2024-03-07 13:43:00 UTC,Vienna,4725019,adinie,adinie,2024-03-07 23:04:10 UTC,2024-03-08 05:54:20 UTC,research,CC-BY-NC,https://www.inaturalist.org/observations/201622941,https://inaturalist-open-data.s3.amazonaws.com/photos/355942380/medium.jpeg,,"","Ente Nr. 4(m) left, Nr. 5 (w) right",2,0,false,,Stockente,Anas platyrhynchos,Кряква,Aves,6930
201622942,1d7acc5a-22a1-47f9-9746-f6c852f947e3,2024/03/07 14:43,2024-03-07,2024-03-07 13:43:00 UTC,Vienna,4725019,adinie,adinie,2024-03-07 23:04:10 UTC,2024-03-08 05:54:15 UTC,research,CC-BY-NC,https://www.inaturalist.org/observations/201622942,https://inaturalist-open-data.s3.amazonaws.com/photos/355942803/medium.jpeg,,"",Ente Nr. 5 (w),2,0,false,,Stockente,Anas platyrhynchos,Кряква,Aves,6930
202077438,f33f9cd2-a80a-431c-8499-e609d82a7646,2024/03/11 19:34 AM,2024-03-11,,Madrid,3805788,a_estarrona,a_estarrona,2024-03-11 19:15:09 UTC,2024-03-12 12:37:22 UTC,research,,https://www.inaturalist.org/observations/202077438,https://static.inaturalist.org/photos/356826538/medium.jpeg,,"",,2,0,false,,Ánade real,Anas platyrhynchos,Кряква,Aves,6930
202844247,f672fd78-636d-4e5f-9a34-d717852715fe,2024-03-17 14:28:50+01:00,2024-03-17,2024-03-17 13:28:50 UTC,Madrid,7806200,puduserpeor,Vanesa Palma Valencia,2024-03-17 17:28:00 UTC,2024-03-19 11:25:35 UTC,research,,https://www.inaturalist.org/observations/202844247,https://static.inaturalist.org/photos/358300018/medium.jpg,,"","",1,0,false,3,Mallard,Anas platyrhynchos,Кряква,Aves,6930
202847144,ec1bc14b-669f-4649-8555-5e853739a2a4,2024/03/13 1:21 PM,2024-03-13,2024-03-13 12:21:00 UTC,Zurich,169070,roby,"",2024-03-17 17:45:19 UTC,2024-03-17 19:41:08 UTC,research,CC-BY-NC,https://www.inaturalist.org/observations/202847144,https://inaturalist-open-data.s3.amazonaws.com/photos/358303150/medium.jpeg,,"",,2,0,false,,Mallard,Anas platyrhynchos,Кряква,Aves,6930
203511946,e29a04b3-2324-42a4-8c53-54ca159856d3,2024-03-22 16:12:03Z,2024-03-22,2024-03-22 16:12:03 UTC,London,6442535,elizabethompson,,2024-03-22 20:55:22 UTC,2024-03-23 09:02:53 UTC,research,CC-BY-NC,https://www.inaturalist.org/observations/203511946,https://inaturalist-open-data.s3.amazonaws.com/photos/359580351/medium.jpg,,"","",3,0,false,3,Mallard,Anas platyrhynchos,Кряква,Aves,6930
203753667,e4e3f8b6-dce2-4dd5-bfb1-e3f1b79a351d,2022/11/11 10:56,2022-11-11,2022-11-11 09:56:00 UTC,Warsaw,3813240,goosiaczek,Małgorzata Śliż,2024-03-24 16:14:15 UTC,2025-11-13 01:40:55 UTC,research,CC-BY-NC,https://www.inaturalist.org/observations/203753667,https://inaturalist-open-data.s3.amazonaws.com/photos/360030912/medium.jpeg,,"","",1,0,false,,Krzyżówka,Anas platyrhynchos,Кряква,Aves,6930
203807636,c9ebbc02-4a2d-44a7-8a79-aa9be17c9096,2024/03/24 10:58,2024-03-24,2024-03-24 09:58:00 UTC,Rome,7539341,specter987,,2024-03-24 22:10:04 UTC,2024-03-25 17:03:23 UTC,research,CC-BY-NC-ND,https://www.inaturalist.org/observations/203807636,https://inaturalist-open-data.s3.amazonaws.com/photos/360140476/medium.jpeg,,"","",2,0,false,,Germano reale,Anas platyrhynchos,Кряква,Aves,6930
203875904,5fbab594-e37b-40f7-bec2-e18c3cb35012,2024/03/25 11:14 AM,2024-03-25,2024-03-25 10:14:00 UTC,Amsterdam,5282937,luukieluuk,"",2024-03-25 12:00:46 UTC,2025-02-25 14:11:00 UTC,research,CC-BY-NC,https://www.inaturalist.org/observations/203875904,https://inaturalist-open-data.s3.amazonaws.com/photos/360276054/medium.jpeg,,"","",1,0,false,,Wilde Eend,Anas platyrhynchos,Кряква,Aves,6930
204278652,b49db961-33bd-4924-aa10-9c547afd7ffc,2024-03-28 12:17:55+01:00,2024-03-28,2024-03-28 11:17:55 UTC,Ljubljana,6442535,elizabethompson,,2024-03-28 16:13:31 UTC,2024-03-28 19:10:48 UTC,research,CC-BY-NC,https://www.inaturalist.org/observations/204278652,https://inaturalist-open-data.s3.amazonaws.com/photos/361052122/medium.jpg,,"","",1,0,false,3,Mallard,Anas platyrhynchos,Кряква,Aves,6930
204421402,c35f12c2-4d0a-4577-ae6e-e1828db22ccf,2024-03-29 12:29:02,2024-03-29,2024-03-29 11:29:02 UTC,Amsterdam,6275259,l_v_s,levi,2024-03-29 17:22:47 UTC,2024-04-07 12:27:46 UTC,research,CC-BY-NC,https://www.inaturalist.org/observations/204421402,https://inaturalist-open-data.s3.amazonaws.com/photos/361326631/medium.jpeg,,"",,3,0,false,2,Wilde Eend,Anas platyrhynchos,Кряква,Aves,6930
204421666,bc907df2-3694-45dc-8fdd-2ff19fce1a5a,2024-03-29 12:29:06,2024-03-29,2024-03-29 11:29:06 UTC,Amsterdam,6275259,l_v_s,levi,2024-03-29 17:24:32 UTC,2024-04-07 14:24:03 UTC,research,CC-BY-NC,https://www.inaturalist.org/observations/204421666,https://inaturalist-open-data.s3.amazonaws.com/photos/361327012/medium.jpeg,,"",,2,0,false,2,Wilde Eend,Anas platyrhynchos,Кряква,Aves,6930
204964306,bac6a002-c65b-4275-b3e5-a61640f6afd5,2024-04-01 16:33:05,2024-04-01,2024-04-01 14:33:05 UTC,Paris,6959937,sareab,Sarah Butters,2024-04-01 18:32:05 UTC,2024-04-17 13:02:23 UTC,research,CC-BY-NC,https://www.inaturalist.org/observations/204964306,https://inaturalist-open-data.s3.amazonaws.com/photos/362345836/medium.jpeg,,"",2 individuals ,4,0,false,2,Mallard,Anas platyrhynchos,Кряква,Aves,6930
205099783,8edecba9-4d9d-4c71-ab56-4131d0a6f809,2024-04-02 17:30:17,2024-04-02,2024-04-02 15:30:17 UTC,Paris,2123860,nans_barth,Nans,2024-04-02 15:31:22 UTC,2024-04-26 18:28:24 UTC,research,CC-BY-NC,https://www.inaturalist.org/observations/205099783,https://inaturalist-open-data.s3.amazonaws.com/photos/362602155/medium.jpeg,,"",,4,0,false,2,Canard colvert,Anas platyrhynchos,Кряква,Aves,6930
205723991,94943958-6f6f-48c0-bb08-b479e091c368,2024-02-17 14:59:47Z,2024-02-17,2024-02-17 14:59:47 UTC,London,7298943,innisa,Innis Abdulla,2024-04-06 19:28:52 UTC,2024-11-26 22:47:18 UTC,research,CC-BY-NC,https://www.inaturalist.org/observations/205723991,https://inaturalist-open-data.s3.amazonaws.com/photos/363787710/medium.jpg,,"","",1,0,false,3,Mallard,Anas platyrhynchos,Кряква,Aves,6930
205829849,6aa6a762-8922-47be-ad35-e3bacc5a63fe,2024-04-07 08:56:42,2024-04-07,2024-04-07 06:56:42 UTC,Ljubljana,6853444,jure10,Jure Grošelj,2024-04-07 09:36:25 UTC,2024-04-15 12:33:45 UTC,research,,https://www.inaturalist.org/observations/205829849,https://static.inaturalist.org/photos/363990532/medium.jpeg,,"",,2,0,false,2,Mallard,Anas platyrhynchos,Кряква,Aves,6930
206241028,a9db951e-4b82-4023-91da-84d34d7c1da7,2024/04/07 12:09 PM,2024-04-07,2024-04-07 11:09:00 UTC,London,5752439,jumpforjoy,joy russell,2024-04-09 13:18:02 UTC,2024-04-09 13:34:18 UTC,research,CC-BY-NC,https://www.inaturalist.org/observations/206241028,https://inaturalist-open-data.s3.amazonaws.com/photos/364745089/medium.jpeg,,"",,1,0,false,,Mallard,Anas platyrhynchos,Кряква,Aves,6930
206410853,81ce4693-0440-407e-93c0-fb379c88b88c,2024/04/10 11:38 AM,2024-04-10,2024-04-10 09:38:00 UTC,Berlin,5894545,kekkarma,Kekkarma,2024-04-10 12:40:01 UTC,2025-02-06 10:08:04 UTC,research,CC0,https://www.inaturalist.org/observations/206410853,https://static.inaturalist.org/photos/365062476/medium.jpeg,,"",,1,0,false,,Stockente,Anas platyrhynchos,Кряква,Aves,6930
207200150,575776ef-1f2f-40c5-aace-1338730b533f,2024/04/07 11:29,2024-04-07,2024-04-07 09:29:00 UTC,Berlin,4902955,tinnunculus,Samantha und Simon,2024-04-14 16:38:49 UTC,2025-01-30 19:42:39 UTC,research,,https://www.inaturalist.org/observations/207200150,https://static.inaturalist.org/photos/366474417/medium.jpg,,"","",1,0,false,,Stockente,Anas platyrhynchos,Кряква,Aves,6930
208503717,7ff8cb13-4ef6-4c00-b631-30c3931b1c45,2024-04-21 15:15:11+01:00,2024-04-21,2024-04-21 14:15:11 UTC,London,5655763,josscarr,Joss Carr,2024-04-21 15:45:47 UTC,2025-04-02 15:30:41 UTC,research,CC-BY,https://www.inaturalist.org/observations/208503717,https://inaturalist-open-data.s3.amazonaws.com/photos/368918942/medium.jpg,,"","",1,0,false,3,Mallard,Anas platyrhynchos,Кряква,Aves,6930
209262684,7d7d9c9b-c0f6-4495-91fc-ae50b9671a0e,2024/04/24 2:19 PM,2024-04-24,2024-04-24 13:19:00 UTC,London,631947,jarvo,Jon J. Laysell,2024-04-25 14:51:42 UTC,2025-04-10 13:05:07 UTC,research,CC-BY,https://www.inaturalist.org/observations/209262684,https://inaturalist-open-data.s3.amazonaws.com/photos/370321893/medium.jpg,,"",,1,0,false,,Mallard,Anas platyrhynchos,Кряква,Aves,6930
209312899,3e3d132f-60e7-4d6d-b066-2c6b05f837b8,2024/04/21 1:04 PM,2024-04-21,2024-04-21 11:04:00 UTC,Amsterdam,121603,markusgmeiner,"",2024-04-25 19:31:00 UTC,2024-04-27 01:06:11 UTC,research,CC-BY-NC,https://www.inaturalist.org/observations/209312899,https://inaturalist-open-data.s3.amazonaws.com/photos/370412912/medium.jpeg,,"",,1,0,false,,Mallard,Anas platyrhynchos,Кряква,Aves,6930
209629371,99ca4688-162d-44b2-9b2b-522c439c837f,2024/04/26 11:28 AM,2024-04-26,2024-04-26 09:28:00 UTC,Paris,4039214,alexislours,Alexis Lours,2024-04-26 16:01:56 UTC,2024-04-27 12:12:36 UTC,research,CC-BY,https://www.inaturalist.org/observations/209629371,https://inaturalist-open-data.s3.amazonaws.com/photos/370920999/medium.jpg,,"",,2,0,false,,Mallard,Anas platyrhynchos,Кряква,Aves,6930
210013558,60eebef8-94bb-4ae7-b387-1eae42f2da53,2024-04-26 19:31:55+02:00,2024-04-26,2024-04-26 17:31:55 UTC,Prague,736016,flo_grattarola,Florencia Grattarola,2024-04-27 07:26:29 UTC,2024-05-05 16:41:45 UTC,research,CC0,https://www.inaturalist.org/observations/210013558,https://inaturalist-open-data.s3.amazonaws.com/photos/371547726/medium.jpg,,"","",3,0,false,3,Pato cabeza verde,Anas platyrhynchos,Кряква,Aves,6930
210772942,6953981e-5af9-446f-b027-24f1b18330c4,2024-04-28 14:29:20,2024-04-28,2024-04-28 12:29:20 UTC,Prague,6668588,sciencereveal,Pavel Daněk,2024-04-28 12:29:45 UTC,2024-05-05 16:18:45 UTC,research,,https://www.inaturalist.org/observations/210772942,https://static.inaturalist.org/photos/372760718/medium.jpeg,,"",,1,0,false,2,Kachna Divoká,Anas platyrhynchos,Кряква,Aves,6930
211567775,82919f22-517a-4da2-aca9-1bede78b43cd,2024/04/29 2:15 PM,2024-04-29,2024-04-29 12:15:00 UTC,Berlin,5894545,kekkarma,Kekkarma,2024-04-29 14:05:19 UTC,2025-02-06 10:08:04 UTC,research,CC0,https://www.inaturalist.org/observations/211567775,https://static.inaturalist.org/photos/374015274/medium.jpeg,,"",,2,0,false,,Stockente,Anas platyrhynchos,Кряква,Aves,6930
213199341,d8b16c8b-2916-43f3-913e-8266873141f9,2024-05-01 17:56:38,2024-05-01,2024-05-01 15:56:38 UTC,Prague,7855932,oldrich61168,Oldřich Nedvěd,2024-05-03 17:47:20 UTC,2025-03-18 22:26:19 UTC,research,,https://www.inaturalist.org/observations/213199341,https://static.inaturalist.org/photos/376771441/medium.jpeg,,"",,1,0,false,2,Kachna Divoká,Anas platyrhynchos,Кряква,Aves,6930
214037933,f5d561eb-25ec-4c8a-b674-43d18f40fa61,2024-04-14 16:11:08,2024-04-14,2024-04-14 14:11:08 UTC,Vienna,8110056,c36246,C S,2024-05-06 19:07:11 UTC,2025-06-25 14:56:38 UTC,research,,https://www.inaturalist.org/observations/214037933,https://static.inaturalist.org/photos/378283402/medium.jpeg,,"",,2,0,false,2,Stockente,Anas platyrhynchos,Кряква,Aves,6930
214813569,edd2f6b6-6361-4324-9566-217320ff3f31,2024-05-10 17:10:47,2024-05-10,2024-05-10 16:10:47 UTC,London,7587262,feliz123,Fiona Chan-Cary,2024-05-10 16:19:58 UTC,2024-05-10 19:00:04 UTC,research,CC0,https://www.inaturalist.org/observations/214813569,https://inaturalist-open-data.s3.amazonaws.com/photos/379728852/medium.jpeg,,"",,1,0,false,2,Mallard,Anas platyrhynchos,Кряква,Aves,6930
215408114,0b45fbc8-8607-4fe3-92e3-df946609fc5b,2024-05-10 09:57:58+01:00,2024-05-10,2024-05-10 08:57:58 UTC,Berlin,7723540,saschaaa,Sascha Aminger,2024-05-13 01:44:33 UTC,2024-05-13 19:59:35 UTC,research,CC-BY-NC,https://www.inaturalist.org/observations/215408114,https://inaturalist-open-data.s3.amazonaws.com/photos/380833967/medium.jpg,,"","",2,0,false,3,Stockente,Anas platyrhynchos,Кряква,Aves,6930
215649789,aa8def2a-9beb-4c9c-b2b2-95bb95318c7d,2024-05-14 07:35:43,2024-05-14,2024-05-14 05:35:43 UTC,Berlin,8098022,soeren6,Sören Hennings,2024-05-14 05:36:29 UTC,2024-05-16 12:22:54 UTC,research,,https://www.inaturalist.org/observations/215649789,https://static.inaturalist.org/photos/381298916/medium.jpeg,,"",Männliche Ente an der Havel in Gatow,5,0,false,2,Stockente,Anas platyrhynchos,Кряква,Aves,6930
215748659,9affde84-ac02-43bd-907f-9836639d83c3,2024-05-14 17:49:00+02:00,2024-05-14,2024-05-14 15:49:00 UTC,Paris,7767364,ju_stine,,2024-05-14 17:50:23 UTC,2025-03-24 08:31:58 UTC,research,CC-BY,https://www.inaturalist.org/observations/215748659,https://inaturalist-open-data.s3.amazonaws.com/photos/381479043/medium.jpg,,"",Individu albinos ? ,1,0,false,3,Canard colvert,Anas platyrhynchos,Кряква,Aves,6930
215844472,2b0ca613-3379-415c-8a8f-f4c9fc76aac8,2024/05/11 15:00,2024-05-11,2024-05-11 13:00:00 UTC,Berlin,4237532,pantalaimon,Chris Kettinger,2024-05-15 03:35:57 UTC,2024-05-15 04:19:38 UTC,research,CC-BY-NC,https://www.inaturalist.org/observations/215844472,https://inaturalist-open-data.s3.amazonaws.com/photos/381662817/medium.jpg,,"",Die Mutter / Mum: https://www.inaturalist.org/observations/215844229,1,0,false,,Stockente,Anas platyrhynchos,Кряква,Aves,6930
216065880,de56481c-79a7-4dd7-9590-dce6bed9fee5,2024-05-14 15:33:59,2024-05-14,2024-05-14 14:33:59 UTC,London,6494833,gregdimiri07,212th Brit,2024-05-16 07:42:05 UTC,2024-05-16 11:35:44 UTC,research,,https://www.inaturalist.org/observations/216065880,https://static.inaturalist.org/photos/382084149/medium.jpeg,,"",,2,0,false,2,Mallard,Anas platyrhynchos,Кряква,Aves,6930
217582585,7946c428-0bec-4085-b1e9-db6d481d42a0,2024/05/20 17:38,2024-05-20,2024-05-20 15:38:00 UTC,Vienna,4725019,adinie,adinie,2024-05-22 22:11:32 UTC,2024-05-23 09:43:46 UTC,research,CC-BY-NC,https://www.inaturalist.org/observations/217582585,https://inaturalist-open-data.s3.amazonaws.com/photos/384932494/medium.jpeg,,"",Vogel Nr. 1 (m),1,0,false,,Stockente,Anas platyrhynchos,Кряква,Aves,6930
218632754,40695cc6-98fc-4ae4-b6b4-2a8b9681a622,2024-05-27 15:13:50,2024-05-27,2024-05-27 13:13:50 UTC,Rome,744814,mirko_tomasi,Mirko Tomasi,2024-05-27 13:30:43 UTC,2024-12-26 17:24:12 UTC,research,CC-BY-NC,https://www.inaturalist.org/observations/218632754,https://inaturalist-open-data.s3.amazonaws.com/photos/386901580/medium.jpeg,,"",,1,0,false,2,Germano reale,Anas platyrhynchos,Кряква,Aves,6930
218770797,e2743935-8f9e-419c-ab55-56c4fc14da78,2024/05/27 11:44 AM,2024-05-27,2024-05-27 09:44:00 UTC,Budapest,5852324,serradura,,2024-05-27 23:14:27 UTC,2024-05-31 08:16:39 UTC,research,CC-BY-NC,https://www.inaturalist.org/observations/218770797,https://inaturalist-open-data.s3.amazonaws.com/photos/387155123/medium.jpeg,,"",,2,0,false,,Mallard,Anas platyrhynchos,Кряква,Aves,6930
219419406,8d21e982-230c-4783-8093-657cbd520bec,2024-05-30 17:55:26,2024-05-30,2024-05-30 16:55:26 UTC,London,7819910,duggye900,Rhys,2024-05-30 22:21:03 UTC,2025-04-04 23:01:47 UTC,research,CC-BY,https://www.inaturalist.org/observations/219419406,https://inaturalist-open-data.s3.amazonaws.com/photos/388372594/medium.jpeg,,"","They were still sadly on the swan nest when they were out feeding again today, 4 of the mallards have been lost overnight, possibly due to the swans. Thankfully by the time I left today the mallard had taken her babies out of the water and further up the canal, possibly having learned not to stay there for when the swans return at night ",1,0,false,2,Mallard,Anas platyrhynchos,Кряква,Aves,6930
220772223,e1c94797-88f9-4dbb-ab62-884a314cba0a,2024/04/13 17:45,2024-04-13,2024-04-13 15:45:00 UTC,Paris,7370601,larib-bonvier,"",2024-06-05 22:22:14 UTC,2024-06-05 22:22:37 UTC,research,CC-BY-NC,https://www.inaturalist.org/observations/220772223,https://inaturalist-open-data.s3.amazonaws.com/photos/390905287/medium.jpg,,"","",2,0,false,,Canard colvert,Anas platyrhynchos,Кряква,Aves,6930
220860191,3c6234e7-6c1f-4a2d-b537-20f55a319d06,2024-06-04 15:15:13+01:00,2024-06-04,2024-06-04 14:15:13 UTC,London,5655763,josscarr,Joss Carr,2024-06-06 11:10:58 UTC,2025-04-02 15:30:41 UTC,research,CC-BY,https://www.inaturalist.org/observations/220860191,https://inaturalist-open-data.s3.amazonaws.com/photos/391075557/medium.jpg,,"","",1,0,false,3,Mallard,Anas platyrhynchos,Кряква,Aves,6930
220961864,a3ed6b72-220f-49b2-97b6-e6b7e13a8263,2024/01/13 8:51 AM,2024-01-13,2024-01-13 08:51:00 UTC,London,1060363,liam_ech,Liam Echevarria,2024-06-06 20:20:55 UTC,2025-05-18 21:33:35 UTC,research,CC-BY-NC,https://www.inaturalist.org/observations/220961864,https://inaturalist-open-data.s3.amazonaws.com/photos/391257001/medium.png,,"",,7,1,false,,Mallard,Anas platyrhynchos,Кряква,Aves,6930
221180619,1aee9fbd-e510-469e-ae12-b0addc8fb47e,2024/06/07 14:03,2024-06-07,2024-06-07 12:03:00 UTC,Berlin,7381504,erikschabel,Erik Schabel,2024-06-07 21:37:16 UTC,2024-06-08 06:51:02 UTC,research,CC-BY-NC,https://www.inaturalist.org/observations/221180619,https://static.inaturalist.org/photos/391668171/medium.jpg,,"",,2,0,false,,Stockente,Anas platyrhynchos,Кряква,Aves,6930
222988895,67a3b389-4d8f-4732-a749-ac94e6363b21,2024-06-15 11:35:19+01:00,2024-06-15,2024-06-15 10:35:19 UTC,London,5655763,josscarr,Joss Carr,2024-06-16 00:50:01 UTC,2025-04-02 15:30:41 UTC,research,CC-BY,https://www.inaturalist.org/observations/222988895,https://inaturalist-open-data.s3.amazonaws.com/photos/395056793/medium.jpg,,"","",1,0,false,3,Mallard,Anas platyrhynchos,Кряква,Aves,6930
224838112,d5866c11-6af7-4e18-98b5-488d6d5b2d52,2023-05-11,2023-05-11,,London,8298554,zac2847,"",2024-06-24 08:46:06 UTC,2025-05-19 09:41:24 UTC,research,CC-BY-NC,https://www.inaturalist.org/observations/224838112,https://inaturalist-open-data.s3.amazonaws.com/photos/398551370/medium.jpeg,,"",,3,0,false,2,Hawaiian Duck,Anas platyrhynchos,Кряква,Aves,6930
225583485,b2f58d65-a9d7-4b9e-9808-34c1d1652702,2024/06/21 07:31,2024-06-21,2024-06-21 05:31:00 UTC,Vienna,8300235,ruperl_h,Ruperl,2024-06-27 20:16:40 UTC,2025-06-25 15:40:31 UTC,research,CC-BY-NC,https://www.inaturalist.org/observations/225583485,https://inaturalist-open-data.s3.amazonaws.com/photos/399967717/medium.jpeg,,"",,1,0,false,,Stockente,Anas platyrhynchos,Кряква,Aves,6930
227639586,c6b5970f-7f29-4bee-b345-dbed0dc4dbaa,2024/07/06 4:49 PM,2024-07-06,2024-07-06 15:49:00 UTC,London,4650372,jamie-aa,"",2024-07-06 22:57:24 UTC,2025-12-20 01:12:55 UTC,research,CC0,https://www.inaturalist.org/observations/227639586,https://inaturalist-open-data.s3.amazonaws.com/photos/403844421/medium.jpeg,,"",,1,0,false,,Mallard,Anas platyrhynchos,Кряква,Aves,6930
228415195,8df568fb-2894-4c66-9bda-9caf6b9b7914,2024-07-10 11:37:47,2024-07-10,2024-07-10 10:37:47 UTC,London,4497850,catiamatos,Cátia Matos,2024-07-10 11:13:36 UTC,2024-07-10 17:29:49 UTC,research,,https://www.inaturalist.org/observations/228415195,https://static.inaturalist.org/photos/405332038/medium.jpeg,,"",,4,0,false,2,Mallard,Anas platyrhynchos,Кряква,Aves,6930
231496910,e546e536-d25e-450f-8d01-d8fce5992521,2024/07/24 15:27,2024-07-24,2024-07-24 13:27:00 UTC,Vienna,4725019,adinie,adinie,2024-07-24 21:35:14 UTC,2024-07-25 09:03:37 UTC,research,CC-BY-NC,https://www.inaturalist.org/observations/231496910,https://inaturalist-open-data.s3.amazonaws.com/photos/411159359/medium.jpeg,,"",,1,0,false,,Stockente,Anas platyrhynchos,Кряква,Aves,6930
235549467,61415652-9785-44c0-8aee-3f4fbc5c8991,2022/04/06 10:28 AM,2022-04-06,2022-04-06 08:28:00 UTC,Europe/Monaco,8323411,pickin,,2024-08-13 15:54:27 UTC,2024-09-23 15:40:13 UTC,research,CC-BY-NC,https://www.inaturalist.org/observations/235549467,https://inaturalist-open-data.s3.amazonaws.com/photos/418927536/medium.jpeg,,"",,1,0,false,,Mallard,Anas platyrhynchos,Кряква,Aves,6930
241079088,b9061046-b269-4e34-b84f-8d5a35909ba6,2023-12-25 14:03:28,2023-12-25,2023-12-25 13:03:28 UTC,Paris,8557690,willy_friscky,William Frischetto,2024-09-11 10:06:34 UTC,2025-03-19 18:01:43 UTC,research,,https://www.inaturalist.org/observations/241079088,https://static.inaturalist.org/photos/429611291/medium.jpeg,,"",,2,0,false,2,Germano reale,Anas platyrhynchos,Кряква,Aves,6930
241923394,47cece2c-715e-4cec-82f6-586788b66e00,2024-09-15 15:28:49,2024-09-15,2024-09-15 13:28:49 UTC,Madrid,6247479,eli_forgione_c,Elisa Forgione Ciarrocchi,2024-09-15 18:10:59 UTC,2024-11-08 14:08:53 UTC,research,,https://www.inaturalist.org/observations/241923394,https://static.inaturalist.org/photos/431226909/medium.jpeg,,"",,2,0,false,2,Mallard,Anas platyrhynchos,Кряква,Aves,6930
245835447,64c41a8b-17a2-4cf3-a112-fb24f543e397,2024/10/05 4:19 PM,2024-10-05,2024-10-05 14:19:00 UTC,Madrid,7413432,diegodgd,Diego González Dopico,2024-10-05 22:23:24 UTC,2025-04-21 13:43:24 UTC,research,CC-BY,https://www.inaturalist.org/observations/245835447,https://inaturalist-open-data.s3.amazonaws.com/photos/438751774/medium.jpg,,"",,2,0,false,,Pato norteño,Anas platyrhynchos,Кряква,Aves,6930
246396583,167d7fec-2c5e-4aaa-a4b2-f0f12ef5272a,2024/07/24 16:31,2024-07-24,2024-07-24 14:31:00 UTC,Vienna,4724645,lastovka,lastovka,2024-10-08 23:39:48 UTC,2024-12-14 08:12:07 UTC,research,CC-BY-NC,https://www.inaturalist.org/observations/246396583,https://inaturalist-open-data.s3.amazonaws.com/photos/439865869/medium.jpeg,,"",,1,0,false,,Stockente,Anas platyrhynchos,Кряква,Aves,6930
246406957,8c597371-f288-461b-b263-35dc71ec982d,2024/10/07 3:12 PM,2024-10-07,2024-10-07 14:12:00 UTC,London,631947,jarvo,Jon J. Laysell,2024-10-09 01:16:05 UTC,2025-02-01 11:10:54 UTC,research,CC-BY,https://www.inaturalist.org/observations/246406957,https://inaturalist-open-data.s3.amazonaws.com/photos/439887577/medium.jpg,,"",,1,0,false,,Mallard,Anas platyrhynchos,Кряква,Aves,6930
248236505,2c155033-0261-43e3-8356-a4278e6af448,2024/10/19 09:43,2024-10-19,2024-10-19 07:43:00 UTC,Rome,1395828,elkvorr,Elio Giacone,2024-10-20 10:05:36 UTC,2025-01-19 15:56:15 UTC,research,CC-BY-NC,https://www.inaturalist.org/observations/248236505,https://inaturalist-open-data.s3.amazonaws.com/photos/443504297/medium.jpeg,,1000grn7,Germano reale,3,0,false,,Germano reale,Anas platyrhynchos,Кряква,Aves,6930
248352947,db784200-4d6c-44f3-b8d2-5a7b606e4c9d,2024/10/09 9:43 AM,2024-10-09,2024-10-09 07:43:00 UTC,Madrid,336450,rogervila,Roger Vila,2024-10-20 21:58:36 UTC,2025-04-06 17:55:18 UTC,research,CC-BY,https://www.inaturalist.org/observations/248352947,https://inaturalist-open-data.s3.amazonaws.com/photos/443726288/medium.jpeg,,"",,1,0,false,,Ànec collverd,Anas platyrhynchos,Кряква,Aves,6930
249746145,0f6aafb7-e39d-4d55-9e75-cd4839fc4baf,2024/04/19 3:40 PM,2024-04-19,2024-04-19 13:40:00 UTC,Paris,5464227,bvcruz,Blaise Verrier-Cruz,2024-10-30 11:55:59 UTC,2025-04-08 09:44:51 UTC,research,CC-BY-NC,https://www.inaturalist.org/observations/249746145,https://inaturalist-open-data.s3.amazonaws.com/photos/446509518/medium.jpg,,"",,1,0,false,,Mallard,Anas platyrhynchos,Кряква,Aves,6930
250428432,b61ab63a-a468-4cca-b7cf-011d8ce4f0df,2024-06-13,2024-06-13,,Rome,5470539,alessandro_folchitto,Alessandro Folchitto,2024-11-04 11:52:43 UTC,2025-04-09 08:15:17 UTC,research,CC-BY,https://www.inaturalist.org/observations/250428432,https://inaturalist-open-data.s3.amazonaws.com/photos/447882335/medium.jpg,,"","",1,0,false,,Germano reale,Anas platyrhynchos,Кряква,Aves,6930
250548189,0f94e14c-7505-4ac2-899a-d872a3e43d76,2023/01/22 12:16 PM,2023-01-22,2023-01-22 12:16:00 UTC,London,3635289,bsteer,"",2024-11-05 11:09:50 UTC,2024-11-05 17:52:09 UTC,research,CC-BY-NC,https://www.inaturalist.org/observations/250548189,https://inaturalist-open-data.s3.amazonaws.com/photos/448117584/medium.jpeg,,"","",2,0,false,,Mallard,Anas platyrhynchos,Кряква,Aves,6930
250565174,da87bee6-fd74-42ad-b8d4-190fa9f70601,2024-11-05 14:21:35,2024-11-05,2024-11-05 14:21:35 UTC,London,4993090,birdernerder,E. Slinn,2024-11-05 14:47:32 UTC,2025-10-02 10:23:55 UTC,research,CC-BY,https://www.inaturalist.org/observations/250565174,https://inaturalist-open-data.s3.amazonaws.com/photos/448154666/medium.jpeg,,"",Possible second generation?,4,0,false,2,Mallard × Northern Pintail,Anas platyrhynchos,Кряква,Aves,6930
251294332,4760ddbe-a404-48e3-b23d-f1df257eb910,2024/08/06 9:43 AM,2024-08-06,2024-08-06 08:43:00 UTC,London,904893,littlemoth,littlemoth,2024-11-11 09:55:13 UTC,2024-12-06 20:33:53 UTC,research,CC-BY-NC,https://www.inaturalist.org/observations/251294332,https://inaturalist-open-data.s3.amazonaws.com/photos/449614888/medium.jpg,,"",,1,0,false,,Mallard,Anas platyrhynchos,Кряква,Aves,6930
252709988,ba7aedd1-fd01-4a80-b2dc-91e9fc08827a,2024-11-23 14:11:08,2024-11-23,2024-11-23 13:11:08 UTC,Warsaw,7554523,fenri,Fenri,2024-11-23 13:14:40 UTC,2024-11-25 20:14:24 UTC,research,CC-BY-NC,https://www.inaturalist.org/observations/252709988,https://inaturalist-open-data.s3.amazonaws.com/photos/452424094/medium.jpeg,,"",,1,0,false,2,Krzyżówka,Anas platyrhynchos,Кряква,Aves,6930
252896790,a95fb659-cfbc-4935-9ae2-e4a9fe1f66bc,2024-11-23 13:11:01,2024-11-23,2024-11-23 12:11:01 UTC,Warsaw,4752960,maximion,Maksymilian Wojtkiewicz,2024-11-24 17:06:48 UTC,2025-04-12 22:33:01 UTC,research,CC-BY-NC,https://www.inaturalist.org/observations/252896790,https://inaturalist-open-data.s3.amazonaws.com/photos/452761902/medium.jpeg,,"","Oca4/Slc45a2 albinism aka ""dilute""",1,0,false,2,Krzyżówka,Anas platyrhynchos,Кряква,Aves,6930
253314292,f4c91a47-edbe-43df-b67b-fbeaa2b731f8,2024/11/27 16:30,2024-11-27,2024-11-27 15:30:00 UTC,Berlin,6003071,lil_crawler,Mo Hartmann,2024-11-27 18:59:23 UTC,2024-12-27 18:01:07 UTC,research,CC-BY-NC,https://www.inaturalist.org/observations/253314292,https://inaturalist-open-data.s3.amazonaws.com/photos/453543738/medium.jpeg,,"",,2,0,false,,Stockente,Anas platyrhynchos,Кряква,Aves,6930
253768219,4d8ea0bd-1db9-4fae-9833-59d156aa9155,2024-09-29 10:42:40,2024-09-29,2024-09-29 08:42:40 UTC,Zurich,8807521,michele_fabbri,Michele Fabbri,2024-12-01 16:44:54 UTC,2025-04-13 18:01:29 UTC,research,,https://www.inaturalist.org/observations/253768219,https://static.inaturalist.org/photos/454448132/medium.jpeg,,"",,1,0,false,2,Germano reale,Anas platyrhynchos,Кряква,Aves,6930
254569465,c986e1da-e760-4b6a-bb93-9b2a9e8650f0,2024-12-07 12:38:39,2024-12-07,2024-12-07 11:38:39 UTC,Berlin,5712963,krstn_zg,Karsten Ste,2024-12-09 00:17:00 UTC,2024-12-09 07:14:16 UTC,research,CC-BY,https://www.inaturalist.org/observations/254569465,https://inaturalist-open-data.s3.amazonaws.com/photos/456007568/medium.jpeg,,"",,3,0,false,2,Stockente,Anas platyrhynchos,Кряква,Aves,6930
255005238,795c8bec-8b9b-4ced-bbe7-c7a86631dd18,2014-12-14,2014-12-14,,Berlin,7716453,ursularinas,,2024-12-13 19:04:39 UTC,2025-11-12 15:26:08 UTC,research,CC-BY-NC,https://www.inaturalist.org/observations/255005238,https://inaturalist-open-data.s3.amazonaws.com/photos/456891426/medium.jpg,,"","intersex bird (e.g. ""male"" curly tail feathers, ""female"" beak)",1,0,false,,Mallard,Anas platyrhynchos,Кряква,Aves,6930
255319228,0057d0c6-72dc-406a-9d8e-ac40535e0cda,2024-08-06 13:53:00+02:00,2024-08-06,2024-08-06 11:53:00 UTC,Berlin,7855826,kikifax,,2024-12-16 19:54:12 UTC,2024-12-17 13:17:24 UTC,research,CC-BY-NC,https://www.inaturalist.org/observations/255319228,https://inaturalist-open-data.s3.amazonaws.com/photos/457532646/medium.jpg,,"","",1,0,false,3,Stockente,Anas platyrhynchos,Кряква,Aves,6930
255543173,a1114828-021b-4b2c-88aa-01525c325ca0,2024/11/03 8:52 AM,2024-11-03,2024-11-03 07:52:00 UTC,Berlin,270397,panecillo,Jorge A. Pérez Torres,2024-12-19 00:26:19 UTC,2024-12-19 05:27:39 UTC,research,CC-BY-NC,https://www.inaturalist.org/observations/255543173,https://inaturalist-open-data.s3.amazonaws.com/photos/457965863/medium.jpeg,,"",,1,0,false,,Pato norteño,Anas platyrhynchos,Кряква,Aves,6930
257109535,1e853ba8-cf85-4519-b6c5-29ba2d71a743,2024/12/30 3:04 PM,2024-12-30,2024-12-30 14:04:00 UTC,Warsaw,1257588,wojtest,"",2025-01-02 09:59:54 UTC,2025-01-09 17:36:16 UTC,research,CC-BY-NC,https://www.inaturalist.org/observations/257109535,https://static.inaturalist.org/photos/461151124/medium.jpeg,,"",,3,0,false,,Mallard,Anas platyrhynchos,Кряква,Aves,6930
257374276,8ca389a2-17d8-4e15-8db8-91b18d74bfad,2025-01-04 12:20:25Z,2025-01-04,2025-01-04 12:20:25 UTC,Prague,7940356,jan_vrana,Jan Vrána,2025-01-04 17:51:27 UTC,2025-01-08 07:02:39 UTC,research,,https://www.inaturalist.org/observations/257374276,https://static.inaturalist.org/photos/461681457/medium.jpg,,"","",1,0,false,3,Kachna Divoká,Anas platyrhynchos,Кряква,Aves,6930
257950977,24691ee6-66cb-4d2e-954b-c5a6326e169c,2024/07/04 16:25,2024-07-04,2024-07-04 14:25:00 UTC,Vienna,4724645,lastovka,lastovka,2025-01-09 20:30:17 UTC,2025-04-11 17:05:25 UTC,research,CC-BY-NC,https://www.inaturalist.org/observations/257950977,https://inaturalist-open-data.s3.amazonaws.com/photos/462759979/medium.jpeg,,"",,1,0,false,,Stockente,Anas platyrhynchos,Кряква,Aves,6930
257962569,7f1203e2-7faf-4905-9e61-e911523ee161,2024/07/04 16:25,2024-07-04,2024-07-04 14:25:00 UTC,Vienna,4724645,lastovka,lastovka,2025-01-09 21:12:46 UTC,2025-01-12 21:19:53 UTC,research,CC-BY-NC,https://www.inaturalist.org/observations/257962569,https://inaturalist-open-data.s3.amazonaws.com/photos/462767865/medium.jpeg,,"",,1,0,false,,Stockente,Anas platyrhynchos,Кряква,Aves,6930
257966133,c63acd9a-98c0-48c5-8f12-f49e63284d50,2024/07/04 17:08,2024-07-04,2024-07-04 15:08:00 UTC,Vienna,4724645,lastovka,lastovka,2025-01-09 21:38:38 UTC,2025-01-12 21:23:16 UTC,research,CC-BY-NC,https://www.inaturalist.org/observations/257966133,https://inaturalist-open-data.s3.amazonaws.com/photos/462773471/medium.jpeg,,"",,2,0,false,,Stockente,Anas platyrhynchos,Кряква,Aves,6930
258321453,a1622901-4a01-4702-9693-3cc6271f5cff,2025/01/12 1:06 PM,2025-01-12,2025-01-12 13:06:00 UTC,London,631947,jarvo,Jon J. Laysell,2025-01-13 00:49:43 UTC,2025-03-02 18:15:17 UTC,research,CC-BY,https://www.inaturalist.org/observations/258321453,https://inaturalist-open-data.s3.amazonaws.com/photos/463438496/medium.jpg,,"",,3,0,false,,Mallard,Anas platyrhynchos,Кряква,Aves,6930
258723306,6d9f6d3c-5852-4feb-816a-b88eb8d2de4d,2025-01-14 13:00:00Z,2025-01-14,2025-01-14 13:00:00 UTC,London,8454164,riotdiscovery,Alexander Hodgson,2025-01-17 08:27:59 UTC,2025-04-12 10:35:10 UTC,research,CC-BY,https://www.inaturalist.org/observations/258723306,https://inaturalist-open-data.s3.amazonaws.com/photos/464267195/medium.jpg,,"","",1,0,false,3,Mallard,Anas platyrhynchos,Кряква,Aves,6930
258736016,9419741d-551d-41d8-a32d-5272445d2e26,2025-01-17 12:32:17+01:00,2025-01-17,2025-01-17 11:32:17 UTC,Berlin,5380807,lewispoore,,2025-01-17 12:46:24 UTC,2025-01-17 13:02:07 UTC,research,CC-BY-NC,https://www.inaturalist.org/observations/258736016,https://inaturalist-open-data.s3.amazonaws.com/photos/464292262/medium.jpg,,"","",3,0,false,3,Mallard,Anas platyrhynchos,Кряква,Aves,6930
258831135,f8803327-8970-40bb-a591-0ff2fe7cc628,2025/01/16 10:28,2025-01-16,2025-01-16 09:28:00 UTC,Paris,1552576,fabd06,"",2025-01-18 13:28:14 UTC,2025-04-12 12:49:30 UTC,research,CC-BY-NC,https://www.inaturalist.org/observations/258831135,https://inaturalist-open-data.s3.amazonaws.com/photos/464485645/medium.jpg,,"",,1,0,false,,Canard colvert,Anas platyrhynchos,Кряква,Aves,6930
259058912,361941c0-6ec0-46a7-8374-0c9bc8aa5890,2014/01/23 14:19,2014-01-23,2014-01-23 13:19:00 UTC,Berlin,6254415,iwo2022,iwo2022,2025-01-20 14:58:52 UTC,2025-01-22 21:37:42 UTC,research,CC-BY-NC,https://www.inaturalist.org/observations/259058912,https://inaturalist-open-data.s3.amazonaws.com/photos/464948406/medium.jpeg,,"",,1,0,false,,Gelbschnabelente,Anas undulata,Желтоносая кряква,Aves,6965
259094886,e4b7b60d-590d-470d-a1cd-19b8b1dba6ba,2025/01/19 12:17,2025-01-19,2025-01-19 11:17:00 UTC,Vienna,4065983,wolfgangbacher,Wolfgang Bacher,2025-01-20 22:02:13 UTC,2025-01-21 18:42:25 UTC,research,CC0,https://www.inaturalist.org/observations/259094886,https://inaturalist-open-data.s3.amazonaws.com/photos/465004915/medium.jpeg,,"","",2,0,false,,Stockente,Anas platyrhynchos,Кряква,Aves,6930
259882639,e0734678-1cc1-4d04-9445-760853fe5a77,2024/07/22 14:59,2024-07-22,2024-07-22 12:59:00 UTC,Vienna,4724645,lastovka,lastovka,2025-01-28 18:05:30 UTC,2025-04-13 13:41:33 UTC,research,CC-BY-NC,https://www.inaturalist.org/observations/259882639,https://inaturalist-open-data.s3.amazonaws.com/photos/466600863/medium.jpeg,,"",,1,0,false,,Stockente,Anas platyrhynchos,Кряква,Aves,6930
259961618,c71e0b0b-72cf-40c2-be3c-d05c38a3655e,2025-01-29 13:48:56,2025-01-29,2025-01-29 13:48:56 UTC,London,5437948,wearepreston,LibProj,2025-01-29 13:49:43 UTC,2025-02-08 23:07:50 UTC,research,CC-BY-NC,https://www.inaturalist.org/observations/259961618,https://inaturalist-open-data.s3.amazonaws.com/photos/466759258/medium.jpeg,,"",,3,1,false,2,Mallard,Anas platyrhynchos,Кряква,Aves,6930
260098550,4fe52db4-acb6-486b-ad6a-7bf4ab7a49e8,2025/01/29 2:12 PM,2025-01-29,2025-01-29 14:12:00 UTC,London,1060363,liam_ech,Liam Echevarria,2025-01-30 22:34:54 UTC,2025-05-16 21:45:44 UTC,research,CC-BY-NC,https://www.inaturalist.org/observations/260098550,https://inaturalist-open-data.s3.amazonaws.com/photos/467024060/medium.jpeg,,"",,1,0,false,,Mallard,Anas platyrhynchos,Кряква,Aves,6930
260625022,b9b7140a-9700-4ee9-abc2-26fdb2fcedef,2025-02-04,2025-02-04,,Paris,8866096,tom17430,Tom,2025-02-04 17:58:50 UTC,2025-12-07 23:00:51 UTC,research,CC-BY-NC,https://www.inaturalist.org/observations/260625022,https://inaturalist-open-data.s3.amazonaws.com/photos/468074859/medium.jpeg,,"",9 mâles et 1 femmelle.,5,0,false,2,Canard colvert,Anas platyrhynchos,Кряква,Aves,6930
260899463,5f93075f-61e6-4c00-8c27-2d309c084a27,2025-02-07 15:29:00,2025-02-07,2025-02-07 14:29:00 UTC,Bratislava,5987055,the_darkclaw,Maťo Tittel,2025-02-07 14:32:15 UTC,2025-02-18 15:30:44 UTC,research,CC-BY-NC,https://www.inaturalist.org/observations/260899463,https://static.inaturalist.org/photos/468629447/medium.jpeg,,"","",1,0,false,2,kačica divá,Anas platyrhynchos,Кряква,Aves,6930
261139878,f5f42175-a4d5-4340-9161-496d3bd852a8,2025-02-09 14:53:32Z,2025-02-09,2025-02-09 14:53:32 UTC,London,7691661,dogsarethecoolest,,2025-02-09 16:48:20 UTC,2025-02-09 18:29:33 UTC,research,CC-BY-NC,https://www.inaturalist.org/observations/261139878,https://inaturalist-open-data.s3.amazonaws.com/photos/469092402/medium.jpg,,"","",2,0,false,3,Mallard,Anas platyrhynchos,Кряква,Aves,6930
261987811,b8d7a7b5-6d0c-47bf-97d3-d847e9ebcc69,2025/02/16 16:30,2025-02-16,2025-02-16 15:30:00 UTC,Warsaw,6771687,s_nowosad,"",2025-02-17 15:50:34 UTC,2025-02-18 10:35:28 UTC,research,CC-BY-NC,https://www.inaturalist.org/observations/261987811,https://inaturalist-open-data.s3.amazonaws.com/photos/470772980/medium.jpg,,"male, Anas platyrhynchos, Anas, Torun, anatidae, birds, Poland","📸 Panasonic Lumix GX80
🔭 Tair 3-phs 300/4.5",1,0,false,,Krzyżówka,Anas platyrhynchos,Кряква,Aves,6930
262537885,34558d44-418a-4864-9830-deeaa7e43fe4,2023/02/04 9:38 AM,2023-02-04,2023-02-04 08:38:00 UTC,Berlin,6705739,igorskh,Igor Kim,2025-02-21 14:01:52 UTC,2025-02-21 16:39:48 UTC,research,CC-BY-NC,https://www.inaturalist.org/observations/262537885,https://inaturalist-open-data.s3.amazonaws.com/photos/471573189/medium.jpeg,,"",,1,0,false,,Mallard,Anas platyrhynchos,Кряква,Aves,6930
262743065,a51106af-36e8-41df-94f9-df888f22789a,2010/09/07 9:40 AM,2010-09-07,2010-09-07 07:40:00 UTC,Zurich,6723505,zebedeugalinha,zebedeugalinha,2025-02-22 22:16:58 UTC,2025-12-07 20:03:59 UTC,research,CC-BY,https://www.inaturalist.org/observations/262743065,https://inaturalist-open-data.s3.amazonaws.com/photos/471875295/medium.jpeg,,"","",1,0,false,,Pato-real,Anas platyrhynchos,Кряква,Aves,6930
263279440,b8086316-eed4-460f-820a-1878927e6509,2025/02/24 14:58,2025-02-24,2025-02-24 13:58:00 UTC,Rome,6220032,nikx63,Nicola,2025-02-27 15:52:56 UTC,2025-04-26 02:17:24 UTC,research,CC-BY-NC,https://www.inaturalist.org/observations/263279440,https://inaturalist-open-data.s3.amazonaws.com/photos/472950976/medium.jpg,,"Lago di Garda, Bardolino",Mallard - Anas platyrhynchos,2,0,false,,Germano reale,Anas platyrhynchos,Кряква,Aves,6930
263351929,6f1c97f3-5768-4827-8754-835647586e61,2025/02/24 16:58,2025-02-24,2025-02-24 15:58:00 UTC,Warsaw,4752960,maximion,Maksymilian Wojtkiewicz,2025-02-28 06:03:12 UTC,2025-02-28 10:04:22 UTC,research,CC-BY-NC,https://www.inaturalist.org/observations/263351929,https://inaturalist-open-data.s3.amazonaws.com/photos/473091646/medium.jpeg,,"","masculinized female, intersex",1,0,false,,Krzyżówka,Anas platyrhynchos,Кряква,Aves,6930
263978456,4f3e95e2-e986-4e65-af6e-8c2f7d2919f6,2025-03-04 10:09:38,2025-03-04,2025-03-04 09:09:38 UTC,Zagreb,8187199,pstrbenac,Petra Štrbenac,2025-03-05 13:49:51 UTC,2025-03-05 19:02:53 UTC,research,CC-BY-NC,https://www.inaturalist.org/observations/263978456,https://inaturalist-open-data.s3.amazonaws.com/photos/474325863/medium.jpeg,,"",,3,0,false,2,Divlja patka,Anas platyrhynchos,Кряква,Aves,6930
265678408,50fd5f93-4f93-4ff2-8e04-89b14755053d,2025/03/09 13:44,2025-03-09,2025-03-09 12:44:00 UTC,Rome,355255,evangmm,Matteo Martini,2025-03-17 09:41:44 UTC,2025-08-11 08:57:55 UTC,research,CC-BY,https://www.inaturalist.org/observations/265678408,https://inaturalist-open-data.s3.amazonaws.com/photos/477254094/medium.jpg,,"","",2,0,false,,Germano reale,Anas platyrhynchos,Кряква,Aves,6930
266373806,64367d76-bd5f-416d-8ab1-acd42b083b19,2025-03-22 13:59:58Z,2025-03-22,2025-03-22 13:59:58 UTC,London,4142994,robbiea,Robert Andrews,2025-03-22 14:02:26 UTC,2025-08-03 16:42:33 UTC,research,CC-BY-NC,https://www.inaturalist.org/observations/266373806,https://inaturalist-open-data.s3.amazonaws.com/photos/478597915/medium.jpg,,"","",1,0,false,3,Mallard,Anas platyrhynchos,Кряква,Aves,6930
266539871,253abec0-16f2-45c5-b0f1-d920af930bd4,2025/03/21 11:24 AM,2025-03-21,2025-03-21 11:24:00 UTC,London,5655763,josscarr,Joss Carr,2025-03-23 12:00:46 UTC,2025-04-13 20:25:30 UTC,research,CC-BY,https://www.inaturalist.org/observations/266539871,https://inaturalist-open-data.s3.amazonaws.com/photos/478901061/medium.jpeg,,"",***Observation location manually updated and made accurate to 10 m.***,1,0,false,,Mallard,Anas platyrhynchos,Кряква,Aves,6930
266598707,bbbe6ed8-1974-437f-b759-4606ebad21ea,2025-03-09 14:11:31+01:00,2025-03-09,2025-03-09 13:11:31 UTC,Rome,9049269,martaqm,,2025-03-23 17:36:19 UTC,2025-03-24 21:39:36 UTC,research,CC-BY-NC,https://www.inaturalist.org/observations/266598707,https://inaturalist-open-data.s3.amazonaws.com/photos/479014754/medium.jpg,,"","",1,0,false,3,Pato norteño,Anas platyrhynchos,Кряква,Aves,6930
266944403,5c7a65c7-5658-4418-9a65-7a8723bebb18,2021-08-14 09:17:26,2021-08-14,2021-08-14 07:17:26 UTC,Berlin,4641231,ornithoscope,Jonathan Maitrot,2025-03-25 19:47:01 UTC,2025-04-14 05:53:42 UTC,research,CC-BY,https://www.inaturalist.org/observations/266944403,https://inaturalist-open-data.s3.amazonaws.com/photos/479660853/medium.jpg,,"",,1,0,false,843,Canard colvert,Anas platyrhynchos,Кряква,Aves,6930
267550612,24fbe625-9690-4cd0-8299-4b17fc0dd42b,2025-03-29 14:44:24,2025-03-29,2025-03-29 14:44:24 UTC,London,7755350,nyree13,,2025-03-29 18:09:59 UTC,2025-03-29 22:20:20 UTC,research,CC-BY-NC,https://www.inaturalist.org/observations/267550612,https://inaturalist-open-data.s3.amazonaws.com/photos/480823239/medium.jpeg,,"",,2,0,false,2,Mallard,Anas platyrhynchos,Кряква,Aves,6930
268757356,120c1d36-6485-4ba7-90e8-60b7f899c4c6,2025-04-05 18:14:48,2025-04-05,2025-04-05 16:14:48 UTC,Berlin,6797564,scarletwolf100,scarletwolf100 Stiffler,2025-04-05 17:01:59 UTC,2025-04-05 22:57:07 UTC,research,,https://www.inaturalist.org/observations/268757356,https://static.inaturalist.org/photos/483129755/medium.jpeg,,"",,2,0,false,2,Mallard,Anas platyrhynchos,Кряква,Aves,6930
268798405,d60bf0e6-1add-4534-b868-0fcb35b319a0,2025/04/05 10:10,2025-04-05,2025-04-05 08:10:00 UTC,Rome,5504913,ettodineve,Flavio Valcanover,2025-04-05 20:41:18 UTC,2025-06-02 09:07:07 UTC,research,CC-BY-NC,https://www.inaturalist.org/observations/268798405,https://inaturalist-open-data.s3.amazonaws.com/photos/483203874/medium.jpeg,,"",,3,0,false,,Germano reale,Anas platyrhynchos,Кряква,Aves,6930
268939674,389f12a4-6fc4-41c4-8170-154a2485992a,2025/04/03 18:12,2025-04-03,2025-04-03 16:12:00 UTC,Warsaw,6771687,s_nowosad,"",2025-04-06 15:08:33 UTC,2025-04-11 18:16:05 UTC,research,CC-BY-NC,https://www.inaturalist.org/observations/268939674,https://inaturalist-open-data.s3.amazonaws.com/photos/483482044/medium.jpg,,"male, Anas platyrhynchos, anas, torun, Anatidae, birds, Poland","📸 Panasonic Lumix GX80
🔭 Lumix 100-300 II f 4-5.6",2,0,false,,Krzyżówka,Anas platyrhynchos,Кряква,Aves,6930
269076100,cd4f2ed3-69d2-4905-810f-001b83bb3cba,2025-04-05 11:39:36,2025-04-05,2025-04-05 09:39:36 UTC,Amsterdam,1082970,karimhaddad,Karim Haddad,2025-04-07 05:05:49 UTC,2025-04-07 06:18:45 UTC,research,CC-BY,https://www.inaturalist.org/observations/269076100,https://inaturalist-open-data.s3.amazonaws.com/photos/483751052/medium.jpeg,,"",,1,0,false,2,Canard colvert,Anas platyrhynchos,Кряква,Aves,6930
269099985,c565063b-751e-4817-b8e8-c858f4672af8,2025/02/03 2:42 PM,2025-02-03,2025-02-03 13:42:00 UTC,Amsterdam,6891661,thegreatdodo,"",2025-04-07 10:11:52 UTC,2025-04-07 11:24:28 UTC,research,CC-BY-NC,https://www.inaturalist.org/observations/269099985,https://inaturalist-open-data.s3.amazonaws.com/photos/483799602/medium.jpg,,"",,1,0,false,,Mallard,Anas platyrhynchos,Кряква,Aves,6930
269773349,62c6289e-80a8-425d-92cd-1c0ddf982ec0,2024-12-26 12:35:29,2024-12-26,2024-12-26 11:35:29 UTC,Budapest,5903541,nitzan4,Nitzan Caspi,2025-04-11 12:21:39 UTC,2025-04-11 13:04:07 UTC,research,,https://www.inaturalist.org/observations/269773349,https://static.inaturalist.org/photos/485096800/medium.jpeg,,"",,1,0,false,2,ברכיה,Anas platyrhynchos,Кряква,Aves,6930
269810234,f08016ed-30ad-42a2-9fe2-2d3fe048da30,2025-04-11 17:17:44,2025-04-11,2025-04-11 15:17:44 UTC,Budapest,7973024,aleksejkrstic,Aleksej Len Krstić,2025-04-11 16:35:24 UTC,2025-04-15 23:37:30 UTC,research,,https://www.inaturalist.org/observations/269810234,https://static.inaturalist.org/photos/485164836/medium.jpeg,,"","Can anybody tell me what kind of plumage this is? Doesnt look like eclipse to me but i could be wrong. Some kind or hybrid plumage, maybe a hermaphrodite? Very weird that the blue stripe is only on one side. Cant be gynandromorphism due to the head not having a split between the green and brown. ",1,0,false,2,Mallard,Anas platyrhynchos,Кряква,Aves,6930
270038500,8d8f7a5e-0c33-4094-a0f1-a9c7d877559e,2025/04/11 15:23,2025-04-11,2025-04-11 13:23:00 UTC,Vienna,4724645,lastovka,lastovka,2025-04-12 19:41:08 UTC,2025-04-12 22:48:00 UTC,research,CC-BY-NC,https://www.inaturalist.org/observations/270038500,https://inaturalist-open-data.s3.amazonaws.com/photos/485591878/medium.jpeg,,"",,1,0,false,,Stockente,Anas platyrhynchos,Кряква,Aves,6930
270051379,195d0585-db86-4a4b-9a80-b6ddd79d2abe,2025/04/12 16:15,2025-04-12,2025-04-12 14:15:00 UTC,Berlin,6402003,tastyrna,Sam Schaack,2025-04-12 20:43:48 UTC,2025-04-29 13:06:34 UTC,research,CC-BY-NC,https://www.inaturalist.org/observations/270051379,https://static.inaturalist.org/photos/485615248/medium.jpg,,"",,2,0,false,,Stockente,Anas platyrhynchos,Кряква,Aves,6930
270173570,48674f03-5817-46f9-8d0b-d0d2f1bb7d0a,2025/04/13 09:58,2025-04-13,2025-04-13 07:58:00 UTC,Warsaw,6771687,s_nowosad,"",2025-04-13 12:12:26 UTC,2025-04-14 07:23:22 UTC,research,CC-BY-NC,https://www.inaturalist.org/observations/270173570,https://inaturalist-open-data.s3.amazonaws.com/photos/485853865/medium.jpg,,"female, Anas platyrhynchos, anas, torun, Anatidae, birds, Poland","📸 Panasonic Lumix GX80
🔭 Lumix 100-300 II f 4-5.6",1,0,false,,Krzyżówka,Anas platyrhynchos,Кряква,Aves,6930
270200837,880c599a-6d5a-4afc-b756-972d3fee927a,2025-04-13 14:21:17+01:00,2025-04-13,2025-04-13 13:21:17 UTC,London,3914719,mbiedermann,Marvin Biedermann,2025-04-13 14:52:35 UTC,2025-04-13 16:58:02 UTC,research,CC-BY-NC,https://www.inaturalist.org/observations/270200837,https://inaturalist-open-data.s3.amazonaws.com/photos/485905299/medium.jpg,,"","",1,0,false,3,Carraco,Anas platyrhynchos,Кряква,Aves,6930
270624855,6d805b92-47b7-49ca-a782-24060bbce7a1,2025/04/14 3:13 PM,2025-04-14,2025-04-14 14:13:00 UTC,London,5961306,ogblueski,Blue,2025-04-15 14:03:50 UTC,2025-04-19 11:10:46 UTC,research,CC-BY-NC,https://www.inaturalist.org/observations/270624855,https://inaturalist-open-data.s3.amazonaws.com/photos/486717566/medium.jpg,,"",,2,0,false,,Mallard,Anas platyrhynchos,Кряква,Aves,6930
270860664,4efad12c-1384-4165-90d7-6c10d519cc5d,2025/04/12 13:07,2025-04-12,2025-04-12 11:07:00 UTC,Rome,5645316,philip_schaffer,Philip Schaffer,2025-04-16 18:00:20 UTC,2025-06-02 09:06:57 UTC,research,CC-BY,https://www.inaturalist.org/observations/270860664,https://inaturalist-open-data.s3.amazonaws.com/photos/487142042/medium.jpeg,,"",,3,0,false,,Stockente,Anas platyrhynchos,Кряква,Aves,6930
270871427,e0053254-8885-4be6-bbb1-2af1c4c400c5,2025/04/14 13:45,2025-04-14,2025-04-14 11:45:00 UTC,Rome,5645316,philip_schaffer,Philip Schaffer,2025-04-16 18:58:41 UTC,2025-04-26 02:13:09 UTC,research,CC-BY,https://www.inaturalist.org/observations/270871427,https://inaturalist-open-data.s3.amazonaws.com/photos/487182077/medium.jpeg,,"",,2,0,false,,Stockente,Anas platyrhynchos,Кряква,Aves,6930
271979189,b82b912b-7eab-46b7-b332-ca1364251277,2025-04-21 16:18:20,2025-04-21,2025-04-21 14:18:20 UTC,Berlin,9084227,sts1234,,2025-04-21 15:11:48 UTC,2025-04-21 20:15:59 UTC,research,CC-BY-NC,https://www.inaturalist.org/observations/271979189,https://inaturalist-open-data.s3.amazonaws.com/photos/489283412/medium.jpeg,,"",,1,0,false,2,Stockente,Anas platyrhynchos,Кряква,Aves,6930
272246249,6558031f-d7f6-4477-bbbb-b1a50a9df054,2025/04/22 13:24,2025-04-22,2025-04-22 11:24:00 UTC,Berlin,4661515,interspecies_society,Gesellschaft für artübergreifende Freundschaft,2025-04-22 17:37:48 UTC,2025-09-15 10:17:34 UTC,research,CC-BY-NC,https://www.inaturalist.org/observations/272246249,https://inaturalist-open-data.s3.amazonaws.com/photos/489775072/medium.jpeg,,"",,1,0,false,,Stockente,Anas platyrhynchos,Кряква,Aves,6930
272966929,6d60afcd-b7e2-4d50-baad-bf279ba0f8e0,2025-04-25 11:06:27+02:00,2025-04-25,2025-04-25 09:06:27 UTC,Berlin,9193251,aminoacid,Amina,2025-04-25 09:06:52 UTC,2025-05-05 02:23:07 UTC,research,CC-BY-NC,https://www.inaturalist.org/observations/272966929,https://inaturalist-open-data.s3.amazonaws.com/photos/491065238/medium.jpg,,"",Leute ganz offensichtlich ein Flamingo ,4,0,false,3,Stockente,Anas platyrhynchos,Кряква,Aves,6930
272967285,1ea34587-4587-4a64-86c1-e9eaf97a3f85,2025-04-25 10:36:43,2025-04-25,2025-04-25 08:36:43 UTC,Berlin,9193315,nanabanano,"",2025-04-25 09:07:43 UTC,2025-04-28 21:15:48 UTC,research,CC-BY-NC,https://www.inaturalist.org/observations/272967285,https://inaturalist-open-data.s3.amazonaws.com/photos/491065706/medium.jpeg,,"",,3,0,false,2,Stockente,Anas platyrhynchos,Кряква,Aves,6930
272981869,9ada545a-4038-4198-b98d-82c6609603a6,2025/04/12 10:10,2025-04-12,2025-04-12 08:10:00 UTC,Rome,1831891,samre,"",2025-04-25 09:46:30 UTC,2025-07-18 05:52:07 UTC,research,CC-BY-NC,https://www.inaturalist.org/observations/272981869,https://inaturalist-open-data.s3.amazonaws.com/photos/491082650/medium.jpeg,,"",,3,0,false,,Germano reale,Anas platyrhynchos,Кряква,Aves,6930
273299969,f26a7f14-2e95-44e8-b611-2d2353385f12,2025/04/25 13:23,2025-04-25,2025-04-25 11:23:00 UTC,Berlin,5922722,wp-polzin,,2025-04-25 19:07:26 UTC,2025-06-01 19:45:07 UTC,research,CC-BY-NC,https://www.inaturalist.org/observations/273299969,https://inaturalist-open-data.s3.amazonaws.com/photos/491463590/medium.jpg,,"",,5,0,false,,Stockente,Anas platyrhynchos,Кряква,Aves,6930
273926588,3038ca92-ca4f-48fc-976e-915ff79a591a,2025/04/26 5:08 PM,2025-04-26,2025-04-26 15:08:00 UTC,Berlin,463097,richyfourtytwo,"",2025-04-26 16:20:13 UTC,2025-09-01 06:46:16 UTC,research,CC0,https://www.inaturalist.org/observations/273926588,https://inaturalist-open-data.s3.amazonaws.com/photos/492544794/medium.jpg,,"",,7,0,false,,Stockente,Anas platyrhynchos,Кряква,Aves,6930
273937889,349e7eb1-c428-446a-b5a7-f84294050cdd,2025-04-26 16:00:00+02:00,2025-04-26,2025-04-26 14:00:00 UTC,Prague,9084835,kuzelice,Hana Kuželová,2025-04-26 16:34:19 UTC,2025-07-12 14:16:15 UTC,research,CC-BY-NC,https://www.inaturalist.org/observations/273937889,https://inaturalist-open-data.s3.amazonaws.com/photos/492566545/medium.jpg,,"","",1,0,false,3,Mallard,Anas platyrhynchos,Кряква,Aves,6930
274147367,36d3bd38-174e-4c55-9001-f6a16729820e,2025-04-26,2025-04-26,,Vienna,9214046,bianca0000,,2025-04-26 21:11:56 UTC,2025-04-27 09:11:46 UTC,research,CC-BY-NC,https://www.inaturalist.org/observations/274147367,https://static.inaturalist.org/photos/492901500/medium.jpeg,,"",,3,0,false,2,Stockente,Anas platyrhynchos,Кряква,Aves,6930
275022766,da40a2d3-e24c-4698-85be-46dc2570108d,2025/04/27 18:20,2025-04-27,2025-04-27 16:20:00 UTC,Vienna,8849200,m_maitz,Martin Maitz,2025-04-27 20:44:03 UTC,2025-08-11 13:21:26 UTC,research,CC-BY,https://www.inaturalist.org/observations/275022766,https://inaturalist-open-data.s3.amazonaws.com/photos/494231542/medium.jpg,,"",,2,0,false,,Stockente,Anas platyrhynchos,Кряква,Aves,6930
275732334,e6b71679-6ca6-424c-ba65-0863262c3be3,2025-04-28 11:32:21,2025-04-28,2025-04-28 10:32:21 UTC,London,8008699,nick86843,Nick Mott,2025-04-28 15:06:03 UTC,2025-04-28 15:08:20 UTC,research,,https://www.inaturalist.org/observations/275732334,https://static.inaturalist.org/photos/495368731/medium.jpeg,,"",,1,0,false,2,Mallard,Anas platyrhynchos,Кряква,Aves,6930
276654545,824f40fc-7efe-45a5-9408-4ae03b8f708c,2025/04/29 15:30,2025-04-29,2025-04-29 13:30:00 UTC,Vienna,7439794,robert_pisch,Robert Pisch,2025-04-29 17:03:29 UTC,2025-06-22 13:19:34 UTC,research,CC-BY-NC,https://www.inaturalist.org/observations/276654545,https://inaturalist-open-data.s3.amazonaws.com/photos/496793849/medium.jpg,,"","A few days old, in the last picture with mother and tadpoles of Bufo bufo.",5,0,false,,Stockente,Anas platyrhynchos,Кряква,Aves,6930
276989733,5006bc74-ce83-43c3-9201-5f6cff866daf,2025/04/30 08:39,2025-04-30,2025-04-30 06:39:00 UTC,Rome,3351615,tizianaciaghi,Tiziana Ciaghi,2025-04-30 12:34:25 UTC,2025-06-02 09:06:46 UTC,research,CC-BY-NC,https://www.inaturalist.org/observations/276989733,https://inaturalist-open-data.s3.amazonaws.com/photos/497379408/medium.jpg,,"","",3,0,false,,Germano reale,Anas platyrhynchos,Кряква,Aves,6930
276995694,95927083-2c2b-4b0f-9ba6-a521579b7138,2025-04-30 14:59:38+02:00,2025-04-30,2025-04-30 12:59:38 UTC,Prague,8962497,chraeliska,,2025-04-30 12:59:55 UTC,2025-06-06 08:22:38 UTC,research,CC-BY-NC,https://www.inaturalist.org/observations/276995694,https://inaturalist-open-data.s3.amazonaws.com/photos/497389730/medium.jpg,,"","",1,0,false,3,Kachna Divoká,Anas platyrhynchos,Кряква,Aves,6930
277432048,b80eb73b-dd61-4550-9404-2434cf009028,2025-05-01 18:05:00,2025-05-01,2025-05-01 16:05:00 UTC,Zagreb,9250626,lovro7,Lovro Josipović,2025-05-01 17:05:06 UTC,2025-05-02 19:31:24 UTC,research,CC-BY-NC,https://www.inaturalist.org/observations/277432048,https://inaturalist-open-data.s3.amazonaws.com/photos/498152676/medium.jpeg,,"",,2,0,false,2,Divlja patka,Anas platyrhynchos,Кряква,Aves,6930
277616540,c81ed21b-39e9-4317-9215-0038f5e4f661,2025-05-01 16:09:56,2025-05-01,2025-05-01 14:09:56 UTC,Budapest,7718493,nikola_rahme,Nikola Rahmé,2025-05-02 05:09:30 UTC,2025-05-03 08:01:40 UTC,research,,https://www.inaturalist.org/observations/277616540,https://static.inaturalist.org/photos/498488532/medium.jpeg,,"",,1,0,false,2,Tőkés réce,Anas platyrhynchos,Кряква,Aves,6930
279482617,34226d4d-e654-4f7f-8b7d-f628eee58969,2025-05-01 13:39:24+02:00,2025-05-01,2025-05-01 11:39:24 UTC,Berlin,9280595,tamina_brzezinski,Tamina Brzezinski,2025-05-08 15:30:51 UTC,2025-05-14 09:52:38 UTC,research,CC-BY-NC,https://www.inaturalist.org/observations/279482617,https://inaturalist-open-data.s3.amazonaws.com/photos/501875709/medium.jpg,,"","",2,0,false,3,Stockente,Anas platyrhynchos,Кряква,Aves,6930
279680299,134f1d3c-e4f6-4656-8701-5ba235a5f2e6,Sat Jul 10 2021 12:59:53 GMT +0100 (GMT),2021-07-10,2021-07-10 11:59:53 UTC,London,3242243,natwood13,,2025-05-09 12:08:39 UTC,2025-05-09 12:16:20 UTC,research,,https://www.inaturalist.org/observations/279680299,https://static.inaturalist.org/photos/502250764/medium.jpeg,,"",,1,0,false,333,Mallard,Anas platyrhynchos,Кряква,Aves,6930
279998317,493e6615-4ce9-4597-bcd3-78920429f149,2025-05-10 17:05:14,2025-05-10,2025-05-10 15:05:14 UTC,Prague,7310952,jitkavelik,,2025-05-10 17:42:33 UTC,2025-05-11 11:18:08 UTC,research,CC-BY-NC,https://www.inaturalist.org/observations/279998317,https://inaturalist-open-data.s3.amazonaws.com/photos/502844143/medium.jpeg,,"",,1,0,false,2,Kachna Divoká,Anas platyrhynchos,Кряква,Aves,6930
280226759,7a442237-70ab-44f9-92ab-8f0e399d8cf0,2025-05-11 13:14:56,2025-05-11,2025-05-11 11:14:56 UTC,Berlin,6511284,andraescholz,"",2025-05-11 13:59:15 UTC,2025-05-11 13:59:47 UTC,research,CC-BY-NC,https://www.inaturalist.org/observations/280226759,https://inaturalist-open-data.s3.amazonaws.com/photos/503278866/medium.jpeg,,"",,1,0,false,2,Mallard,Anas platyrhynchos,Кряква,Aves,6930
280529119,3aed8570-601f-4b2a-a60c-29d14aa7223c,2025-05-12 11:18:24,2025-05-12,2025-05-12 10:18:24 UTC,London,6702594,priyastoric,Priya Sandhu,2025-05-12 14:05:39 UTC,2025-05-25 21:50:30 UTC,research,CC-BY,https://www.inaturalist.org/observations/280529119,https://inaturalist-open-data.s3.amazonaws.com/photos/503848511/medium.jpg,,"",,2,0,false,843,Mallard,Anas platyrhynchos,Кряква,Aves,6930
280953442,fc0524a8-b9ac-487d-9a08-85a3d73441c7,2025-05-14 08:16:39+02:00,2025-05-14,2025-05-14 06:16:39 UTC,Rome,9283642,stefan_mintx,Stefan minTx,2025-05-14 06:16:51 UTC,2025-12-02 19:52:36 UTC,research,CC-BY-NC,https://www.inaturalist.org/observations/280953442,https://inaturalist-open-data.s3.amazonaws.com/photos/504658704/medium.jpg,,"","",6,0,false,3,Germano reale,Anas platyrhynchos,Кряква,Aves,6930
281736953,ab96d413-3740-4c12-8ca8-b65d27c00176,2025-05-17 13:34:51,2025-05-17,2025-05-17 11:34:51 UTC,Prague,9317946,hruzek,Tomáš Hruzek,2025-05-17 12:20:56 UTC,2025-05-21 05:53:56 UTC,research,CC-BY-NC,https://www.inaturalist.org/observations/281736953,https://inaturalist-open-data.s3.amazonaws.com/photos/506131684/medium.jpg,,"",,1,0,false,2,Kachna Divoká,Anas platyrhynchos,Кряква,Aves,6930
281764333,a383f3d4-a9a0-4991-9603-a9a2344acebc,2025-05-17 16:18:46,2025-05-17,2025-05-17 14:18:46 UTC,Rome,9124266,crismanci,,2025-05-17 14:20:11 UTC,2025-07-13 14:52:39 UTC,research,CC-BY-NC,https://www.inaturalist.org/observations/281764333,https://inaturalist-open-data.s3.amazonaws.com/photos/506180546/medium.jpg,,"",Anatra con 7 piccoli,1,0,false,2,Germano reale,Anas platyrhynchos,Кряква,Aves,6930
283944282,b2554c28-a956-4037-aea6-1ebfcbbf0262,2025-05-25 15:57:27+02:00,2025-05-25,2025-05-25 13:57:27 UTC,Rome,92931,karol_tabarelli_de_fatis,Karol Tabarelli de Fatis,2025-05-25 13:58:22 UTC,2025-06-02 09:05:11 UTC,research,CC-BY-NC,https://www.inaturalist.org/observations/283944282,https://inaturalist-open-data.s3.amazonaws.com/photos/510252421/medium.jpg,,"","",1,0,false,3,Germano reale,Anas platyrhynchos,Кряква,Aves,6930
284891020,1e75101f-dec6-4d63-8299-365491d6bc57,2025-05-28 20:00:49+02:00,2025-05-28,2025-05-28 18:00:49 UTC,Zurich,9361198,bebbipunk,,2025-05-28 19:41:55 UTC,2025-05-28 19:49:11 UTC,research,CC-BY-NC,https://www.inaturalist.org/observations/284891020,https://inaturalist-open-data.s3.amazonaws.com/photos/512037716/medium.jpg,,"","",1,0,false,3,Stockente,Anas platyrhynchos,Кряква,Aves,6930
289205408,8da27478-efbc-45a4-9a67-290b1f434795,2024-09-08 12:42:03,2024-09-08,2024-09-08 10:42:03 UTC,Europe/Monaco,9422495,elenageee,"",2025-06-13 07:51:04 UTC,2025-08-02 19:09:47 UTC,research,,https://www.inaturalist.org/observations/289205408,https://static.inaturalist.org/photos/520154173/medium.jpg,,"","Vielleicht hybride Art, blaue Feder spricht für Stockente, Hals jedoch nicht sehr typisch, männliche Art, bodennahe Vogelart",2,0,false,2,Stockente,Anas platyrhynchos,Кряква,Aves,6930
291782836,486ab17f-f793-4095-9455-8b4de1af6f56,2025/06/18 9:02 AM,2025-06-18,2025-06-18 07:02:00 UTC,Madrid,6204394,katane222,Fernando Rodríguez,2025-06-22 14:06:21 UTC,2025-11-07 10:35:21 UTC,research,CC-BY-NC,https://www.inaturalist.org/observations/291782836,https://inaturalist-open-data.s3.amazonaws.com/photos/524922400/medium.jpg,,"",,1,0,false,,Ánade Azulón,Anas platyrhynchos,Кряква,Aves,6930
292889225,26202859-870e-4b75-8c41-61c5035ca988,2025-06-26 17:16:07,2025-06-26,2025-06-26 15:16:07 UTC,Berlin,9475109,jonas1560,,2025-06-26 15:16:28 UTC,2025-07-09 09:33:28 UTC,research,CC-BY-NC,https://www.inaturalist.org/observations/292889225,https://inaturalist-open-data.s3.amazonaws.com/photos/527117582/medium.jpg,,"","Charakteristische Merkmale
Männchen mit grünem Kopf, gelbem Schnabel; Weibchen braun gefleckt
Körper ca. 50–60 cm lang; blauer Flügelspiegel bei beiden Geschlechtern
Allesfresser, häufig an Gewässern in Städten und ländlichen Gebieten

Artabgrenzung
Vom ähnlichen Schnatterenten-Weibchen durch den blauen Flügelspiegel unterscheidbar (Schnatterente: weißer Flügelrand)
Hybriden mit Hausenten möglich – diese oft größer und unregelmäßig gefärbt
Ganzjährig in Mitteleuropa anzutreffen; sehr anpassungsfähig an Lebensräume",0,0,false,2,Stockente,Anas platyrhynchos,Кряква,Aves,6930
293231162,62e7375b-6909-4fe4-9718-e19921c46757,2025/06/27 2:39 PM,2025-06-27,2025-06-27 13:39:00 UTC,London,631947,jarvo,Jon J. Laysell,2025-06-27 21:55:26 UTC,2025-06-27 22:52:43 UTC,research,CC-BY,https://www.inaturalist.org/observations/293231162,https://inaturalist-open-data.s3.amazonaws.com/photos/527762395/medium.jpg,,"",,2,0,false,,Mallard,Anas platyrhynchos,Кряква,Aves,6930
294438749,a80f7b0c-b62e-4e34-af9e-b7a6e6fa0c4e,2025/07/01 10:32,2025-07-01,2025-07-01 08:32:00 UTC,Budapest,2082824,attilalengyel,Attila Lengyel,2025-07-01 22:29:56 UTC,2025-07-02 09:10:22 UTC,research,CC-BY-NC,https://www.inaturalist.org/observations/294438749,https://inaturalist-open-data.s3.amazonaws.com/photos/529971031/medium.jpg,,"","",1,0,false,,Tőkés réce,Anas platyrhynchos,Кряква,Aves,6930
297430405,2db61137-613f-4b13-b369-4152628e34ca,2025/07/09 09:45,2025-07-09,2025-07-09 07:45:00 UTC,Budapest,8041519,rbotos,Rácz Botond,2025-07-12 23:09:26 UTC,2025-07-13 08:40:40 UTC,needs_id,CC-BY-NC,https://www.inaturalist.org/observations/297430405,https://inaturalist-open-data.s3.amazonaws.com/photos/535652701/medium.jpg,,"",,0,0,false,,Tőkés Réce,Anas platyrhynchos,Кряква,Aves,6930
298213665,b59182ab-a69d-4826-8a73-8d1d5366d4bb,2025-07-15 18:10:09,2025-07-15,2025-07-15 16:10:09 UTC,Warsaw,8671842,michaldudzic_gr1,"",2025-07-15 17:46:36 UTC,2025-11-02 07:26:37 UTC,research,CC-BY-NC,https://www.inaturalist.org/observations/298213665,https://inaturalist-open-data.s3.amazonaws.com/photos/537135029/medium.jpg,,"",,1,0,false,2,Krzyżówka,Anas platyrhynchos,Кряква,Aves,6930
301487152,673600ee-5527-451e-a0bd-50b25ab90c2f,2025/07/19 7:05 PM,2025-07-19,2025-07-19 18:05:00 UTC,London,9381454,kthebirdnerd,,2025-07-27 12:11:24 UTC,2025-07-27 13:24:11 UTC,research,CC-BY-NC,https://www.inaturalist.org/observations/301487152,https://inaturalist-open-data.s3.amazonaws.com/photos/543281764/medium.jpg,,"","",2,0,false,,Mallard,Anas platyrhynchos,Кряква,Aves,6930
301813960,5fb7e4ac-b5d5-4c1c-90bf-e94ee28ca9b6,2025-07-27 12:42:25,2025-07-27,2025-07-27 10:42:25 UTC,Rome,8033749,frasacca,Francesco,2025-07-28 13:17:27 UTC,2025-07-31 14:08:46 UTC,research,CC-BY,https://www.inaturalist.org/observations/301813960,https://inaturalist-open-data.s3.amazonaws.com/photos/543893653/medium.jpg,,"",,2,0,false,2,Germano reale,Anas platyrhynchos,Кряква,Aves,6930
302121772,3e8a3419-c035-481f-bcb2-363a62c250f2,2025-07-29 16:51:11+02:00,2025-07-29,2025-07-29 14:51:11 UTC,Berlin,8997712,illiapro,Illia Pro,2025-07-29 16:13:26 UTC,2025-07-31 07:58:47 UTC,research,CC-BY-NC,https://www.inaturalist.org/observations/302121772,https://inaturalist-open-data.s3.amazonaws.com/photos/544467781/medium.jpg,,"","",1,0,false,3,Stockente,Anas platyrhynchos,Кряква,Aves,6930
302661911,6f632d39-0c29-4ed5-9873-057684d3b527,2024-08-28 14:11:28+02:00,2024-08-28,2024-08-28 12:11:28 UTC,Brussels,9598537,staf7,Staf Vannieuwenhuyse,2025-07-31 17:59:39 UTC,2025-07-31 18:07:14 UTC,research,CC-BY-NC,https://www.inaturalist.org/observations/302661911,https://inaturalist-open-data.s3.amazonaws.com/photos/545470909/medium.jpg,,"","",1,0,false,3,Wilde Eend,Anas platyrhynchos,Кряква,Aves,6930
305820703,2783cdeb-aab9-4dca-a800-da39aa877f55,2025-08-12,2025-08-12,,Warsaw,8366019,oleguz2014,Olek G,2025-08-12 17:39:22 UTC,2025-09-15 14:41:16 UTC,research,,https://www.inaturalist.org/observations/305820703,https://static.inaturalist.org/photos/551443030/medium.jpg,,"",,1,0,false,2,Krzyżówka,Anas platyrhynchos,Кряква,Aves,6930
306686399,41ee48e5-7161-4e4a-b58d-cb96d8d82fbb,2025-08-15 17:34:41,2025-08-15,2025-08-15 15:34:41 UTC,Zagreb,6240360,vesna15,Vesna Andrić,2025-08-16 09:29:50 UTC,2025-08-16 18:41:35 UTC,research,,https://www.inaturalist.org/observations/306686399,https://static.inaturalist.org/photos/553095163/medium.jpg,,"",,1,0,false,2,Divlja patka,Anas platyrhynchos,Кряква,Aves,6930
306974644,0dfd6b32-71e4-4d09-b25e-5e12bdce4f1a,2025-08-17 13:28:36,2025-08-17,2025-08-17 11:28:36 UTC,Madrid,9647747,hectornaturalist,Héctor,2025-08-17 11:32:36 UTC,2025-08-18 10:40:50 UTC,research,CC-BY-NC,https://www.inaturalist.org/observations/306974644,https://inaturalist-open-data.s3.amazonaws.com/photos/553641629/medium.jpg,,"","",2,0,false,2,Pato norteño,Anas platyrhynchos,Кряква,Aves,6930
307023474,8af92283-32bf-4be3-b871-42619e2b8128,2025-08-17 17:08:50,2025-08-17,2025-08-17 15:08:50 UTC,Rome,9628465,giuly_,Giulia,2025-08-17 15:09:10 UTC,2025-08-26 17:46:09 UTC,research,CC-BY-NC,https://www.inaturalist.org/observations/307023474,https://inaturalist-open-data.s3.amazonaws.com/photos/553732136/medium.jpg,,"",,3,0,false,2,Germano reale,Anas platyrhynchos,Кряква,Aves,6930
308484885,8f65c6a5-3812-4cea-819d-ea05afd3f884,2014-03-25 11:27:02,2014-03-25,2014-03-25 10:27:02 UTC,Madrid,9322002,angelbadal,Ângel Badal Basto,2025-08-23 17:37:53 UTC,2025-08-25 17:10:06 UTC,research,CC-BY-NC,https://www.inaturalist.org/observations/308484885,https://inaturalist-open-data.s3.amazonaws.com/photos/556548271/medium.jpg,,"",,3,0,false,2,Ánade Azulón,Anas platyrhynchos,Кряква,Aves,6930
309085605,5cb3d99b-6761-4426-999c-947b42794f94,2005/07/21 12:45 PM,2005-07-21,2005-07-21 10:45:00 UTC,Vienna,6723505,zebedeugalinha,zebedeugalinha,2025-08-25 20:16:12 UTC,2025-12-07 20:03:53 UTC,research,CC-BY,https://www.inaturalist.org/observations/309085605,https://inaturalist-open-data.s3.amazonaws.com/photos/557707465/medium.jpg,,"",,1,0,false,,Pato-real,Anas platyrhynchos,Кряква,Aves,6930
309086013,df4a0830-84f6-40b9-8e1d-46130360ddff,2005/07/20 3:18 PM,2005-07-20,2005-07-20 13:18:00 UTC,Vienna,6723505,zebedeugalinha,zebedeugalinha,2025-08-25 20:18:26 UTC,2025-12-07 20:03:57 UTC,research,CC-BY,https://www.inaturalist.org/observations/309086013,https://inaturalist-open-data.s3.amazonaws.com/photos/557708447/medium.jpg,,"",,1,0,false,,Pato-real,Anas platyrhynchos,Кряква,Aves,6930
309086330,871a8e8f-be72-40cc-b56d-2c3a0f80ee62,2005/07/20 10:54 AM,2005-07-20,2005-07-20 08:54:00 UTC,Vienna,6723505,zebedeugalinha,zebedeugalinha,2025-08-25 20:19:24 UTC,2025-12-07 20:03:53 UTC,research,CC-BY,https://www.inaturalist.org/observations/309086330,https://inaturalist-open-data.s3.amazonaws.com/photos/557708930/medium.jpg,,"",,1,0,false,,Pato-real,Anas platyrhynchos,Кряква,Aves,6930
309852880,bd8b096c-fe01-4ea9-a38e-e88a5c743c51,2025-08-26 01:37:00+01:00,2025-08-26,2025-08-26 00:37:00 UTC,London,8474281,wildweevils,,2025-08-29 00:37:25 UTC,2025-08-29 10:51:24 UTC,research,CC-BY-NC,https://www.inaturalist.org/observations/309852880,https://inaturalist-open-data.s3.amazonaws.com/photos/559179725/medium.jpg,,"","",1,0,false,3,Mallard,Anas platyrhynchos,Кряква,Aves,6930
310744102,9b249760-a30a-4381-85ba-1b8cfa21c476,2025/08/26 12:15 PM,2025-08-26,2025-08-26 10:15:00 UTC,Madrid,5814248,jl__cc,jl__cc,2025-09-01 12:38:29 UTC,2025-10-13 20:53:52 UTC,research,CC-BY-NC,https://www.inaturalist.org/observations/310744102,https://inaturalist-open-data.s3.amazonaws.com/photos/560871873/medium.jpg,,"Burgos, Castilola León, Espanya, España, Lugar, Parque Fuentes Blancas, _ Situación, lugares",,2,0,false,,Ánade Azulón,Anas platyrhynchos,Кряква,Aves,6930
312657067,6eb01654-a939-452d-8bbb-db33d8988ae5,2025-09-09 12:35:30,2025-09-09,2025-09-09 10:35:30 UTC,Budapest,5797801,hudak-zoli,Zoltán Hudák,2025-09-09 11:42:02 UTC,2025-09-18 16:42:16 UTC,needs_id,,https://www.inaturalist.org/observations/312657067,https://static.inaturalist.org/photos/564532203/medium.jpg,,"",,1,0,false,2,Tőkés réce,Anas platyrhynchos,Кряква,Aves,6930
312734076,574bf046-119c-45df-bddd-04a7dacf28d7,2014/09/13 12:52,2014-09-13,2014-09-13 09:52:00 UTC,Minsk,9657752,vladimir-penkevich,Владимир Пенькевич (Vladimir Penkevich),2025-09-09 18:25:11 UTC,2025-09-26 19:24:23 UTC,research,CC-BY-NC,https://www.inaturalist.org/observations/312734076,https://inaturalist-open-data.s3.amazonaws.com/photos/564676552/medium.jpg,,"","",1,0,false,,Кряква,Anas platyrhynchos,Кряква,Aves,6930
314548390,910c5a6e-0483-4d2f-b3f5-e5cf60365c79,2025-09-14 17:20:52,2025-09-14,2025-09-14 15:20:52 UTC,Berlin,1017310,johannes_s,Johannes Schlagbauer,2025-09-17 11:19:26 UTC,2025-09-17 12:26:26 UTC,research,CC-BY,https://www.inaturalist.org/observations/314548390,https://inaturalist-open-data.s3.amazonaws.com/photos/568130292/medium.jpg,,"",,2,0,false,2,Mallard,Anas platyrhynchos,Кряква,Aves,6930
316136673,9cc6a9f2-704a-44d5-bd0e-7da4e9fde1f8,2025/09/19 16:03,2025-09-19,2025-09-19 14:03:00 UTC,Budapest,4228845,nadler,Kurt Nadler,2025-09-23 20:39:20 UTC,2025-11-17 06:25:39 UTC,research,CC-BY-NC,https://www.inaturalist.org/observations/316136673,https://inaturalist-open-data.s3.amazonaws.com/photos/571136428/medium.jpg,,"","",3,0,false,,Stockente,Anas platyrhynchos,Кряква,Aves,6930
319446019,b4b57141-c612-4346-9823-eda1deb6a9cb,2025/09/15 12:53 PM,2025-09-15,2025-09-15 11:53:00 UTC,London,4343617,fairshyyaffle,,2025-10-07 21:51:38 UTC,2025-11-11 12:30:49 UTC,needs_id,CC-BY-NC,https://www.inaturalist.org/observations/319446019,https://inaturalist-open-data.s3.amazonaws.com/photos/577438371/medium.jpg,,"",,1,0,false,,Mallard,Anas platyrhynchos,Кряква,Aves,6930
320716090,52262749-8818-4979-aa24-1a751c44fad6,2025-10-13 17:12:26,2025-10-13,2025-10-13 14:12:26 UTC,Kyiv,5010897,yuriivo,Yurii VO,2025-10-13 20:29:57 UTC,2025-10-16 19:37:36 UTC,research,CC-BY-NC,https://www.inaturalist.org/observations/320716090,https://inaturalist-open-data.s3.amazonaws.com/photos/579910331/medium.jpg,,"",,1,0,false,2,Mallard,Anas platyrhynchos,Кряква,Aves,6930
320851936,39a28f06-1dcb-41db-a88f-03bf293c09f0,2025-07-19,2025-07-19,,Zagreb,9048474,geabv,Gea,2025-10-14 14:22:29 UTC,2025-10-14 14:27:10 UTC,research,CC-BY-NC,https://www.inaturalist.org/observations/320851936,https://inaturalist-open-data.s3.amazonaws.com/photos/580176912/medium.jpg,,"",,2,0,false,2,Mallard,Anas platyrhynchos,Кряква,Aves,6930
321669819,7e073719-24fb-460f-a4dd-8e9443f5c539,2025-10-18 11:09:07,2025-10-18,2025-10-18 09:09:07 UTC,Berlin,5266780,adriankreft,Adrian Kreft,2025-10-18 19:01:45 UTC,2025-10-18 20:29:52 UTC,research,CC-BY-NC,https://www.inaturalist.org/observations/321669819,https://inaturalist-open-data.s3.amazonaws.com/photos/581769780/medium.jpg,,"",,1,0,false,2,Stockente,Anas platyrhynchos,Кряква,Aves,6930
324744550,fa435163-01c2-44b3-9d63-6fbcb7e19bd4,2025/11/02 2:04 PM,2025-11-02,2025-11-02 12:04:00 UTC,Bucharest,7838074,ra_teo,Radu Teodoreanu,2025-11-03 18:47:18 UTC,2025-12-01 10:27:51 UTC,research,CC-BY,https://www.inaturalist.org/observations/324744550,https://inaturalist-open-data.s3.amazonaws.com/photos/587833599/medium.jpg,,"",,4,0,false,,Mallard,Anas platyrhynchos,Кряква,Aves,6930
324885982,a9636cc6-dbd7-4467-8546-553bceff7a40,2025/11/02 3:33 PM,2025-11-02,2025-11-02 15:33:00 UTC,London,9928070,paulr2069,Paul,2025-11-04 16:05:11 UTC,2025-11-15 18:24:15 UTC,research,CC-BY-NC,https://www.inaturalist.org/observations/324885982,https://inaturalist-open-data.s3.amazonaws.com/photos/588128483/medium.jpg,,"",,1,0,false,,Mallard,Anas platyrhynchos,Кряква,Aves,6930
324942911,1fa0424c-314c-4bc7-aa1f-f31370e87ade,2008-05-15 13:41:03,2008-05-15,2008-05-15 12:41:03 UTC,London,9013895,edwbaker,,2025-11-04 22:40:04 UTC,2025-11-07 09:59:14 UTC,research,CC-BY-NC,https://www.inaturalist.org/observations/324942911,https://inaturalist-open-data.s3.amazonaws.com/photos/588239898/medium.jpg,,"",,2,0,false,843,Mallard,Anas platyrhynchos,Кряква,Aves,6930
325906912,a96752f3-8f65-4c93-816b-e81852bc6072,2025/11/09 17:32,2025-11-09,2025-11-09 16:32:00 UTC,Paris,9171165,joanneschmbn,,2025-11-10 18:51:35 UTC,2025-12-08 01:35:44 UTC,research,CC-BY-NC,https://www.inaturalist.org/observations/325906912,https://inaturalist-open-data.s3.amazonaws.com/photos/590159602/medium.jpg,,"",,2,0,false,,Canard colvert,Anas platyrhynchos,Кряква,Aves,6930
326208445,731dca7b-717e-4fa0-9eaa-f5461b8e031a,2025/11/12 16:05,2025-11-12,2025-11-12 15:05:00 UTC,Berlin,1456562,samleipzig,Sam,2025-11-12 17:47:59 UTC,2025-11-25 13:02:18 UTC,research,CC-BY-NC-SA,https://www.inaturalist.org/observations/326208445,https://inaturalist-open-data.s3.amazonaws.com/photos/590761643/medium.jpg,,"","",3,0,false,,Stockente,Anas platyrhynchos,Кряква,Aves,6930
326978867,2f876be6-96b8-46e8-ae65-b36647d203d2,2025/11/17 13:30,2025-11-17,2025-11-17 12:30:00 UTC,Rome,9764758,cesare-c,,2025-11-17 16:30:47 UTC,2025-11-18 16:36:06 UTC,research,CC-BY-NC,https://www.inaturalist.org/observations/326978867,https://inaturalist-open-data.s3.amazonaws.com/photos/592296045/medium.jpg,,"",,5,0,false,,Germano reale,Anas platyrhynchos,Кряква,Aves,6930
327403552,b9614ac5-58b1-49e7-a8f2-c49bb8876f07,2025-10-31T10:00,2025-10-31,2025-10-31 09:00:00 UTC,Warsaw,9971582,mikiee,Mikołaj Baron,2025-11-20 18:46:34 UTC,2025-11-20 18:50:30 UTC,research,CC-BY-NC,https://www.inaturalist.org/observations/327403552,https://inaturalist-open-data.s3.amazonaws.com/photos/593143838/medium.jpg,,"",,1,0,false,843,Krzyżówka,Anas platyrhynchos,Кряква,Aves,6930
329043369,3393cdd8-3021-4500-9572-6fe648164b98,2025/11/30 09:39,2025-11-30,2025-11-30 08:39:00 UTC,Rome,1395828,elkvorr,Elio Giacone,2025-12-01 08:44:27 UTC,2025-12-02 21:19:46 UTC,research,CC-BY-NC,https://www.inaturalist.org/observations/329043369,https://inaturalist-open-data.s3.amazonaws.com/photos/596373206/medium.jpg,,27x1000,Germano reale,12,0,false,,Germano reale,Anas platyrhynchos,Кряква,Aves,6930
329214484,34811177-911a-4e88-8d97-cd1060c94eeb,2016/11/11 17:52,2016-11-11,2016-11-11 16:52:00 UTC,Rome,2298213,carlo_chiari,Carlo Chiari,2025-12-02 16:36:04 UTC,2025-12-02 17:37:43 UTC,research,CC-BY-NC,https://www.inaturalist.org/observations/329214484,https://inaturalist-open-data.s3.amazonaws.com/photos/596713488/medium.jpg,,"",,3,0,false,,Germano reale,Anas platyrhynchos,Кряква,Aves,6930
329321525,01c378a7-b77b-4f3d-895a-52158d165a7b,2025/12/01 15:18,2025-12-01,2025-12-01 14:18:00 UTC,Amsterdam,4623034,basvanhulst-kuiper,Bas van Hulst-Kuiper,2025-12-03 11:49:37 UTC,2025-12-03 15:15:22 UTC,research,CC-BY-NC,https://www.inaturalist.org/observations/329321525,https://inaturalist-open-data.s3.amazonaws.com/photos/596929026/medium.jpg,,"",,4,0,false,,Wilde Eend,Anas platyrhynchos,Кряква,Aves,6930
329334245,ae8a54b7-6743-472d-9ab6-57fc28e830b9,2025/12/02 14:38,2025-12-02,2025-12-02 13:38:00 UTC,Rome,1395828,elkvorr,Elio Giacone,2025-12-03 14:29:27 UTC,2025-12-08 17:26:18 UTC,research,CC-BY-NC,https://www.inaturalist.org/observations/329334245,https://inaturalist-open-data.s3.amazonaws.com/photos/596954841/medium.jpg,,29x1000,Germano reale,11,0,false,,Germano reale,Anas platyrhynchos,Кряква,Aves,6930
329460757,deb0b8c8-a629-4001-a52e-2eeb31842c43,2021/01/29 ,2021-01-29,,Berlin,9433635,jana30435,janag,2025-12-04 16:32:15 UTC,2025-12-04 16:50:46 UTC,research,CC-BY-NC,https://www.inaturalist.org/observations/329460757,https://inaturalist-open-data.s3.amazonaws.com/photos/597212294/medium.jpg,,"",,2,0,false,,Stockente,Anas platyrhynchos,Кряква,Aves,6930
329462139,9f82b313-9b61-4439-87bc-c6ac76c577e8,2025/12/03 4:02 PM,2025-12-03,2025-12-03 16:02:00 UTC,London,6832246,starnosemole,"",2025-12-04 16:48:28 UTC,2025-12-04 16:58:14 UTC,research,CC-BY-NC,https://www.inaturalist.org/observations/329462139,https://inaturalist-open-data.s3.amazonaws.com/photos/597215272/medium.jpg,,"",,4,0,false,,Mallard,Anas platyrhynchos,Кряква,Aves,6930
329464545,86b97460-6bfe-4733-a19b-e4e7c900b35b,2021/02/01 ,2021-02-01,,Berlin,9433635,jana30435,janag,2025-12-04 17:11:13 UTC,2025-12-04 17:20:08 UTC,research,CC-BY-NC,https://www.inaturalist.org/observations/329464545,https://inaturalist-open-data.s3.amazonaws.com/photos/597220243/medium.jpg,,"",,2,0,false,,Stockente,Anas platyrhynchos,Кряква,Aves,6930
329992425,d062727b-218b-4bbb-99df-4ef37fbb4f30,2025/12/07 09:57,2025-12-07,2025-12-07 08:57:00 UTC,Rome,1395828,elkvorr,Elio Giacone,2025-12-08 15:58:02 UTC,2025-12-11 15:16:52 UTC,research,CC-BY-NC,https://www.inaturalist.org/observations/329992425,https://inaturalist-open-data.s3.amazonaws.com/photos/598283646/medium.jpg,,pz1,Germano reale,5,0,false,,Germano reale,Anas platyrhynchos,Кряква,Aves,6930
330037082,bee6a46d-dad9-4dcd-b083-31fdb50dcf61,2025/09/21 11:34,2025-09-21,2025-09-21 09:34:00 UTC,Paris,7370601,larib-bonvier,"",2025-12-08 22:59:50 UTC,2025-12-09 12:09:45 UTC,research,CC-BY-NC,https://www.inaturalist.org/observations/330037082,https://inaturalist-open-data.s3.amazonaws.com/photos/598372817/medium.jpg,,"","",2,0,false,,Canard colvert,Anas platyrhynchos,Кряква,Aves,6930
330259133,699ed87f-ff32-4c3f-afcc-2286522c41ff,2025-12-09 13:17:17+01:00,2025-12-09,2025-12-09 12:17:17 UTC,Zagreb,7951399,marianapscp,,2025-12-10 20:21:17 UTC,2025-12-18 20:42:30 UTC,research,CC-BY-NC,https://www.inaturalist.org/observations/330259133,https://inaturalist-open-data.s3.amazonaws.com/photos/598829858/medium.jpg,,"","",2,0,false,3,Pato-real,Anas platyrhynchos,Кряква,Aves,6930
330468009,5e0c5925-0994-4644-9d1e-5f5e08c2ab05,2008/10/15 12:01,2008-10-15,2008-10-15 10:01:00 UTC,Rome,2298213,carlo_chiari,Carlo Chiari,2025-12-12 14:59:24 UTC,2025-12-12 15:26:03 UTC,research,CC-BY-NC,https://www.inaturalist.org/observations/330468009,https://inaturalist-open-data.s3.amazonaws.com/photos/599257132/medium.jpg,,"",,1,0,false,,Germano reale,Anas platyrhynchos,Кряква,Aves,6930
331209795,dc86072e-e4b1-4654-86dc-618926e7755a,2025-06-02 17:46:23,2025-06-02,2025-06-02 16:46:23 UTC,London,744950,ckirby-lambert,Chris Kirby-Lambert,2025-12-18 16:39:57 UTC,2025-12-18 21:38:36 UTC,research,,https://www.inaturalist.org/observations/331209795,https://static.inaturalist.org/photos/600787770/medium.jpg,,"Anas, Anas platyrhynchos, Anatidae, Aves, England, June 2025, Lincolnshire, Mallard, Stamford, UK, bird, Anas platyrhynchos (Mallard) duckling - Anatidae - Stamford, UK-2","",2,0,false,,Mallard,Anas platyrhynchos,Кряква,Aves,6930
