id,uuid,observed_on_string,observed_on,time_observed_at,time_zone,user_id,user_login,user_name,created_at,updated_at,quality_grade,license,url,image_url,sound_url,tag_list,description,num_identification_agreements,num_identification_disagreements,captive_cultivated,oauth_application_id,species_guess,scientific_name,common_name,iconic_taxon_name,taxon_id
22567,2676fdc3-9a51-42ae-9830-bcca16d0fa58,2011-06-21,2011-06-21,,Eastern Time (US & Canada),1175,wabbytwax,John Beatty,2011-06-23 03:15:56 UTC,2023-02-24 17:58:18 UTC,research,CC-BY-NC,http://www.inaturalist.org/observations/22567,https://static.inaturalist.org/photos/40686/medium.jpg,,northern cardinal,Stopped alongside the road to take this photo out my driver side window. I got a great shot of him eating a small green caterpillar.,3,0,false,,cardinal rouge,Cardinalis cardinalis,Красный кардинал,Aves,9083
165256,32b6c54f-c4d6-4278-ae07-0b1994d3ed19,2008-10-19 10:13:44,2008-10-19,2008-10-19 17:13:44 UTC,Pacific Time (US & Canada),10285,finatic,BJ Stacey,2012-12-21 00:09:59 UTC,2020-03-17 02:08:40 UTC,research,CC-BY-NC,http://www.inaturalist.org/observations/165256,https://inaturalist-open-data.s3.amazonaws.com/photos/221281/medium.jpg,,animal,"
Fairfax County, Virginia, US",1,0,false,,Northern Cardinal,Cardinalis cardinalis,Красный кардинал,Aves,9083
825314,091e7c05-a84f-40b8-822f-5cb8f26de748,2014-08-03 11:51:16,2014-08-03,2014-08-03 15:51:16 UTC,Eastern Time (US & Canada),10331,amandaandmike,"",2014-08-10 20:31:46 UTC,2025-11-28 23:24:35 UTC,research,CC-BY-NC-SA,http://www.inaturalist.org/observations/825314,https://inaturalist-open-data.s3.amazonaws.com/photos/1041594/medium.JPG,,"","",3,0,false,,Northern Cardinal,Cardinalis cardinalis,Красный кардинал,Aves,9083
3256029,647423c7-7c07-4d2b-911b-f5d6b9381a4e,2016-05-21 15:35:07,2016-05-21,2016-05-21 19:35:07 UTC,Eastern Time (US & Canada),233709,dorothymcq,"",2016-05-21 20:12:27 UTC,2024-10-13 19:36:42 UTC,research,CC-BY-NC,http://www.inaturalist.org/observations/3256029,https://inaturalist-open-data.s3.amazonaws.com/photos/3766081/medium.jpg,,"","",5,0,false,,Northern Cardinal,Cardinalis cardinalis,Красный кардинал,Aves,9083
4830479,56abacb7-aeb6-4715-ada1-3e056a85a299,2010-09-18 14:29:32,2010-09-18,2010-09-18 18:29:32 UTC,Eastern Time (US & Canada),164735,belyykit,"",2016-12-22 13:15:53 UTC,2025-06-16 18:43:08 UTC,research,CC-BY-NC,https://www.inaturalist.org/observations/4830479,https://static.inaturalist.org/photos/5861829/medium.jpg,,"",Northern cardinal_20100918_Silver Spring,4,0,false,,Northern Cardinal,Cardinalis cardinalis,Красный кардинал,Aves,9083
4834681,364655a3-e47d-4022-a051-29c991219b4d,2009-12-22 16:00:56,2009-12-22,2009-12-22 21:00:56 UTC,Eastern Time (US & Canada),164735,belyykit,"",2016-12-23 15:13:42 UTC,2025-06-16 17:22:23 UTC,research,CC-BY-NC,https://www.inaturalist.org/observations/4834681,https://static.inaturalist.org/photos/5867963/medium.jpg,,"",Northern cardinal_20091222_Silver Spring,4,0,false,,Northern Cardinal,Cardinalis cardinalis,Красный кардинал,Aves,9083
5028643,65a97e4f-0a3a-46b9-ab0f-bd7d35afa969,2017/01/30 9:40 AM EST,2017-01-30,2017-01-30 14:40:00 UTC,Eastern Time (US & Canada),91459,invernoacademy,"",2017-01-30 17:41:46 UTC,2021-12-11 02:12:41 UTC,research,CC-BY-NC,https://www.inaturalist.org/observations/5028643,https://static.inaturalist.org/photos/6155935/medium.jpeg,,"",,2,0,false,,Northern Cardinal,Cardinalis cardinalis,Красный кардинал,Aves,9083
5494586,1cc6f8a8-ad95-46f2-8b83-4cd44c3546f2,Sat Mar 11 2017 15:13:10 GMT-0500 (EST),2017-03-11,2017-03-11 20:13:10 UTC,Eastern Time (US & Canada),436028,jencross,Jen Cross,2017-03-29 01:12:44 UTC,2024-05-09 22:31:58 UTC,research,CC-BY-NC,https://www.inaturalist.org/observations/5494586,https://inaturalist-open-data.s3.amazonaws.com/photos/6770262/medium.jpg,,"",The little guy was missing quite a bit of his head feathers and his bill looked chipped. ,2,0,false,3,Northern Cardinal,Cardinalis cardinalis,Красный кардинал,Aves,9083
5765621,04fb9cef-f009-4afe-827e-bbb8503cc47b,2017/04/16 9:36 AM UTC,2017-04-16,,UTC,242844,gwh,Gary House,2017-04-16 20:33:58 UTC,2020-03-24 17:10:49 UTC,research,CC-BY-NC,https://www.inaturalist.org/observations/5765621,https://inaturalist-open-data.s3.amazonaws.com/photos/7156720/medium.jpeg,,"Roosevelt Island, TRI",These two were fighting at the Memorial Plaza at Theodore Roosevelt Island in Washington DC.,1,0,false,,Northern Cardinal,Cardinalis cardinalis,Красный кардинал,Aves,9083
6465300,45e7749a-8a34-465f-b32c-996937d836cf,Fri Apr 14 2017 09:24:43 GMT-0400 (EDT),2017-04-14,2017-04-14 13:24:43 UTC,Eastern Time (US & Canada),438821,jeremyh100,,2017-06-02 09:55:27 UTC,2020-07-13 18:03:52 UTC,research,,https://www.inaturalist.org/observations/6465300,https://static.inaturalist.org/photos/8174314/medium.jpg,,"",,2,0,false,3,Northern Cardinal,Cardinalis cardinalis,Красный кардинал,Aves,9083
6651946,d9096b1b-f585-4093-acb9-5739fce27ff3,2017-06-14 12:26:47 PM EDT,2017-06-14,2017-06-14 16:26:47 UTC,Eastern Time (US & Canada),290016,word_bubble,Jasper,2017-06-14 16:27:32 UTC,2024-08-23 19:54:26 UTC,needs_id,CC-BY-NC,https://www.inaturalist.org/observations/6651946,https://inaturalist-open-data.s3.amazonaws.com/photos/8431739/medium.jpeg,,"",,1,0,false,2,Birds,Cardinalis cardinalis,Красный кардинал,Aves,9083
7134429,dc04298c-a1ac-4bca-b9bf-24a32353b5eb,Thu Jul 20 2017 11:07:38 GMT-0400 (EDT),2017-07-20,2017-07-20 15:07:38 UTC,Eastern Time (US & Canada),290840,jenkatja,,2017-07-20 19:18:55 UTC,2020-08-03 23:16:37 UTC,research,CC-BY-NC,https://www.inaturalist.org/observations/7134429,https://inaturalist-open-data.s3.amazonaws.com/photos/9182305/medium.jpg,,"",,2,0,false,3,Northern Cardinal,Cardinalis cardinalis,Красный кардинал,Aves,9083
10367385,d6178d0e-70e7-4efb-8175-7969f0035911,Thu Nov 02 2017 14:06:40 GMT-0400 (EDT),2017-11-02,2017-11-02 18:06:40 UTC,Eastern Time (US & Canada),802378,alexanderlewis,Alexander Lewis,2018-03-23 00:45:21 UTC,2021-05-06 05:41:40 UTC,research,,https://www.inaturalist.org/observations/10367385,https://static.inaturalist.org/photos/14384059/medium.jpg,,"","",2,0,false,3,Northern Cardinal,Cardinalis cardinalis,Красный кардинал,Aves,9083
10418968,250a4bf2-badb-4563-ad7a-52339f280a12,2018-03-25,2018-03-25,,UTC,521250,chri360,Christina De Jesús Villanueva,2018-03-25 20:52:19 UTC,2025-09-03 19:55:57 UTC,research,CC-BY-NC,https://www.inaturalist.org/observations/10418968,https://static.inaturalist.org/photos/14472888/medium.jpg,,"",,3,0,false,2,Northern Cardinal,Cardinalis cardinalis,Красный кардинал,Aves,9083
10629909,813a308d-187a-4479-a3d1-47bb58ebbe01,2014-08-27 08:58:53,2014-08-27,2014-08-27 12:58:53 UTC,Eastern Time (US & Canada),172,dendroica,John Beetham,2018-04-05 03:55:43 UTC,2025-06-22 12:57:58 UTC,research,CC-BY,https://www.inaturalist.org/observations/10629909,https://inaturalist-open-data.s3.amazonaws.com/photos/14829351/medium.jpg,,"Northern Cardinal, Cardinalis cardinalis, Cardinalis, Cardinalidae, Passeroidea, Passerida, Passeri, Passeriformes, Passerimorphae, Psittacopasserae, Eufalconimorphae, Neoaves, Neognathae, Aves, bird, cardinal, albino, albinism, summer, Highland Park Meadows, Highland Park, Middlesex County, NJ, New Jersey, fav10, Albino Northern Cardinal","I think this bird is albino rather than leucistic due to its red eye. The light-colored bill suggests that this is a juvenile.

There is a nice discussion of the terminology for birds lacking some or all melanin <a href=""http://www.sibleyguides.com/2011/08/abnormal-coloration-in-birds-melanin-reduction/"" rel=""nofollow"">on David Sibley's website</a>.",4,0,false,,Northern Cardinal,Cardinalis cardinalis,Красный кардинал,Aves,9083
12296970,68340d03-ea62-4342-abcb-b88bf19e2607,Wed May 09 2018 12:29:08 GMT-0400 (EDT),2018-05-09,2018-05-09 16:29:08 UTC,Eastern Time (US & Canada),431613,cflatow,Carl Flatow,2018-05-09 16:34:39 UTC,2020-05-04 03:13:48 UTC,research,CC-BY-NC-ND,https://www.inaturalist.org/observations/12296970,https://static.inaturalist.org/photos/17710903/medium.jpg,,Home,"",1,0,false,3,Northern Cardinal,Cardinalis cardinalis,Красный кардинал,Aves,9083
12392846,d0c28056-5916-444d-a11a-7e66feac12d4,2018/05/11 5:01 PM EDT,2018-05-11,2018-05-11 21:01:00 UTC,Eastern Time (US & Canada),659740,dalien,Daniel Onea,2018-05-12 20:57:44 UTC,2024-10-26 11:28:00 UTC,research,CC-BY-NC,https://www.inaturalist.org/observations/12392846,https://inaturalist-open-data.s3.amazonaws.com/photos/17859921/medium.jpg,https://static.inaturalist.org/sounds/21543.mp3?1526158626,"",,4,0,false,,Northern Cardinal,Cardinalis cardinalis,Красный кардинал,Aves,9083
12394030,4cb03f6a-8ab1-4603-88e6-ce13f2af054f,Sat May 12 2018 17:27:43 GMT-0400 (EDT),2018-05-12,2018-05-12 21:27:43 UTC,Eastern Time (US & Canada),954247,barry780529,,2018-05-12 21:29:20 UTC,2020-07-06 21:51:42 UTC,research,,https://www.inaturalist.org/observations/12394030,https://static.inaturalist.org/photos/17862114/medium.jpg,,"",,1,0,false,3,Northern Cardinal,Cardinalis cardinalis,Красный кардинал,Aves,9083
12485560,f1d7ad4a-5803-4a07-b286-41ab9ae43677,2018/05/14 5:37 AM EDT,2018-05-14,2018-05-14 09:37:00 UTC,Eastern Time (US & Canada),771036,c_marie,Cassidy,2018-05-15 17:12:07 UTC,2020-07-07 00:32:11 UTC,research,CC-BY-NC,https://www.inaturalist.org/observations/12485560,https://inaturalist-open-data.s3.amazonaws.com/photos/18020021/medium.jpeg,,"",,1,0,false,,Northern Cardinal,Cardinalis cardinalis,Красный кардинал,Aves,9083
12516110,b372a712-a6b3-44f3-a3b4-7620658b9ff0,2018/01/04 4:01 PM EST,2018-01-04,2018-01-04 21:01:00 UTC,Eastern Time (US & Canada),966165,johnnydogmatic,John Humphreys,2018-05-16 16:34:13 UTC,2020-04-05 01:38:18 UTC,research,CC-BY-NC,https://www.inaturalist.org/observations/12516110,https://inaturalist-open-data.s3.amazonaws.com/photos/18070874/medium.jpeg,,"",,1,0,false,,Northern Cardinal,Cardinalis cardinalis,Красный кардинал,Aves,9083
12516135,79561db0-ffd4-4cc1-b91d-78396f9358a4,2018/03/10 1:11 PM EST,2018-03-10,2018-03-10 18:11:00 UTC,Eastern Time (US & Canada),966165,johnnydogmatic,John Humphreys,2018-05-16 16:35:31 UTC,2020-06-01 02:57:26 UTC,research,CC-BY-NC,https://www.inaturalist.org/observations/12516135,https://inaturalist-open-data.s3.amazonaws.com/photos/18070969/medium.jpeg,,"",,1,0,false,,Northern Cardinal,Cardinalis cardinalis,Красный кардинал,Aves,9083
12658005,2a32892c-981c-4c41-9a69-5068c8beff12,Sun May 20 2018 19:09:16 GMT-0400 (EDT),2018-05-20,2018-05-20 23:09:16 UTC,Eastern Time (US & Canada),757628,cpl1997,"",2018-05-20 23:10:44 UTC,2024-11-17 00:20:10 UTC,needs_id,CC-BY-NC,https://www.inaturalist.org/observations/12658005,https://inaturalist-open-data.s3.amazonaws.com/photos/18317360/medium.jpg,,"",,1,0,false,3,Perching Birds,Cardinalis cardinalis,Красный кардинал,Aves,9083
13593165,819f1894-a7f6-4971-8c5a-5f9d7837218a,2018-06-19 6:27:11 PM EDT,2018-06-19,2018-06-19 22:27:11 UTC,Eastern Time (US & Canada),808445,elizabeth8734,Elizabeth Morawe,2018-06-19 22:31:02 UTC,2020-05-06 01:46:20 UTC,research,,https://www.inaturalist.org/observations/13593165,https://static.inaturalist.org/photos/19995661/medium.jpeg,,"",I think it was the male but not sure,1,0,false,2,Northern Cardinal,Cardinalis cardinalis,Красный кардинал,Aves,9083
13731727,1f3f5856-520f-40ac-9ef1-0bf6d052459d,Sun Jun 24 2018 07:54:31 GMT-0400 (EDT),2018-06-24,2018-06-24 11:54:31 UTC,Eastern Time (US & Canada),1036697,jacksonrks,,2018-06-24 11:55:23 UTC,2020-05-14 02:55:17 UTC,research,,https://www.inaturalist.org/observations/13731727,https://static.inaturalist.org/photos/20235485/medium.jpg,,"",,1,0,false,3,Northern Cardinal,Cardinalis cardinalis,Красный кардинал,Aves,9083
13733103,fb5e51f0-e135-477e-a575-76028b6abde5,Sun May 27 2018 11:02:04 GMT-0400 (EDT),2018-05-27,2018-05-27 15:02:04 UTC,Eastern Time (US & Canada),1014086,paullewis,Paul Lewis,2018-06-24 13:08:00 UTC,2022-06-07 00:18:28 UTC,research,,https://www.inaturalist.org/observations/13733103,https://static.inaturalist.org/photos/20237783/medium.jpg,,"","A Leucistic Bird
",3,0,false,3,Northern Cardinal,Cardinalis cardinalis,Красный кардинал,Aves,9083
14594532,24bb52c2-0fa6-447a-b6c8-bffe651390cf,2018-07-21 11:50:00 AM EDT,2018-07-21,2018-07-21 15:50:00 UTC,Eastern Time (US & Canada),1047816,digitalmirage,Sav,2018-07-22 03:07:43 UTC,2020-06-16 01:32:36 UTC,research,CC-BY-NC,https://www.inaturalist.org/observations/14594532,https://inaturalist-open-data.s3.amazonaws.com/photos/21753225/medium.jpeg,,"",,2,0,false,2,Northern Cardinal,Cardinalis cardinalis,Красный кардинал,Aves,9083
15116124,aa29ae26-15fb-437a-b1c9-d9acfed57bca,Sun Jul 29 2018 10:36:08 GMT-0400 (EDT),2018-07-29,2018-07-29 14:36:08 UTC,Eastern Time (US & Canada),572980,sadawolk,Sandy Wolkenberg,2018-08-04 22:04:25 UTC,2020-05-26 19:23:48 UTC,research,CC-BY,https://www.inaturalist.org/observations/15116124,https://inaturalist-open-data.s3.amazonaws.com/photos/22584868/medium.jpg,,"","So, would you please put some sunflower seeds in the feeder, please ",2,0,false,3,Northern Cardinal,Cardinalis cardinalis,Красный кардинал,Aves,9083
15148352,0e9d30b3-3c10-4bfb-9dd8-18e5f83001d3,2018/05/04 6:08 PM UTC,2018-05-04,,UTC,574660,sawyerb,Sawyer Baran,2018-08-05 21:33:41 UTC,2020-07-04 01:47:20 UTC,research,CC-BY,https://www.inaturalist.org/observations/15148352,https://static.inaturalist.org/photos/22643376/medium.jpeg,,"",,1,0,false,,Northern Cardinal,Cardinalis cardinalis,Красный кардинал,Aves,9083
16677233,20929c79-3b50-4322-8b4d-b3bc6e63b752,Thu Sep 13 2018 16:20:03 GMT-0400 (EDT),2018-09-13,2018-09-13 20:20:03 UTC,Eastern Time (US & Canada),1218271,jmantonay,Tony Rebitz,2018-09-19 02:34:41 UTC,2020-07-25 02:59:50 UTC,research,,https://www.inaturalist.org/observations/16677233,https://static.inaturalist.org/photos/25152349/medium.jpg,,"","It was next to me for a few seconds before it flew onto a telephone pole wire, it had an orange beak and a black face and red down to the start of its tail.",2,0,false,3,Northern Cardinal,Cardinalis cardinalis,Красный кардинал,Aves,9083
18263544,2cf54062-3561-4be6-a0d6-cf448eab9a9b,2018/11/07 3:30 PM EST,2018-11-07,2018-11-07 20:30:00 UTC,Eastern Time (US & Canada),659740,dalien,Daniel Onea,2018-11-08 16:59:07 UTC,2020-08-03 02:51:06 UTC,research,CC-BY-NC,https://www.inaturalist.org/observations/18263544,https://inaturalist-open-data.s3.amazonaws.com/photos/27898125/medium.jpeg,,"",,2,0,false,,Northern Cardinal,Cardinalis cardinalis,Красный кардинал,Aves,9083
18779406,2a3af174-7e16-4e20-8734-d7b326224309,2018/12/01 4:15 PM EST,2018-12-01,2018-12-01 21:15:00 UTC,Eastern Time (US & Canada),298979,akilee,Claire O'Neill,2018-12-02 17:37:01 UTC,2020-05-18 23:29:10 UTC,research,CC-BY-NC,https://www.inaturalist.org/observations/18779406,https://inaturalist-open-data.s3.amazonaws.com/photos/28761581/medium.jpeg,,"",Sightings also recorded on eBird > Checklist S50367635 [https://ebird.org/view/checklist/S50367635],2,0,false,,Northern Cardinal,Cardinalis cardinalis,Красный кардинал,Aves,9083
18888950,c7493c79-8ca6-40d2-b4b8-016880415e3a,2018-12-07 4:36:00 PM EST,2018-12-07,2018-12-07 21:36:00 UTC,Eastern Time (US & Canada),286308,chogan,,2018-12-08 02:38:09 UTC,2021-07-31 00:23:16 UTC,research,CC-BY-NC,https://www.inaturalist.org/observations/18888950,https://inaturalist-open-data.s3.amazonaws.com/photos/28946000/medium.jpeg,,"",Leucistic,3,0,false,2,Northern Cardinal,Cardinalis cardinalis,Красный кардинал,Aves,9083
19313899,290ad540-bf62-41b9-8461-a67319534217,2018/12/30 10:17 AM EST,2018-12-30,2018-12-30 15:17:00 UTC,Eastern Time (US & Canada),1096226,brushdk,Doug Brush,2018-12-30 18:33:00 UTC,2020-08-02 03:02:43 UTC,research,CC-BY,https://www.inaturalist.org/observations/19313899,https://inaturalist-open-data.s3.amazonaws.com/photos/29692556/medium.jpeg,,"","",2,0,false,,Northern Cardinal,Cardinalis cardinalis,Красный кардинал,Aves,9083
19400108,82acd969-5749-4d21-bdde-418c0741bf40,2018/12/31 8:03 AM HST,2018-12-31,2018-12-31 18:03:00 UTC,Hawaii,1699115,argyl1,,2019-01-03 16:26:37 UTC,2020-08-02 02:23:09 UTC,research,CC-BY-NC,https://www.inaturalist.org/observations/19400108,https://inaturalist-open-data.s3.amazonaws.com/photos/29838288/medium.jpeg,,"",,5,0,false,,Northern Cardinal,Cardinalis cardinalis,Красный кардинал,Aves,9083
19400131,b29d22fa-5794-46b0-98d2-9a514c96c83f,2018/12/31 9:16 AM HST,2018-12-31,2018-12-31 19:16:00 UTC,Hawaii,1699115,argyl1,,2019-01-03 16:27:41 UTC,2020-08-02 02:22:46 UTC,research,CC-BY-NC,https://www.inaturalist.org/observations/19400131,https://inaturalist-open-data.s3.amazonaws.com/photos/29838319/medium.jpeg,,"","",6,0,false,,Northern Cardinal,Cardinalis cardinalis,Красный кардинал,Aves,9083
19446894,b6fcd6a9-7039-440f-be79-39ba05acd36f,2019-01-04 10:11:18 AM EST,2019-01-04,2019-01-04 15:11:18 UTC,Eastern Time (US & Canada),1197483,zackf,Zack Fuimo,2019-01-05 19:09:56 UTC,2020-04-12 20:13:41 UTC,research,,https://www.inaturalist.org/observations/19446894,https://static.inaturalist.org/photos/29918047/medium.jpeg,,"",,4,0,false,2,Northern Cardinal,Cardinalis cardinalis,Красный кардинал,Aves,9083
19665397,3664284a-2de9-4013-9a91-a3b20cb9a49a,2010/12/30 6:29 PM -03,2010-12-30,,Buenos Aires,1364542,pablof,Pablo Fraire,2019-01-15 23:38:47 UTC,2020-07-03 01:33:55 UTC,research,CC-BY-NC,https://www.inaturalist.org/observations/19665397,https://inaturalist-open-data.s3.amazonaws.com/photos/30287134/medium.jpeg,,"",,2,0,false,,Northern Cardinal,Cardinalis cardinalis,Красный кардинал,Aves,9083
20015225,ddb38ced-5564-4f8f-bb79-4e47b7453e67,2019/02/01 10:16 AM EST,2019-02-01,2019-02-01 15:16:00 UTC,Eastern Time (US & Canada),1336025,djweyer,"",2019-02-01 20:02:34 UTC,2021-12-05 14:13:40 UTC,research,CC-BY-NC,https://www.inaturalist.org/observations/20015225,https://inaturalist-open-data.s3.amazonaws.com/photos/30894314/medium.jpg,,"",,2,0,false,,Northern Cardinal,Cardinalis cardinalis,Красный кардинал,Aves,9083
20228721,80a4c00b-2f5b-46ee-b2ad-c30130085019,2018/11/09 11:50 PM EST,2018-11-09,2018-11-10 04:50:00 UTC,Eastern Time (US & Canada),608402,mschenck,Matt Schenck,2019-02-09 14:37:11 UTC,2020-08-01 17:38:39 UTC,research,CC-BY,https://www.inaturalist.org/observations/20228721,https://inaturalist-open-data.s3.amazonaws.com/photos/31218624/medium.jpeg,,"",Observed during an Ocean State Bird Club walk at Rocky Point State Park.,5,0,false,,Northern Cardinal,Cardinalis cardinalis,Красный кардинал,Aves,9083
20934546,f973e1b7-9ed0-4276-a805-02d594071d70,Thu Feb 28 2019 14:11:36 GMT-0500 (EST),2019-02-28,2019-02-28 19:11:36 UTC,Eastern Time (US & Canada),188794,hannahcloud,Hannah,2019-03-04 03:49:46 UTC,2022-02-20 21:16:25 UTC,research,CC-BY-NC,https://www.inaturalist.org/observations/20934546,https://inaturalist-open-data.s3.amazonaws.com/photos/32313943/medium.jpg,,"","Deceased. About 30 ft away from road. Under tree. No sign of external
Injury. ",2,0,false,3,Northern Cardinal,Cardinalis cardinalis,Красный кардинал,Aves,9083
21366715,d3700c5c-277c-4847-a25b-c4adc2ab5fe6,Mon Mar 18 2019 16:37:53 GMT-0400 (EDT),2019-03-18,2019-03-18 20:37:53 UTC,Eastern Time (US & Canada),1537128,juleshoops3,,2019-03-18 20:40:15 UTC,2020-05-31 02:00:06 UTC,research,CC-BY-NC,https://www.inaturalist.org/observations/21366715,https://inaturalist-open-data.s3.amazonaws.com/photos/33049510/medium.jpg,,"",,1,0,false,3,Northern Cardinal,Cardinalis cardinalis,Красный кардинал,Aves,9083
23181311,1f18a15c-bd68-40a9-9a20-bc320b970098,2019-04-26 1:55:18 PM EDT,2019-04-26,2019-04-26 17:55:18 UTC,Eastern Time (US & Canada),757381,danefroymson,Dan Efroymson,2019-04-26 17:55:55 UTC,2022-04-19 23:18:08 UTC,research,,https://www.inaturalist.org/observations/23181311,https://static.inaturalist.org/photos/35925632/medium.jpeg,,"",,1,0,false,2,Northern Cardinal,Cardinalis cardinalis,Красный кардинал,Aves,9083
23415612,151489cf-d455-4e8b-869f-1c98d4ceb279,Sat Apr 27 2019 13:26:54 GMT-0400 (EDT),2019-04-27,2019-04-27 17:26:54 UTC,Eastern Time (US & Canada),1658629,qzvolunteers,,2019-04-27 17:27:07 UTC,2020-05-11 03:07:33 UTC,research,CC-BY-NC,https://www.inaturalist.org/observations/23415612,https://inaturalist-open-data.s3.amazonaws.com/photos/36262832/medium.jpg,,"",,2,0,false,3,Northern Cardinal,Cardinalis cardinalis,Красный кардинал,Aves,9083
24654180,7b28ee78-edcb-43ba-955e-e072b938515c,2019/04/28 5:41 PM EDT,2019-04-28,2019-04-28 21:41:00 UTC,Eastern Time (US & Canada),9432,ashley_bradford,Ashley M Bradford,2019-05-06 07:24:35 UTC,2020-06-22 21:24:03 UTC,research,CC-BY-NC,https://www.inaturalist.org/observations/24654180,https://inaturalist-open-data.s3.amazonaws.com/photos/38121971/medium.jpg,,"100-400mmII, 7DMII, Alexandria, VA, animals, birds, nature, spring",,3,0,false,,Northern Cardinal,Cardinalis cardinalis,Красный кардинал,Aves,9083
24883077,de6871c8-35af-4e71-815e-9aa085894e70,2019/05/07 5:57 AM EDT,2019-05-07,2019-05-07 09:57:00 UTC,Eastern Time (US & Canada),298979,akilee,Claire O'Neill,2019-05-10 13:26:53 UTC,2020-04-29 01:39:43 UTC,research,CC-BY-NC,https://www.inaturalist.org/observations/24883077,https://inaturalist-open-data.s3.amazonaws.com/photos/38489035/medium.jpeg,,Cardi-B,"This guy has adopted our patio, or rather our girl cat. It's been going on for a week now. It's weird: We monitored the situation for a while, but each time that we let our cats out in our patio (that we surrounded with a 8-feet fence to avoid having our cats harassing birds and wildlife by the way), this male comes to check on her. He mostly stands on the fence out of reach, but sometimes land our table and chair even on the ground. The female isn't far away but shows no interest, and we can't see a nest close by the fence... When she hides under the patio sofa, he 'flutters' around to check if she's underneath it... ",2,0,false,,Northern Cardinal,Cardinalis cardinalis,Красный кардинал,Aves,9083
24886398,10f9baa8-f5e7-40dc-8f6b-7ca48045dd42,2019/05/09 2:53 PM EDT,2019-05-09,2019-05-09 18:53:00 UTC,Eastern Time (US & Canada),298979,akilee,Claire O'Neill,2019-05-10 14:45:46 UTC,2020-04-28 03:45:00 UTC,research,CC-BY-NC,https://www.inaturalist.org/observations/24886398,https://inaturalist-open-data.s3.amazonaws.com/photos/38494708/medium.jpeg,,Cardi-B,"",3,0,false,,Northern Cardinal,Cardinalis cardinalis,Красный кардинал,Aves,9083
25576148,9706d266-d758-4983-9ce1-563c6eb2dc23,Wed May 22 2019 15:16:19 GMT-0400 (EDT),2019-05-22,2019-05-22 19:16:19 UTC,Eastern Time (US & Canada),588853,mira_l_b,Mira,2019-05-22 19:32:32 UTC,2025-02-03 23:21:23 UTC,research,CC-BY-NC,https://www.inaturalist.org/observations/25576148,https://inaturalist-open-data.s3.amazonaws.com/photos/39630828/medium.jpg,,"","After crying on the way to work over the destruction my species has caused without regard for the well-being of other organisms (dead fox kit, opossum, painted turtles, squirrels, rabbits, chipmunks, raccoons just this morning) I found out a coworker died in a vehicle accident on his way in today then later, back home,  trying to decompress with puttering in my garden a male cardinal got hit in front of me and I watched helplessly until traffic slowed enough to go get him.  This was set against the backdrop of an already terrible day and the calls of his mate with whom I’m pretty sure he had an active nest.  I’m sorry to write this here but I’m pretty upset by all of the gratuitous death and it is, though unnecessary for ID, contextual.",4,0,false,3,Northern Cardinal,Cardinalis cardinalis,Красный кардинал,Aves,9083
26170948,5b31df86-0625-4690-abe1-01e0c879aeac,2019/05/27 7:51 PM EDT,2019-05-27,2019-05-27 23:51:00 UTC,Eastern Time (US & Canada),850826,boinboston,Barbara Olson,2019-06-01 12:32:28 UTC,2020-06-16 18:56:42 UTC,research,CC-BY-NC,https://www.inaturalist.org/observations/26170948,https://inaturalist-open-data.s3.amazonaws.com/photos/40614964/medium.jpeg,,"",Male cardinal carrying caterpillars in his beak--likely nesting at the cemetery.,2,0,false,,Northern Cardinal,Cardinalis cardinalis,Красный кардинал,Aves,9083
27333313,c2d825d2-2f62-4062-b1bd-36ecf6a1fecd,Tue Aug 29 2017 07:44:49 GMT-0400 (EDT),2017-08-29,2017-08-29 11:44:49 UTC,Eastern Time (US & Canada),1895892,gypsydan,,2019-06-20 17:22:23 UTC,2020-07-17 16:48:07 UTC,research,CC-BY-NC,https://www.inaturalist.org/observations/27333313,https://inaturalist-open-data.s3.amazonaws.com/photos/42517066/medium.jpg,,"",,4,0,false,3,Northern Cardinal,Cardinalis cardinalis,Красный кардинал,Aves,9083
28408691,e0b663d6-e6a7-4a54-96d5-82cb254e23cf,2019-07-07,2019-07-07,,Eastern Time (US & Canada),1810531,jennypenny1115,Jennifer Hoffman,2019-07-08 02:03:11 UTC,2020-06-12 18:13:28 UTC,research,CC-BY-NC,https://www.inaturalist.org/observations/28408691,https://inaturalist-open-data.s3.amazonaws.com/photos/44283875/medium.jpeg,,"",Molting! ,3,0,false,333,Northern Cardinal,Cardinalis cardinalis,Красный кардинал,Aves,9083
29429468,4f0f2933-494b-4372-9c0d-0e9b9712be57,Tue Jul 16 2019 13:59:59 GMT-0700 (PDT),2019-07-16,2019-07-16 20:59:59 UTC,Pacific Time (US & Canada),1851116,renee5e,Renée Glick,2019-07-24 06:00:13 UTC,2020-06-04 21:50:17 UTC,research,,https://www.inaturalist.org/observations/29429468,https://static.inaturalist.org/photos/46171320/medium.jpg,,"",Female sitting on nest of at least one chick,1,0,false,3,Northern Cardinal,Cardinalis cardinalis,Красный кардинал,Aves,9083
29794453,3238d311-219d-43a9-9e5a-91f6aba7693d,Mon Jul 29 2019 11:35:19 GMT-0400 (EDT),2019-07-29,2019-07-29 15:35:19 UTC,Eastern Time (US & Canada),50920,susanhewitt,Susan J. Hewitt,2019-07-29 16:59:52 UTC,2021-11-18 14:16:28 UTC,needs_id,CC-BY-NC,https://www.inaturalist.org/observations/29794453,https://inaturalist-open-data.s3.amazonaws.com/photos/46517004/medium.jpg,,"","In a climbing rose bush on the cast iron fence around the Conservatory Garden.

An old nest from last year.",0,0,false,3,Northern Cardinal,Cardinalis cardinalis,Красный кардинал,Aves,9083
30273735,4c5b6fef-13f8-4ede-880d-2148bc24b3fa,Mon Aug 05 2019 18:36:34 GMT-0400 (EDT),2019-08-05,2019-08-05 22:36:34 UTC,Eastern Time (US & Canada),1946369,kevingraner,Kevin Graner,2019-08-05 22:37:10 UTC,2020-08-03 23:15:45 UTC,research,,https://www.inaturalist.org/observations/30273735,https://static.inaturalist.org/photos/47287039/medium.jpg,,"",,1,0,false,3,Northern Cardinal,Cardinalis cardinalis,Красный кардинал,Aves,9083
34320058,09c34b37-c245-4230-ac0d-42e4ea1a8901,2019/10/12 12:35 PM EDT,2019-10-12,2019-10-12 16:35:00 UTC,Eastern Time (US & Canada),1276353,michaelpirrello,Michael Pirrello,2019-10-13 19:52:11 UTC,2021-10-09 18:04:55 UTC,research,CC-BY,https://www.inaturalist.org/observations/34320058,https://inaturalist-open-data.s3.amazonaws.com/photos/53996075/medium.jpeg,,"","",1,0,false,,Cardinalis cardinalis,Cardinalis cardinalis,Красный кардинал,Aves,9083
36319517,688fef9f-7190-4b2f-b811-617087db6522,Tue Dec 03 2019 10:42:40 GMT-0500 (EST),2019-12-03,2019-12-03 15:42:40 UTC,Eastern Time (US & Canada),2159859,camilladog,,2019-12-03 15:45:18 UTC,2023-05-13 03:00:57 UTC,research,,https://www.inaturalist.org/observations/36319517,https://static.inaturalist.org/photos/57398848/medium.jpg,,"","Poor guy couldn’t figure out that bird feeder, but I kept his favorite eating spots full during the storm!",4,0,false,3,Northern Cardinal,Cardinalis cardinalis,Красный кардинал,Aves,9083
36351967,9d964e26-4906-46aa-b17d-9283825f80a2,2019/12/03 9:52 AM EST,2019-12-03,2019-12-03 14:52:00 UTC,Eastern Time (US & Canada),298979,akilee,Claire O'Neill,2019-12-04 17:53:50 UTC,2020-01-20 02:20:45 UTC,research,CC-BY-NC,https://www.inaturalist.org/observations/36351967,https://inaturalist-open-data.s3.amazonaws.com/photos/57454600/medium.jpeg,,"",,3,0,false,,Northern Cardinal,Cardinalis cardinalis,Красный кардинал,Aves,9083
36823605,bdbc740d-0f1c-45d9-9bc7-2e64b6ed81b4,Sat Dec 21 2019 09:33:27 GMT-0500 (EST),2019-12-21,2019-12-21 14:33:27 UTC,Eastern Time (US & Canada),2159859,camilladog,,2019-12-21 14:34:39 UTC,2023-05-13 02:59:28 UTC,research,,https://www.inaturalist.org/observations/36823605,https://static.inaturalist.org/photos/58273109/medium.jpg,,"",,4,0,false,3,Northern Cardinal,Cardinalis cardinalis,Красный кардинал,Aves,9083
36825788,59760aec-9845-487b-a81e-27f3a786bda9,2019/12/21 9:27 AM EST,2019-12-21,2019-12-21 14:27:00 UTC,Eastern Time (US & Canada),291618,jlayman,Jonathan Layman,2019-12-21 16:19:06 UTC,2024-12-05 00:50:25 UTC,research,CC-BY,https://www.inaturalist.org/observations/36825788,https://inaturalist-open-data.s3.amazonaws.com/photos/58276723/medium.jpeg,,"",,2,0,false,,Northern Cardinal,Cardinalis cardinalis,Красный кардинал,Aves,9083
36985378,06c64d34-483a-4d6c-87ce-7aaba3e6863a,2019-12-26 2:44:54 PM EST,2019-12-26,2019-12-26 19:44:54 UTC,Eastern Time (US & Canada),18701,apgarm,Mark Apgar,2019-12-27 01:28:07 UTC,2025-06-05 03:54:10 UTC,research,CC-BY-NC,https://www.inaturalist.org/observations/36985378,https://inaturalist-open-data.s3.amazonaws.com/photos/58555152/medium.jpg,,"",,3,0,false,2,Northern Cardinal,Cardinalis cardinalis,Красный кардинал,Aves,9083
37159144,c313b16b-dda7-43bb-a713-b27d96a2bb89,Wed Jan 01 2020 10:03:56 GMT-0500 (EST),2020-01-01,2020-01-01 15:03:56 UTC,Eastern Time (US & Canada),915489,haleymc,,2020-01-01 15:05:14 UTC,2020-04-10 01:14:09 UTC,research,,https://www.inaturalist.org/observations/37159144,https://static.inaturalist.org/photos/58861293/medium.jpg,,"",Two males spotted here ,2,0,false,3,Northern Cardinal,Cardinalis cardinalis,Красный кардинал,Aves,9083
37569532,99030cf7-c7ff-4567-ab32-e88998af4747,Mon Jan 13 2020 13:55:11 GMT-0500 (EST),2020-01-13,2020-01-13 18:55:11 UTC,Eastern Time (US & Canada),572980,sadawolk,Sandy Wolkenberg,2020-01-13 22:50:33 UTC,2020-01-17 00:11:45 UTC,research,CC-BY,https://www.inaturalist.org/observations/37569532,https://inaturalist-open-data.s3.amazonaws.com/photos/59583189/medium.jpg,,"",,5,0,false,3,Northern Cardinal,Cardinalis cardinalis,Красный кардинал,Aves,9083
37707303,29a0d4b0-cdb5-4dc2-8719-d1901170dcf3,2020/01/18 9:01 AM EST,2020-01-18,2020-01-18 14:01:00 UTC,Eastern Time (US & Canada),1336025,djweyer,"",2020-01-18 13:28:44 UTC,2021-12-05 14:13:55 UTC,research,CC-BY-NC,https://www.inaturalist.org/observations/37707303,https://inaturalist-open-data.s3.amazonaws.com/photos/59832856/medium.jpg,,"","",1,0,false,,Northern Cardinal,Cardinalis cardinalis,Красный кардинал,Aves,9083
38096851,21ce8471-17ce-4d7c-b368-dc3269ec0da1,2020/01/29 10:59 AM EST,2020-01-29,2020-01-29 15:59:00 UTC,Eastern Time (US & Canada),298979,akilee,Claire O'Neill,2020-01-29 19:10:38 UTC,2020-03-29 02:07:05 UTC,research,CC-BY-NC,https://www.inaturalist.org/observations/38096851,https://inaturalist-open-data.s3.amazonaws.com/photos/60499501/medium.jpeg,,"",Female not too far...,2,0,false,,Northern Cardinal,Cardinalis cardinalis,Красный кардинал,Aves,9083
39216307,1d56c189-7978-47ce-b63f-7818262da266,Mon Jun 24 2019 08:34:12 GMT-0400 (EDT),2019-06-24,2019-06-24 12:34:12 UTC,Eastern Time (US & Canada),835411,cr0w,"",2020-02-25 19:55:14 UTC,2023-09-25 20:51:26 UTC,research,CC-BY-NC,https://www.inaturalist.org/observations/39216307,https://inaturalist-open-data.s3.amazonaws.com/photos/62187582/medium.jpg,,"","Female, window collision, died",1,0,false,3,Northern Cardinal,Cardinalis cardinalis,Красный кардинал,Aves,9083
39229637,fba3da74-3ce7-4d17-ac6a-b8594efad242,2018/04/23 4:41 PM EDT,2018-04-23,2018-04-23 20:41:00 UTC,Eastern Time (US & Canada),1685890,adventurehiker,"",2020-02-26 02:40:17 UTC,2020-03-06 01:56:43 UTC,research,,https://www.inaturalist.org/observations/39229637,https://static.inaturalist.org/photos/62211854/medium.jpg,,"",Old Observation 4/23/2018,2,0,false,,Northern Cardinal,Cardinalis cardinalis,Красный кардинал,Aves,9083
39626284,ac470d02-5804-4703-9f23-8350681e0071,2020/03/06 1:56 PM EST,2020-03-06,2020-03-06 18:56:00 UTC,Eastern Time (US & Canada),298979,akilee,Claire O'Neill,2020-03-06 22:35:11 UTC,2020-05-27 16:59:13 UTC,research,CC-BY-NC,https://www.inaturalist.org/observations/39626284,https://inaturalist-open-data.s3.amazonaws.com/photos/62884763/medium.jpeg,,"",,1,0,false,,Northern Cardinal,Cardinalis cardinalis,Красный кардинал,Aves,9083
39644909,41fc8cc3-41f8-47cd-8bc9-ced4ed2157fa,2020-03-07 7:12:00 AM EST,2020-03-07,2020-03-07 12:12:00 UTC,Eastern Time (US & Canada),1709633,carytting,C A Rytting,2020-03-07 12:14:30 UTC,2025-04-04 04:06:23 UTC,research,CC-BY-NC,https://www.inaturalist.org/observations/39644909,https://inaturalist-open-data.s3.amazonaws.com/photos/62917149/medium.jpeg,https://static.inaturalist.org/sounds/60398.wav?1583583283,"","Unless the call was from another, nearby unseen bird higher up in another tree... Recording with Hi-Q app on Pixel 3a.",1,0,false,2,Northern Cardinal,Cardinalis cardinalis,Красный кардинал,Aves,9083
40899486,236b6095-6ebb-4f20-b55c-0ba6e33b3f4f,Sat Mar 28 2020 13:12:47 GMT-0400 (EDT),2020-03-28,2020-03-28 17:12:47 UTC,Eastern Time (US & Canada),1367129,glm,GLM,2020-03-28 18:06:09 UTC,2021-01-01 14:27:49 UTC,research,,https://www.inaturalist.org/observations/40899486,https://static.inaturalist.org/photos/64842123/medium.jpg,,"",,2,0,false,3,Northern Cardinal,Cardinalis cardinalis,Красный кардинал,Aves,9083
41052624,4f663b20-f994-49b1-be0c-40ede29b4781,2020-03-21 12:57:55 PM EDT,2020-03-21,2020-03-21 16:57:55 UTC,Eastern Time (US & Canada),508087,danieljayyoung,Daniel Kim,2020-03-30 17:20:01 UTC,2020-05-07 18:56:53 UTC,research,,https://www.inaturalist.org/observations/41052624,https://static.inaturalist.org/photos/65089094/medium.jpeg,,"",,3,0,false,2,Northern Cardinal,Cardinalis cardinalis,Красный кардинал,Aves,9083
41300990,fb509622-20b6-4ee8-833d-9c54e62fa805,2020/04/01 3:04 PM EDT,2020-04-01,2020-04-01 19:04:00 UTC,Eastern Time (US & Canada),298979,akilee,Claire O'Neill,2020-04-03 16:12:14 UTC,2020-05-11 03:04:16 UTC,research,CC-BY-NC,https://www.inaturalist.org/observations/41300990,https://inaturalist-open-data.s3.amazonaws.com/photos/65507336/medium.jpeg,,"",,4,0,false,,Northern Cardinal,Cardinalis cardinalis,Красный кардинал,Aves,9083
41404165,bb80f49b-c80a-4840-b71b-769d93ff2df7,2020/04/04 4:14 PM EDT,2020-04-04,2020-04-04 20:14:00 UTC,Eastern Time (US & Canada),1032462,steven-cyclist,Steven Bodzin,2020-04-04 23:28:12 UTC,2023-07-07 18:31:57 UTC,research,CC-BY,https://www.inaturalist.org/observations/41404165,https://inaturalist-open-data.s3.amazonaws.com/photos/65676673/medium.jpg,,"",,2,0,false,,Northern Cardinal,Cardinalis cardinalis,Красный кардинал,Aves,9083
41818052,9fb37222-b460-4ae1-8339-824d4a69ed00,2020/04/09 11:49 AM EDT,2020-04-09,2020-04-09 15:49:00 UTC,Eastern Time (US & Canada),2351110,bugsandbirds,Celeste,2020-04-10 12:39:25 UTC,2023-08-20 15:35:06 UTC,research,CC-BY-NC,https://www.inaturalist.org/observations/41818052,https://inaturalist-open-data.s3.amazonaws.com/photos/66355404/medium.jpg,,"",,1,0,false,,Northern Cardinal,Cardinalis cardinalis,Красный кардинал,Aves,9083
42042884,88e20457-daa9-4267-94e4-d576c6e4d640,Sun Apr 12 2020 11:22:52 GMT-0400 (EDT),2020-04-12,2020-04-12 15:22:52 UTC,Eastern Time (US & Canada),572980,sadawolk,Sandy Wolkenberg,2020-04-12 22:40:41 UTC,2020-06-20 18:05:28 UTC,research,CC-BY,https://www.inaturalist.org/observations/42042884,https://inaturalist-open-data.s3.amazonaws.com/photos/66727135/medium.jpg,,"",,4,0,false,3,Northern Cardinal,Cardinalis cardinalis,Красный кардинал,Aves,9083
42072812,45b230ac-0494-45c7-b031-ce03f2364c30,2020/04/08 5:12 PM UTC,2020-04-08,,UTC,2675844,keeferli,Keefer Li,2020-04-13 07:38:25 UTC,2020-06-20 17:51:28 UTC,research,,https://www.inaturalist.org/observations/42072812,https://static.inaturalist.org/photos/66778072/medium.jpeg,,"","While the photo does not show it, this bird was a very vibrant red. There were two other individuals flying around with it, and one was strangely red-brown. Perhaps a juvenile or the other sex. ",3,0,false,,Northern Cardinal,Cardinalis cardinalis,Красный кардинал,Aves,9083
42204960,375ce753-d2a7-4952-8ca5-2082ab9bd1bb,2020/04/12 7:21 AM EDT,2020-04-12,2020-04-12 11:21:00 UTC,Eastern Time (US & Canada),139364,andywilson,Andy Wilson,2020-04-15 00:25:54 UTC,2022-12-06 03:24:08 UTC,research,CC0,https://www.inaturalist.org/observations/42204960,https://inaturalist-open-data.s3.amazonaws.com/photos/66999078/medium.jpeg,,"",,5,0,false,,Northern Cardinal,Cardinalis cardinalis,Красный кардинал,Aves,9083
42268026,b8ca891a-b54b-44b5-a615-34cb601cda91,2020/04/15 4:27 PM HST,2020-04-15,2020-04-16 02:27:00 UTC,Hawaii,2138871,jennifer_clifford,"",2020-04-15 21:39:04 UTC,2020-04-17 15:38:15 UTC,research,CC-BY-NC,https://www.inaturalist.org/observations/42268026,https://inaturalist-open-data.s3.amazonaws.com/photos/67103890/medium.jpeg,,"",,1,0,false,,Northern Cardinal,Cardinalis cardinalis,Красный кардинал,Aves,9083
42375530,9a676e0e-5106-406d-856d-128a0b961a0a,Tue Dec 12 2017 13:36:49 GMT-0500 (EST),2017-12-12,2017-12-12 18:36:49 UTC,Eastern Time (US & Canada),1662525,jafu6,,2020-04-17 06:54:29 UTC,2020-04-29 04:12:24 UTC,research,CC-BY-NC,https://www.inaturalist.org/observations/42375530,https://inaturalist-open-data.s3.amazonaws.com/photos/67281152/medium.jpg,,"",,2,0,false,3,Northern Cardinal,Cardinalis cardinalis,Красный кардинал,Aves,9083
42485836,a976d3bd-6fd4-44c1-ae6f-bd9bbf8933db,2020-04-11 10:30:00 AM EDT,2020-04-11,2020-04-11 14:30:00 UTC,Eastern Time (US & Canada),2772143,rmccphotography,"",2020-04-18 16:53:16 UTC,2020-04-18 20:13:25 UTC,research,,https://www.inaturalist.org/observations/42485836,https://static.inaturalist.org/photos/67460963/medium.jpeg,,"","Pair of Cardinals at our feeder sharing seeds. Male and female. Do not know if they are mates but do call to each other frequently. Have not observed the female collecting nest materials.
",1,0,false,2,Northern Cardinal,Cardinalis cardinalis,Красный кардинал,Aves,9083
42601781,0f551af6-59d4-4160-92c3-2b4cbc31bb0d,2020/04/19 2:22 PM HST,2020-04-19,2020-04-20 00:22:00 UTC,Hawaii,2138871,jennifer_clifford,"",2020-04-19 19:52:30 UTC,2020-05-16 15:55:05 UTC,research,CC-BY-NC,https://www.inaturalist.org/observations/42601781,https://inaturalist-open-data.s3.amazonaws.com/photos/67647764/medium.jpeg,,"",EwA Spring P5,3,0,false,,Northern Cardinal,Cardinalis cardinalis,Красный кардинал,Aves,9083
43099406,300720f3-f571-484c-a324-8279c3c2d907,2020-04-24 11:26:09 AM EDT,2020-04-24,2020-04-24 15:26:09 UTC,Eastern Time (US & Canada),183134,ljledford,Lillian Ledford,2020-04-24 15:52:55 UTC,2021-07-15 03:52:43 UTC,research,CC-BY-NC,https://www.inaturalist.org/observations/43099406,https://inaturalist-open-data.s3.amazonaws.com/photos/68424355/medium.jpeg,,"",,3,0,false,2,Northern Cardinal,Cardinalis cardinalis,Красный кардинал,Aves,9083
43308891,9de99f07-1b15-494f-81f6-14b0960bdea4,Fri Apr 24 2020 16:15:02 GMT-0400 (EDT),2020-04-24,2020-04-24 20:15:02 UTC,Eastern Time (US & Canada),230897,bcross14,,2020-04-25 12:52:48 UTC,2021-03-02 00:36:10 UTC,research,CC-BY-NC,https://www.inaturalist.org/observations/43308891,https://inaturalist-open-data.s3.amazonaws.com/photos/68737279/medium.jpg,,"",,2,0,false,3,Northern Cardinal,Cardinalis cardinalis,Красный кардинал,Aves,9083
43337551,a25c5e03-24cc-400c-b537-3eaad68e5ea7,2020/04/25 8:32 AM UTC,2020-04-25,,UTC,1594311,jdelaneynp,,2020-04-25 15:00:53 UTC,2020-05-02 00:51:33 UTC,research,CC-BY-NC,https://www.inaturalist.org/observations/43337551,https://inaturalist-open-data.s3.amazonaws.com/photos/68776350/medium.jpeg,,"","",1,0,false,,Northern Cardinal,Cardinalis cardinalis,Красный кардинал,Aves,9083
43606499,31110a44-8c7b-498b-9b0c-6e09a17b013f,Sun Apr 26 2020 09:20:35 GMT-0400 (EDT),2020-04-26,2020-04-26 13:20:35 UTC,Eastern Time (US & Canada),2736212,kittie11768,,2020-04-26 13:22:33 UTC,2024-11-29 01:59:42 UTC,research,CC-BY-NC,https://www.inaturalist.org/observations/43606499,https://inaturalist-open-data.s3.amazonaws.com/photos/69179692/medium.jpg,,"",,3,0,false,3,Northern Cardinal,Cardinalis cardinalis,Красный кардинал,Aves,9083
43690241,6c1673f9-1ae2-4627-bf51-329342d40e6a,Sun Apr 26 2020 14:36:58 GMT-0400 (EDT),2020-04-26,2020-04-26 18:36:58 UTC,Eastern Time (US & Canada),70923,dan_albrechtmallinger,Dan A-M,2020-04-26 18:40:10 UTC,2023-01-03 03:28:54 UTC,research,CC-BY-NC,https://www.inaturalist.org/observations/43690241,https://inaturalist-open-data.s3.amazonaws.com/photos/69301587/medium.jpg,,"","One egg seen at 6:30am. Observed female Northern Cardinal visiting the nest at 6:50am, after which two eggs were observed. Approaches the nest to photograph in the afternoon when I was certain the parents were not present to minimize disturbance.",1,0,false,3,Northern Cardinal,Cardinalis cardinalis,Красный кардинал,Aves,9083
44103869,39b612fc-4eb9-42d7-9470-ac0c15c18682,2020-04-28T05:44:32-04:00,2020-04-28,2020-04-28 09:44:32 UTC,Eastern Time (US & Canada),1869844,dctphoto,dctphoto,2020-04-28 09:46:27 UTC,2023-06-04 03:27:59 UTC,research,CC0,https://www.inaturalist.org/observations/44103869,https://inaturalist-open-data.s3.amazonaws.com/photos/69928845/medium.jpeg,,"",,2,0,false,333,Northern Cardinal,Cardinalis cardinalis,Красный кардинал,Aves,9083
44103958,1d072a48-3651-41ce-83da-da736a36d4f5,2020-04-28T05:45:03-04:00,2020-04-28,2020-04-28 09:45:03 UTC,Eastern Time (US & Canada),1869844,dctphoto,dctphoto,2020-04-28 09:47:32 UTC,2022-02-16 20:13:45 UTC,research,CC0,https://www.inaturalist.org/observations/44103958,https://inaturalist-open-data.s3.amazonaws.com/photos/69928947/medium.jpeg,,"",,2,0,false,333,Northern Cardinal,Cardinalis cardinalis,Красный кардинал,Aves,9083
44363636,147b8d59-c324-4460-b9c8-b63949d2a8e4,2020/04/29 1:45 PM EDT,2020-04-29,2020-04-29 17:45:00 UTC,Eastern Time (US & Canada),298979,akilee,Claire O'Neill,2020-04-30 13:24:58 UTC,2020-05-16 15:58:27 UTC,research,CC-BY-NC,https://www.inaturalist.org/observations/44363636,https://inaturalist-open-data.s3.amazonaws.com/photos/70338176/medium.jpeg,,"",,3,0,false,,Northern Cardinal,Cardinalis cardinalis,Красный кардинал,Aves,9083
44381710,47bed1ae-238a-48ed-9103-7b0a521a8853,2020/04/27 12:43 PM EDT,2020-04-27,2020-04-27 16:43:00 UTC,Eastern Time (US & Canada),2882400,eddiebrock999,"",2020-04-30 16:52:40 UTC,2020-04-30 18:43:14 UTC,research,CC-BY-NC,https://www.inaturalist.org/observations/44381710,https://inaturalist-open-data.s3.amazonaws.com/photos/70366395/medium.jpeg,,"",female sitting on nest made in rhododendron,1,0,false,,Northern Cardinal,Cardinalis cardinalis,Красный кардинал,Aves,9083
44778402,0dbe3a10-9195-4474-910f-f7b5fbc7d84f,Sun May 03 2020 15:26:22 GMT-0400 (EDT),2020-05-03,2020-05-03 19:26:22 UTC,Eastern Time (US & Canada),762215,tegabrain,"",2020-05-03 19:29:52 UTC,2020-07-01 00:37:02 UTC,research,,https://www.inaturalist.org/observations/44778402,https://static.inaturalist.org/photos/70986244/medium.jpg,,"",,1,0,false,3,Northern Cardinal,Cardinalis cardinalis,Красный кардинал,Aves,9083
44886919,8152debf-8c05-4715-bed2-544f642d50dc,2020/05/04 12:02 PM EDT,2020-05-04,2020-05-04 16:02:00 UTC,Eastern Time (US & Canada),1655418,darxus,"",2020-05-04 16:19:39 UTC,2020-05-12 02:40:44 UTC,research,CC-BY-NC,https://www.inaturalist.org/observations/44886919,https://inaturalist-open-data.s3.amazonaws.com/photos/71158582/medium.jpeg,,"","Shutter Speed: 1/500
",2,0,false,,Northern Cardinal,Cardinalis cardinalis,Красный кардинал,Aves,9083
44946667,5277a91f-565b-498e-b42f-f68f708bb7ed,2020/05/04 4:25 PM EDT,2020-05-04,2020-05-04 20:25:00 UTC,Eastern Time (US & Canada),293111,mayacrow,Maya,2020-05-05 03:37:57 UTC,2020-06-01 20:51:03 UTC,research,CC-BY-NC,https://www.inaturalist.org/observations/44946667,https://inaturalist-open-data.s3.amazonaws.com/photos/71256158/medium.jpg,,"",,2,0,false,,Northern Cardinal,Cardinalis cardinalis,Красный кардинал,Aves,9083
45040079,c9d3fcd6-2826-41f3-b91c-5765937fd30d,2020/05/05 6:06 PM EDT,2020-05-05,2020-05-05 22:06:00 UTC,Eastern Time (US & Canada),1655418,darxus,"",2020-05-06 02:35:27 UTC,2020-05-16 17:12:56 UTC,research,CC-BY-NC,https://www.inaturalist.org/observations/45040079,https://inaturalist-open-data.s3.amazonaws.com/photos/71408058/medium.jpeg,,"",,2,0,false,,Northern Cardinal,Cardinalis cardinalis,Красный кардинал,Aves,9083
45298432,3df77177-b99d-466a-84af-d40f19ff16b9,2020/04/26 10:47 AM EDT,2020-04-26,2020-04-26 14:47:00 UTC,Eastern Time (US & Canada),2928372,coyotefan,CoyoteFan,2020-05-08 20:00:11 UTC,2020-05-22 14:42:52 UTC,research,CC-BY-NC,https://www.inaturalist.org/observations/45298432,https://inaturalist-open-data.s3.amazonaws.com/photos/71823371/medium.jpeg,,"","",1,0,false,,Northern Cardinal,Cardinalis cardinalis,Красный кардинал,Aves,9083
45315560,7dc8cb76-ad16-4954-9fe6-f00076c45fd4,2020/05/08 1:58 PM EDT,2020-05-08,2020-05-08 17:58:00 UTC,Eastern Time (US & Canada),298979,akilee,Claire O'Neill,2020-05-08 23:02:57 UTC,2020-06-30 02:42:52 UTC,research,CC-BY-NC,https://www.inaturalist.org/observations/45315560,https://inaturalist-open-data.s3.amazonaws.com/photos/71851259/medium.jpeg,,"",,3,0,false,,Northern Cardinal,Cardinalis cardinalis,Красный кардинал,Aves,9083
46262826,069a7b1f-c944-49ac-af01-79ff19af3876,2020/05/16 10:36 PM EDT,2020-05-16,2020-05-17 02:36:00 UTC,Eastern Time (US & Canada),569319,sbwitzig,Stephen Witzig,2020-05-17 17:33:08 UTC,2021-07-21 22:26:32 UTC,research,CC-BY-NC,https://www.inaturalist.org/observations/46262826,https://inaturalist-open-data.s3.amazonaws.com/photos/73370212/medium.jpeg,,"",Found in my backyard.,2,0,false,,Northern Cardinal,Cardinalis cardinalis,Красный кардинал,Aves,9083
46285100,123cf393-b4f3-4f6e-8e92-09da9285affe,2020/05/16 3:31 PM EDT,2020-05-16,2020-05-16 19:31:00 UTC,Eastern Time (US & Canada),1770219,archtick,"",2020-05-17 19:57:20 UTC,2020-06-27 17:11:14 UTC,research,CC-BY-NC,https://www.inaturalist.org/observations/46285100,https://inaturalist-open-data.s3.amazonaws.com/photos/73406114/medium.jpg,,"",,3,0,false,,Northern Cardinal,Cardinalis cardinalis,Красный кардинал,Aves,9083
46502575,47ee8dbc-0311-4633-a4dd-85b982ca382e,Sun May 17 2020 11:21:10 GMT-0400 (EDT),2020-05-17,2020-05-17 15:21:10 UTC,Eastern Time (US & Canada),2847544,nature71980,,2020-05-19 16:48:16 UTC,2020-06-27 01:27:01 UTC,research,CC-BY-NC,https://www.inaturalist.org/observations/46502575,https://inaturalist-open-data.s3.amazonaws.com/photos/73756167/medium.jpg,,"",,3,0,false,3,Northern Cardinal,Cardinalis cardinalis,Красный кардинал,Aves,9083
46513066,ecbbe239-a44e-4985-a2fa-fe12af12fdee,Wed Jun 20 2007 12:31:41 GMT-0400 (EDT),2007-06-20,2007-06-20 16:31:41 UTC,Eastern Time (US & Canada),1725032,jmichaelrowe,,2020-05-19 18:26:01 UTC,2020-05-31 23:10:12 UTC,research,CC-BY-NC,https://www.inaturalist.org/observations/46513066,https://inaturalist-open-data.s3.amazonaws.com/photos/73772319/medium.jpg,,"",This bird is molting and has a black head as a consequence. ,1,0,false,3,Northern Cardinal,Cardinalis cardinalis,Красный кардинал,Aves,9083
47363022,0c2dc4c1-0a24-4e95-a67e-0575614d30d7,2020/03/03 10:42 AM EST,2020-03-03,2020-03-03 15:42:00 UTC,Eastern Time (US & Canada),3035062,dsegre,Daniel Segrè,2020-05-26 03:12:12 UTC,2020-05-26 19:56:38 UTC,research,,https://www.inaturalist.org/observations/47363022,https://static.inaturalist.org/photos/75118440/medium.jpg,,"",,1,0,false,,Northern Cardinal,Cardinalis cardinalis,Красный кардинал,Aves,9083
47391962,6769af04-f54d-4a7a-9ede-f02eebf7a453,2020/05/26 6:34 AM EDT,2020-05-26,2020-05-26 10:34:00 UTC,Eastern Time (US & Canada),792319,djringer,David Jeffrey Ringer,2020-05-26 12:50:47 UTC,2024-08-17 13:28:22 UTC,research,CC-BY-NC,https://www.inaturalist.org/observations/47391962,https://inaturalist-open-data.s3.amazonaws.com/photos/75164627/medium.jpg,https://static.inaturalist.org/sounds/96621.wav?1590497359,"",Female singing (audio attached),1,0,false,,Northern Cardinal,Cardinalis cardinalis,Красный кардинал,Aves,9083
47535735,c2a52bee-ed34-4bcd-a1fe-916fd33d81a9,2020/05/26 5:30 PM EDT,2020-05-26,2020-05-26 21:30:00 UTC,Eastern Time (US & Canada),2788422,chickenparmesan24,Tyler Ekholm,2020-05-27 18:09:58 UTC,2020-06-08 00:56:19 UTC,research,CC-BY,https://www.inaturalist.org/observations/47535735,https://inaturalist-open-data.s3.amazonaws.com/photos/75394985/medium.jpeg,,"",,1,0,false,,Northern Cardinal,Cardinalis cardinalis,Красный кардинал,Aves,9083
47638268,3261ef25-2405-430e-99d3-1dfad5275b5d,2018/07/06 6:51 PM HST,2018-07-06,2018-07-07 04:51:00 UTC,Hawaii,1731209,bughaven,Anne Boyd,2020-05-28 17:02:14 UTC,2020-12-15 14:41:59 UTC,research,,https://www.inaturalist.org/observations/47638268,https://inaturalist-open-data.s3.amazonaws.com/photos/75560536/medium.jpg,,"","",1,0,false,,Northern Cardinal,Cardinalis cardinalis,Красный кардинал,Aves,9083
47893977,d2a7246c-fad7-4418-9e67-c5e4ae35912e,Sat May 30 2020 16:09:42 GMT-0400 (EDT),2020-05-30,2020-05-30 20:09:42 UTC,Eastern Time (US & Canada),2587017,glendagale,,2020-05-30 20:30:23 UTC,2021-09-15 02:23:26 UTC,research,CC-BY-NC,https://www.inaturalist.org/observations/47893977,https://inaturalist-open-data.s3.amazonaws.com/photos/75972624/medium.jpg,,"",,3,0,false,3,Northern Cardinal,Cardinalis cardinalis,Красный кардинал,Aves,9083
48472925,36afeed4-7def-4ba8-9981-1df9bb0b7a22,Thu Jun 04 2020 16:44:19 GMT-0400 (EDT),2020-06-04,2020-06-04 20:44:19 UTC,Eastern Time (US & Canada),1740104,jeffrey_reyes_3gw_s20,"",2020-06-04 20:52:17 UTC,2020-06-06 22:51:34 UTC,research,CC-BY-NC,https://www.inaturalist.org/observations/48472925,https://inaturalist-open-data.s3.amazonaws.com/photos/76916475/medium.jpg,,"",,3,0,false,3,Northern Cardinal,Cardinalis cardinalis,Красный кардинал,Aves,9083
49160291,f2b16b91-9aee-4e40-b261-cfb9bca72f42,2020/01/24 11:07 AM EST,2020-01-24,2020-01-24 16:07:00 UTC,Eastern Time (US & Canada),106080,rosymaplemoths4,"",2020-06-10 20:39:25 UTC,2021-12-11 02:12:52 UTC,research,CC-BY-NC,https://www.inaturalist.org/observations/49160291,https://inaturalist-open-data.s3.amazonaws.com/photos/78033799/medium.jpg,,"",,1,0,false,,Northern Cardinal,Cardinalis cardinalis,Красный кардинал,Aves,9083
49270306,691dfb6a-d57a-4b2a-9b4d-979a05d5d9d6,2020-06-11 6:04:07 PM EDT,2020-06-11,2020-06-11 22:04:07 UTC,Eastern Time (US & Canada),2242853,ali_interprets,Ali Campbell,2020-06-11 22:05:16 UTC,2023-07-07 20:19:41 UTC,research,CC-BY,https://www.inaturalist.org/observations/49270306,https://inaturalist-open-data.s3.amazonaws.com/photos/78211052/medium.jpeg,,"",Car strike.,4,0,false,2,Northern Cardinal,Cardinalis cardinalis,Красный кардинал,Aves,9083
50724319,c0449ad7-5718-4a25-8748-c8155e628f3e,2020/06/23 10:13 AM EDT,2020-06-23,2020-06-23 14:13:00 UTC,Eastern Time (US & Canada),32591,blitzen1986,"",2020-06-24 00:10:22 UTC,2020-06-24 02:40:37 UTC,research,CC-BY-NC,https://www.inaturalist.org/observations/50724319,https://inaturalist-open-data.s3.amazonaws.com/photos/80561115/medium.jpeg,,"",,2,0,false,,Northern Cardinal,Cardinalis cardinalis,Красный кардинал,Aves,9083
52536847,2738e6a7-89f5-482d-96e6-96d39dd5bee5,2020/02/19 12:34 PM EST,2020-02-19,2020-02-19 17:34:00 UTC,Eastern Time (US & Canada),2734011,christine0791,Christine Fisher,2020-07-10 02:11:54 UTC,2020-08-03 23:16:18 UTC,research,,https://www.inaturalist.org/observations/52536847,https://static.inaturalist.org/photos/83520498/medium.jpeg,,"","",2,0,false,,Northern Cardinal,Cardinalis cardinalis,Красный кардинал,Aves,9083
52859807,981a0132-e899-44a4-b1a8-e2a81d5d504b,2020/06/25 12:53 PM EDT,2020-06-25,2020-06-25 16:53:00 UTC,Eastern Time (US & Canada),169388,dmhaan,Damon Haan,2020-07-12 20:55:50 UTC,2025-12-11 15:17:14 UTC,research,,https://www.inaturalist.org/observations/52859807,https://static.inaturalist.org/photos/84042832/medium.jpg,,"","",2,0,false,,Northern Cardinal,Cardinalis cardinalis,Красный кардинал,Aves,9083
52859814,cc072884-5772-49ea-90dc-087ea63ad92e,2020/06/28 9:19 AM EDT,2020-06-28,2020-06-28 13:19:00 UTC,Eastern Time (US & Canada),169388,dmhaan,Damon Haan,2020-07-12 20:55:55 UTC,2025-06-01 07:10:59 UTC,research,,https://www.inaturalist.org/observations/52859814,https://static.inaturalist.org/photos/84043461/medium.jpg,,"",,2,0,false,,Northern Cardinal,Cardinalis cardinalis,Красный кардинал,Aves,9083
52947312,a38e1b5f-61ae-4aa0-9304-ffc22898a364,Mon Jul 13 2020 11:47:58 GMT-0400 (EDT),2020-07-13,2020-07-13 15:47:58 UTC,Eastern Time (US & Canada),3066148,kenwolslegel,Ken,2020-07-13 15:48:51 UTC,2020-08-04 13:19:36 UTC,research,CC-BY-NC,https://www.inaturalist.org/observations/52947312,https://inaturalist-open-data.s3.amazonaws.com/photos/84194572/medium.jpg,,"",,2,0,false,3,Northern Cardinal,Cardinalis cardinalis,Красный кардинал,Aves,9083
53669407,3bdac9d4-5823-4d38-95bb-3f5e75c957a8,2020-07-19 7:39:03 PM EDT,2020-07-19,2020-07-19 23:39:03 UTC,Eastern Time (US & Canada),3239054,tauntonguy02780,"",2020-07-19 23:41:19 UTC,2020-08-21 16:28:09 UTC,research,CC-BY-NC,https://www.inaturalist.org/observations/53669407,https://inaturalist-open-data.s3.amazonaws.com/photos/85369639/medium.jpeg,,"",,4,0,false,2,Northern Cardinal,Cardinalis cardinalis,Красный кардинал,Aves,9083
53823873,2cb9f21d-203b-4366-908f-e6d937c33913,Tue Jul 21 2020 06:08:19 GMT-0400 (EDT),2020-07-21,2020-07-21 10:08:19 UTC,Eastern Time (US & Canada),3042871,peoniesnpothos,Kortney Bachman,2020-07-21 10:09:20 UTC,2020-07-30 14:05:43 UTC,research,CC-BY-NC,https://www.inaturalist.org/observations/53823873,https://inaturalist-open-data.s3.amazonaws.com/photos/85620290/medium.jpg,,"",,2,0,false,3,Northern Cardinal,Cardinalis cardinalis,Красный кардинал,Aves,9083
53952660,d0778184-e13d-4abd-80e0-3608971a92a1,2020/07/22 9:54 AM EDT,2020-07-22,2020-07-22 13:54:00 UTC,America/New_York,3251367,cgb25,"",2020-07-22 14:51:26 UTC,2020-07-22 20:52:26 UTC,research,,https://www.inaturalist.org/observations/53952660,https://static.inaturalist.org/photos/85825287/medium.jpeg,,"","",1,0,false,,Northern Cardinal,Cardinalis cardinalis,Красный кардинал,Aves,9083
54657893,fe032062-0351-4f94-9fbe-2cac9bc33e4c,Mon May 11 2020 08:15:41 GMT-0400 (EDT),2020-05-11,2020-05-11 12:15:41 UTC,Eastern Time (US & Canada),920250,spritelink,Janet Wooten,2020-07-28 18:44:16 UTC,2021-04-11 13:06:14 UTC,research,,https://www.inaturalist.org/observations/54657893,https://static.inaturalist.org/photos/86982402/medium.jpg,,"",One egg on a nest that was ultimately unsuccessful ,1,0,false,3,Northern Cardinal,Cardinalis cardinalis,Красный кардинал,Aves,9083
55159456,122948f3-804a-4485-8e78-9d206bdf83dc,2020/08/02 10:37 AM EDT,2020-08-02,2020-08-02 14:37:00 UTC,Eastern Time (US & Canada),710281,ajayr,Ajay,2020-08-02 15:04:39 UTC,2020-08-05 14:56:44 UTC,research,CC-BY-NC,https://www.inaturalist.org/observations/55159456,https://static.inaturalist.org/photos/87813206/medium.jpeg,,"","Balding Cardinal

 I believe it is the same (male) individual in these observations. https://www.inaturalist.org/observations?d1=2020-03-01&d2=2020-08-02&place_id=any&subview=grid&taxon_id=9083&user_id=ajayr&verifiable=any

May 2 with full crown https://www.inaturalist.org/observations/44647175

May 24 begins molting https://www.inaturalist.org/observations/47141250

June 8 some more molting https://www.inaturalist.org/observations/48974991

June 22 beginning to look weird https://www.inaturalist.org/observations/50938253
",2,0,false,,Northern Cardinal,Cardinalis cardinalis,Красный кардинал,Aves,9083
55462043,b1bab437-4166-4e71-8f2a-67b8fbf2f1d3,Thu Jul 30 2020 12:15:45 GMT-0400 (EDT),2020-07-30,2020-07-30 16:15:45 UTC,Eastern Time (US & Canada),9432,ashley_bradford,Ashley M Bradford,2020-08-05 04:30:38 UTC,2024-10-19 15:11:21 UTC,research,CC-BY-NC,https://www.inaturalist.org/observations/55462043,https://inaturalist-open-data.s3.amazonaws.com/photos/88317253/medium.jpg,,"",,1,0,false,3,Northern Cardinal,Cardinalis cardinalis,Красный кардинал,Aves,9083
55916034,fb597594-2e84-4d3d-82f2-185d11d1edc5,2020-08-09 10:46:00 AM EDT,2020-08-09,2020-08-09 14:46:00 UTC,Eastern Time (US & Canada),3239054,tauntonguy02780,"",2020-08-09 14:50:23 UTC,2020-09-25 15:24:53 UTC,research,CC-BY-NC,https://www.inaturalist.org/observations/55916034,https://inaturalist-open-data.s3.amazonaws.com/photos/89067439/medium.jpeg,,"",,4,0,false,2,Northern Cardinal,Cardinalis cardinalis,Красный кардинал,Aves,9083
56233411,0444f376-2701-48df-b720-8b20e3fb9357,Tue Jun 30 2020 16:10:16 GMT-0400 (EDT),2020-06-30,2020-06-30 20:10:16 UTC,Eastern Time (US & Canada),3455527,isaaccervantessandoval,Isaac Cervantes-Sandoval,2020-08-12 16:12:01 UTC,2020-09-25 15:25:32 UTC,research,,https://www.inaturalist.org/observations/56233411,https://static.inaturalist.org/photos/89599004/medium.jpg,,"",,3,0,false,3,Cardenal rojo,Cardinalis cardinalis,Красный кардинал,Aves,9083
56310285,fd421383-0962-49fa-9e04-6f2964f61ade,2020-08-12T10:44:22-04:00,2020-08-12,2020-08-12 14:44:22 UTC,UTC,3457392,cathyduffy,,2020-08-13 11:47:58 UTC,2022-06-19 21:39:47 UTC,research,CC-BY-NC,https://www.inaturalist.org/observations/56310285,https://inaturalist-open-data.s3.amazonaws.com/photos/89726961/medium.jpeg,,"",,5,1,false,333,Northern Cardinal,Cardinalis cardinalis,Красный кардинал,Aves,9083
56476578,3cfd4710-0266-4b7d-9ef6-6e855d218fa4,2020/08/11 11:33 AM EDT,2020-08-11,2020-08-11 15:33:00 UTC,America/New_York,3251367,cgb25,"",2020-08-15 02:40:21 UTC,2020-08-17 05:59:15 UTC,research,,https://www.inaturalist.org/observations/56476578,https://static.inaturalist.org/photos/90005345/medium.jpeg,,"","",3,0,false,,Northern Cardinal,Cardinalis cardinalis,Красный кардинал,Aves,9083
58253516,026bac91-3833-424d-95d6-0e5768cd81e3,Sat Aug 29 2020 14:20:57 GMT-0400 (EDT),2020-08-29,2020-08-29 18:20:57 UTC,Eastern Time (US & Canada),3530133,mshipman2,,2020-09-01 16:20:23 UTC,2025-12-15 13:02:39 UTC,research,CC-BY-NC,https://www.inaturalist.org/observations/58253516,https://inaturalist-open-data.s3.amazonaws.com/photos/92985678/medium.jpg,,"",,3,0,false,3,Northern Cardinal,Cardinalis cardinalis,Красный кардинал,Aves,9083
59354710,01f8f50b-87dc-4477-88a7-9dd7e7637f37,2020/08/15 9:58 AM UTC,2020-08-15,,UTC,3347386,jm1234,,2020-09-12 19:17:13 UTC,2025-12-18 00:27:32 UTC,research,,https://www.inaturalist.org/observations/59354710,https://static.inaturalist.org/photos/94830460/medium.jpeg,,"",,2,0,false,,Northern Cardinal,Cardinalis cardinalis,Красный кардинал,Aves,9083
59790499,9c21f741-925c-40c1-a58f-564b54ad5e65,Tue Sep 15 2020 08:21:12 GMT-0400 (EDT),2020-09-15,2020-09-15 12:21:12 UTC,Eastern Time (US & Canada),2847544,nature71980,,2020-09-16 16:57:58 UTC,2025-12-20 02:20:54 UTC,research,CC-BY-NC,https://www.inaturalist.org/observations/59790499,https://inaturalist-open-data.s3.amazonaws.com/photos/95560202/medium.jpg,,"",,3,0,false,3,Northern Cardinal,Cardinalis cardinalis,Красный кардинал,Aves,9083
60268434,eae1d427-15b7-4ada-990a-40c91952db27,Tue Sep 08 2020 11:54:04 GMT-0400 (EDT),2020-09-08,2020-09-08 15:54:04 UTC,Eastern Time (US & Canada),3557704,hekehl32,,2020-09-21 00:36:57 UTC,2020-09-29 20:33:49 UTC,research,CC-BY-NC,https://www.inaturalist.org/observations/60268434,https://inaturalist-open-data.s3.amazonaws.com/photos/96353233/medium.jpg,,"",,3,0,false,3,Northern Cardinal,Cardinalis cardinalis,Красный кардинал,Aves,9083
60281966,5c268f7f-d837-4419-a123-467bda1e279b,2020/09/20 3:10 PM EDT,2020-09-20,2020-09-20 19:10:00 UTC,Eastern Time (US & Canada),1685890,adventurehiker,"",2020-09-21 02:55:00 UTC,2020-09-29 20:14:03 UTC,research,,https://www.inaturalist.org/observations/60281966,https://static.inaturalist.org/photos/96376714/medium.jpg,,"",Possibly immature northern cardinal but not sure,3,0,false,,Northern Cardinal,Cardinalis cardinalis,Красный кардинал,Aves,9083
60481636,8bd0ea14-9bc8-452f-a8fe-c7c365bb4100,2020/09/22 10:45 AM EDT,2020-09-22,2020-09-22 14:45:00 UTC,America/New_York,3251367,cgb25,"",2020-09-23 01:51:54 UTC,2020-09-29 20:30:59 UTC,research,,https://www.inaturalist.org/observations/60481636,https://static.inaturalist.org/photos/96716646/medium.jpeg,,"","",2,0,false,,Northern Cardinal,Cardinalis cardinalis,Красный кардинал,Aves,9083
61348625,e9313ea2-fcd9-4e03-9f69-b18e83462370,2020/09/27 12:13 PM EDT,2020-09-27,2020-09-27 16:13:00 UTC,Eastern Time (US & Canada),887197,jamesspitznas,James Spitznas,2020-09-30 23:26:13 UTC,2020-10-07 20:51:26 UTC,research,,https://www.inaturalist.org/observations/61348625,https://static.inaturalist.org/photos/98159888/medium.jpg,,"*Descriptors, AuLux, Fauquier, GoldFeatherPhoto, Location, Sky Meadows, Virginia",,2,0,false,,Northern Cardinal,Cardinalis cardinalis,Красный кардинал,Aves,9083
62102645,6fcb397c-1edc-4a2e-a924-a7909d02906b,2015/01/30 9:58 PM CET,2015-01-30,2015-01-30 20:58:00 UTC,Berlin,3181673,waldier,Walter Welss,2020-10-09 11:56:28 UTC,2020-10-25 17:48:18 UTC,research,CC-BY-NC,https://www.inaturalist.org/observations/62102645,https://inaturalist-open-data.s3.amazonaws.com/photos/99459559/medium.jpeg,,"",,3,0,false,,Northern Cardinal,Cardinalis cardinalis,Красный кардинал,Aves,9083
63170694,0900e4f6-dec9-47e2-a3e8-52a64f41140d,2020/10/02 3:37 PM UTC,2020-10-02,2020-10-02 15:37:00 UTC,UTC,1479089,tmhikes,tmck,2020-10-21 15:41:49 UTC,2020-10-25 17:33:29 UTC,research,CC-BY-NC,https://www.inaturalist.org/observations/63170694,https://inaturalist-open-data.s3.amazonaws.com/photos/101338859/medium.jpg,,"",,2,0,false,,Northern Cardinal,Cardinalis cardinalis,Красный кардинал,Aves,9083
63286849,4691144e-367f-4bc3-ab0a-390b94bb5919,2020-10-22 08:33:20,2020-10-22,2020-10-22 12:33:20 UTC,Eastern Time (US & Canada),3220306,parsingphase,"",2020-10-23 00:55:28 UTC,2020-12-06 00:57:14 UTC,research,CC-BY-NC,https://www.inaturalist.org/observations/63286849,https://inaturalist-open-data.s3.amazonaws.com/photos/101542959/medium.jpg,,"northern cardinal, Cambridge, Massachusetts, USA","",5,0,false,,Northern Cardinal,Cardinalis cardinalis,Красный кардинал,Aves,9083
63997494,d830c4b8-4de1-4a5b-b7aa-27c3d254a7f0,2020/10/30 4:52 PM EDT,2020-10-30,2020-10-30 20:52:00 UTC,Eastern Time (US & Canada),254559,tmurray74,Tom Murray,2020-11-01 22:40:47 UTC,2020-12-06 00:35:54 UTC,research,CC-BY-NC,https://www.inaturalist.org/observations/63997494,https://inaturalist-open-data.s3.amazonaws.com/photos/102807758/medium.jpeg,,"",,3,0,false,,Northern Cardinal,Cardinalis cardinalis,Красный кардинал,Aves,9083
64766708,7589955c-d2cf-4268-86b0-fdba7c1402db,2020-06-12 5:37:19 PM EDT,2020-06-12,2020-06-12 21:37:19 UTC,Eastern Time (US & Canada),3835456,nichole_steponavich,Nichole Steponavich,2020-11-13 02:18:51 UTC,2020-12-03 02:20:26 UTC,research,,https://www.inaturalist.org/observations/64766708,https://static.inaturalist.org/photos/104182394/medium.jpeg,,"",Cardinal fledgling seen on lilac,2,0,false,2,Northern Cardinal,Cardinalis cardinalis,Красный кардинал,Aves,9083
66803899,881ce0c9-1fba-4c74-a479-7679aaf52f6b,2020-12-19 3:17:29 PM EST,2020-12-19,2020-12-19 20:17:29 UTC,Eastern Time (US & Canada),3122679,stephenmichael,Stephen Michael,2020-12-20 01:40:31 UTC,2020-12-27 20:36:12 UTC,research,,https://www.inaturalist.org/observations/66803899,https://static.inaturalist.org/photos/107776427/medium.jpeg,,"",,2,0,false,2,Northern Cardinal,Cardinalis cardinalis,Красный кардинал,Aves,9083
67420571,15e73ef0-9f53-466c-9f8e-2d9bdd4d01cf,2021/01/01 11:45 AM EST,2021-01-01,2021-01-01 16:45:00 UTC,America/New_York,3515205,wigglew0rm,Hilary Boscoe,2021-01-01 21:46:55 UTC,2021-01-02 18:32:46 UTC,research,CC-BY-NC,https://www.inaturalist.org/observations/67420571,https://inaturalist-open-data.s3.amazonaws.com/photos/108924633/medium.jpeg,,"",,2,0,false,,Northern Cardinal,Cardinalis cardinalis,Красный кардинал,Aves,9083
67721266,f4784210-5b56-4e40-9ac8-60fbfdcc6616,Thu Jan 07 2021 10:57:41 GMT-0500 (EST),2021-01-07,2021-01-07 15:57:41 UTC,Eastern Time (US & Canada),142840,dwiebe,Douglas Wiebe,2021-01-07 21:28:24 UTC,2021-04-25 18:50:07 UTC,research,CC-BY-NC,https://www.inaturalist.org/observations/67721266,https://inaturalist-open-data.s3.amazonaws.com/photos/109489220/medium.jpg,,"","",2,0,false,3,Northern Cardinal,Cardinalis cardinalis,Красный кардинал,Aves,9083
68010000,4f0ea537-058b-48bb-9c49-8b784641177b,Wed Jan 13 2021 07:45:00 GMT-0500 (EST),2021-01-13,2021-01-13 12:45:00 UTC,Eastern Time (US & Canada),2895560,emcgrath77,,2021-01-13 17:11:55 UTC,2021-01-27 12:57:39 UTC,research,CC-BY-NC,https://www.inaturalist.org/observations/68010000,https://inaturalist-open-data.s3.amazonaws.com/photos/110025165/medium.jpg,,"","",3,0,false,3,Красный кардинал,Cardinalis cardinalis,Красный кардинал,Aves,9083
68072376,413585d6-2336-4030-99f2-451e07adf273,2021/01/14 12:49 PM EST,2021-01-14,2021-01-14 17:49:00 UTC,Eastern Time (US & Canada),20400,matthew_wills,"",2021-01-14 21:50:03 UTC,2021-04-03 01:38:02 UTC,research,CC-BY-NC,https://www.inaturalist.org/observations/68072376,https://inaturalist-open-data.s3.amazonaws.com/photos/110137472/medium.jpeg,,"","",3,0,false,,Northern Cardinal,Cardinalis cardinalis,Красный кардинал,Aves,9083
68746169,d0d5f2a2-702d-4b46-a73c-0e2a250c2990,2021/01/28 10:49 AM UTC,2021-01-28,2021-01-28 10:49:00 UTC,UTC,3515205,wigglew0rm,Hilary Boscoe,2021-01-29 02:53:08 UTC,2021-01-29 04:30:52 UTC,research,CC-BY-NC,https://www.inaturalist.org/observations/68746169,https://inaturalist-open-data.s3.amazonaws.com/photos/111393918/medium.jpeg,,"",,2,0,false,,Northern Cardinal,Cardinalis cardinalis,Красный кардинал,Aves,9083
68958775,ec818477-6d18-4551-bd52-728502ef47b3,2021/02/01 2:49 PM EST,2021-02-01,2021-02-01 19:49:00 UTC,Eastern Time (US & Canada),1442366,mnold1,MikeN,2021-02-02 13:06:16 UTC,2022-01-17 20:16:08 UTC,research,CC-BY-NC,https://www.inaturalist.org/observations/68958775,https://inaturalist-open-data.s3.amazonaws.com/photos/111788963/medium.jpg,,"",,2,0,false,,Northern Cardinal,Cardinalis cardinalis,Красный кардинал,Aves,9083
69174327,e2855c80-79dc-4361-bb34-fa19d78632b6,2021/02/06 12:06 PM UTC,2021-02-06,2021-02-06 12:06:00 UTC,UTC,3515205,wigglew0rm,Hilary Boscoe,2021-02-07 01:18:27 UTC,2021-02-18 06:03:45 UTC,research,CC-BY-NC,https://www.inaturalist.org/observations/69174327,https://inaturalist-open-data.s3.amazonaws.com/photos/112187458/medium.jpeg,,"",,2,0,false,,Northern Cardinal,Cardinalis cardinalis,Красный кардинал,Aves,9083
69174328,e5fa24c0-4fb2-4faa-967d-e48861cb31e6,2021/02/06 12:07 PM UTC,2021-02-06,2021-02-06 12:07:00 UTC,UTC,3515205,wigglew0rm,Hilary Boscoe,2021-02-07 01:18:27 UTC,2021-02-18 06:03:18 UTC,research,CC-BY-NC,https://www.inaturalist.org/observations/69174328,https://inaturalist-open-data.s3.amazonaws.com/photos/112187564/medium.jpeg,,"",,2,0,false,,Northern Cardinal,Cardinalis cardinalis,Красный кардинал,Aves,9083
69237093,e2b839df-841e-4490-a175-f02d1292131e,2021/02/07 4:54 PM UTC,2021-02-07,2021-02-07 16:54:00 UTC,UTC,3515205,wigglew0rm,Hilary Boscoe,2021-02-08 02:30:29 UTC,2021-02-18 06:02:30 UTC,research,CC-BY-NC,https://www.inaturalist.org/observations/69237093,https://inaturalist-open-data.s3.amazonaws.com/photos/112305704/medium.jpeg,,"",,1,0,false,,Northern Cardinal,Cardinalis cardinalis,Красный кардинал,Aves,9083
69254388,a2b77976-0fd6-402e-9c8f-0e9bb42030e1,Sat Feb 06 2021 16:02:22 GMT-0500 (EST),2021-02-06,2021-02-06 21:02:22 UTC,Eastern Time (US & Canada),3204014,gekkorotto,,2021-02-08 12:57:31 UTC,2023-06-02 18:52:05 UTC,research,CC-BY-NC,https://www.inaturalist.org/observations/69254388,https://inaturalist-open-data.s3.amazonaws.com/photos/112338613/medium.jpg,,"","",3,0,false,3,Northern Cardinal,Cardinalis cardinalis,Красный кардинал,Aves,9083
69283519,616e636a-4d2f-4784-a36b-821bad814a7a,Mon Feb 08 2021 16:25:30 GMT-0500 (EST),2021-02-08,2021-02-08 21:25:30 UTC,Eastern Time (US & Canada),572980,sadawolk,Sandy Wolkenberg,2021-02-09 01:05:29 UTC,2021-02-09 04:42:27 UTC,research,CC-BY,https://www.inaturalist.org/observations/69283519,https://inaturalist-open-data.s3.amazonaws.com/photos/112395815/medium.jpg,,"","",2,0,false,3,Northern Cardinal,Cardinalis cardinalis,Красный кардинал,Aves,9083
69388179,e053b242-4b90-49e9-b56e-3f5b43fdb66b,Wed Feb 10 2021 14:39:17 GMT-0500 (EST),2021-02-10,2021-02-10 19:39:17 UTC,Eastern Time (US & Canada),572980,sadawolk,Sandy Wolkenberg,2021-02-11 00:18:31 UTC,2021-02-11 01:44:36 UTC,research,CC-BY,https://www.inaturalist.org/observations/69388179,https://inaturalist-open-data.s3.amazonaws.com/photos/112570487/medium.jpg,,"","",3,0,false,3,Northern Cardinal,Cardinalis cardinalis,Красный кардинал,Aves,9083
69588551,ed73747e-1ef3-43fe-b9dd-382b5f2dc807,Sun Feb 14 2021 08:17:01 GMT-0500 (EST),2021-02-14,2021-02-14 13:17:01 UTC,Eastern Time (US & Canada),572980,sadawolk,Sandy Wolkenberg,2021-02-14 23:29:59 UTC,2021-02-15 21:38:22 UTC,research,CC-BY,https://www.inaturalist.org/observations/69588551,https://inaturalist-open-data.s3.amazonaws.com/photos/112946068/medium.jpg,,"",There were 6 male and 4 female Cardinals in the yard today!,3,0,false,3,Northern Cardinal,Cardinalis cardinalis,Красный кардинал,Aves,9083
69744218,61d8b2d3-0ed4-4192-8fde-f7b2f8fcfa82,Wed Feb 17 2021 15:21:52 GMT-0500 (EST),2021-02-17,2021-02-17 20:21:52 UTC,Eastern Time (US & Canada),572980,sadawolk,Sandy Wolkenberg,2021-02-18 00:34:26 UTC,2021-02-21 17:38:11 UTC,research,CC-BY,https://www.inaturalist.org/observations/69744218,https://inaturalist-open-data.s3.amazonaws.com/photos/113239234/medium.jpg,,"","",4,0,false,3,Northern Cardinal,Cardinalis cardinalis,Красный кардинал,Aves,9083
69786997,1f300bf9-da83-4952-9a9a-d415a58e01c9,Thu Feb 18 2021 07:54:50 GMT-0500 (EST),2021-02-18,2021-02-18 12:54:50 UTC,Eastern Time (US & Canada),572980,sadawolk,Sandy Wolkenberg,2021-02-18 23:02:00 UTC,2021-02-21 09:11:11 UTC,research,CC-BY,https://www.inaturalist.org/observations/69786997,https://inaturalist-open-data.s3.amazonaws.com/photos/113321243/medium.jpg,,"","",4,0,false,3,Northern Cardinal,Cardinalis cardinalis,Красный кардинал,Aves,9083
69965329,ec04c8e7-c0a9-433d-a961-3cbae3c5d750,2021/02/20 6:15 PM UTC,2021-02-20,2021-02-20 18:15:00 UTC,UTC,2115938,meginnature,Meghan,2021-02-22 02:56:09 UTC,2021-02-23 01:18:34 UTC,research,,https://www.inaturalist.org/observations/69965329,https://static.inaturalist.org/photos/113658179/medium.jpeg,,"",,2,0,false,,Northern Cardinal,Cardinalis cardinalis,Красный кардинал,Aves,9083
70536645,e9091d81-0e33-4380-8da6-530ec1396cb7,2021/03/02 5:13 PM EST,2021-03-02,2021-03-02 22:13:00 UTC,Eastern Time (US & Canada),1685890,adventurehiker,"",2021-03-04 03:14:48 UTC,2021-03-18 04:39:50 UTC,research,,https://www.inaturalist.org/observations/70536645,https://static.inaturalist.org/photos/114690057/medium.jpg,,"","",3,0,false,,Northern Cardinal,Cardinalis cardinalis,Красный кардинал,Aves,9083
70623648,894a3eef-c4d3-46a9-926c-4b67d86eab31,Fri Mar 05 2021 14:32:10 GMT-0500 (EST),2021-03-05,2021-03-05 19:32:10 UTC,Eastern Time (US & Canada),2094274,verpaconica,Veronica Rosenberger,2021-03-05 20:10:48 UTC,2024-10-19 13:49:44 UTC,research,,https://www.inaturalist.org/observations/70623648,https://static.inaturalist.org/photos/115694595/medium.jpg,,"","",3,0,false,3,Northern Cardinal,Cardinalis cardinalis,Красный кардинал,Aves,9083
70669224,00fdb5bd-5061-4461-bb0d-87ccb200e707,2021/03/06 9:49 AM UTC,2021-03-06,2021-03-06 09:49:00 UTC,UTC,2652,gregwatkinscolwell,Greg Watkins-Colwell,2021-03-06 15:49:28 UTC,2021-03-08 19:56:37 UTC,research,,https://www.inaturalist.org/observations/70669224,https://static.inaturalist.org/photos/114928053/medium.jpg,,"",,4,0,false,,Northern Cardinal,Cardinalis cardinalis,Красный кардинал,Aves,9083
71129443,2c559b15-9bf5-486a-9c05-56cd44f4c44f,2021/03/11 7:34 AM EST,2021-03-11,2021-03-11 12:34:00 UTC,Eastern Time (US & Canada),2119235,hickl,Charles,2021-03-13 14:17:46 UTC,2024-08-29 17:45:51 UTC,research,CC0,https://www.inaturalist.org/observations/71129443,https://inaturalist-open-data.s3.amazonaws.com/photos/115756747/medium.jpeg,,"",,2,0,false,,Northern Cardinal,Cardinalis cardinalis,Красный кардинал,Aves,9083
71522811,16079926-14b8-4430-acee-dd63864c8174,Thu Mar 18 2021 10:32:17 GMT-0400 (EDT),2021-03-18,2021-03-18 14:32:17 UTC,Eastern Time (US & Canada),981042,swampchicken,Murray Fisher,2021-03-19 01:01:32 UTC,2025-06-17 13:27:11 UTC,research,,https://www.inaturalist.org/observations/71522811,https://static.inaturalist.org/photos/116460971/medium.jpg,,"","",2,0,false,3,Northern Cardinal,Cardinalis cardinalis,Красный кардинал,Aves,9083
71577658,4421ce27-6a52-40c1-9d54-95cc7648f283,2021/03/17 6:58 AM UTC,2021-03-17,2021-03-17 06:58:00 UTC,UTC,2212340,l3erdnik,Aleksandr Berdnikov,2021-03-19 22:38:52 UTC,2024-08-10 17:43:51 UTC,research,CC0,https://www.inaturalist.org/observations/71577658,https://inaturalist-open-data.s3.amazonaws.com/photos/116557193/medium.jpeg,https://static.inaturalist.org/sounds/174312.mp3?1616193605,"","",2,0,false,,Northern Cardinal,Cardinalis cardinalis,Красный кардинал,Aves,9083
72540779,09eb4c07-72f3-422f-8ec3-f917b129a78c,2021-03-31 1:14:27 PM EDT,2021-03-31,2021-03-31 13:14:27 UTC,UTC,2242853,ali_interprets,Ali Campbell,2021-03-31 17:23:47 UTC,2024-11-08 14:40:02 UTC,research,CC-BY,https://www.inaturalist.org/observations/72540779,https://inaturalist-open-data.s3.amazonaws.com/photos/118287491/medium.jpeg,,"",,1,0,false,2,Northern Cardinal,Cardinalis cardinalis,Красный кардинал,Aves,9083
72810576,bd9c1069-ca6d-4eae-8e43-31239245e24b,2021/04/03 11:13 AM EDT,2021-04-03,2021-04-03 15:13:00 UTC,Eastern Time (US & Canada),259163,elharo,Elliotte Rusty Harold,2021-04-03 19:36:36 UTC,2021-04-19 13:06:53 UTC,research,CC-BY-NC,https://www.inaturalist.org/observations/72810576,https://static.inaturalist.org/photos/118780211/medium.jpg,,"",,2,0,false,,Northern Cardinal,Cardinalis cardinalis,Красный кардинал,Aves,9083
72850097,f2b83bf4-c940-4dd5-a28c-37e6447e65ac,2021/02/12 ,2021-02-12,,Eastern Time (US & Canada),1261531,rosa1chinensis,Rose Chin,2021-04-04 01:25:42 UTC,2021-09-14 15:29:01 UTC,research,CC-BY-NC,https://www.inaturalist.org/observations/72850097,https://inaturalist-open-data.s3.amazonaws.com/photos/118853208/medium.jpg,,"",,3,0,false,,Northern Cardinal,Cardinalis cardinalis,Красный кардинал,Aves,9083
73802316,fa42e4e5-b10b-445c-bd00-794ac98bfd70,2021/04/12 3:29 PM EDT,2021-04-12,2021-04-12 19:29:00 UTC,Eastern Time (US & Canada),2351110,bugsandbirds,Celeste,2021-04-13 01:12:20 UTC,2025-06-08 15:08:48 UTC,research,CC-BY-NC,https://www.inaturalist.org/observations/73802316,https://inaturalist-open-data.s3.amazonaws.com/photos/120539605/medium.jpg,,"",,3,0,false,,Northern Cardinal,Cardinalis cardinalis,Красный кардинал,Aves,9083
73901272,a8dee0d2-9b8c-483e-9aef-0edebfef535e,2021/04/13 4:33 PM EDT,2021-04-13,2021-04-13 20:33:00 UTC,Eastern Time (US & Canada),521996,brennafarrell,Brenna Farrell,2021-04-14 01:00:31 UTC,2025-05-09 19:15:51 UTC,research,CC-BY-NC,https://www.inaturalist.org/observations/73901272,https://static.inaturalist.org/photos/120714398/medium.jpeg,,"",,3,0,false,,Northern Cardinal,Cardinalis cardinalis,Красный кардинал,Aves,9083
75374709,d677159c-1dfe-4bda-b395-99a889cf3b86,Mon Apr 26 2021 18:39:27 GMT-0400 (EDT),2021-04-26,2021-04-26 22:39:27 UTC,Eastern Time (US & Canada),572980,sadawolk,Sandy Wolkenberg,2021-04-27 00:08:18 UTC,2021-04-27 12:20:03 UTC,research,CC-BY,https://www.inaturalist.org/observations/75374709,https://inaturalist-open-data.s3.amazonaws.com/photos/123303265/medium.jpg,,"","",3,0,false,3,Northern Cardinal,Cardinalis cardinalis,Красный кардинал,Aves,9083
75568196,9b122374-7eab-45f1-8a11-ed1e16618b21,2021/04/28 12:10 PM EDT,2021-04-28,2021-04-28 16:10:00 UTC,Eastern Time (US & Canada),552926,lipwak,"",2021-04-28 18:36:45 UTC,2021-04-29 02:37:26 UTC,research,,https://www.inaturalist.org/observations/75568196,https://static.inaturalist.org/photos/123648534/medium.jpg,,"",Kissing!,2,0,false,,Northern Cardinal,Cardinalis cardinalis,Красный кардинал,Aves,9083
75845685,c67bf870-4660-44a1-af92-8ded30f412d4,Fri Apr 30 2021 11:46:45 GMT-0400 (EDT),2021-04-30,2021-04-30 15:46:45 UTC,Eastern Time (US & Canada),4321230,brandon_ascencio,BRANDON ASCENCIO,2021-04-30 15:46:55 UTC,2021-06-11 22:44:19 UTC,research,,https://www.inaturalist.org/observations/75845685,https://static.inaturalist.org/photos/124106524/medium.jpg,,"",In my garden,3,0,false,3,Northern Cardinal,Cardinalis cardinalis,Красный кардинал,Aves,9083
75901877,c4c75986-bceb-4e1f-9962-095c3b2d731e,2021/04/30 9:43 AM EDT,2021-04-30,2021-04-30 13:43:00 UTC,Eastern Time (US & Canada),1154196,raneedunc,"",2021-04-30 19:19:43 UTC,2021-06-11 22:40:48 UTC,research,CC-BY-NC-SA,https://www.inaturalist.org/observations/75901877,https://inaturalist-open-data.s3.amazonaws.com/photos/124189528/medium.jpg,,"",,3,0,false,,Northern Cardinal,Cardinalis cardinalis,Красный кардинал,Aves,9083
76000937,92792ad1-3534-4558-998b-d0b77d63a39b,Fri Apr 30 2021 13:48:08 GMT-0400 (EDT),2021-04-30,2021-04-30 17:48:08 UTC,Eastern Time (US & Canada),4159864,melissa_i,Melissa I,2021-05-01 01:34:06 UTC,2021-05-01 02:00:05 UTC,research,,https://www.inaturalist.org/observations/76000937,https://static.inaturalist.org/photos/124354027/medium.jpg,,"","",1,0,false,3,Northern Cardinal,Cardinalis cardinalis,Красный кардинал,Aves,9083
76207280,edeeb227-9849-46cc-a5ae-3a47bbeabcc1,Sat May 01 2021 13:16:22 GMT-0400 (EDT),2021-05-01,2021-05-01 17:16:22 UTC,Eastern Time (US & Canada),4011953,gtandon,,2021-05-01 17:18:59 UTC,2021-05-02 04:10:28 UTC,research,CC-BY-NC,https://www.inaturalist.org/observations/76207280,https://inaturalist-open-data.s3.amazonaws.com/photos/124667688/medium.jpg,,"","",3,0,false,3,Northern Cardinal,Cardinalis cardinalis,Красный кардинал,Aves,9083
76676450,8797b0a4-4d10-4b38-b594-9c05164d1802,2021/05/02 3:10 PM HST,2021-05-02,2021-05-03 01:10:00 UTC,Hawaii,812651,iwalk,,2021-05-02 20:18:46 UTC,2021-06-11 22:13:30 UTC,research,CC-BY-NC,https://www.inaturalist.org/observations/76676450,https://inaturalist-open-data.s3.amazonaws.com/photos/125409694/medium.jpeg,,"","",2,0,false,,Northern Cardinal,Cardinalis cardinalis,Красный кардинал,Aves,9083
76817936,26cc70ce-a9d1-43b9-b771-f1fd079fba72,2021/05/02 5:53 PM EDT,2021-05-02,2021-05-02 21:53:00 UTC,Eastern Time (US & Canada),342604,peggyo,"",2021-05-03 03:15:46 UTC,2021-06-11 22:06:54 UTC,research,CC0,https://www.inaturalist.org/observations/76817936,https://inaturalist-open-data.s3.amazonaws.com/photos/125632083/medium.jpeg,,"","",2,0,false,,Northern Cardinal,Cardinalis cardinalis,Красный кардинал,Aves,9083
76933371,992c01e6-d1e4-4992-9120-fc45e0dd9e54,Mon May 03 2021 09:41:20 GMT-0400 (EDT),2021-05-03,2021-05-03 13:41:20 UTC,Eastern Time (US & Canada),3570473,ataraxia1,,2021-05-03 13:42:16 UTC,2021-11-16 13:48:09 UTC,needs_id,CC-BY-NC,https://www.inaturalist.org/observations/76933371,https://inaturalist-open-data.s3.amazonaws.com/photos/125820231/medium.jpg,,"","",0,0,false,3,"",Cardinalis cardinalis,Красный кардинал,Aves,9083
77075391,60de3855-8d8d-4d48-8ab3-bf61ca556de3,Fri Mar 26 2021 14:05:19 GMT-0400 (EDT),2021-03-26,2021-03-26 18:05:19 UTC,Eastern Time (US & Canada),4351320,samuel554,Samuel Honor,2021-05-03 21:00:22 UTC,2021-05-03 21:17:18 UTC,research,,https://www.inaturalist.org/observations/77075391,https://static.inaturalist.org/photos/126043969/medium.jpg,,"","",1,0,false,3,Northern Cardinal,Cardinalis cardinalis,Красный кардинал,Aves,9083
77327225,07b565bf-e137-4d02-8d0f-a74c308c301f,2021/05/04 3:15 PM EDT,2021-05-04,2021-05-04 19:15:00 UTC,Eastern Time (US & Canada),4034806,agarrity2640,aidan,2021-05-04 19:17:00 UTC,2024-06-26 00:21:58 UTC,needs_id,CC-BY-NC,https://www.inaturalist.org/observations/77327225,https://inaturalist-open-data.s3.amazonaws.com/photos/126454005/medium.jpg,,"",Killed by squirrel I think,0,0,false,,Northern Cardinal,Cardinalis cardinalis,Красный кардинал,Aves,9083
79159326,b32510e3-c86a-4c62-9652-07c7722c0503,Mon May 17 2021 11:45:55 GMT-0400 (EDT),2021-05-17,2021-05-17 15:45:55 UTC,Eastern Time (US & Canada),4424673,jonathan_martinez_ramirez,Jonathan Martinez Ramirez,2021-05-17 15:46:23 UTC,2022-05-07 20:03:58 UTC,research,,https://www.inaturalist.org/observations/79159326,https://static.inaturalist.org/photos/129628778/medium.jpg,,"","",1,0,false,3,Northern Cardinal,Cardinalis cardinalis,Красный кардинал,Aves,9083
79653932,1a7117eb-cfe9-4857-9ce7-90d1bc203f25,2021/05/20 12:30 PM EDT,2021-05-20,2021-05-20 16:30:00 UTC,Eastern Time (US & Canada),1473195,barryr,Barry,2021-05-21 15:40:10 UTC,2021-12-16 21:33:17 UTC,research,CC-BY,https://www.inaturalist.org/observations/79653932,https://inaturalist-open-data.s3.amazonaws.com/photos/130484292/medium.jpg,,"",,3,0,false,,Northern Cardinal,Cardinalis cardinalis,Красный кардинал,Aves,9083
80686608,45f60484-d3b3-48c0-b0ac-8ae6b1079c4c,2021/05/25 11:59 AM PDT,2021-05-25,2021-05-25 18:59:00 UTC,Pacific Time (US & Canada),2845998,andrewjohnson8,Andrew Johnson,2021-05-29 02:41:49 UTC,2021-06-11 15:55:51 UTC,research,CC-BY-NC,https://www.inaturalist.org/observations/80686608,https://inaturalist-open-data.s3.amazonaws.com/photos/132264993/medium.jpeg,,"",,4,0,false,,Northern Cardinal,Cardinalis cardinalis,Красный кардинал,Aves,9083
81126129,b402707d-3b31-4cbe-bdf8-bd28c1078e3c,2021/05/31 6:12 PM EDT,2021-05-31,2021-05-31 22:12:00 UTC,Eastern Time (US & Canada),3934481,melinda_k,Melinda Kleczynski,2021-06-01 01:47:35 UTC,2021-06-11 15:42:14 UTC,research,CC-BY-NC,https://www.inaturalist.org/observations/81126129,https://inaturalist-open-data.s3.amazonaws.com/photos/133031542/medium.jpeg,,"","",2,0,false,,Northern Cardinal,Cardinalis cardinalis,Красный кардинал,Aves,9083
81163193,b4542202-bda7-47b8-ac83-4f032b3568b0,Tue Jun 01 2021 08:03:37 GMT-0400 (EDT),2021-06-01,2021-06-01 12:03:37 UTC,Eastern Time (US & Canada),921764,citsciguy,,2021-06-01 12:05:21 UTC,2021-06-01 13:19:55 UTC,research,,https://www.inaturalist.org/observations/81163193,https://static.inaturalist.org/photos/133099834/medium.jpg,,"","",2,0,false,3,Northern Cardinal,Cardinalis cardinalis,Красный кардинал,Aves,9083
82782606,96962390-273b-4e6f-b0f4-c22281d58a94,2021/06/11 9:46 AM EDT,2021-06-11,2021-06-11 13:46:00 UTC,Eastern Time (US & Canada),3415666,bugzilla,"",2021-06-13 02:23:00 UTC,2022-11-22 00:29:14 UTC,research,CC-BY-NC,https://www.inaturalist.org/observations/82782606,https://inaturalist-open-data.s3.amazonaws.com/photos/135895517/medium.jpg,,"",Eating *Magicicada*.,2,0,false,,Northern Cardinal,Cardinalis cardinalis,Красный кардинал,Aves,9083
83070907,b1b2d885-a516-4651-821f-5a7da087e1b2,2021/06/14 12:44 PM EDT,2021-06-14,2021-06-14 16:44:00 UTC,Eastern Time (US & Canada),114123,billryerson,Bill Ryerson,2021-06-14 23:49:51 UTC,2021-06-14 23:53:28 UTC,research,CC-BY-NC,https://www.inaturalist.org/observations/83070907,https://inaturalist-open-data.s3.amazonaws.com/photos/136398344/medium.jpeg,,"",,1,0,false,,Northern Cardinal,Cardinalis cardinalis,Красный кардинал,Aves,9083
83217112,201349a1-f6ae-4b70-a72a-ad9df14e4c46,2021/06/14 6:18 AM EDT,2021-06-14,2021-06-14 10:18:00 UTC,Eastern Time (US & Canada),3415666,bugzilla,"",2021-06-16 02:39:20 UTC,2022-11-21 23:05:04 UTC,research,CC-BY-NC,https://www.inaturalist.org/observations/83217112,https://inaturalist-open-data.s3.amazonaws.com/photos/136653180/medium.jpg,,"","",1,0,false,,Northern Cardinal,Cardinalis cardinalis,Красный кардинал,Aves,9083
83447117,d3aaf958-3245-483e-96a9-0f06531c6084,Thu Jun 17 2021 17:28:21 GMT-0400 (EDT),2021-06-17,2021-06-17 21:28:21 UTC,Eastern Time (US & Canada),572980,sadawolk,Sandy Wolkenberg,2021-06-17 23:28:51 UTC,2021-06-18 00:35:13 UTC,research,CC-BY,https://www.inaturalist.org/observations/83447117,https://inaturalist-open-data.s3.amazonaws.com/photos/137051465/medium.jpg,,"","",2,0,false,3,Northern Cardinal,Cardinalis cardinalis,Красный кардинал,Aves,9083
83447158,b1f3c383-f411-4298-9a94-2b0ea7929341,Thu Jun 17 2021 17:28:33 GMT-0400 (EDT),2021-06-17,2021-06-17 21:28:33 UTC,Eastern Time (US & Canada),572980,sadawolk,Sandy Wolkenberg,2021-06-17 23:29:12 UTC,2021-06-18 00:24:11 UTC,research,CC-BY,https://www.inaturalist.org/observations/83447158,https://inaturalist-open-data.s3.amazonaws.com/photos/137051552/medium.jpg,,"","",3,0,false,3,Northern Cardinal,Cardinalis cardinalis,Красный кардинал,Aves,9083
83584906,285df82d-1120-46c8-9841-014db737f564,Wed Jan 13 2021 12:46:01 GMT-0500 (EST),2021-01-13,2021-01-13 17:46:01 UTC,Eastern Time (US & Canada),4549200,achak1221,,2021-06-19 02:20:07 UTC,2021-06-22 14:36:25 UTC,research,CC-BY-NC,https://www.inaturalist.org/observations/83584906,https://inaturalist-open-data.s3.amazonaws.com/photos/137293844/medium.jpg,,"","",1,0,false,3,Northern Cardinal,Cardinalis cardinalis,Красный кардинал,Aves,9083
83680103,32b7c679-adfe-4f39-91b2-9f174d406db4,2021-06-19 15:17:24,2021-06-19,2021-06-19 19:17:24 UTC,Eastern Time (US & Canada),1686834,ryanhale1,Ryan Hale,2021-06-19 19:24:02 UTC,2022-04-25 21:04:04 UTC,research,,https://www.inaturalist.org/observations/83680103,https://static.inaturalist.org/photos/137454957/medium.jpeg,,"",Window strike,3,0,false,2,Northern Cardinal,Cardinalis cardinalis,Красный кардинал,Aves,9083
83739590,cd804aac-1a9d-435d-80db-c5db2b4dfdd5,2021-06-12 13:44:16,2021-06-12,2021-06-12 17:44:16 UTC,Eastern Time (US & Canada),4440514,alreadydone,Junyan Xu,2021-06-20 04:05:37 UTC,2021-06-23 06:35:39 UTC,research,,https://www.inaturalist.org/observations/83739590,https://static.inaturalist.org/photos/137559253/medium.jpeg,,"",,3,0,false,2,Northern Cardinal,Cardinalis cardinalis,Красный кардинал,Aves,9083
83830885,ba6fa9c2-5af6-4a48-be56-a3fe45d8743e,Thu Jun 03 2021 17:24:52 GMT-0400 (EDT),2021-06-03,2021-06-03 21:24:52 UTC,Eastern Time (US & Canada),4610382,sonnetandbough,sonnetandbough,2021-06-20 19:24:45 UTC,2021-06-21 06:29:27 UTC,research,CC-BY-NC,https://www.inaturalist.org/observations/83830885,https://inaturalist-open-data.s3.amazonaws.com/photos/137713847/medium.jpg,,"","May 2021, Baltimore
",3,0,false,3,Northern Cardinal,Cardinalis cardinalis,Красный кардинал,Aves,9083
84021385,d49429de-2318-46f7-a372-b7f8a23af319,2021-06-19 15:07:43,2021-06-19,2021-06-19 19:07:43 UTC,Eastern Time (US & Canada),4440514,alreadydone,Junyan Xu,2021-06-22 04:13:36 UTC,2024-08-04 15:11:31 UTC,research,,https://www.inaturalist.org/observations/84021385,https://static.inaturalist.org/photos/138052686/medium.jpeg,https://static.inaturalist.org/sounds/259285.mp3?1624335358,"",,4,0,false,2,Northern Cardinal,Cardinalis cardinalis,Красный кардинал,Aves,9083
84022949,3cf35f4d-6c92-4770-b47f-637922fbcbc6,2021-06-19 13:38:00,2021-06-19,2021-06-19 13:38:00 UTC,UTC,4440514,alreadydone,Junyan Xu,2021-06-22 04:44:33 UTC,2021-06-23 06:30:05 UTC,research,,https://www.inaturalist.org/observations/84022949,https://static.inaturalist.org/photos/138055505/medium.jpeg,,"",,4,0,false,2,Northern Cardinal,Cardinalis cardinalis,Красный кардинал,Aves,9083
84430731,e726aed1-0c15-4ea8-a8c0-22e6e0d576de,2021-06-24 17:54:25,2021-06-24,2021-06-24 21:54:25 UTC,Eastern Time (US & Canada),2076745,cmcrae,Calista McRae,2021-06-25 15:15:15 UTC,2022-05-16 03:48:21 UTC,research,CC-BY-NC,https://www.inaturalist.org/observations/84430731,https://inaturalist-open-data.s3.amazonaws.com/photos/138769148/medium.jpeg,,"",Likely hit by car,2,0,false,2,Northern Cardinal,Cardinalis cardinalis,Красный кардинал,Aves,9083
84584435,194c97e0-0594-4ba2-949a-3a8a2804e3ff,2021-06-26 14:12:21,2021-06-26,2021-06-26 18:12:21 UTC,Eastern Time (US & Canada),1830981,rhandrews,,2021-06-26 18:15:11 UTC,2021-12-01 12:28:34 UTC,research,CC-BY-NC,https://www.inaturalist.org/observations/84584435,https://inaturalist-open-data.s3.amazonaws.com/photos/139828407/medium.jpeg,,"",,2,0,false,2,Northern Cardinal,Cardinalis cardinalis,Красный кардинал,Aves,9083
86262639,67ff8825-1fdb-4a18-a18b-2966388ff575,Sun May 23 2021 14:38:23 GMT-0400 (EDT),2021-05-23,2021-05-23 18:38:23 UTC,Eastern Time (US & Canada),2223040,timkoul,Timothy Kouloumpas,2021-07-09 10:33:19 UTC,2024-05-16 20:41:36 UTC,research,,https://www.inaturalist.org/observations/86262639,https://static.inaturalist.org/photos/142079919/medium.jpg,,"","",2,0,false,3,Northern Cardinal,Cardinalis cardinalis,Красный кардинал,Aves,9083
86850099,b99a9a42-e135-45cc-abe1-a61365005854,Tue Jul 13 2021 09:47:13 GMT-0400 (EDT),2021-07-13,2021-07-13 13:47:13 UTC,Eastern Time (US & Canada),50920,susanhewitt,Susan J. Hewitt,2021-07-13 13:48:25 UTC,2023-02-06 02:15:44 UTC,research,CC-BY-NC,https://www.inaturalist.org/observations/86850099,https://inaturalist-open-data.s3.amazonaws.com/photos/143148171/medium.jpg,,"","",2,0,false,3,Northern Cardinal,Cardinalis cardinalis,Красный кардинал,Aves,9083
88166496,8d9b8c1e-d7d6-45d3-893a-15bbb2fc2199,Thu Jul 22 2021 11:15:50 GMT-0400 (EDT),2021-07-22,2021-07-22 15:15:50 UTC,Eastern Time (US & Canada),940079,marui,,2021-07-22 19:42:58 UTC,2021-07-24 11:47:42 UTC,research,,https://www.inaturalist.org/observations/88166496,https://static.inaturalist.org/photos/145434134/medium.jpg,,"","",2,0,false,3,Northern Cardinal,Cardinalis cardinalis,Красный кардинал,Aves,9083
88286052,26dbfe56-b0af-40e3-9307-5f86a8a15a56,Thu Jul 22 2021 10:32:28 GMT-0400 (EDT),2021-07-22,2021-07-22 14:32:28 UTC,Eastern Time (US & Canada),2235982,kfriedel,"",2021-07-23 18:07:46 UTC,2022-06-07 00:45:23 UTC,research,CC-BY-NC,https://www.inaturalist.org/observations/88286052,https://inaturalist-open-data.s3.amazonaws.com/photos/145646612/medium.jpg,,"","",2,0,false,3,Northern Cardinal,Cardinalis cardinalis,Красный кардинал,Aves,9083
88314269,273e32e7-c3ce-400d-a5bc-cf3564c91cf3,Fri Jul 23 2021 04:33:20 GMT-0400 (EDT),2021-07-23,2021-07-23 08:33:20 UTC,Eastern Time (US & Canada),2065756,richx915,RichX 915,2021-07-23 22:03:16 UTC,2023-07-08 05:49:39 UTC,research,CC0,https://www.inaturalist.org/observations/88314269,https://inaturalist-open-data.s3.amazonaws.com/photos/145696771/medium.jpg,,"","",2,0,false,3,Northern Cardinal,Cardinalis cardinalis,Красный кардинал,Aves,9083
88825634,f35fc0a7-9747-4b88-b0fe-61287839f6b5,2021/07/24 7:08 PM EDT,2021-07-24,2021-07-24 23:08:00 UTC,Eastern Time (US & Canada),1742740,ryanvanmeter,Ryan Van Meter,2021-07-27 15:22:51 UTC,2021-07-29 11:42:21 UTC,research,CC-BY-NC-ND,https://www.inaturalist.org/observations/88825634,https://inaturalist-open-data.s3.amazonaws.com/photos/146608580/medium.jpg,,"",,2,0,false,,Northern Cardinal,Cardinalis cardinalis,Красный кардинал,Aves,9083
89722701,5010dbb5-8ad1-42ea-a332-c4e730ef9b1c,2021/02/04 ,2021-02-04,,Eastern Time (US & Canada),1261531,rosa1chinensis,Rose Chin,2021-08-03 01:02:57 UTC,2021-12-12 19:45:26 UTC,research,CC-BY-NC,https://www.inaturalist.org/observations/89722701,https://inaturalist-open-data.s3.amazonaws.com/photos/148194587/medium.jpg,,"",,1,0,false,,punakardinaali,Cardinalis cardinalis,Красный кардинал,Aves,9083
91408007,4351b7b9-e9dc-4dab-87fc-7bd8702f6b2d,Sat Aug 14 2021 09:03:25 GMT-0400 (EDT),2021-08-14,2021-08-14 13:03:25 UTC,Eastern Time (US & Canada),196930,lkfreidenburg,"",2021-08-16 14:13:49 UTC,2024-10-20 16:08:40 UTC,research,CC-BY-NC,https://www.inaturalist.org/observations/91408007,https://inaturalist-open-data.s3.amazonaws.com/photos/151192294/medium.jpg,,"",Dead on road,5,0,false,3,Northern Cardinal,Cardinalis cardinalis,Красный кардинал,Aves,9083
92166465,cac950f4-5bd0-4adb-8d5b-2709300b67a4,Sun Aug 22 2021 17:49:09 GMT-0400 (EDT),2021-08-22,2021-08-22 21:49:09 UTC,Eastern Time (US & Canada),2340900,pinefrog,Mila C.,2021-08-22 21:49:58 UTC,2022-06-23 01:14:42 UTC,research,CC-BY,https://www.inaturalist.org/observations/92166465,https://inaturalist-open-data.s3.amazonaws.com/photos/152559864/medium.jpg,,"","",5,0,false,3,Northern Cardinal,Cardinalis cardinalis,Красный кардинал,Aves,9083
92388214,aca7bed4-caf5-429d-959d-7e013296d606,Tue Aug 24 2021 14:06:26 GMT-0400 (EDT),2021-08-24,2021-08-24 18:06:26 UTC,Eastern Time (US & Canada),2340900,pinefrog,Mila C.,2021-08-24 18:51:15 UTC,2022-06-23 01:14:42 UTC,research,CC-BY,https://www.inaturalist.org/observations/92388214,https://inaturalist-open-data.s3.amazonaws.com/photos/152967119/medium.jpg,,"","",4,0,false,3,Northern Cardinal,Cardinalis cardinalis,Красный кардинал,Aves,9083
93936626,8d715a30-b3be-40de-8c0e-28ee65f5cc36,2021/09/05 8:15 AM EDT,2021-09-05,2021-09-05 12:15:00 UTC,Eastern Time (US & Canada),139364,andywilson,Andy Wilson,2021-09-07 00:01:40 UTC,2022-08-09 21:51:33 UTC,research,CC0,https://www.inaturalist.org/observations/93936626,https://inaturalist-open-data.s3.amazonaws.com/photos/155758077/medium.jpeg,,"",,4,0,false,,Northern Cardinal,Cardinalis cardinalis,Красный кардинал,Aves,9083
94805393,f99a7a79-8bb8-4ece-9d05-8c9944749f9c,2021-09-12 15:53:00,2021-09-12,2021-09-12 19:53:00 UTC,Eastern Time (US & Canada),4691669,naturenerd9,NOT A BIOLOGIST OKAY,2021-09-14 10:39:59 UTC,2022-01-12 18:28:51 UTC,research,CC-BY-NC,https://www.inaturalist.org/observations/94805393,https://inaturalist-open-data.s3.amazonaws.com/photos/157311194/medium.jpeg,,"","You can see the red feathers and the pumpkin-orange beak. Definitely a cardinal.
(This is not an accurate location. I set it to the trailhead since I made several  observations in a large area.)",2,0,false,2,Northern Cardinal,Cardinalis cardinalis,Красный кардинал,Aves,9083
100353555,742cfe40-6005-445b-8cad-e81c10602508,2021/11/05 4:39 PM UTC,2021-11-05,2021-11-05 16:39:00 UTC,UTC,761871,jbenal,,2021-11-05 23:21:39 UTC,2021-11-06 01:14:26 UTC,research,CC-BY-NC,https://www.inaturalist.org/observations/100353555,https://inaturalist-open-data.s3.amazonaws.com/photos/167478870/medium.jpeg,,"","",3,0,false,,cardinal rouge,Cardinalis cardinalis,Красный кардинал,Aves,9083
101703883,73b5510d-944d-485a-a33b-de0a82d3fff0,2021/11/21 12:41 PM EST,2021-11-21,2021-11-21 17:41:00 UTC,Eastern Time (US & Canada),1120787,edhass,Ed Hass,2021-11-22 14:53:55 UTC,2023-02-15 04:11:18 UTC,research,CC-BY-NC,https://www.inaturalist.org/observations/101703883,https://inaturalist-open-data.s3.amazonaws.com/photos/169869223/medium.jpg,,"",Male Northern Cardinal,3,0,false,,Northern Cardinal,Cardinalis cardinalis,Красный кардинал,Aves,9083
102788781,74dc8928-0f63-4c09-abaf-c11ab99bd798,Thu Dec 09 2021 07:58:12 GMT-0500 (EST),2021-12-09,2021-12-09 12:58:12 UTC,Eastern Time (US & Canada),572980,sadawolk,Sandy Wolkenberg,2021-12-09 22:47:45 UTC,2022-01-17 23:35:48 UTC,research,CC-BY,https://www.inaturalist.org/observations/102788781,https://inaturalist-open-data.s3.amazonaws.com/photos/171900440/medium.jpg,,"","",6,0,false,3,Northern Cardinal,Cardinalis cardinalis,Красный кардинал,Aves,9083
103116698,ad99fb44-a0a2-46d2-8955-2ecde2fc906f,Wed Dec 15 2021 14:24:38 GMT-0500 (EST),2021-12-15,2021-12-15 19:24:38 UTC,Eastern Time (US & Canada),572980,sadawolk,Sandy Wolkenberg,2021-12-15 22:27:35 UTC,2022-01-17 23:35:03 UTC,research,CC-BY,https://www.inaturalist.org/observations/103116698,https://inaturalist-open-data.s3.amazonaws.com/photos/172515348/medium.jpg,,"","",4,0,false,3,Northern Cardinal,Cardinalis cardinalis,Красный кардинал,Aves,9083
103165078,1feedd37-da81-48db-8f6c-039b979c9fe1,2021/12/16 10:19 AM EST,2021-12-16,2021-12-16 15:19:00 UTC,Eastern Time (US & Canada),139364,andywilson,Andy Wilson,2021-12-16 21:49:29 UTC,2022-12-21 13:43:25 UTC,research,CC0,https://www.inaturalist.org/observations/103165078,https://inaturalist-open-data.s3.amazonaws.com/photos/172603807/medium.jpeg,,"",,4,0,false,,Northern Cardinal,Cardinalis cardinalis,Красный кардинал,Aves,9083
103221424,311f7062-d35f-4619-97d8-7003e39d903f,2021-12-16 09:31:47,2021-12-16,2021-12-16 14:31:47 UTC,Eastern Time (US & Canada),3220306,parsingphase,"",2021-12-17 23:55:26 UTC,2021-12-22 02:43:00 UTC,research,CC-BY-NC,https://www.inaturalist.org/observations/103221424,https://inaturalist-open-data.s3.amazonaws.com/photos/172707573/medium.jpg,,"library:fileId=4247, Northern Cardinal","",1,0,false,,Northern Cardinal,Cardinalis cardinalis,Красный кардинал,Aves,9083
103224090,5ac366c5-da03-4df4-8305-c96d3e9b042a,2021-12-17 16:11:49,2021-12-17,2021-12-17 21:11:49 UTC,Eastern Time (US & Canada),3674769,chrismic,Chris M,2021-12-18 00:32:34 UTC,2021-12-24 20:02:53 UTC,research,,https://www.inaturalist.org/observations/103224090,https://static.inaturalist.org/photos/172711047/medium.jpeg,,"",,3,0,false,2,Northern Cardinal,Cardinalis cardinalis,Красный кардинал,Aves,9083
103607618,b4af0867-6800-4a93-a20a-78bcc9f3e601,2021/12/24 10:01 AM EST,2021-12-24,2021-12-24 15:01:00 UTC,Eastern Time (US & Canada),5046335,nflicker101,Violet T.,2021-12-24 23:36:48 UTC,2025-07-30 17:20:35 UTC,research,CC-BY,https://www.inaturalist.org/observations/103607618,https://inaturalist-open-data.s3.amazonaws.com/photos/173444344/medium.jpeg,,"",MERRY CHRISTMAS! May you all have a blessed and merry Christmas season and New Year!,13,0,false,,Northern Cardinal,Cardinalis cardinalis,Красный кардинал,Aves,9083
103760946,e0b626b4-4d76-4d69-a364-788c0ef56dd4,2021/12/24 2:48 PM EST,2021-12-24,2021-12-24 19:48:00 UTC,Eastern Time (US & Canada),3357881,riset,Tanya Riseman,2021-12-27 16:59:18 UTC,2023-01-11 01:32:16 UTC,research,CC-BY,https://www.inaturalist.org/observations/103760946,https://inaturalist-open-data.s3.amazonaws.com/photos/173738408/medium.jpg,,"Rachel Carson Conservation Park, bird, cardinal",,4,0,false,,Northern Cardinal,Cardinalis cardinalis,Красный кардинал,Aves,9083
104579357,5629a8b4-df01-4610-be4b-a826002d55f3,2021-12-21 15:55:14,2021-12-21,2021-12-21 20:55:14 UTC,Eastern Time (US & Canada),3595420,ameyers_scienceguy,"",2022-01-08 15:32:11 UTC,2022-01-17 08:43:10 UTC,research,CC-BY-NC,https://www.inaturalist.org/observations/104579357,https://inaturalist-open-data.s3.amazonaws.com/photos/175264083/medium.jpeg,,"",Found dead on the side of the road.,3,0,false,2,Northern Cardinal,Cardinalis cardinalis,Красный кардинал,Aves,9083
104608036,36eee76e-1817-4d7f-83aa-c296131dfd3b,Sat Jan 08 2022 14:15:29 GMT-0500 (EST),2022-01-08,2022-01-08 19:15:29 UTC,Eastern Time (US & Canada),3564162,zitserm,Misha Zitser,2022-01-08 23:51:32 UTC,2024-09-03 03:58:04 UTC,research,CC-BY-NC,https://www.inaturalist.org/observations/104608036,https://inaturalist-open-data.s3.amazonaws.com/photos/175318582/medium.jpg,,"",This Cardinal was busy eating Mugwort seeds.  It's not an easy feat - the Cardinal must fly up from the ground and hover in the air to get a hold of some seeds.  The second photo shows this maneuver. ,5,0,false,3,Northern Cardinal,Cardinalis cardinalis,Красный кардинал,Aves,9083
104811729,a8626015-ca0e-40f2-83f9-5d7790e2760d,2022/01/12 7:46 AM EST,2022-01-12,2022-01-12 12:46:00 UTC,Eastern Time (US & Canada),835060,hb2000,"",2022-01-12 14:16:44 UTC,2022-01-17 08:43:05 UTC,research,CC-BY-NC,https://www.inaturalist.org/observations/104811729,https://inaturalist-open-data.s3.amazonaws.com/photos/175708383/medium.jpeg,,"","",4,0,false,,Northern Cardinal,Cardinalis cardinalis,Красный кардинал,Aves,9083
104968999,171e747e-88dc-4ddb-b9c2-5dbd92ad8969,Thu Jan 13 2022 09:43:24 GMT-0500 (EST),2022-01-13,2022-01-13 14:43:24 UTC,Eastern Time (US & Canada),550590,jstippick,,2022-01-15 13:37:27 UTC,2022-08-05 02:42:08 UTC,research,,https://www.inaturalist.org/observations/104968999,https://static.inaturalist.org/photos/176010509/medium.jpg,,"","",1,0,false,3,Northern Cardinal,Cardinalis cardinalis,Красный кардинал,Aves,9083
105402765,ac0dd956-4335-4585-964a-8d9adcf1eb1f,Sat Jan 22 2022 17:51:56 GMT-0500 (EST),2022-01-22,2022-01-22 22:51:56 UTC,Eastern Time (US & Canada),572980,sadawolk,Sandy Wolkenberg,2022-01-23 01:22:33 UTC,2022-01-23 03:44:23 UTC,research,CC-BY,https://www.inaturalist.org/observations/105402765,https://inaturalist-open-data.s3.amazonaws.com/photos/176843637/medium.jpg,,"","",3,0,false,3,Northern Cardinal,Cardinalis cardinalis,Красный кардинал,Aves,9083
105405450,5fe41d73-2380-4a42-aec1-3f4380d7f737,2022/01/08 8:32 AM EST,2022-01-08,2022-01-08 13:32:00 UTC,Eastern Time (US & Canada),3622840,pachogut,Pacho Gutierrez,2022-01-23 02:05:30 UTC,2022-01-28 07:13:31 UTC,research,CC-BY-NC,https://www.inaturalist.org/observations/105405450,https://inaturalist-open-data.s3.amazonaws.com/photos/176848311/medium.jpg,,"",,2,0,false,,Northern Cardinal,Cardinalis cardinalis,Красный кардинал,Aves,9083
105774702,a0006459-728c-43c5-8caf-4b313a3f4455,Mon Jan 24 2022 10:40:37 GMT-0500 (EST),2022-01-24,2022-01-24 15:40:37 UTC,Eastern Time (US & Canada),2528475,ecowill,William Henley,2022-01-29 15:49:38 UTC,2022-04-25 04:08:11 UTC,research,,https://www.inaturalist.org/observations/105774702,https://static.inaturalist.org/photos/177551986/medium.jpg,,"","",1,0,false,3,Northern Cardinal,Cardinalis cardinalis,Красный кардинал,Aves,9083
105812011,9d666d2b-7b09-45bb-bb56-4634f08fa231,2022/01/29 1:29 PM EST,2022-01-29,2022-01-29 18:29:00 UTC,Eastern Time (US & Canada),2641654,ronwertz,Ron Wertz,2022-01-30 02:21:25 UTC,2022-01-30 21:27:19 UTC,research,CC-BY-NC-SA,https://www.inaturalist.org/observations/105812011,https://inaturalist-open-data.s3.amazonaws.com/photos/177621969/medium.jpeg,,"",,3,0,false,,Northern Cardinal,Cardinalis cardinalis,Красный кардинал,Aves,9083
105812015,91503b44-f929-4dbd-b5d0-a069c8efb55e,2022/01/29 1:34 PM EST,2022-01-29,2022-01-29 18:34:00 UTC,Eastern Time (US & Canada),2641654,ronwertz,Ron Wertz,2022-01-30 02:21:27 UTC,2022-01-30 21:26:57 UTC,research,CC-BY-NC-SA,https://www.inaturalist.org/observations/105812015,https://inaturalist-open-data.s3.amazonaws.com/photos/177622160/medium.jpeg,,"",,5,0,false,,Northern Cardinal,Cardinalis cardinalis,Красный кардинал,Aves,9083
105818619,672b1965-a12d-43be-b3e9-b69b53ee5307,2021/03/30 12:37 PM EDT,2021-03-30,2021-03-30 16:37:00 UTC,Eastern Time (US & Canada),3785,treegrow,Katja Schulz,2022-01-30 04:30:50 UTC,2022-01-30 18:28:16 UTC,research,CC0,https://www.inaturalist.org/observations/105818619,https://inaturalist-open-data.s3.amazonaws.com/photos/177637497/medium.jpg,,"","",5,0,false,,Northern Cardinal,Cardinalis cardinalis,Красный кардинал,Aves,9083
105871220,e9226287-1848-4801-b33b-46c5171ac575,2022/01/30 10:06 AM EST,2022-01-30,2022-01-30 15:06:00 UTC,Eastern Time (US & Canada),2340900,pinefrog,Mila C.,2022-01-30 23:40:43 UTC,2022-06-23 01:14:42 UTC,research,CC-BY,https://www.inaturalist.org/observations/105871220,https://inaturalist-open-data.s3.amazonaws.com/photos/177736587/medium.jpeg,,"",,6,0,false,,Northern Cardinal,Cardinalis cardinalis,Красный кардинал,Aves,9083
105985168,1e190f62-6d4d-439d-af97-a78808a6d0b6,2022/02/01 12:01 PM EST,2022-02-01,2022-02-01 17:01:00 UTC,Eastern Time (US & Canada),20400,matthew_wills,"",2022-02-01 21:49:52 UTC,2022-02-02 02:21:08 UTC,research,CC-BY-NC,https://www.inaturalist.org/observations/105985168,https://inaturalist-open-data.s3.amazonaws.com/photos/177952590/medium.jpeg,,"","",1,0,false,,Northern Cardinal,Cardinalis cardinalis,Красный кардинал,Aves,9083
106615031,15bf9d55-a92a-409b-8dad-20eb810a124d,2022/02/12 11:05 AM EST,2022-02-12,2022-02-12 16:05:00 UTC,Eastern Time (US & Canada),1336025,djweyer,"",2022-02-12 16:45:20 UTC,2022-02-12 16:54:57 UTC,research,CC-BY-NC,https://www.inaturalist.org/observations/106615031,https://inaturalist-open-data.s3.amazonaws.com/photos/179136216/medium.jpeg,,"","",1,0,false,,Northern Cardinal,Cardinalis cardinalis,Красный кардинал,Aves,9083
106619478,cedec216-90eb-4d79-b87d-5b874f643752,Fri Feb 11 2022 14:49:01 GMT-0500 (EST),2022-02-11,2022-02-11 19:49:01 UTC,Eastern Time (US & Canada),1222409,drsimon51,,2022-02-12 18:00:06 UTC,2022-02-13 19:05:11 UTC,research,CC-BY-NC,https://www.inaturalist.org/observations/106619478,https://inaturalist-open-data.s3.amazonaws.com/photos/179143841/medium.jpg,,"","",2,0,false,3,Northern Cardinal,Cardinalis cardinalis,Красный кардинал,Aves,9083
106685223,e130969e-73fd-4542-9ac7-3f79e055b485,2022-02-13 11:27:48,2022-02-13,2022-02-13 16:27:48 UTC,Eastern Time (US & Canada),2261089,curiousli1,LiangYi Jiang,2022-02-13 16:53:29 UTC,2022-02-13 18:49:00 UTC,research,,https://www.inaturalist.org/observations/106685223,https://static.inaturalist.org/photos/179271333/medium.jpeg,,"",,4,0,false,2,Northern Cardinal,Cardinalis cardinalis,Красный кардинал,Aves,9083
106692878,d7405273-9566-4284-83c1-5f320c170968,Sun Feb 13 2022 13:48:48 GMT-0500 (EST),2022-02-13,2022-02-13 18:48:48 UTC,Eastern Time (US & Canada),1657234,jtdavis,Jeff Davis,2022-02-13 18:53:38 UTC,2022-02-22 13:16:06 UTC,research,CC-BY-NC,https://www.inaturalist.org/observations/106692878,https://inaturalist-open-data.s3.amazonaws.com/photos/179286316/medium.jpg,,"","A gathering of Cardinals… the tree was thick with them, males and females. I don’t know if it was the tree, the gravel in the parking lot under the tree or what was the attraction. Parking lot near algonkian golf course on the Potomac River ON THE VIRGINIA SIDE!
",3,0,false,3,Northern Cardinal,Cardinalis cardinalis,Красный кардинал,Aves,9083
107257185,8cd656cd-5bb2-4788-a4b6-ddbb00e38dc6,Tue Feb 22 2022 10:58:58 GMT-0500 (EST),2022-02-22,2022-02-22 15:58:58 UTC,Eastern Time (US & Canada),1586724,izafarr,Izabella Farr,2022-02-22 15:59:40 UTC,2022-02-22 16:02:26 UTC,research,CC-BY-NC,https://www.inaturalist.org/observations/107257185,https://inaturalist-open-data.s3.amazonaws.com/photos/180357864/medium.jpg,,"","",1,0,false,3,Northern Cardinal,Cardinalis cardinalis,Красный кардинал,Aves,9083
108325732,7dec1e54-204b-4265-8024-c7231d5b98f7,Thu Mar 10 2022 16:25:17 GMT-0500 (EST),2022-03-10,2022-03-10 21:25:17 UTC,Eastern Time (US & Canada),1953384,joseph375,Joseph Walewski,2022-03-10 21:25:32 UTC,2022-07-18 16:04:48 UTC,research,,https://www.inaturalist.org/observations/108325732,https://static.inaturalist.org/photos/183476890/medium.jpg,,"",Dead male,3,0,false,3,Northern Cardinal,Cardinalis cardinalis,Красный кардинал,Aves,9083
108454387,72235a1b-a783-43e3-b1ed-cc2597c945df,Sat Mar 12 2022 13:26:36 GMT-0500 (EST),2022-03-12,2022-03-12 18:26:36 UTC,Eastern Time (US & Canada),3178221,danly,"",2022-03-12 20:23:20 UTC,2022-03-13 20:47:21 UTC,research,CC-BY-NC,https://www.inaturalist.org/observations/108454387,https://inaturalist-open-data.s3.amazonaws.com/photos/182602332/medium.jpg,,"","",4,0,false,3,Northern Cardinal,Cardinalis cardinalis,Красный кардинал,Aves,9083
108454540,ef53309e-695f-486a-9800-844a63021612,Thu Mar 10 2022 15:20:47 GMT-0500 (EST),2022-03-10,2022-03-10 20:20:47 UTC,Eastern Time (US & Canada),3178221,danly,"",2022-03-12 20:26:15 UTC,2022-03-13 20:47:14 UTC,research,CC-BY-NC,https://www.inaturalist.org/observations/108454540,https://inaturalist-open-data.s3.amazonaws.com/photos/182602779/medium.jpg,,"","",4,0,false,3,Northern Cardinal,Cardinalis cardinalis,Красный кардинал,Aves,9083
108483329,d3314119-476d-454a-8123-7177d744b167,2020-06-03 14:14:08,2020-06-03,2020-06-03 14:14:08 UTC,UTC,5417421,anu3bis,Daniel Abraham,2022-03-13 04:14:17 UTC,2022-03-13 14:27:44 UTC,research,,https://www.inaturalist.org/observations/108483329,https://static.inaturalist.org/photos/182657769/medium.jpeg,,"",baby cardinal.   parents nearby. ,1,0,false,2,Northern Cardinal,Cardinalis cardinalis,Красный кардинал,Aves,9083
108732063,b7a2c820-3333-4410-83f9-b85bf2088c78,2022/03/16 10:08 AM EDT,2022-03-16,2022-03-16 14:08:00 UTC,Eastern Time (US & Canada),5097052,facilities-bird-photos,,2022-03-16 16:19:50 UTC,2025-06-12 07:24:20 UTC,research,,https://www.inaturalist.org/observations/108732063,https://static.inaturalist.org/photos/183127428/medium.jpg,,"","Photo from SOM facilities team
Window kill
Back of SOM Evans Hall building in the yard below the back south patio",3,0,false,,Northern Cardinal,Cardinalis cardinalis,Красный кардинал,Aves,9083
108767058,dd6f204d-c2f0-44b7-b17d-216af680969f,Fri Mar 11 2022 14:46:56 GMT-0500 (EST),2022-03-11,2022-03-11 19:46:56 UTC,Eastern Time (US & Canada),2053315,kristenrose,Kristen Rose,2022-03-17 00:46:12 UTC,2022-03-17 00:52:19 UTC,research,CC-BY-NC,https://www.inaturalist.org/observations/108767058,https://inaturalist-open-data.s3.amazonaws.com/photos/183193277/medium.jpg,,"",Cardinal beak in an owl pellet?,1,0,false,3,Northern Cardinal,Cardinalis cardinalis,Красный кардинал,Aves,9083
109749578,34ec6ac7-b8b9-46e2-ad29-43b8046e73e8,Mon Mar 28 2022 09:18:23 GMT-0400 (EDT),2022-03-28,2022-03-28 13:18:23 UTC,Eastern Time (US & Canada),4997764,cameronw22,Cameron Wright,2022-03-28 13:18:34 UTC,2022-04-04 17:48:22 UTC,research,,https://www.inaturalist.org/observations/109749578,https://static.inaturalist.org/photos/185030253/medium.jpg,,"","",3,0,false,3,Northern Cardinal,Cardinalis cardinalis,Красный кардинал,Aves,9083
110080586,d0d6a524-a2a0-4299-8629-1ea05cb714b1,2022/03/26 10:21 AM UTC,2022-03-26,2022-03-26 10:21:00 UTC,UTC,69769,nickhobgood,Nick Hobgood,2022-04-01 11:16:33 UTC,2025-11-20 13:55:13 UTC,research,CC-BY-NC-ND,https://www.inaturalist.org/observations/110080586,https://inaturalist-open-data.s3.amazonaws.com/photos/185641113/medium.jpg,,"",,3,0,false,,Northern Cardinal,Cardinalis cardinalis,Красный кардинал,Aves,9083
110482329,015ed16d-19bc-4b0e-8937-f2b7b3e84966,2022/04/04 12:40 PM EDT,2022-04-04,2022-04-04 16:40:00 UTC,Eastern Time (US & Canada),4735840,julieb124,Julie,2022-04-05 13:03:17 UTC,2022-04-05 13:54:47 UTC,research,CC-BY-NC,https://www.inaturalist.org/observations/110482329,https://inaturalist-open-data.s3.amazonaws.com/photos/186381429/medium.jpeg,,"","",1,0,false,,Northern Cardinal,Cardinalis cardinalis,Красный кардинал,Aves,9083
110546516,a0369cd1-9d27-4b3b-b9c0-642842d8f536,Tue Apr 05 2022 13:45:26 GMT-0400 (EDT),2022-04-05,2022-04-05 17:45:26 UTC,Eastern Time (US & Canada),1299792,cinnamon325,Dimitris S,2022-04-06 03:14:16 UTC,2022-04-16 19:52:29 UTC,research,,https://www.inaturalist.org/observations/110546516,https://static.inaturalist.org/photos/186500512/medium.jpg,,"","",3,0,false,3,Northern Cardinal,Cardinalis cardinalis,Красный кардинал,Aves,9083
110766825,51206e94-2b7d-4a09-b24e-078374232724,2022-04-08 08:44:27,2022-04-08,2022-04-08 12:44:27 UTC,Eastern Time (US & Canada),3191422,cofa,Corey Farwell,2022-04-08 17:35:14 UTC,2024-09-17 02:21:27 UTC,research,CC-BY,https://www.inaturalist.org/observations/110766825,https://inaturalist-open-data.s3.amazonaws.com/photos/333298571/medium.jpg,,"",,2,0,false,2,Northern Cardinal,Cardinalis cardinalis,Красный кардинал,Aves,9083
110907313,298caa3d-ca1f-44b5-9a88-e673cb0dd366,Sat Apr 09 2022 19:20:03 GMT -0400 (EDT),2022-04-09,2022-04-09 23:20:03 UTC,Eastern Time (US & Canada),4488773,roachinyawalls,,2022-04-10 00:07:16 UTC,2024-05-17 23:43:21 UTC,research,CC-BY-NC,https://www.inaturalist.org/observations/110907313,https://inaturalist-open-data.s3.amazonaws.com/photos/187165152/medium.jpeg,,"",,1,0,false,333,Northern Cardinal,Cardinalis cardinalis,Красный кардинал,Aves,9083
111796010,ca3ce0c2-afe1-44b6-b3d9-19520b564018,2022-04-14 05:19:16,2022-04-14,2022-04-14 09:19:16 UTC,Eastern Time (US & Canada),2197654,alpinepowers,alpinepowers,2022-04-17 16:10:29 UTC,2022-04-17 17:08:38 UTC,research,,https://www.inaturalist.org/observations/111796010,https://static.inaturalist.org/photos/188770544/medium.jpeg,,"",,1,0,false,2,Northern Cardinal,Cardinalis cardinalis,Красный кардинал,Aves,9083
111995948,9a4a285d-d8cd-4c9d-ab79-de38d5d802a8,2022/04/18 4:11 PM EDT,2022-04-18,2022-04-18 20:11:00 UTC,Eastern Time (US & Canada),4929732,jacqui_,jacqui,2022-04-19 01:24:45 UTC,2022-04-20 02:15:14 UTC,research,CC-BY-NC,https://www.inaturalist.org/observations/111995948,https://inaturalist-open-data.s3.amazonaws.com/photos/189133477/medium.png,,"",,3,0,false,,Northern Cardinal,Cardinalis cardinalis,Красный кардинал,Aves,9083
112314805,421f3169-3a00-4323-944c-0468b52efa3a,2022/04/21 11:27 AM,2022-04-21,2022-04-21 15:27:00 UTC,Eastern Time (US & Canada),2701076,sabineart,"",2022-04-21 21:08:23 UTC,2023-07-15 03:04:38 UTC,research,CC-BY-NC-ND,https://www.inaturalist.org/observations/112314805,https://inaturalist-open-data.s3.amazonaws.com/photos/189705985/medium.jpg,,"",,1,0,false,,Northern Cardinal,Cardinalis cardinalis,Красный кардинал,Aves,9083
112339319,c32c8205-e540-4424-88c7-67a5e8e51b4e,2022-04-21 14:56:25,2022-04-21,2022-04-21 18:56:25 UTC,Eastern Time (US & Canada),4827613,yellowperch03,Bobby,2022-04-22 01:10:35 UTC,2024-12-30 01:51:05 UTC,research,CC-BY-NC,https://www.inaturalist.org/observations/112339319,https://inaturalist-open-data.s3.amazonaws.com/photos/189750602/medium.jpeg,,"",Northern Cardinal ,2,0,false,2,Northern Cardinal,Cardinalis cardinalis,Красный кардинал,Aves,9083
115027727,d1a65e17-5a30-4fdc-a872-0aeb979205b0,2022/05/02 11:41 AM,2022-05-02,2022-05-02 15:41:00 UTC,Eastern Time (US & Canada),1685890,adventurehiker,"",2022-05-03 03:52:47 UTC,2022-05-16 11:07:21 UTC,research,,https://www.inaturalist.org/observations/115027727,https://static.inaturalist.org/photos/194172431/medium.jpg,,"",,2,0,false,,Northern Cardinal,Cardinalis cardinalis,Красный кардинал,Aves,9083
115641689,cf610d09-c5bb-46e1-b1ff-5595e0ff1e46,2022-05-05 18:35:54,2022-05-05,2022-05-05 22:35:54 UTC,Eastern Time (US & Canada),18668,xris,Chris Kreussling (Flatbush Gardener),2022-05-05 22:36:55 UTC,2022-11-05 16:40:37 UTC,research,CC-BY-NC,https://www.inaturalist.org/observations/115641689,https://inaturalist-open-data.s3.amazonaws.com/photos/195171797/medium.jpeg,,"","",2,0,false,2,Northern Cardinal,Cardinalis cardinalis,Красный кардинал,Aves,9083
115665423,a761109b-9af5-4d14-b490-3b478918b170,2022/04/28 8:46 AM,2022-04-28,2022-04-28 12:46:00 UTC,Eastern Time (US & Canada),242844,gwh,Gary House,2022-05-06 01:54:24 UTC,2022-05-16 11:02:40 UTC,research,CC-BY,https://www.inaturalist.org/observations/115665423,https://inaturalist-open-data.s3.amazonaws.com/photos/195215183/medium.jpg,,Four Mile Run Park,,4,0,false,,Northern Cardinal,Cardinalis cardinalis,Красный кардинал,Aves,9083
116103419,6ec330e5-6819-4fc4-afcb-a6d89eea3673,2022-05-08 11:20:47,2022-05-08,2022-05-08 15:20:47 UTC,Eastern Time (US & Canada),5644496,dawson50,Dawson Zacharko,2022-05-08 15:26:46 UTC,2022-05-08 17:00:34 UTC,research,,https://www.inaturalist.org/observations/116103419,https://static.inaturalist.org/photos/195954330/medium.jpeg,,"",,3,0,false,2,Northern Cardinal,Cardinalis cardinalis,Красный кардинал,Aves,9083
119161186,9939ae0c-2d7b-499b-a408-f03cf84592ac,2022/05/28 5:56 PM,2022-05-28,2022-05-28 21:56:00 UTC,Eastern Time (US & Canada),3989998,scmayo,Steve Mayo,2022-05-29 00:37:14 UTC,2022-05-30 05:27:52 UTC,research,CC-BY-NC,https://www.inaturalist.org/observations/119161186,https://inaturalist-open-data.s3.amazonaws.com/photos/201407443/medium.jpeg,,"","",3,0,false,,Northern Cardinal,Cardinalis cardinalis,Красный кардинал,Aves,9083
119460088,7dd490c5-5ac7-4be0-b9a9-0083dc1bce5f,2022-05-30 14:22:28,2022-05-30,2022-05-30 18:22:28 UTC,Eastern Time (US & Canada),3122679,stephenmichael,Stephen Michael,2022-05-30 18:26:12 UTC,2022-06-13 01:21:18 UTC,research,,https://www.inaturalist.org/observations/119460088,https://static.inaturalist.org/photos/201942004/medium.jpeg,,"",,3,0,false,2,Northern Cardinal,Cardinalis cardinalis,Красный кардинал,Aves,9083
121508400,032f3334-d32b-4349-8a58-e3f7c113c894,2022/06/11 3:13 PM,2022-06-11,2022-06-11 19:13:00 UTC,Eastern Time (US & Canada),4262083,langg099,Lang Cheng,2022-06-12 23:38:04 UTC,2022-06-13 19:23:34 UTC,research,,https://www.inaturalist.org/observations/121508400,https://static.inaturalist.org/photos/205618030/medium.jpg,,"",,2,0,false,,Northern Cardinal,Cardinalis cardinalis,Красный кардинал,Aves,9083
122601070,f1aa40d7-ea91-4daf-879b-3094854720ee,Sun Jun 19 2022 14:36:28 GMT-0400 (EDT),2022-06-19,2022-06-19 18:36:28 UTC,Eastern Time (US & Canada),4861159,lululunar,Frost,2022-06-20 03:48:33 UTC,2025-07-01 11:10:21 UTC,research,CC-BY,https://www.inaturalist.org/observations/122601070,https://inaturalist-open-data.s3.amazonaws.com/photos/207595636/medium.jpg,,Bald cardinal,I have been informed this is bloödcheëp. ,2,0,false,3,Northern Cardinal,Cardinalis cardinalis,Красный кардинал,Aves,9083
122957089,2c93ca34-ce53-40d2-9acc-55904b2f33ea,Wed Jun 22 2022 11:23:39 GMT -0400 (EDT),2022-06-22,2022-06-22 15:23:39 UTC,Eastern Time (US & Canada),5002054,stringerfamily,,2022-06-22 15:24:03 UTC,2022-06-22 19:56:13 UTC,research,CC-BY-NC,https://www.inaturalist.org/observations/122957089,https://inaturalist-open-data.s3.amazonaws.com/photos/208242452/medium.jpeg,,"",,1,0,false,333,Northern Cardinal,Cardinalis cardinalis,Красный кардинал,Aves,9083
126942014,4c0813e3-2590-4e50-b465-f758d3249f63,2022/07/14 7:08 AM,2022-07-14,2022-07-14 11:08:00 UTC,Eastern Time (US & Canada),2119235,hickl,Charles,2022-07-19 11:45:45 UTC,2024-08-29 17:45:51 UTC,research,CC0,https://www.inaturalist.org/observations/126942014,https://inaturalist-open-data.s3.amazonaws.com/photos/215448562/medium.jpeg,,"",,1,0,false,,Northern Cardinal,Cardinalis cardinalis,Красный кардинал,Aves,9083
127291080,222bb5f1-28bd-4f6f-9e78-8ede756b8451,2022-07-21 19:18:30-04:00,2022-07-21,2022-07-21 23:18:30 UTC,Eastern Time (US & Canada),3985552,michellemt,,2022-07-21 23:22:41 UTC,2024-08-09 13:33:47 UTC,research,CC-BY-NC,https://www.inaturalist.org/observations/127291080,https://inaturalist-open-data.s3.amazonaws.com/photos/216321698/medium.jpg,https://static.inaturalist.org/sounds/505228.m4a?1658527281,"","",2,0,false,3,Northern Cardinal,Cardinalis cardinalis,Красный кардинал,Aves,9083
131257485,29041988-955a-4a34-9a70-6baeea48cac4,2022-08-17 11:20:23-04:00,2022-08-17,2022-08-17 15:20:23 UTC,Eastern Time (US & Canada),4793692,ana_george,Ana George,2022-08-17 21:55:23 UTC,2022-08-24 14:04:07 UTC,research,,https://www.inaturalist.org/observations/131257485,https://static.inaturalist.org/photos/223339566/medium.jpg,,"","",4,0,false,3,Northern Cardinal,Cardinalis cardinalis,Красный кардинал,Aves,9083
133024992,13ff5e9b-b4aa-4731-ac93-6ae994c59ed7,Mon Aug 29 2022 11:55:34 GMT-0400 (EDT),2022-08-29,2022-08-29 15:55:34 UTC,Eastern Time (US & Canada),245814,carolp,"",2022-08-31 00:51:47 UTC,2022-08-31 13:35:34 UTC,research,CC-BY-NC,https://www.inaturalist.org/observations/133024992,https://inaturalist-open-data.s3.amazonaws.com/photos/226525422/medium.jpg,,"","",3,0,false,3,Northern Cardinal,Cardinalis cardinalis,Красный кардинал,Aves,9083
134672958,ae2c0836-b4d2-4b8d-aaa1-3681733b97b7,2015-02-11 20:07:00-06:00,2015-02-11,2015-02-12 02:07:00 UTC,Eastern Time (US & Canada),3757392,springtology,Brendan Cramphorn,2022-09-12 01:08:02 UTC,2024-12-05 00:47:00 UTC,research,,https://www.inaturalist.org/observations/134672958,https://static.inaturalist.org/photos/229592575/medium.jpg,,"","",3,0,false,3,Northern Cardinal,Cardinalis cardinalis,Красный кардинал,Aves,9083
134754868,49fd0a16-1ecb-4689-ae63-5e6cc6fd8646,2022-09-12 11:00:00-04:00,2022-09-12,2022-09-12 15:00:00 UTC,Eastern Time (US & Canada),1450059,drewdlestrudel,,2022-09-12 17:44:42 UTC,2022-09-13 21:40:58 UTC,research,CC-BY-NC,https://www.inaturalist.org/observations/134754868,https://inaturalist-open-data.s3.amazonaws.com/photos/229746446/medium.jpg,,"","",3,0,false,3,Northern Cardinal,Cardinalis cardinalis,Красный кардинал,Aves,9083
134760669,c6cb4121-e659-4a5b-9647-ffbd4790f00c,2022-09-12 06:17:00-04:00,2022-09-12,2022-09-12 10:17:00 UTC,Eastern Time (US & Canada),1450059,drewdlestrudel,,2022-09-12 18:31:59 UTC,2022-09-13 21:40:42 UTC,research,CC-BY-NC,https://www.inaturalist.org/observations/134760669,https://inaturalist-open-data.s3.amazonaws.com/photos/229756980/medium.jpg,,"",She’s always the first bird at the feeder every morning :),2,0,false,3,Northern Cardinal,Cardinalis cardinalis,Красный кардинал,Aves,9083
140924136,cd7e1a6e-2b96-447d-af96-bd9984af587f,2022/11/02 11:55 AM,2022-11-02,2022-11-02 15:55:00 UTC,Eastern Time (US & Canada),1956393,mamiles,"",2022-11-02 23:13:53 UTC,2022-11-07 04:55:24 UTC,research,CC-BY-NC-ND,https://www.inaturalist.org/observations/140924136,https://inaturalist-open-data.s3.amazonaws.com/photos/241306286/medium.jpeg,,"",female,1,0,false,,Northern Cardinal,Cardinalis cardinalis,Красный кардинал,Aves,9083
141012597,b7b1a498-00c8-4a25-ad36-220a0daebecb,2022/10/27 10:55 AM,2022-10-27,2022-10-27 14:55:00 UTC,Eastern Time (US & Canada),6246255,foxox,,2022-11-03 21:12:02 UTC,2023-06-04 03:18:45 UTC,research,CC-BY-NC,https://www.inaturalist.org/observations/141012597,https://inaturalist-open-data.s3.amazonaws.com/photos/241472283/medium.jpg,,"",,2,0,false,,Northern Cardinal,Cardinalis cardinalis,Красный кардинал,Aves,9083
141095326,a9118f28-69fe-496b-83bf-cd4555e12dd8,2022/11/04 12:44 PM,2022-11-04,2022-11-04 16:44:00 UTC,Eastern Time (US & Canada),3420156,bumblepuppy,,2022-11-04 19:58:20 UTC,2023-02-18 19:16:53 UTC,research,CC-BY-NC,https://www.inaturalist.org/observations/141095326,https://inaturalist-open-data.s3.amazonaws.com/photos/241629440/medium.jpeg,,"",,2,0,false,,Northern Cardinal,Cardinalis cardinalis,Красный кардинал,Aves,9083
141924374,7109c65f-e648-4e95-9caa-ab0a00e1d3eb,2021/03/25 1:48 PM,2021-03-25,2021-03-25 17:48:00 UTC,Eastern Time (US & Canada),3420505,chipperbirder,Maxwell Julius,2022-11-13 20:57:12 UTC,2023-06-15 17:03:42 UTC,research,CC-BY-NC,https://www.inaturalist.org/observations/141924374,https://inaturalist-open-data.s3.amazonaws.com/photos/243238457/medium.jpeg,,Chipperbirder's Backyard Atlas,Favorite,4,0,false,,Northern Cardinal,Cardinalis cardinalis,Красный кардинал,Aves,9083
142842014,6f6c59a9-61a0-46f3-9e82-a53923a84eca,2022-11-09 14:42:37,2022-11-09,2022-11-09 19:42:37 UTC,Eastern Time (US & Canada),18668,xris,Chris Kreussling (Flatbush Gardener),2022-11-25 19:10:15 UTC,2023-07-08 10:26:33 UTC,research,CC-BY-NC,https://www.inaturalist.org/observations/142842014,https://inaturalist-open-data.s3.amazonaws.com/photos/244961578/medium.jpg,,"Brooklyn, 2022, 2022-11-09, NYC, New York City, November, New York, November 2022, Prospect Park, Kings County, 2022-11, NY, Northern cardinal (Cardinalis cardinalis), Vale of Cashmere","Northern cardinal (Cardinalis cardinalis), Vale of Cashmere, Prospect Park, 2022-11-09",1,0,false,,Northern Cardinal,Cardinalis cardinalis,Красный кардинал,Aves,9083
144258315,65236016-5f21-4b31-a6b8-c9575e9d3bf3,2022/12/08 12:51 PM,2022-12-08,2022-12-08 17:51:00 UTC,Eastern Time (US & Canada),1956393,mamiles,"",2022-12-12 22:39:15 UTC,2024-12-05 00:46:47 UTC,research,CC-BY-NC-ND,https://www.inaturalist.org/observations/144258315,https://inaturalist-open-data.s3.amazonaws.com/photos/247555425/medium.jpg,,"",male,1,0,false,,Northern Cardinal,Cardinalis cardinalis,Красный кардинал,Aves,9083
145084304,eda4abf1-a876-4583-b63c-7feeaae69478,2022-12-25 13:01:22-05:00,2022-12-25,2022-12-25 18:01:22 UTC,Eastern Time (US & Canada),572980,sadawolk,Sandy Wolkenberg,2022-12-26 03:20:51 UTC,2022-12-26 11:32:24 UTC,research,CC-BY,https://www.inaturalist.org/observations/145084304,https://inaturalist-open-data.s3.amazonaws.com/photos/249157540/medium.jpg,,"",Eating Aronia fruits ,2,0,false,3,Northern Cardinal,Cardinalis cardinalis,Красный кардинал,Aves,9083
145548887,3c4c5122-2d87-4a42-a4fe-e7a0b5c4ca33,2022-12-31 14:27:09-05:00,2022-12-31,2022-12-31 19:27:09 UTC,Eastern Time (US & Canada),572980,sadawolk,Sandy Wolkenberg,2023-01-01 02:28:58 UTC,2023-01-08 03:01:14 UTC,research,CC-BY,https://www.inaturalist.org/observations/145548887,https://inaturalist-open-data.s3.amazonaws.com/photos/250029735/medium.jpg,,"",(Female),2,0,false,3,Northern Cardinal,Cardinalis cardinalis,Красный кардинал,Aves,9083
145987531,5ec81ea0-45d7-4960-80f9-b3623e5d991e,2023/01/05 12:56 PM,2023-01-05,2023-01-05 17:56:00 UTC,Eastern Time (US & Canada),1139613,ecovore,"",2023-01-06 21:01:48 UTC,2025-02-06 21:03:25 UTC,research,CC-BY,https://www.inaturalist.org/observations/145987531,https://inaturalist-open-data.s3.amazonaws.com/photos/250883570/medium.jpeg,,"","Only the first is my photo, others from the owners of the house",3,0,false,,Northern Cardinal,Cardinalis cardinalis,Красный кардинал,Aves,9083
146289390,d55bf78a-7dc2-411a-bc06-68ae72357079,2023-01-09 07:19:22-05:00,2023-01-09,2023-01-09 12:19:22 UTC,Eastern Time (US & Canada),4249652,picklejar,Alex Yu,2023-01-10 20:00:37 UTC,2025-10-30 16:07:17 UTC,research,CC-BY-NC,https://www.inaturalist.org/observations/146289390,https://inaturalist-open-data.s3.amazonaws.com/photos/251473464/medium.jpg,,"","",1,0,false,3,Northern Cardinal,Cardinalis cardinalis,Красный кардинал,Aves,9083
146473739,e5dda014-c5eb-4a13-a638-2b6722692415,2023-01-13 10:40:00,2023-01-13,2023-01-13 15:40:00 UTC,Eastern Time (US & Canada),6430904,tomisho,"",2023-01-13 16:58:56 UTC,2023-01-30 02:15:31 UTC,research,CC-BY-NC,https://www.inaturalist.org/observations/146473739,https://inaturalist-open-data.s3.amazonaws.com/photos/252347367/medium.jpeg,,"",Window strike into sliding glass door. Witnessed it happening from inside the house.,2,0,false,,Northern Cardinal,Cardinalis cardinalis,Красный кардинал,Aves,9083
146571769,6641c7e6-f7ec-4bd8-b3f7-54adcdbb0073,2023-01-14 08:14:04-05:00,2023-01-14,2023-01-14 13:14:04 UTC,Eastern Time (US & Canada),5632778,wakk4457,,2023-01-15 00:18:15 UTC,2023-01-15 02:17:24 UTC,research,CC-BY-NC,https://www.inaturalist.org/observations/146571769,https://inaturalist-open-data.s3.amazonaws.com/photos/252020985/medium.jpg,,"","",1,0,false,3,Northern Cardinal,Cardinalis cardinalis,Красный кардинал,Aves,9083
146724615,f67bbabc-24c1-4368-81c9-1a91fa8f4a0d,2023/01/16 2:43 PM,2023-01-16,2023-01-16 19:43:00 UTC,Eastern Time (US & Canada),4371401,sh0nf0x,Sean,2023-01-16 23:49:10 UTC,2023-01-23 15:57:31 UTC,research,,https://www.inaturalist.org/observations/146724615,https://static.inaturalist.org/photos/252321984/medium.jpg,,"",,2,0,false,,Northern Cardinal,Cardinalis cardinalis,Красный кардинал,Aves,9083
148133576,8e078673-9e43-47a5-a4c5-9a10725f950b,2023-02-05 16:40:07,2023-02-05,2023-02-05 21:40:07 UTC,Eastern Time (US & Canada),337547,gary-delise,Gary Delise,2023-02-05 22:10:38 UTC,2023-02-06 00:25:17 UTC,research,CC-BY-NC,https://www.inaturalist.org/observations/148133576,https://inaturalist-open-data.s3.amazonaws.com/photos/255034543/medium.jpeg,,"","Piebald cardinal. Female, I think.",2,0,false,2,Northern Cardinal,Cardinalis cardinalis,Красный кардинал,Aves,9083
148638989,c21c2328-9f58-4444-83f4-d54e4e747931,2023-02-12 16:31:54,2023-02-12,2023-02-12 21:31:54 UTC,Eastern Time (US & Canada),482508,steveyoung,Steve Young,2023-02-12 21:34:01 UTC,2024-08-29 21:24:32 UTC,research,CC-BY,https://www.inaturalist.org/observations/148638989,https://inaturalist-open-data.s3.amazonaws.com/photos/256004526/medium.jpeg,,"",,2,0,false,2,Northern Cardinal,Cardinalis cardinalis,Красный кардинал,Aves,9083
149005733,1e3ad7e7-50a8-4fd3-8b70-a26c757b9a07,2023-02-17 09:20:40-05:00,2023-02-17,2023-02-17 14:20:40 UTC,Eastern Time (US & Canada),572980,sadawolk,Sandy Wolkenberg,2023-02-18 01:09:49 UTC,2023-02-18 01:20:16 UTC,research,CC-BY,https://www.inaturalist.org/observations/149005733,https://inaturalist-open-data.s3.amazonaws.com/photos/256696303/medium.jpg,,"","",1,0,false,3,Northern Cardinal,Cardinalis cardinalis,Красный кардинал,Aves,9083
149006122,40b8607d-4780-4a70-9f37-d4a7fa98d478,2023-02-17 10:17:32-05:00,2023-02-17,2023-02-17 15:17:32 UTC,Eastern Time (US & Canada),572980,sadawolk,Sandy Wolkenberg,2023-02-18 01:17:06 UTC,2023-02-18 21:48:36 UTC,research,CC-BY,https://www.inaturalist.org/observations/149006122,https://inaturalist-open-data.s3.amazonaws.com/photos/256697118/medium.jpg,,"","",3,0,false,3,Northern Cardinal,Cardinalis cardinalis,Красный кардинал,Aves,9083
149263784,da294878-ccae-4f83-9c16-d01f3a11e1d7,2023-02-20 15:50:25-05:00,2023-02-20,2023-02-20 20:50:25 UTC,Eastern Time (US & Canada),900026,nycnatureobserver,Kevin Sisco,2023-02-20 21:03:04 UTC,2023-05-17 00:39:49 UTC,research,,https://www.inaturalist.org/observations/149263784,https://static.inaturalist.org/photos/257177749/medium.jpg,,"","",4,0,false,3,Northern Cardinal,Cardinalis cardinalis,Красный кардинал,Aves,9083
149264913,63da0940-b3b4-472f-a24f-29fc8bfc847a,2023/02/20 12:15 PM,2023-02-20,2023-02-20 17:15:00 UTC,Eastern Time (US & Canada),4828807,daniel_wheeler,Daniel Edward Wheeler,2023-02-20 21:14:14 UTC,2023-02-25 07:19:06 UTC,research,CC-BY-NC,https://www.inaturalist.org/observations/149264913,https://inaturalist-open-data.s3.amazonaws.com/photos/257179503/medium.jpeg,,"",,3,0,false,,Northern Cardinal,Cardinalis cardinalis,Красный кардинал,Aves,9083
149404460,468aa60e-0232-425c-b84c-3d2186e10c86,2023/02/20 3:59 PM,2023-02-20,2023-02-20 20:59:00 UTC,Eastern Time (US & Canada),4573169,dwthor54,,2023-02-22 14:48:03 UTC,2023-02-25 05:40:08 UTC,research,CC-BY-NC,https://www.inaturalist.org/observations/149404460,https://inaturalist-open-data.s3.amazonaws.com/photos/257443212/medium.jpeg,,"",,3,0,false,,Northern Cardinal,Cardinalis cardinalis,Красный кардинал,Aves,9083
149484767,6e2729b9-592c-40c0-9b04-503a8239aad9,2023-02-23 10:51:19-05:00,2023-02-23,2023-02-23 15:51:19 UTC,Eastern Time (US & Canada),349162,mmn_noriko,"",2023-02-23 16:28:08 UTC,2024-08-29 16:48:19 UTC,research,CC-BY-NC,https://www.inaturalist.org/observations/149484767,https://inaturalist-open-data.s3.amazonaws.com/photos/257594642/medium.jpg,,"","Just feathers, hope it is still alive.",2,0,false,3,Northern Cardinal,Cardinalis cardinalis,Красный кардинал,Aves,9083
149592815,3cd6f836-9d99-46ce-ba38-ae1bc9a7a7b0,2023/02/24 5:27 PM,2023-02-24,2023-02-24 22:27:00 UTC,Eastern Time (US & Canada),1816415,blackhound,"",2023-02-24 23:27:32 UTC,2023-02-25 19:23:35 UTC,research,CC-BY-NC,https://www.inaturalist.org/observations/149592815,https://inaturalist-open-data.s3.amazonaws.com/photos/257797825/medium.jpg,,"","",2,0,false,,Northern Cardinal,Cardinalis cardinalis,Красный кардинал,Aves,9083
149691042,87c0a391-7f57-4a23-a215-398ec88bd71d,2023-02-25 08:40:00-05:00,2023-02-25,2023-02-25 13:40:00 UTC,Eastern Time (US & Canada),6515269,srikau5,,2023-02-26 02:35:44 UTC,2024-01-08 19:22:00 UTC,research,CC-BY-NC,https://www.inaturalist.org/observations/149691042,https://inaturalist-open-data.s3.amazonaws.com/photos/257980189/medium.jpg,,"","",4,0,false,3,Northern Cardinal,Cardinalis cardinalis,Красный кардинал,Aves,9083
149795558,5a9485a6-d1bc-412a-8e17-82dadfef97c5,2023/02/26 12:58 PM,2023-02-26,2023-02-26 17:58:00 UTC,Eastern Time (US & Canada),4394164,seank123,Sean Krepski,2023-02-27 03:54:03 UTC,2023-02-28 17:58:03 UTC,research,CC-BY-NC,https://www.inaturalist.org/observations/149795558,https://inaturalist-open-data.s3.amazonaws.com/photos/258176059/medium.jpg,,"",,5,0,false,,Northern Cardinal,Cardinalis cardinalis,Красный кардинал,Aves,9083
149946781,cc350396-f1bf-41db-90d6-aab74dd6eb7a,2023/02/28 7:30 AM,2023-02-28,2023-02-28 12:30:00 UTC,Eastern Time (US & Canada),164735,belyykit,"",2023-03-01 01:16:30 UTC,2023-03-01 06:00:17 UTC,research,CC-BY-NC,https://www.inaturalist.org/observations/149946781,https://inaturalist-open-data.s3.amazonaws.com/photos/258463844/medium.jpg,,"","",3,0,false,,Northern Cardinal,Cardinalis cardinalis,Красный кардинал,Aves,9083
149980606,1635ad4d-038f-43f7-a657-916a660574e8,2023-02-21 16:33:00-05:00,2023-02-21,2023-02-21 21:33:00 UTC,Eastern Time (US & Canada),2669280,ugiebraan,"",2023-03-01 14:51:39 UTC,2023-03-01 14:52:35 UTC,research,CC-BY-NC,https://www.inaturalist.org/observations/149980606,https://inaturalist-open-data.s3.amazonaws.com/photos/258530520/medium.jpg,,"","",1,0,false,3,Northern Cardinal,Cardinalis cardinalis,Красный кардинал,Aves,9083
150454829,1b43de64-d85b-4883-b566-b6d6c8dda2ef,2023-03-06 11:16:55-05:00,2023-03-06,2023-03-06 16:16:55 UTC,Eastern Time (US & Canada),5632778,wakk4457,,2023-03-07 01:12:36 UTC,2023-03-07 01:13:47 UTC,research,CC-BY-NC,https://www.inaturalist.org/observations/150454829,https://inaturalist-open-data.s3.amazonaws.com/photos/259437354/medium.jpg,,"","",1,0,false,3,Northern Cardinal,Cardinalis cardinalis,Красный кардинал,Aves,9083
150539797,91485120-475f-471e-9cac-3f7801f11932,2023-02-25 01:44:19+08:00,2023-02-24,2023-02-24 17:44:19 UTC,Eastern Time (US & Canada),3760600,jimmyandtony,"",2023-03-08 02:12:14 UTC,2023-07-26 13:24:20 UTC,research,CC-BY-NC,https://www.inaturalist.org/observations/150539797,https://inaturalist-open-data.s3.amazonaws.com/photos/259605833/medium.jpg,,"","",3,0,false,3,Northern Cardinal,Cardinalis cardinalis,Красный кардинал,Aves,9083
150618506,39175092-9283-4814-be60-6962fd8f2c92,2023-03-08 14:58:38-05:00,2023-03-08,2023-03-08 19:58:38 UTC,Eastern Time (US & Canada),734077,cludden,CLudden,2023-03-09 01:09:31 UTC,2023-04-08 15:10:49 UTC,research,,https://www.inaturalist.org/observations/150618506,https://static.inaturalist.org/photos/259750784/medium.jpg,,"",What is happening to this poor cardinal?,2,0,false,3,Northern Cardinal,Cardinalis cardinalis,Красный кардинал,Aves,9083
150727224,6d834f2d-8205-4cb4-a71b-760d910e63a9,2023/03/09 4:52 PM,2023-03-09,2023-03-09 21:52:00 UTC,Eastern Time (US & Canada),164735,belyykit,"",2023-03-10 12:37:48 UTC,2023-03-10 12:45:12 UTC,research,CC-BY-NC,https://www.inaturalist.org/observations/150727224,https://inaturalist-open-data.s3.amazonaws.com/photos/259957797/medium.jpg,,"","",1,0,false,,Northern Cardinal,Cardinalis cardinalis,Красный кардинал,Aves,9083
150862030,7408eee3-d0fa-4a2c-9dbb-7d6946eca6fd,2023-03-11 17:22:17,2023-03-11,2023-03-11 22:22:17 UTC,Eastern Time (US & Canada),6084616,elwuo,Elwuo Neline,2023-03-11 22:23:20 UTC,2023-03-11 22:32:40 UTC,research,,https://www.inaturalist.org/observations/150862030,https://static.inaturalist.org/photos/260211663/medium.jpeg,,"",,1,0,false,2,Northern Cardinal,Cardinalis cardinalis,Красный кардинал,Aves,9083
151520326,814dc890-e703-4402-8c84-89e76ae62ac1,2023/03/17 2:43 PM,2023-03-17,2023-03-17 18:43:00 UTC,Eastern Time (US & Canada),2473401,feathered,Alexandra Tey,2023-03-18 19:48:10 UTC,2023-03-24 00:00:37 UTC,research,CC0,https://www.inaturalist.org/observations/151520326,https://inaturalist-open-data.s3.amazonaws.com/photos/261445745/medium.jpg,,"",,2,0,false,,Northern Cardinal,Cardinalis cardinalis,Красный кардинал,Aves,9083
151830661,8430e003-aa67-4ed2-8122-cca6e522e918,2023-03-21 08:24:37-04:00,2023-03-21,2023-03-21 12:24:37 UTC,Eastern Time (US & Canada),3564162,zitserm,Misha Zitser,2023-03-21 14:41:32 UTC,2024-09-04 10:52:44 UTC,research,CC-BY-NC,https://www.inaturalist.org/observations/151830661,https://inaturalist-open-data.s3.amazonaws.com/photos/262033735/medium.jpg,,"","Kill site.  Lots of small feathers, grayish white, some with red tips.

Maybe a House finch?",1,0,false,3,Northern Cardinal,Cardinalis cardinalis,Красный кардинал,Aves,9083
151866356,7c418efb-be73-497b-83fa-419b4065d465,2023-03-21 15:48:17-04:00,2023-03-21,2023-03-21 19:48:17 UTC,Eastern Time (US & Canada),1403192,nolanbirdie,,2023-03-21 21:10:25 UTC,2023-12-04 03:26:41 UTC,research,,https://www.inaturalist.org/observations/151866356,https://static.inaturalist.org/photos/262099344/medium.jpg,,"","",1,0,false,3,Northern Cardinal,Cardinalis cardinalis,Красный кардинал,Aves,9083
151873262,677e33ea-0272-4407-9676-b5ca88edb119,Tue Mar 21 2023 18:15:18 GMT -0400 (EDT),2023-03-21,2023-03-21 22:15:18 UTC,Eastern Time (US & Canada),6053144,sullivanandrew43,Andrew,2023-03-21 22:15:28 UTC,2023-04-15 01:57:17 UTC,research,CC-BY-NC,https://www.inaturalist.org/observations/151873262,https://inaturalist-open-data.s3.amazonaws.com/photos/262111402/medium.jpeg,,"",,2,0,false,333,Northern Cardinal,Cardinalis cardinalis,Красный кардинал,Aves,9083
151877094,0c144f3a-ca80-43d4-b5cc-8020ba2bbfab,2023-03-21 14:55:23-04:00,2023-03-21,2023-03-21 18:55:23 UTC,Eastern Time (US & Canada),3289483,scottdw1979,,2023-03-21 23:05:54 UTC,2023-03-22 01:25:02 UTC,research,CC-BY-NC,https://www.inaturalist.org/observations/151877094,https://inaturalist-open-data.s3.amazonaws.com/photos/262119253/medium.jpg,,"","",3,0,false,3,Northern Cardinal,Cardinalis cardinalis,Красный кардинал,Aves,9083
152615954,55f60c66-6884-43f5-898e-76334482cfed,2023-03-28 08:41:28-04:00,2023-03-28,2023-03-28 12:41:28 UTC,Eastern Time (US & Canada),3564162,zitserm,Misha Zitser,2023-03-28 13:21:16 UTC,2024-09-04 11:07:17 UTC,research,CC-BY-NC,https://www.inaturalist.org/observations/152615954,https://inaturalist-open-data.s3.amazonaws.com/photos/263482332/medium.jpg,,"","",2,0,false,3,Northern Cardinal,Cardinalis cardinalis,Красный кардинал,Aves,9083
153530892,81413691-8e58-4175-bb6e-a51559049dc3,2023/04/04 6:59 PM,2023-04-04,2023-04-04 22:59:00 UTC,Eastern Time (US & Canada),1276353,michaelpirrello,Michael Pirrello,2023-04-05 04:21:52 UTC,2023-04-05 12:55:01 UTC,research,CC-BY,https://www.inaturalist.org/observations/153530892,https://inaturalist-open-data.s3.amazonaws.com/photos/265184004/medium.jpeg,,"",,1,0,false,,Northern Cardinal,Cardinalis cardinalis,Красный кардинал,Aves,9083
153702530,e8924ee5-def5-4716-990f-7c2b5038f407,2023/04/06 9:13 AM,2023-04-06,2023-04-06 13:13:00 UTC,Eastern Time (US & Canada),792319,djringer,David Jeffrey Ringer,2023-04-06 16:47:45 UTC,2024-08-17 14:08:39 UTC,research,CC-BY-NC,https://www.inaturalist.org/observations/153702530,https://inaturalist-open-data.s3.amazonaws.com/photos/265498593/medium.jpg,,"","Nest-building female with the band number 2411-52480. This band was applied to a hatch-year female cardinal in October 2011 on Metinic Island, Maine.",2,0,false,,Northern Cardinal,Cardinalis cardinalis,Красный кардинал,Aves,9083
154164030,de283a94-3eb9-4c89-9258-93532694c90b,2023/04/09 11:50 AM,2023-04-09,2023-04-09 15:50:00 UTC,Eastern Time (US & Canada),4218385,cverwaal,Cornelis Verwaal,2023-04-09 20:33:24 UTC,2023-04-09 21:03:13 UTC,research,CC-BY-NC,https://www.inaturalist.org/observations/154164030,https://inaturalist-open-data.s3.amazonaws.com/photos/266346028/medium.jpg,,"birds, central park, spring",,2,0,false,,Northern Cardinal,Cardinalis cardinalis,Красный кардинал,Aves,9083
156471593,0d256e88-3f32-4000-ac3e-49f3cdbe932a,2023/04/24 9:48 AM,2023-04-24,2023-04-24 13:48:00 UTC,Eastern Time (US & Canada),4671900,shmugrizzle,,2023-04-24 20:12:07 UTC,2023-04-24 23:45:04 UTC,research,CC-BY-NC,https://www.inaturalist.org/observations/156471593,https://inaturalist-open-data.s3.amazonaws.com/photos/270571723/medium.jpeg,,"",,1,0,false,,Northern Cardinal,Cardinalis cardinalis,Красный кардинал,Aves,9083
156496173,2c346aaf-5fd3-4618-b5aa-2449e2331bbf,2023-04-18 10:32:23-04:00,2023-04-18,2023-04-18 14:32:23 UTC,Eastern Time (US & Canada),6668686,crw86,,2023-04-24 23:13:35 UTC,2023-04-25 01:24:30 UTC,research,CC-BY-NC,https://www.inaturalist.org/observations/156496173,https://inaturalist-open-data.s3.amazonaws.com/photos/270615788/medium.jpg,,"","",1,0,false,3,Northern Cardinal,Cardinalis cardinalis,Красный кардинал,Aves,9083
159776370,66bcb374-212d-42ec-87f6-dca2e4f835a1,2023-05-04 16:58:00-04:00,2023-05-04,2023-05-04 20:58:00 UTC,Eastern Time (US & Canada),5238000,amyzw,,2023-05-05 01:41:58 UTC,2023-05-09 16:00:44 UTC,research,CC-BY-NC,https://www.inaturalist.org/observations/159776370,https://inaturalist-open-data.s3.amazonaws.com/photos/276072261/medium.jpg,,"",Caught taking a bath,2,0,false,3,Northern Cardinal,Cardinalis cardinalis,Красный кардинал,Aves,9083
161684659,f2fc99fc-57e6-4e8d-85de-9e8a217225ac,2023-05-14 17:06:49-04:00,2023-05-14,2023-05-14 21:06:49 UTC,Eastern Time (US & Canada),5176162,canuck9800,,2023-05-14 21:07:27 UTC,2023-05-16 15:25:26 UTC,research,CC-BY-NC,https://www.inaturalist.org/observations/161684659,https://inaturalist-open-data.s3.amazonaws.com/photos/279488039/medium.jpg,,"","",3,0,false,3,Northern Cardinal,Cardinalis cardinalis,Красный кардинал,Aves,9083
162096392,3bb17f23-f98a-4b3e-b4c7-7aeee2fad971,2023/05/12 12:50 PM,2023-05-12,2023-05-12 16:50:00 UTC,Eastern Time (US & Canada),3403,davidr,David R,2023-05-17 06:24:32 UTC,2023-05-17 06:58:21 UTC,research,CC-BY-NC,https://www.inaturalist.org/observations/162096392,https://inaturalist-open-data.s3.amazonaws.com/photos/280251420/medium.jpeg,,"",,1,0,false,,Northern Cardinal,Cardinalis cardinalis,Красный кардинал,Aves,9083
162385964,7f372892-ca2c-499c-9bad-31598dd2fd5f,2023/05/18 3:50 PM,2023-05-18,2023-05-18 19:50:00 UTC,Eastern Time (US & Canada),682415,patrickc,"",2023-05-18 22:52:52 UTC,2024-09-05 08:38:35 UTC,research,CC0,https://www.inaturalist.org/observations/162385964,https://inaturalist-open-data.s3.amazonaws.com/photos/280774789/medium.jpg,,"",Northern Cardinal,1,0,false,,Northern Cardinal,Cardinalis cardinalis,Красный кардинал,Aves,9083
165492621,e8714a46-68a2-4a40-a5f7-bbd1ca8190ff,2023-06-04 08:23:44-04:00,2023-06-04,2023-06-04 12:23:44 UTC,Eastern Time (US & Canada),3549372,pohearn,,2023-06-04 12:51:59 UTC,2023-06-05 13:13:22 UTC,research,CC-BY-NC,https://www.inaturalist.org/observations/165492621,https://inaturalist-open-data.s3.amazonaws.com/photos/286478121/medium.jpg,,"",Baldy!!!,3,0,false,3,Northern Cardinal,Cardinalis cardinalis,Красный кардинал,Aves,9083
165589711,e7548f39-b2df-4a65-98b2-6989af6c5f54,2023-06-04 16:37:00-04:00,2023-06-04,2023-06-04 20:37:00 UTC,Eastern Time (US & Canada),5766982,cassie285,Cassie Raker,2023-06-04 20:37:43 UTC,2023-06-05 07:01:02 UTC,research,,https://www.inaturalist.org/observations/165589711,https://static.inaturalist.org/photos/286653273/medium.jpg,,"","",2,0,false,3,Northern Cardinal,Cardinalis cardinalis,Красный кардинал,Aves,9083
166655689,fba02f07-0044-42b7-9966-d4d95ea7da69,2023/06/10 2:51 PM,2023-06-10,2023-06-10 18:51:00 UTC,Eastern Time (US & Canada),3447449,cmciv,"",2023-06-10 19:51:37 UTC,2023-06-10 20:32:54 UTC,research,CC-BY-NC,https://www.inaturalist.org/observations/166655689,https://inaturalist-open-data.s3.amazonaws.com/photos/288612658/medium.jpeg,,"","Canon PowerShot SX620 HS (4.5mm-112.5mm f/3.2-6.6 lens, 20.2MP).",1,0,false,,Northern Cardinal,Cardinalis cardinalis,Красный кардинал,Aves,9083
166828198,921d1afd-e756-4bca-96c7-9228b6318222,2023-06-11 12:19:40-04:00,2023-06-11,2023-06-11 16:19:40 UTC,Eastern Time (US & Canada),3128552,joaco0324,,2023-06-11 16:23:09 UTC,2023-06-11 16:25:47 UTC,research,CC-BY-NC,https://www.inaturalist.org/observations/166828198,https://inaturalist-open-data.s3.amazonaws.com/photos/288927638/medium.jpg,,"","",1,0,false,3,Northern Cardinal,Cardinalis cardinalis,Красный кардинал,Aves,9083
166946892,94136bb3-d091-4e0c-a60a-1a7bba23cc59,2023/06/11 1:14 PM,2023-06-11,2023-06-11 17:14:00 UTC,Eastern Time (US & Canada),3622840,pachogut,Pacho Gutierrez,2023-06-12 02:51:21 UTC,2023-06-25 11:07:45 UTC,research,CC-BY-NC,https://www.inaturalist.org/observations/166946892,https://inaturalist-open-data.s3.amazonaws.com/photos/289141026/medium.jpg,,"",,3,0,false,,Northern Cardinal,Cardinalis cardinalis,Красный кардинал,Aves,9083
167282580,a2ca36b2-4c71-45a3-b909-46157c5a90d3,2023/06/13 10:42 AM,2023-06-13,2023-06-13 14:42:00 UTC,Eastern Time (US & Canada),6942171,josiah_reed,,2023-06-13 23:52:13 UTC,2024-10-22 11:40:54 UTC,research,CC-BY-NC,https://www.inaturalist.org/observations/167282580,https://inaturalist-open-data.s3.amazonaws.com/photos/289771411/medium.jpeg,,"",,2,0,false,,Northern Cardinal,Cardinalis cardinalis,Красный кардинал,Aves,9083
168180703,412312a6-7564-4a1f-8f91-f040bc7f2852,2023-06-18 17:34:00,2023-06-18,2023-06-18 21:34:00 UTC,Eastern Time (US & Canada),3377468,froggymum,"",2023-06-18 21:35:05 UTC,2025-03-23 12:18:54 UTC,research,CC-BY,https://www.inaturalist.org/observations/168180703,https://static.inaturalist.org/photos/291428999/medium.jpeg,,"",,2,0,false,2,Northern Cardinal,Cardinalis cardinalis,Красный кардинал,Aves,9083
168440589,12548466-5d85-4020-8f84-6d2ac3f62fe6,2023-06-20 01:30:23,2023-06-20,2023-06-20 05:30:23 UTC,Eastern Time (US & Canada),3377468,froggymum,"",2023-06-20 05:31:44 UTC,2025-03-23 12:18:54 UTC,research,CC-BY,https://www.inaturalist.org/observations/168440589,https://static.inaturalist.org/photos/291918115/medium.jpeg,,"",,3,0,false,2,Northern Cardinal,Cardinalis cardinalis,Красный кардинал,Aves,9083
168737126,136126fb-1a51-4b97-8c11-799b90371a6a,2023-06-21 17:53:00,2023-06-21,2023-06-21 21:53:00 UTC,Eastern Time (US & Canada),7013768,mark2883,Mark Scheck,2023-06-21 22:57:05 UTC,2023-07-06 03:39:53 UTC,research,,https://www.inaturalist.org/observations/168737126,https://static.inaturalist.org/photos/292468033/medium.jpeg,,"",,1,0,false,2,Northern Cardinal,Cardinalis cardinalis,Красный кардинал,Aves,9083
169871587,374c0363-30bf-42e1-9bb9-8d4b4d146d95,2023-06-27 20:44:52,2023-06-27,2023-06-28 00:44:52 UTC,Eastern Time (US & Canada),3377468,froggymum,"",2023-06-28 00:56:20 UTC,2025-03-23 12:18:54 UTC,research,CC-BY,https://www.inaturalist.org/observations/169871587,https://static.inaturalist.org/photos/294547091/medium.jpeg,,"",,2,0,false,2,Northern Cardinal,Cardinalis cardinalis,Красный кардинал,Aves,9083
170198575,91b0327b-834b-4885-89e1-29cbfd669da7,2023/06/29 9:35 AM,2023-06-29,2023-06-29 13:35:00 UTC,Eastern Time (US & Canada),1120787,edhass,Ed Hass,2023-06-29 23:55:10 UTC,2023-07-05 19:30:59 UTC,research,CC-BY-NC,https://www.inaturalist.org/observations/170198575,https://inaturalist-open-data.s3.amazonaws.com/photos/295156785/medium.jpg,,"",Male Northern cardinal,1,0,false,,Northern Cardinal,Cardinalis cardinalis,Красный кардинал,Aves,9083
171251075,77e42abc-ac89-45fb-b097-7dcfd8c437e8,2023/07/02 3:04 PM,2023-07-02,2023-07-02 19:04:00 UTC,Eastern Time (US & Canada),5464633,victoriab12,,2023-07-05 18:41:57 UTC,2023-08-11 12:05:10 UTC,research,CC-BY-NC,https://www.inaturalist.org/observations/171251075,https://inaturalist-open-data.s3.amazonaws.com/photos/297141384/medium.jpeg,,"",,3,0,false,,Northern Cardinal,Cardinalis cardinalis,Красный кардинал,Aves,9083
171260404,bf509053-e3e7-4bab-9c4f-c1705eee3cdd,2023/06/27 7:39 AM,2023-06-27,2023-06-27 11:39:00 UTC,Eastern Time (US & Canada),2042963,tylersavitski,Tyler Savitski,2023-07-05 19:36:24 UTC,2025-12-07 23:22:38 UTC,research,CC-BY-SA,https://www.inaturalist.org/observations/171260404,https://inaturalist-open-data.s3.amazonaws.com/photos/297153926/medium.jpg,,"",,1,0,false,,Northern Cardinal,Cardinalis cardinalis,Красный кардинал,Aves,9083
172156548,4a702e2e-3b43-4c64-a071-756a9d58702e,2023-07-10 10:02:39-04:00,2023-07-10,2023-07-10 14:02:39 UTC,Eastern Time (US & Canada),7133776,karaems,Kara Emswiler,2023-07-10 14:06:49 UTC,2023-07-10 16:14:21 UTC,research,,https://www.inaturalist.org/observations/172156548,https://static.inaturalist.org/photos/298820907/medium.jpg,,"","",1,0,false,3,Northern Cardinal,Cardinalis cardinalis,Красный кардинал,Aves,9083
172843747,8f19bef3-c326-4423-9f41-44c035516954,2023/07/14 8:50 AM,2023-07-14,2023-07-14 12:50:00 UTC,Eastern Time (US & Canada),1731209,bughaven,Anne Boyd,2023-07-14 14:17:54 UTC,2023-07-15 02:27:47 UTC,research,CC-BY-NC,https://www.inaturalist.org/observations/172843747,https://inaturalist-open-data.s3.amazonaws.com/photos/300102667/medium.jpg,,"",,1,0,false,,Northern Cardinal,Cardinalis cardinalis,Красный кардинал,Aves,9083
173340597,d576b172-eff8-433d-9dfe-4ba0f0967c1c,2023/07/16 10:59 AM,2023-07-16,2023-07-16 14:59:00 UTC,Eastern Time (US & Canada),3184819,stazandgazer,Stella Tea,2023-07-17 02:01:33 UTC,2025-05-12 06:47:40 UTC,research,CC-BY-NC,https://www.inaturalist.org/observations/173340597,https://inaturalist-open-data.s3.amazonaws.com/photos/301016078/medium.jpg,,"",,3,0,false,,Northern Cardinal,Cardinalis cardinalis,Красный кардинал,Aves,9083
173458080,05b288a8-21a9-442e-80fc-f3133eab30be,2023-07-17 06:44:00-04:00,2023-07-17,2023-07-17 10:44:00 UTC,Eastern Time (US & Canada),3075069,liamodo,Liam O,2023-07-17 18:31:27 UTC,2023-07-17 19:08:18 UTC,research,CC-BY-NC,https://www.inaturalist.org/observations/173458080,https://inaturalist-open-data.s3.amazonaws.com/photos/301232854/medium.jpg,,"",Taken by my lovely fiancé,1,0,false,3,Northern Cardinal,Cardinalis cardinalis,Красный кардинал,Aves,9083
173781152,c2fb1328-9a2b-4152-8b4e-c02d635b4407,2023-07-19 06:18:59-04:00,2023-07-19,2023-07-19 10:18:59 UTC,Eastern Time (US & Canada),5632778,wakk4457,,2023-07-19 15:42:32 UTC,2023-07-19 23:16:09 UTC,research,CC-BY-NC,https://www.inaturalist.org/observations/173781152,https://inaturalist-open-data.s3.amazonaws.com/photos/301830539/medium.jpg,,"","",2,0,false,3,Northern Cardinal,Cardinalis cardinalis,Красный кардинал,Aves,9083
175525384,d256a1ac-2415-4e28-a26d-80623d3f0e91,2023-07-29 08:35:42,2023-07-29,2023-07-29 12:35:42 UTC,Eastern Time (US & Canada),7191223,jrc443,Jessica,2023-07-29 12:36:54 UTC,2023-07-30 17:43:07 UTC,research,CC-BY-NC,https://www.inaturalist.org/observations/175525384,https://inaturalist-open-data.s3.amazonaws.com/photos/305054503/medium.jpeg,,"","Black beak, weak red color",1,0,false,2,Northern Cardinal,Cardinalis cardinalis,Красный кардинал,Aves,9083
176461456,0af07bd6-ea73-453c-bed9-958371e1db94,2023-08-03 13:01:52,2023-08-03,2023-08-03 17:01:52 UTC,Eastern Time (US & Canada),5477189,ethan627,Ethan Wilson,2023-08-03 17:02:40 UTC,2023-08-03 18:05:49 UTC,research,,https://www.inaturalist.org/observations/176461456,https://static.inaturalist.org/photos/306789235/medium.jpeg,,"",,1,0,false,2,Northern Cardinal,Cardinalis cardinalis,Красный кардинал,Aves,9083
176586595,4a0ae986-e758-4c7b-9dc5-636f2ade5e1a,2023-08-04 08:39:09,2023-08-04,2023-08-04 12:39:09 UTC,Eastern Time (US & Canada),3377468,froggymum,"",2023-08-04 12:42:25 UTC,2025-03-23 12:18:54 UTC,research,CC-BY,https://www.inaturalist.org/observations/176586595,https://static.inaturalist.org/photos/307024758/medium.jpeg,,"",Birds of a feather,2,0,false,2,Northern Cardinal,Cardinalis cardinalis,Красный кардинал,Aves,9083
176767862,5aecd26f-76a9-4b94-b552-659557c695d8,2023-08-05 09:54:46,2023-08-05,2023-08-05 13:54:46 UTC,Eastern Time (US & Canada),3377468,froggymum,"",2023-08-05 14:01:05 UTC,2025-03-23 12:18:54 UTC,research,CC-BY,https://www.inaturalist.org/observations/176767862,https://static.inaturalist.org/photos/307362877/medium.jpeg,,"",,4,0,false,2,Northern Cardinal,Cardinalis cardinalis,Красный кардинал,Aves,9083
177583231,0ddde0ee-1dc4-4039-8c9e-3d15f381b7a3,2023-07-28 22:09:08+08:00,2023-07-28,2023-07-28 14:09:08 UTC,Eastern Time (US & Canada),3760600,jimmyandtony,"",2023-08-09 22:55:58 UTC,2023-09-13 02:49:09 UTC,research,CC-BY-NC,https://www.inaturalist.org/observations/177583231,https://inaturalist-open-data.s3.amazonaws.com/photos/308878165/medium.jpg,,"","",2,0,false,3,Northern Cardinal,Cardinalis cardinalis,Красный кардинал,Aves,9083
177593241,50d1a5a2-9035-45a8-ad6f-f745465f1b2d,2023-08-09 14:35:25-04:00,2023-08-09,2023-08-09 18:35:25 UTC,Eastern Time (US & Canada),1133501,christa_explores,Christa B,2023-08-10 00:14:21 UTC,2025-11-16 02:16:52 UTC,research,CC-BY-NC-ND,https://www.inaturalist.org/observations/177593241,https://inaturalist-open-data.s3.amazonaws.com/photos/309195132/medium.jpg,,"","",5,0,false,3,Northern Cardinal,Cardinalis cardinalis,Красный кардинал,Aves,9083
178044278,15d9c696-0f7d-4377-9bd5-39e762e18f6e,2023-08-12 12:50:45,2023-08-12,2023-08-12 16:50:45 UTC,Eastern Time (US & Canada),3377468,froggymum,"",2023-08-12 19:13:25 UTC,2025-03-23 12:18:54 UTC,research,CC-BY,https://www.inaturalist.org/observations/178044278,https://static.inaturalist.org/photos/309742535/medium.jpeg,,"","Female cardinal post bath preening in the 90°F heat. After fluffing her plumage, she uses her beak to create an air pocket to help dry out. Lovely to watch this beautiful bird.",1,0,false,2,Northern Cardinal,Cardinalis cardinalis,Красный кардинал,Aves,9083
178310365,a0daa10f-956c-42cb-a65b-8f276549a685,2023-08-13 09:02:53-04:00,2023-08-13,2023-08-13 13:02:53 UTC,Eastern Time (US & Canada),5632778,wakk4457,,2023-08-14 03:29:10 UTC,2023-08-14 13:08:23 UTC,research,CC-BY-NC,https://www.inaturalist.org/observations/178310365,https://inaturalist-open-data.s3.amazonaws.com/photos/310257747/medium.jpg,,"","",2,0,false,3,Northern Cardinal,Cardinalis cardinalis,Красный кардинал,Aves,9083
178829623,a5b0a05c-b418-4cb0-bf6d-d5b9f14427df,2023-08-13 09:42:25,2023-08-13,2023-08-13 13:42:25 UTC,Eastern Time (US & Canada),5894564,snaildrey,Audrey,2023-08-17 12:55:33 UTC,2023-08-17 16:36:17 UTC,research,,https://www.inaturalist.org/observations/178829623,https://static.inaturalist.org/photos/311248651/medium.jpeg,,"",,1,0,false,2,Northern Cardinal,Cardinalis cardinalis,Красный кардинал,Aves,9083
179430235,a830412c-037d-4e5c-87ee-8cd74581b4eb,2023-08-20 18:20:43-04:00,2023-08-20,2023-08-20 22:20:43 UTC,Eastern Time (US & Canada),579540,g33k5p34k,David Tan,2023-08-20 22:21:10 UTC,2023-09-30 06:25:28 UTC,research,CC-BY-NC,https://www.inaturalist.org/observations/179430235,https://inaturalist-open-data.s3.amazonaws.com/photos/312377726/medium.jpg,,"","",2,0,false,3,Northern Cardinal,Cardinalis cardinalis,Красный кардинал,Aves,9083
179568903,da9baaaf-5e66-4b2d-930a-00d5ffdb0194,2023/08/21 8:56 AM,2023-08-21,2023-08-21 12:56:00 UTC,Eastern Time (US & Canada),3449271,tuesday_,Alli,2023-08-21 19:16:41 UTC,2025-10-18 15:39:46 UTC,research,CC-BY-NC,https://www.inaturalist.org/observations/179568903,https://inaturalist-open-data.s3.amazonaws.com/photos/312637738/medium.jpeg,,"",,2,0,false,,Northern Cardinal,Cardinalis cardinalis,Красный кардинал,Aves,9083
180123502,bec7ea4a-0438-43c2-bc05-0dff09f3d7c5,2023-08-24 11:38:29-04:00,2023-08-24,2023-08-24 15:38:29 UTC,Eastern Time (US & Canada),5632778,wakk4457,,2023-08-25 15:01:48 UTC,2023-08-26 16:18:54 UTC,research,CC-BY-NC,https://www.inaturalist.org/observations/180123502,https://inaturalist-open-data.s3.amazonaws.com/photos/313704540/medium.jpg,,"","",2,0,false,3,Northern Cardinal,Cardinalis cardinalis,Красный кардинал,Aves,9083
180126405,5c5bb17c-8033-4ca3-be10-78a98f53c45f,2023-08-25 11:21:08,2023-08-25,2023-08-25 15:21:08 UTC,Eastern Time (US & Canada),6327564,colton142,Colton Roush,2023-08-25 15:22:11 UTC,2023-08-26 16:18:52 UTC,research,,https://www.inaturalist.org/observations/180126405,https://static.inaturalist.org/photos/313709649/medium.jpeg,,"",,2,0,false,2,Northern Cardinal,Cardinalis cardinalis,Красный кардинал,Aves,9083
180126740,a1f633da-0778-4f8a-ada7-3dd6e244c1f3,2023-08-25 11:21:06-04:00,2023-08-25,2023-08-25 15:21:06 UTC,Eastern Time (US & Canada),6058924,cody531,Cody Long,2023-08-25 15:24:55 UTC,2023-08-26 16:18:51 UTC,research,,https://www.inaturalist.org/observations/180126740,https://static.inaturalist.org/photos/313768649/medium.jpg,,"","",2,0,false,3,Northern Cardinal,Cardinalis cardinalis,Красный кардинал,Aves,9083
180127073,173a2723-684e-4e7c-911d-62ad19a23e8e,2023-08-25 11:19:59-04:00,2023-08-25,2023-08-25 15:19:59 UTC,Eastern Time (US & Canada),7290568,jhertel123,,2023-08-25 15:27:34 UTC,2023-08-26 16:18:51 UTC,research,CC-BY-NC,https://www.inaturalist.org/observations/180127073,https://inaturalist-open-data.s3.amazonaws.com/photos/313711077/medium.jpg,,"","",2,0,false,3,Northern Cardinal,Cardinalis cardinalis,Красный кардинал,Aves,9083
180355094,236fc81f-0639-4ee3-a711-933664c8fd33,2023-08-26 08:39:37-04:00,2023-08-26,2023-08-26 12:39:37 UTC,Eastern Time (US & Canada),5632778,wakk4457,,2023-08-26 23:11:57 UTC,2023-08-30 19:33:12 UTC,research,CC-BY-NC,https://www.inaturalist.org/observations/180355094,https://inaturalist-open-data.s3.amazonaws.com/photos/314144685/medium.jpg,,"","",2,0,false,3,Northern Cardinal,Cardinalis cardinalis,Красный кардинал,Aves,9083
180519629,960a91bc-e469-4f36-9365-d851ec9238d6,2013-01-09,2013-01-09,,Eastern Time (US & Canada),1624848,abbiethorne,Abbie Thorne,2023-08-27 21:26:57 UTC,2024-05-08 10:49:17 UTC,research,CC-BY,https://www.inaturalist.org/observations/180519629,https://inaturalist-open-data.s3.amazonaws.com/photos/314463179/medium.jpeg,,"",,2,0,false,2,Northern Cardinal,Cardinalis cardinalis,Красный кардинал,Aves,9083
180546462,9dc046a1-3387-4c8a-bff8-d2b0306ee1b6,2023-08-27 10:26:26-04:00,2023-08-27,2023-08-27 14:26:26 UTC,Eastern Time (US & Canada),5632778,wakk4457,,2023-08-28 00:36:47 UTC,2023-08-30 19:28:36 UTC,research,CC-BY-NC,https://www.inaturalist.org/observations/180546462,https://inaturalist-open-data.s3.amazonaws.com/photos/314515368/medium.jpg,,"","",2,0,false,3,Northern Cardinal,Cardinalis cardinalis,Красный кардинал,Aves,9083
180548866,b7edd1ba-1c4e-4b2f-b624-1702fd34e510,2023/04/27 6:16 PM,2023-04-27,2023-04-27 22:16:00 UTC,Eastern Time (US & Canada),6292018,novasdtr,,2023-08-28 00:54:48 UTC,2023-08-30 19:25:27 UTC,research,CC-BY-NC,https://www.inaturalist.org/observations/180548866,https://inaturalist-open-data.s3.amazonaws.com/photos/314517942/medium.jpg,,"",,2,0,false,,Northern Cardinal,Cardinalis cardinalis,Красный кардинал,Aves,9083
180548867,a3c68249-7c5b-4f2d-b7d1-cc25ed4fd4fb,2023/04/27 6:20 PM,2023-04-27,2023-04-27 22:20:00 UTC,Eastern Time (US & Canada),6292018,novasdtr,,2023-08-28 00:54:49 UTC,2023-08-30 19:25:33 UTC,research,CC-BY-NC,https://www.inaturalist.org/observations/180548867,https://inaturalist-open-data.s3.amazonaws.com/photos/314517986/medium.jpg,,"",,2,0,false,,Northern Cardinal,Cardinalis cardinalis,Красный кардинал,Aves,9083
180677543,56538452-a257-4ee0-b071-08caef6fc381,2023-08-28 09:14:14-04:00,2023-08-28,2023-08-28 13:14:14 UTC,Eastern Time (US & Canada),5632778,wakk4457,,2023-08-28 21:00:24 UTC,2025-01-19 17:42:12 UTC,research,CC-BY-NC,https://www.inaturalist.org/observations/180677543,https://inaturalist-open-data.s3.amazonaws.com/photos/314766515/medium.jpg,,"","",1,0,false,3,Northern Cardinal,Cardinalis cardinalis,Красный кардинал,Aves,9083
180679959,dcc69928-6d01-47d0-b8bc-bd2a32addab6,2023-08-28 07:19:30-04:00,2023-08-28,2023-08-28 11:19:30 UTC,Eastern Time (US & Canada),5632778,wakk4457,,2023-08-28 21:17:44 UTC,2023-08-30 18:59:38 UTC,research,CC-BY-NC,https://www.inaturalist.org/observations/180679959,https://inaturalist-open-data.s3.amazonaws.com/photos/314771209/medium.jpg,,"","",2,0,false,3,Northern Cardinal,Cardinalis cardinalis,Красный кардинал,Aves,9083
180886044,d976a8b6-b0dd-4b7b-b40e-a316594ee3a8,2020-05-10 13:49:43,2020-05-10,2020-05-10 17:49:43 UTC,Eastern Time (US & Canada),7322432,dsallu,,2023-08-30 08:21:21 UTC,2023-08-30 18:52:30 UTC,research,CC-BY-NC,https://www.inaturalist.org/observations/180886044,https://inaturalist-open-data.s3.amazonaws.com/photos/315169557/medium.jpeg,,"",,2,0,false,2,Northern Cardinal,Cardinalis cardinalis,Красный кардинал,Aves,9083
180905907,42c15ea4-a42d-4182-88bd-bbcfba1b4684,2023-08-30 08:55:35-04:00,2023-08-30,2023-08-30 12:55:35 UTC,Eastern Time (US & Canada),1272332,macneal,Joe MacNeal,2023-08-30 12:57:39 UTC,2024-10-27 13:13:15 UTC,research,,https://www.inaturalist.org/observations/180905907,https://static.inaturalist.org/photos/315207144/medium.jpg,https://static.inaturalist.org/sounds/802950.m4a?1693400297,"","",1,0,false,3,Northern Cardinal,Cardinalis cardinalis,Красный кардинал,Aves,9083
180951010,080c2bb0-a003-4920-a2bb-974029986ebc,2023/08/30 10:35 AM,2023-08-30,2023-08-30 14:35:00 UTC,Eastern Time (US & Canada),4671900,shmugrizzle,,2023-08-30 18:42:26 UTC,2023-08-30 18:43:46 UTC,research,CC-BY-NC,https://www.inaturalist.org/observations/180951010,https://inaturalist-open-data.s3.amazonaws.com/photos/315288560/medium.jpeg,,"",,1,0,false,,Northern Cardinal,Cardinalis cardinalis,Красный кардинал,Aves,9083
180957379,dd684f65-c0b6-44ad-ad33-928b8d724de4,2014-02-16 18:04:41-05:00,2014-02-16,2014-02-16 23:04:41 UTC,Eastern Time (US & Canada),7320827,caparks11,,2023-08-30 19:26:35 UTC,2023-08-30 21:33:34 UTC,research,CC-BY-NC,https://www.inaturalist.org/observations/180957379,https://inaturalist-open-data.s3.amazonaws.com/photos/315301460/medium.jpg,,"","",2,0,false,3,Northern Cardinal,Cardinalis cardinalis,Красный кардинал,Aves,9083
180986947,312a8428-120b-483b-9cab-cbae231b4b2e,2023-08-30 10:31:18-04:00,2023-08-30,2023-08-30 14:31:18 UTC,Eastern Time (US & Canada),5632778,wakk4457,,2023-08-30 23:37:43 UTC,2023-08-31 13:02:58 UTC,research,CC-BY-NC,https://www.inaturalist.org/observations/180986947,https://inaturalist-open-data.s3.amazonaws.com/photos/315360796/medium.jpg,,"","",1,0,false,3,Northern Cardinal,Cardinalis cardinalis,Красный кардинал,Aves,9083
181900874,8552fde9-1749-4212-95d7-d67ed7c7c132,2023/05/04 1:25 PM,2023-05-04,2023-05-04 17:25:00 UTC,Eastern Time (US & Canada),4067014,bilcha,ብልጫ (Bilcha),2023-09-05 13:10:23 UTC,2024-02-13 03:24:47 UTC,research,,https://www.inaturalist.org/observations/181900874,https://static.inaturalist.org/photos/317054213/medium.jpg,,"","",2,0,false,,Northern Cardinal,Cardinalis cardinalis,Красный кардинал,Aves,9083
182253944,7b1b03f1-3be5-4d6a-97ce-1eba67e14554,2023-09-07 19:13:42,2023-09-07,2023-09-07 23:13:42 UTC,Eastern Time (US & Canada),7368145,milesofmiles616,,2023-09-07 23:14:53 UTC,2024-08-30 01:34:28 UTC,research,CC-BY-NC,https://www.inaturalist.org/observations/182253944,https://inaturalist-open-data.s3.amazonaws.com/photos/317735918/medium.jpeg,,"",,3,0,false,2,Northern Cardinal,Cardinalis cardinalis,Красный кардинал,Aves,9083
182497151,eebfdc5f-abbc-4286-88e3-fb0cf0a10859,2023-09-09,2023-09-09,,Eastern Time (US & Canada),3377468,froggymum,"",2023-09-09 17:20:26 UTC,2025-03-23 12:18:54 UTC,research,CC-BY,https://www.inaturalist.org/observations/182497151,https://static.inaturalist.org/photos/318206133/medium.jpeg,,"",,1,0,false,2,Northern Cardinal,Cardinalis cardinalis,Красный кардинал,Aves,9083
182692428,389def63-1346-4b5f-a861-ca6833969211,2023/09/10 1:56 PM,2023-09-10,2023-09-10 17:56:00 UTC,Eastern Time (US & Canada),1816415,blackhound,"",2023-09-10 19:44:41 UTC,2023-09-12 14:18:48 UTC,research,CC-BY-NC,https://www.inaturalist.org/observations/182692428,https://inaturalist-open-data.s3.amazonaws.com/photos/318580759/medium.jpg,,"","",1,0,false,,Northern Cardinal,Cardinalis cardinalis,Красный кардинал,Aves,9083
182861979,a2b08764-7e2e-45bd-8f70-50dcb201cd6a,2023/09/11 9:05 AM,2023-09-11,2023-09-11 13:05:00 UTC,Eastern Time (US & Canada),1306796,bert_filemyr,Bert Filemyr,2023-09-11 21:10:42 UTC,2023-09-25 06:14:50 UTC,research,CC-BY-NC,https://www.inaturalist.org/observations/182861979,https://inaturalist-open-data.s3.amazonaws.com/photos/318913261/medium.jpg,,Northern Cardinal (Cardinalis cardinalis),,4,0,false,,Northern Cardinal,Cardinalis cardinalis,Красный кардинал,Aves,9083
182929074,82b88025-4967-41d9-9714-d27e4f069b80,2023-09-12 07:12:31,2023-09-12,2023-09-12 11:12:31 UTC,Eastern Time (US & Canada),1138601,dennis99,Dennis Armstrong,2023-09-12 11:19:01 UTC,2023-09-12 14:15:23 UTC,research,,https://www.inaturalist.org/observations/182929074,https://static.inaturalist.org/photos/319048224/medium.jpeg,,"",,2,0,false,2,Northern Cardinal,Cardinalis cardinalis,Красный кардинал,Aves,9083
183024929,18c73d4c-3787-40b0-8a42-c7810ec29232,2023/09/12 6:27 AM,2023-09-12,2023-09-12 10:27:00 UTC,Eastern Time (US & Canada),3622840,pachogut,Pacho Gutierrez,2023-09-13 01:12:24 UTC,2023-09-25 16:04:39 UTC,research,CC-BY-NC,https://www.inaturalist.org/observations/183024929,https://inaturalist-open-data.s3.amazonaws.com/photos/319229655/medium.jpg,,"",,4,0,false,,Northern Cardinal,Cardinalis cardinalis,Красный кардинал,Aves,9083
183125337,b8ad2f9c-9a6d-4bd8-96ad-d3018ef705d6,2023-09-10 14:40:27-04:00,2023-09-10,2023-09-10 18:40:27 UTC,Eastern Time (US & Canada),5632778,wakk4457,,2023-09-13 20:06:14 UTC,2023-09-13 20:07:05 UTC,research,CC-BY-NC,https://www.inaturalist.org/observations/183125337,https://inaturalist-open-data.s3.amazonaws.com/photos/319430426/medium.jpg,,"","",1,0,false,3,Northern Cardinal,Cardinalis cardinalis,Красный кардинал,Aves,9083
183199192,cd9499ff-84c8-4840-8177-5ca489b5f19f,2023-09-13 18:31:54-04:00,2023-09-13,2023-09-13 22:31:54 UTC,Eastern Time (US & Canada),5632778,wakk4457,,2023-09-14 11:35:19 UTC,2023-09-14 13:06:02 UTC,research,CC-BY-NC,https://www.inaturalist.org/observations/183199192,https://inaturalist-open-data.s3.amazonaws.com/photos/319577427/medium.jpg,,"","",2,0,false,3,Northern Cardinal,Cardinalis cardinalis,Красный кардинал,Aves,9083
183233436,5846d54a-70fc-4c33-bc3e-c8e9a4c05585,2023-09-14 07:22:42-04:00,2023-09-14,2023-09-14 11:22:42 UTC,Eastern Time (US & Canada),2189273,mintysweet,Arthur Fink,2023-09-14 16:38:58 UTC,2023-09-14 22:09:24 UTC,research,,https://www.inaturalist.org/observations/183233436,https://static.inaturalist.org/photos/319724962/medium.jpg,,"","",2,0,false,3,Northern Cardinal,Cardinalis cardinalis,Красный кардинал,Aves,9083
183851412,f447bc47-055b-4624-8fd9-41e21d79d14a,2023-09-18 07:35:00-04:00,2023-09-18,2023-09-18 11:35:00 UTC,Eastern Time (US & Canada),7417228,jettjohnson22,,2023-09-18 15:16:32 UTC,2023-09-20 19:46:08 UTC,research,CC-BY-NC,https://www.inaturalist.org/observations/183851412,https://inaturalist-open-data.s3.amazonaws.com/photos/320816019/medium.jpg,,"","Morning, post rain, on a garbage dumpster, mostly cloudy, 60 degrees",2,0,false,3,Northern Cardinal,Cardinalis cardinalis,Красный кардинал,Aves,9083
183870131,ab770ea2-8143-44d2-b56a-8c42455038f4,2023-09-18 13:30:31,2023-09-18,2023-09-18 17:30:31 UTC,Eastern Time (US & Canada),2725386,hjesemakari,J,2023-09-18 17:33:41 UTC,2023-09-18 19:54:46 UTC,research,,https://www.inaturalist.org/observations/183870131,https://static.inaturalist.org/photos/320850921/medium.jpeg,,"",,2,0,false,2,Northern Cardinal,Cardinalis cardinalis,Красный кардинал,Aves,9083
183889892,a2090225-30d4-417b-bff7-1d3a4f7890c5,2023-09-16 13:27:14-04:00,2023-09-16,2023-09-16 17:27:14 UTC,Eastern Time (US & Canada),5632778,wakk4457,,2023-09-18 19:57:24 UTC,2023-09-20 19:48:20 UTC,research,CC-BY-NC,https://www.inaturalist.org/observations/183889892,https://inaturalist-open-data.s3.amazonaws.com/photos/320890564/medium.jpg,,"","",2,0,false,3,Northern Cardinal,Cardinalis cardinalis,Красный кардинал,Aves,9083
183927708,0aee6eb9-2cae-4b94-8857-3a64d05a9ea7,2023-09-18 14:44:15-04:00,2023-09-18,2023-09-18 18:44:15 UTC,Eastern Time (US & Canada),5632778,wakk4457,,2023-09-19 01:15:03 UTC,2023-09-19 13:04:19 UTC,research,CC-BY-NC,https://www.inaturalist.org/observations/183927708,https://inaturalist-open-data.s3.amazonaws.com/photos/320967325/medium.jpg,,"","",2,0,false,3,Northern Cardinal,Cardinalis cardinalis,Красный кардинал,Aves,9083
183928323,7dc15235-0574-4bb1-94ae-e5ad2439f2b0,2023-09-18 11:19:56-04:00,2023-09-18,2023-09-18 15:19:56 UTC,Eastern Time (US & Canada),5632778,wakk4457,,2023-09-19 01:21:24 UTC,2023-09-19 13:02:40 UTC,research,CC-BY-NC,https://www.inaturalist.org/observations/183928323,https://inaturalist-open-data.s3.amazonaws.com/photos/320968716/medium.jpg,,"","",2,0,false,3,Northern Cardinal,Cardinalis cardinalis,Красный кардинал,Aves,9083
183929516,ee2e713f-4ecb-4d6f-b0c6-14943fe533b3,2023-09-18 10:31:07-04:00,2023-09-18,2023-09-18 14:31:07 UTC,Eastern Time (US & Canada),5632778,wakk4457,,2023-09-19 01:32:52 UTC,2023-09-19 13:03:05 UTC,research,CC-BY-NC,https://www.inaturalist.org/observations/183929516,https://inaturalist-open-data.s3.amazonaws.com/photos/320971387/medium.jpg,,"","",2,0,false,3,Northern Cardinal,Cardinalis cardinalis,Красный кардинал,Aves,9083
183930120,33b4a7a0-65f5-48e6-841b-362c5315696e,2023-09-18 08:25:29-04:00,2023-09-18,2023-09-18 12:25:29 UTC,Eastern Time (US & Canada),5632778,wakk4457,,2023-09-19 01:40:13 UTC,2023-09-19 13:00:17 UTC,research,CC-BY-NC,https://www.inaturalist.org/observations/183930120,https://inaturalist-open-data.s3.amazonaws.com/photos/320973052/medium.jpg,,"","",2,0,false,3,Northern Cardinal,Cardinalis cardinalis,Красный кардинал,Aves,9083
183934173,10ef4970-fb4f-42ae-92c0-932f0575c341,2023/09/18 3:23 PM,2023-09-18,2023-09-18 19:23:00 UTC,Eastern Time (US & Canada),2351110,bugsandbirds,Celeste,2023-09-19 02:21:57 UTC,2023-09-19 13:00:46 UTC,research,CC-BY-NC,https://www.inaturalist.org/observations/183934173,https://inaturalist-open-data.s3.amazonaws.com/photos/320981159/medium.jpg,,"",,2,0,false,,Northern Cardinal,Cardinalis cardinalis,Красный кардинал,Aves,9083
184048832,c8f035c3-3ba1-4828-861f-f52942b3c2ac,2023-09-18 14:44:15-04:00,2023-09-18,2023-09-18 18:44:15 UTC,Eastern Time (US & Canada),5632778,wakk4457,,2023-09-19 23:02:41 UTC,2023-09-20 19:46:36 UTC,research,CC-BY-NC,https://www.inaturalist.org/observations/184048832,https://inaturalist-open-data.s3.amazonaws.com/photos/321202939/medium.jpg,,"","",3,0,false,3,Northern Cardinal,Cardinalis cardinalis,Красный кардинал,Aves,9083
184376049,0682d3cf-ef19-491a-ac18-f7f24898174a,2023-09-22 06:22:12-04:00,2023-09-22,2023-09-22 10:22:12 UTC,Eastern Time (US & Canada),5632778,wakk4457,,2023-09-22 13:38:14 UTC,2023-09-22 13:41:21 UTC,research,CC-BY-NC,https://www.inaturalist.org/observations/184376049,https://inaturalist-open-data.s3.amazonaws.com/photos/321831654/medium.jpg,,"","",1,0,false,3,Northern Cardinal,Cardinalis cardinalis,Красный кардинал,Aves,9083
184379035,e60f859f-bcf7-4a18-a892-76a313b48b73,2023-09-21 14:20:55-04:00,2023-09-21,2023-09-21 18:20:55 UTC,Eastern Time (US & Canada),5632778,wakk4457,,2023-09-22 14:06:22 UTC,2023-09-22 14:09:01 UTC,research,CC-BY-NC,https://www.inaturalist.org/observations/184379035,https://inaturalist-open-data.s3.amazonaws.com/photos/321838094/medium.jpg,,"","",1,0,false,3,Northern Cardinal,Cardinalis cardinalis,Красный кардинал,Aves,9083
184379658,7c1c8299-45ba-41ce-88d0-c998a72793e1,2023-09-21 07:54:03-04:00,2023-09-21,2023-09-21 11:54:03 UTC,Eastern Time (US & Canada),5632778,wakk4457,,2023-09-22 14:11:03 UTC,2023-09-22 15:18:30 UTC,research,CC-BY-NC,https://www.inaturalist.org/observations/184379658,https://inaturalist-open-data.s3.amazonaws.com/photos/321839298/medium.jpg,,"","",2,0,false,3,Northern Cardinal,Cardinalis cardinalis,Красный кардинал,Aves,9083
184380486,f12874f6-06dd-471a-8922-49ab3210bf02,2023-09-21 07:38:05-04:00,2023-09-21,2023-09-21 11:38:05 UTC,Eastern Time (US & Canada),5632778,wakk4457,,2023-09-22 14:16:55 UTC,2023-09-22 15:18:11 UTC,research,CC-BY-NC,https://www.inaturalist.org/observations/184380486,https://inaturalist-open-data.s3.amazonaws.com/photos/321840896/medium.jpg,,"","",2,0,false,3,Northern Cardinal,Cardinalis cardinalis,Красный кардинал,Aves,9083
184570062,e9598efa-bdfe-47c8-a1ea-25a91d698a4c,2023-09-22 09:04:55-04:00,2023-09-22,2023-09-22 13:04:55 UTC,Eastern Time (US & Canada),5632778,wakk4457,,2023-09-23 18:35:21 UTC,2023-09-25 13:25:20 UTC,research,CC-BY-NC,https://www.inaturalist.org/observations/184570062,https://inaturalist-open-data.s3.amazonaws.com/photos/322197739/medium.jpg,,"","",2,0,false,3,Northern Cardinal,Cardinalis cardinalis,Красный кардинал,Aves,9083
184576140,b4b133a0-051a-46c5-b54e-4666fecb941d,2023-09-23 07:13:17-04:00,2023-09-23,2023-09-23 11:13:17 UTC,Eastern Time (US & Canada),5632778,wakk4457,,2023-09-23 19:13:45 UTC,2023-09-25 13:26:03 UTC,research,CC-BY-NC,https://www.inaturalist.org/observations/184576140,https://inaturalist-open-data.s3.amazonaws.com/photos/322209007/medium.jpg,,"","",2,0,false,3,Northern Cardinal,Cardinalis cardinalis,Красный кардинал,Aves,9083
184619734,2fceef7d-600c-4d91-8d2a-24f6a2d5dcdd,2023-09-23 11:12:27-04:00,2023-09-23,2023-09-23 15:12:27 UTC,Eastern Time (US & Canada),5632778,wakk4457,,2023-09-24 00:43:26 UTC,2023-09-25 13:21:05 UTC,research,CC-BY-NC,https://www.inaturalist.org/observations/184619734,https://inaturalist-open-data.s3.amazonaws.com/photos/322295689/medium.jpg,,"","",2,0,false,3,Northern Cardinal,Cardinalis cardinalis,Красный кардинал,Aves,9083
184622510,93b02d57-11bc-4ba9-9389-300b80d186cf,2023-09-23 09:08:54-04:00,2023-09-23,2023-09-23 13:08:54 UTC,Eastern Time (US & Canada),5632778,wakk4457,,2023-09-24 01:10:15 UTC,2023-09-25 13:21:24 UTC,research,CC-BY-NC,https://www.inaturalist.org/observations/184622510,https://inaturalist-open-data.s3.amazonaws.com/photos/322301474/medium.jpg,,"","",2,0,false,3,Northern Cardinal,Cardinalis cardinalis,Красный кардинал,Aves,9083
184630819,daa7ce99-b25b-4fa5-8889-bce53e3a0fa7,2023-09-22 09:27:10-04:00,2023-09-22,2023-09-22 13:27:10 UTC,Eastern Time (US & Canada),5632778,wakk4457,,2023-09-24 02:24:50 UTC,2023-09-25 13:24:18 UTC,research,CC-BY-NC,https://www.inaturalist.org/observations/184630819,https://inaturalist-open-data.s3.amazonaws.com/photos/322318519/medium.jpg,,"","",2,0,false,3,Northern Cardinal,Cardinalis cardinalis,Красный кардинал,Aves,9083
184672634,cfb33b42-f5d8-464d-bb70-6b9ba964bb8c,2023/09/18 16:07,2023-09-18,2023-09-18 20:07:00 UTC,Eastern Time (US & Canada),3328728,tnaturalist,"",2023-09-24 11:24:20 UTC,2023-09-25 13:17:34 UTC,research,CC-BY-NC,https://www.inaturalist.org/observations/184672634,https://inaturalist-open-data.s3.amazonaws.com/photos/322396119/medium.jpeg,,"","",2,0,false,,Rotkardinal,Cardinalis cardinalis,Красный кардинал,Aves,9083
184672642,c056fd3d-2c8a-4869-a1c9-6f907a7a3bb7,2023/09/18 16:36,2023-09-18,2023-09-18 20:36:00 UTC,Eastern Time (US & Canada),3328728,tnaturalist,"",2023-09-24 11:24:21 UTC,2023-09-25 13:16:39 UTC,research,CC-BY-NC,https://www.inaturalist.org/observations/184672642,https://inaturalist-open-data.s3.amazonaws.com/photos/322396201/medium.jpeg,,"","",2,0,false,,Rotkardinal,Cardinalis cardinalis,Красный кардинал,Aves,9083
184672646,3100b0c9-d1e1-4e32-a9a9-c6bacc4279ea,2023/09/18 17:08,2023-09-18,2023-09-18 21:08:00 UTC,Eastern Time (US & Canada),3328728,tnaturalist,"",2023-09-24 11:24:22 UTC,2023-09-25 13:18:34 UTC,research,CC-BY-NC,https://www.inaturalist.org/observations/184672646,https://inaturalist-open-data.s3.amazonaws.com/photos/322396215/medium.jpeg,,"","",2,0,false,,Rotkardinal,Cardinalis cardinalis,Красный кардинал,Aves,9083
184777602,63fc3854-4fa3-4b4e-a238-448698ebfe9b,2023-09-24 09:25:34-04:00,2023-09-24,2023-09-24 13:25:34 UTC,Eastern Time (US & Canada),5632778,wakk4457,,2023-09-24 22:37:44 UTC,2023-09-25 13:13:20 UTC,research,CC-BY-NC,https://www.inaturalist.org/observations/184777602,https://inaturalist-open-data.s3.amazonaws.com/photos/322590632/medium.jpg,,"","",2,0,false,3,Northern Cardinal,Cardinalis cardinalis,Красный кардинал,Aves,9083
184804126,99b17851-49da-4cd0-b7c0-779a8a6552b0,2023/09/24 1:04 PM,2023-09-24,2023-09-24 17:04:00 UTC,Eastern Time (US & Canada),45434,chyroptera,Andrea Wuenschel,2023-09-25 02:22:41 UTC,2023-09-25 13:11:57 UTC,research,CC-BY-NC,https://www.inaturalist.org/observations/184804126,https://inaturalist-open-data.s3.amazonaws.com/photos/322643997/medium.jpeg,,"",Soggy from rain,3,0,false,,Northern Cardinal,Cardinalis cardinalis,Красный кардинал,Aves,9083
184942938,fe14ef16-853f-434e-b543-ddf4f0236f06,2023-09-25 14:19:06-04:00,2023-09-25,2023-09-25 18:19:06 UTC,Eastern Time (US & Canada),5632778,wakk4457,,2023-09-25 23:56:57 UTC,2023-09-26 14:00:00 UTC,research,CC-BY-NC,https://www.inaturalist.org/observations/184942938,https://inaturalist-open-data.s3.amazonaws.com/photos/322903385/medium.jpg,,"","",2,0,false,3,Northern Cardinal,Cardinalis cardinalis,Красный кардинал,Aves,9083
185078132,17d555e6-7e90-4165-b3a7-fd3ebb76ba23,2023-09-26 11:23:00-04:00,2023-09-26,2023-09-26 15:23:00 UTC,Eastern Time (US & Canada),5632778,wakk4457,,2023-09-26 23:37:17 UTC,2023-09-27 13:09:55 UTC,research,CC-BY-NC,https://www.inaturalist.org/observations/185078132,https://inaturalist-open-data.s3.amazonaws.com/photos/323170588/medium.jpg,,"","",2,0,false,3,Northern Cardinal,Cardinalis cardinalis,Красный кардинал,Aves,9083
185152619,77f106f0-e1eb-44f9-ad43-4251bb179717,2023-09-27 11:45:06-04:00,2023-09-27,2023-09-27 15:45:06 UTC,Eastern Time (US & Canada),7457474,angelina507,,2023-09-27 15:45:22 UTC,2023-09-27 19:55:53 UTC,research,CC-BY-NC,https://www.inaturalist.org/observations/185152619,https://inaturalist-open-data.s3.amazonaws.com/photos/323318016/medium.jpg,,"","",2,0,false,3,Northern Cardinal,Cardinalis cardinalis,Красный кардинал,Aves,9083
185159639,0b9e65bb-aeb8-4123-ab01-ecc7d4e013d0,2023/07/03 10:30 AM,2023-07-03,2023-07-03 14:30:00 UTC,Eastern Time (US & Canada),3610149,naturejeanne,Sandy Thomas,2023-09-27 16:41:59 UTC,2023-09-27 16:53:37 UTC,research,CC-BY-NC,https://www.inaturalist.org/observations/185159639,https://inaturalist-open-data.s3.amazonaws.com/photos/323330167/medium.jpeg,,"",,2,0,false,,Northern Cardinal,Cardinalis cardinalis,Красный кардинал,Aves,9083
185262113,73779efc-df68-42e0-a7e9-4eebc65b0add,2023-09-22 11:36:39,2023-09-22,2023-09-22 15:36:39 UTC,Eastern Time (US & Canada),438058,kaypendragon,"",2023-09-28 11:24:22 UTC,2023-09-28 13:07:12 UTC,research,CC-BY-NC,https://www.inaturalist.org/observations/185262113,https://inaturalist-open-data.s3.amazonaws.com/photos/323531366/medium.jpeg,,"",,2,0,false,2,Northern Cardinal,Cardinalis cardinalis,Красный кардинал,Aves,9083
185262483,5707de7c-0857-4e39-a4bd-fb05879fd88d,2023-09-15 20:39:44,2023-09-15,2023-09-16 00:39:44 UTC,Eastern Time (US & Canada),6327564,colton142,Colton Roush,2023-09-28 11:27:57 UTC,2023-09-28 13:06:04 UTC,research,,https://www.inaturalist.org/observations/185262483,https://static.inaturalist.org/photos/323531817/medium.jpeg,,"",,2,0,false,2,Northern Cardinal,Cardinalis cardinalis,Красный кардинал,Aves,9083
185266616,76fa192a-dbba-4e2e-8d70-7a8e13cc2ac6,2023-09-27 08:09:48-04:00,2023-09-27,2023-09-27 12:09:48 UTC,Eastern Time (US & Canada),5632778,wakk4457,,2023-09-28 12:22:54 UTC,2023-09-28 13:04:32 UTC,research,CC-BY-NC,https://www.inaturalist.org/observations/185266616,https://inaturalist-open-data.s3.amazonaws.com/photos/323540009/medium.jpg,,"","",2,0,false,3,Northern Cardinal,Cardinalis cardinalis,Красный кардинал,Aves,9083
185326841,6555f86d-e6be-4097-bd1e-1d1af9156a49,2023-09-26 14:16:15-04:00,2023-09-26,2023-09-26 18:16:15 UTC,Eastern Time (US & Canada),5632778,wakk4457,,2023-09-28 19:46:47 UTC,2023-09-28 19:52:51 UTC,research,CC-BY-NC,https://www.inaturalist.org/observations/185326841,https://inaturalist-open-data.s3.amazonaws.com/photos/323650135/medium.jpg,,"","",1,0,false,3,Northern Cardinal,Cardinalis cardinalis,Красный кардинал,Aves,9083
185365822,bf4a9570-1d30-4530-b778-8abad0c8b437,2023-09-28 10:17:15-04:00,2023-09-28,2023-09-28 14:17:15 UTC,Eastern Time (US & Canada),5632778,wakk4457,,2023-09-29 01:53:22 UTC,2023-09-29 13:02:58 UTC,research,CC-BY-NC,https://www.inaturalist.org/observations/185365822,https://inaturalist-open-data.s3.amazonaws.com/photos/323727478/medium.jpg,,"","",1,0,false,3,Northern Cardinal,Cardinalis cardinalis,Красный кардинал,Aves,9083
186062205,2eb47750-aaa9-49d8-b153-422d484d92f4,2023/10/03 11:14 AM,2023-10-03,2023-10-03 15:14:00 UTC,Eastern Time (US & Canada),1816415,blackhound,"",2023-10-03 17:36:02 UTC,2023-10-05 15:53:08 UTC,research,CC-BY-NC,https://www.inaturalist.org/observations/186062205,https://inaturalist-open-data.s3.amazonaws.com/photos/325072809/medium.jpg,,"","",4,0,false,,Northern Cardinal,Cardinalis cardinalis,Красный кардинал,Aves,9083
186235433,24071ab1-5a66-43d2-b318-7b580888c70f,2023-10-04 15:57:55-04:00,2023-10-04,2023-10-04 19:57:55 UTC,Eastern Time (US & Canada),5632778,wakk4457,,2023-10-05 01:48:20 UTC,2023-10-05 13:00:47 UTC,research,CC-BY-NC,https://www.inaturalist.org/observations/186235433,https://inaturalist-open-data.s3.amazonaws.com/photos/325416648/medium.jpg,,"","",1,0,false,3,Northern Cardinal,Cardinalis cardinalis,Красный кардинал,Aves,9083
186238218,ff597dfe-7487-4405-9c80-7a84463b4343,2023-10-04 08:13:39-04:00,2023-10-04,2023-10-04 12:13:39 UTC,Eastern Time (US & Canada),5632778,wakk4457,,2023-10-05 02:23:40 UTC,2023-10-05 12:59:26 UTC,research,CC-BY-NC,https://www.inaturalist.org/observations/186238218,https://inaturalist-open-data.s3.amazonaws.com/photos/325422303/medium.jpg,,"","",2,0,false,3,Northern Cardinal,Cardinalis cardinalis,Красный кардинал,Aves,9083
186336253,0049fc97-5e59-4471-bf9a-087bcb1ca970,2023/10/05 2:09 PM,2023-10-05,2023-10-05 18:09:00 UTC,Eastern Time (US & Canada),1732895,bethpolvino,"",2023-10-05 21:58:14 UTC,2025-04-07 15:55:14 UTC,research,CC-BY-NC,https://www.inaturalist.org/observations/186336253,https://inaturalist-open-data.s3.amazonaws.com/photos/325615352/medium.jpeg,,"",,2,0,false,,Northern Cardinal,Cardinalis cardinalis,Красный кардинал,Aves,9083
186449529,b251e7e1-4ac8-47a5-8984-970718cb5bcf,2023/09/05 10:19 AM,2023-09-05,2023-09-05 14:19:00 UTC,Eastern Time (US & Canada),3610149,naturejeanne,Sandy Thomas,2023-10-06 20:09:26 UTC,2023-10-06 20:32:15 UTC,research,CC-BY-NC,https://www.inaturalist.org/observations/186449529,https://inaturalist-open-data.s3.amazonaws.com/photos/325836507/medium.jpeg,,"",,1,0,false,,Northern Cardinal,Cardinalis cardinalis,Красный кардинал,Aves,9083
186591492,10909f5c-adba-443a-9f65-4894092504ab,2023-10-07 06:57:34-04:00,2023-10-07,2023-10-07 10:57:34 UTC,Eastern Time (US & Canada),5632778,wakk4457,,2023-10-07 20:04:14 UTC,2023-10-09 13:14:37 UTC,research,CC-BY-NC,https://www.inaturalist.org/observations/186591492,https://inaturalist-open-data.s3.amazonaws.com/photos/326114543/medium.jpg,,"","",2,0,false,3,Northern Cardinal,Cardinalis cardinalis,Красный кардинал,Aves,9083
186643098,1badfaa3-8218-49ae-8e4b-18cb7f14d1f3,2023-10-07 10:26:54-04:00,2023-10-07,2023-10-07 14:26:54 UTC,Eastern Time (US & Canada),5632778,wakk4457,,2023-10-08 03:04:29 UTC,2023-10-09 13:12:44 UTC,research,CC-BY-NC,https://www.inaturalist.org/observations/186643098,https://inaturalist-open-data.s3.amazonaws.com/photos/326218593/medium.jpg,,"","",2,0,false,3,Northern Cardinal,Cardinalis cardinalis,Красный кардинал,Aves,9083
186644076,1f32ec79-9df7-4277-a0a9-6b5340b2f4f5,2023-10-07 08:33:13-04:00,2023-10-07,2023-10-07 12:33:13 UTC,Eastern Time (US & Canada),5632778,wakk4457,,2023-10-08 03:15:15 UTC,2023-10-09 13:14:18 UTC,research,CC-BY-NC,https://www.inaturalist.org/observations/186644076,https://inaturalist-open-data.s3.amazonaws.com/photos/326220748/medium.jpg,,"","",2,0,false,3,Northern Cardinal,Cardinalis cardinalis,Красный кардинал,Aves,9083
186645102,3b8899d8-65ba-4894-8752-ce9d31edfe6d,2023-10-07 08:26:51-04:00,2023-10-07,2023-10-07 12:26:51 UTC,Eastern Time (US & Canada),5632778,wakk4457,,2023-10-08 03:26:18 UTC,2023-10-09 13:12:54 UTC,research,CC-BY-NC,https://www.inaturalist.org/observations/186645102,https://inaturalist-open-data.s3.amazonaws.com/photos/326222625/medium.jpg,,"","",2,0,false,3,Northern Cardinal,Cardinalis cardinalis,Красный кардинал,Aves,9083
186838902,b32899db-6773-46f5-bfff-7cf76c3f7e32,2023-10-08 14:40:40-04:00,2023-10-08,2023-10-08 18:40:40 UTC,Eastern Time (US & Canada),5632778,wakk4457,,2023-10-09 12:07:31 UTC,2023-10-09 13:02:29 UTC,research,CC-BY-NC,https://www.inaturalist.org/observations/186838902,https://inaturalist-open-data.s3.amazonaws.com/photos/326606111/medium.jpg,,"","",1,0,false,3,Northern Cardinal,Cardinalis cardinalis,Красный кардинал,Aves,9083
186934912,0c6e7529-aa9c-4512-8278-d635ad5dd330,2023-10-09 07:38:43-04:00,2023-10-09,2023-10-09 11:38:43 UTC,Eastern Time (US & Canada),5632778,wakk4457,,2023-10-10 01:12:18 UTC,2023-10-10 17:31:28 UTC,research,CC-BY-NC,https://www.inaturalist.org/observations/186934912,https://inaturalist-open-data.s3.amazonaws.com/photos/326794686/medium.jpg,,"","",2,0,false,3,Northern Cardinal,Cardinalis cardinalis,Красный кардинал,Aves,9083
186935666,eeac62ec-ddcd-4822-a0fc-a53a042c6ed4,2023-10-09 07:27:37-04:00,2023-10-09,2023-10-09 11:27:37 UTC,Eastern Time (US & Canada),5632778,wakk4457,,2023-10-10 01:19:22 UTC,2023-10-11 13:09:44 UTC,research,CC-BY-NC,https://www.inaturalist.org/observations/186935666,https://inaturalist-open-data.s3.amazonaws.com/photos/326796468/medium.jpg,,"","",2,0,false,3,Northern Cardinal,Cardinalis cardinalis,Красный кардинал,Aves,9083
186977629,c4f18ca8-948d-4ffa-a144-04ae19a87d6c,2023-10-08 14:37:36-04:00,2023-10-08,2023-10-08 18:37:36 UTC,Eastern Time (US & Canada),5632778,wakk4457,,2023-10-10 11:09:19 UTC,2023-10-10 17:30:47 UTC,research,CC-BY-NC,https://www.inaturalist.org/observations/186977629,https://inaturalist-open-data.s3.amazonaws.com/photos/326881744/medium.jpg,,"","",3,0,false,3,Northern Cardinal,Cardinalis cardinalis,Красный кардинал,Aves,9083
186986816,48210aeb-ab07-4a7b-ba25-9e0fb6fda501,2023-10-10 09:11:47,2023-10-10,2023-10-10 13:11:47 UTC,Eastern Time (US & Canada),7357673,cal93781,Calum Huang,2023-10-10 13:16:05 UTC,2023-10-12 01:28:55 UTC,research,,https://www.inaturalist.org/observations/186986816,https://static.inaturalist.org/photos/326900114/medium.jpeg,,"",,3,0,false,2,Northern Cardinal,Cardinalis cardinalis,Красный кардинал,Aves,9083
187131675,fc3eb7a9-81aa-4401-8d7a-a5ce55f4a7f1,2023-10-11 09:34:17-04:00,2023-10-11,2023-10-11 13:34:17 UTC,Eastern Time (US & Canada),3804813,bookedshark4101,,2023-10-11 16:08:34 UTC,2024-09-28 20:15:45 UTC,research,CC-BY-NC,https://www.inaturalist.org/observations/187131675,https://inaturalist-open-data.s3.amazonaws.com/photos/327189041/medium.jpg,,"","",2,0,false,3,Northern Cardinal,Cardinalis cardinalis,Красный кардинал,Aves,9083
187134528,34fcee9a-0b1b-4fb7-b5b8-616ef770c0b9,2023/09/12 11:17 AM,2023-09-12,2023-09-12 15:17:00 UTC,Eastern Time (US & Canada),3610149,naturejeanne,Sandy Thomas,2023-10-11 16:35:15 UTC,2023-10-11 16:38:50 UTC,research,CC-BY-NC,https://www.inaturalist.org/observations/187134528,https://inaturalist-open-data.s3.amazonaws.com/photos/327193723/medium.jpeg,,"",,2,0,false,,Northern Cardinal,Cardinalis cardinalis,Красный кардинал,Aves,9083
187134529,a60766b6-97c5-418f-bf47-3c2dd95dc963,2023/09/12 11:17 AM,2023-09-12,2023-09-12 15:17:00 UTC,Eastern Time (US & Canada),3610149,naturejeanne,Sandy Thomas,2023-10-11 16:35:15 UTC,2023-10-11 16:38:56 UTC,research,CC-BY-NC,https://www.inaturalist.org/observations/187134529,https://inaturalist-open-data.s3.amazonaws.com/photos/327193736/medium.jpeg,,"",,2,0,false,,Northern Cardinal,Cardinalis cardinalis,Красный кардинал,Aves,9083
187226817,43f6beae-f97f-458f-a463-860416f6c413,2023-10-09 09:36:13-04:00,2023-10-09,2023-10-09 13:36:13 UTC,Eastern Time (US & Canada),5632778,wakk4457,,2023-10-12 10:06:24 UTC,2023-10-12 13:19:55 UTC,research,CC-BY-NC,https://www.inaturalist.org/observations/187226817,https://inaturalist-open-data.s3.amazonaws.com/photos/327374705/medium.jpg,,"","",2,0,false,3,Northern Cardinal,Cardinalis cardinalis,Красный кардинал,Aves,9083
187536403,82d323ba-4b02-449e-b8e3-52564a20a330,2023/10/14 2:46 PM,2023-10-14,2023-10-14 18:46:00 UTC,Eastern Time (US & Canada),1306796,bert_filemyr,Bert Filemyr,2023-10-14 19:59:39 UTC,2023-10-31 04:07:58 UTC,research,CC-BY-NC,https://www.inaturalist.org/observations/187536403,https://inaturalist-open-data.s3.amazonaws.com/photos/327983520/medium.jpg,,Northern Cardinal (Cardinalis cardinalis),,4,0,false,,Northern Cardinal,Cardinalis cardinalis,Красный кардинал,Aves,9083
187724754,06e80f44-4ef2-46a0-b1a0-71a1e875f63d,2023/10/15 ,2023-10-15,,Eastern Time (US & Canada),3622840,pachogut,Pacho Gutierrez,2023-10-16 01:32:54 UTC,2023-12-13 12:42:13 UTC,research,CC-BY-NC,https://www.inaturalist.org/observations/187724754,https://inaturalist-open-data.s3.amazonaws.com/photos/328353872/medium.jpg,,"",,3,0,false,,Northern Cardinal,Cardinalis cardinalis,Красный кардинал,Aves,9083
187724780,1d19e2e3-4996-4748-9615-ea36de001f0a,2023/10/15 ,2023-10-15,,Eastern Time (US & Canada),3622840,pachogut,Pacho Gutierrez,2023-10-16 01:32:57 UTC,2023-12-13 12:39:57 UTC,research,CC-BY-NC,https://www.inaturalist.org/observations/187724780,https://inaturalist-open-data.s3.amazonaws.com/photos/328354460/medium.jpg,,"",,4,0,false,,Northern Cardinal,Cardinalis cardinalis,Красный кардинал,Aves,9083
187930530,08a9d4f4-607f-4419-adb9-f3042a733316,2023-10-17 12:42:42-04:00,2023-10-17,2023-10-17 16:42:42 UTC,Eastern Time (US & Canada),5632778,wakk4457,,2023-10-17 18:46:11 UTC,2023-10-17 18:49:47 UTC,research,CC-BY-NC,https://www.inaturalist.org/observations/187930530,https://inaturalist-open-data.s3.amazonaws.com/photos/328765117/medium.jpg,,"","",1,0,false,3,Northern Cardinal,Cardinalis cardinalis,Красный кардинал,Aves,9083
187937597,39845285-a5f7-468c-a93b-d36e64c9bb29,2023-10-17 11:16:43-04:00,2023-10-17,2023-10-17 15:16:43 UTC,Eastern Time (US & Canada),5632778,wakk4457,,2023-10-17 19:41:05 UTC,2023-10-17 19:56:07 UTC,research,CC-BY-NC,https://www.inaturalist.org/observations/187937597,https://inaturalist-open-data.s3.amazonaws.com/photos/328778235/medium.jpg,,"","",2,0,false,3,Northern Cardinal,Cardinalis cardinalis,Красный кардинал,Aves,9083
187938401,abceb64e-d788-43f7-8086-9f79999d18cb,2023-10-17 07:48:58-04:00,2023-10-17,2023-10-17 11:48:58 UTC,Eastern Time (US & Canada),5632778,wakk4457,,2023-10-17 19:48:28 UTC,2023-10-17 19:54:29 UTC,research,CC-BY-NC,https://www.inaturalist.org/observations/187938401,https://inaturalist-open-data.s3.amazonaws.com/photos/328779849/medium.jpg,,"","",3,0,false,3,Northern Cardinal,Cardinalis cardinalis,Красный кардинал,Aves,9083
187938947,4e85643b-8d4f-4ed2-9bcf-b4b97fbabcc2,2023-10-17 06:22:08-04:00,2023-10-17,2023-10-17 10:22:08 UTC,Eastern Time (US & Canada),5632778,wakk4457,,2023-10-17 19:52:37 UTC,2023-10-17 19:53:18 UTC,research,CC-BY-NC,https://www.inaturalist.org/observations/187938947,https://inaturalist-open-data.s3.amazonaws.com/photos/328780831/medium.jpg,,"","",1,0,false,3,Northern Cardinal,Cardinalis cardinalis,Красный кардинал,Aves,9083
187939391,8d504da3-37cb-4c33-b142-7e5961cb84fa,2023-10-16 17:37:19-04:00,2023-10-16,2023-10-16 21:37:19 UTC,Eastern Time (US & Canada),5632778,wakk4457,,2023-10-17 19:56:19 UTC,2023-10-17 20:09:04 UTC,research,CC-BY-NC,https://www.inaturalist.org/observations/187939391,https://inaturalist-open-data.s3.amazonaws.com/photos/328781922/medium.jpg,,"","",1,0,false,3,Northern Cardinal,Cardinalis cardinalis,Красный кардинал,Aves,9083
187966605,0f988345-c083-4948-92c6-864981f21bec,2023-10-17 13:15:57-04:00,2023-10-17,2023-10-17 17:15:57 UTC,Eastern Time (US & Canada),5632778,wakk4457,,2023-10-18 00:14:23 UTC,2023-10-18 13:19:36 UTC,research,CC-BY-NC,https://www.inaturalist.org/observations/187966605,https://inaturalist-open-data.s3.amazonaws.com/photos/328838754/medium.jpg,,"","",2,0,false,3,Northern Cardinal,Cardinalis cardinalis,Красный кардинал,Aves,9083
188568073,20faa70f-ddf0-4bec-8952-b1e872475e59,2023/10/22 10:56 AM,2023-10-22,2023-10-22 14:56:00 UTC,Eastern Time (US & Canada),1731209,bughaven,Anne Boyd,2023-10-22 20:12:14 UTC,2023-10-23 13:12:58 UTC,research,CC-BY-NC,https://www.inaturalist.org/observations/188568073,https://inaturalist-open-data.s3.amazonaws.com/photos/330075727/medium.jpg,,"",,2,0,false,,Northern Cardinal,Cardinalis cardinalis,Красный кардинал,Aves,9083
188650456,51b15504-60cc-461f-8f57-4cd9b604984c,2023-10-22 13:15:41-04:00,2023-10-22,2023-10-22 17:15:41 UTC,Eastern Time (US & Canada),5632778,wakk4457,,2023-10-23 11:47:47 UTC,2023-10-23 13:09:02 UTC,research,CC-BY-NC,https://www.inaturalist.org/observations/188650456,https://inaturalist-open-data.s3.amazonaws.com/photos/330248429/medium.jpg,,"","",2,0,false,3,Northern Cardinal,Cardinalis cardinalis,Красный кардинал,Aves,9083
189006008,f72f3f4f-5d7b-43be-aeb4-e5bacd3da724,2023-10-26 08:56:03-04:00,2023-10-26,2023-10-26 12:56:03 UTC,Eastern Time (US & Canada),5632778,wakk4457,,2023-10-26 13:54:01 UTC,2023-10-26 13:55:05 UTC,research,CC-BY-NC,https://www.inaturalist.org/observations/189006008,https://inaturalist-open-data.s3.amazonaws.com/photos/330976868/medium.jpg,,"","",1,0,false,3,Northern Cardinal,Cardinalis cardinalis,Красный кардинал,Aves,9083
189008214,f3eec802-7ce6-453b-80c7-410b3531706d,2023-10-26 07:32:32-04:00,2023-10-26,2023-10-26 11:32:32 UTC,Eastern Time (US & Canada),5632778,wakk4457,,2023-10-26 14:17:01 UTC,2023-10-26 14:19:26 UTC,research,CC-BY-NC,https://www.inaturalist.org/observations/189008214,https://inaturalist-open-data.s3.amazonaws.com/photos/330980546/medium.jpg,,"","",2,0,false,3,Northern Cardinal,Cardinalis cardinalis,Красный кардинал,Aves,9083
189948229,e51756de-9cd9-4cbc-bd12-134c9ae52f65,2023/10/28 4:17 PM,2023-10-28,2023-10-28 20:17:00 UTC,Eastern Time (US & Canada),164735,belyykit,"",2023-11-04 13:08:30 UTC,2023-11-04 13:24:21 UTC,research,CC-BY-NC,https://www.inaturalist.org/observations/189948229,https://inaturalist-open-data.s3.amazonaws.com/photos/332871875/medium.jpg,,"",,2,0,false,,Northern Cardinal,Cardinalis cardinalis,Красный кардинал,Aves,9083
191011360,fe5d22d2-e2ec-4ca6-a548-3f84fbe7beed,2017/03/15 1:07 PM,2017-03-15,2017-03-15 17:07:00 UTC,Eastern Time (US & Canada),1237597,joesebastiani,Joe Sebastiani,2023-11-14 16:56:00 UTC,2023-11-20 16:06:25 UTC,research,CC-BY-NC,https://www.inaturalist.org/observations/191011360,https://inaturalist-open-data.s3.amazonaws.com/photos/334983857/medium.jpeg,,"","",4,0,false,,Northern Cardinal,Cardinalis cardinalis,Красный кардинал,Aves,9083
191211974,8a235a23-5f95-43c8-aeb1-5c1acbbdb481,2023-11-16 13:58:25,2023-11-16,2023-11-16 18:58:25 UTC,Eastern Time (US & Canada),3697075,burntsocks,Ava,2023-11-16 21:14:54 UTC,2023-12-01 14:11:44 UTC,research,"",https://www.inaturalist.org/observations/191211974,https://static.inaturalist.org/photos/335386630/medium.jpeg,,"",,3,0,false,2,Northern Cardinal,Cardinalis cardinalis,Красный кардинал,Aves,9083
191224796,b812cbe1-c3f1-40bc-bc2e-804ec327ed64,2023-11-16 16:57:42-05:00,2023-11-16,2023-11-16 21:57:42 UTC,Eastern Time (US & Canada),5632778,wakk4457,,2023-11-17 00:03:32 UTC,2023-11-17 00:23:10 UTC,research,CC-BY-NC,https://www.inaturalist.org/observations/191224796,https://inaturalist-open-data.s3.amazonaws.com/photos/335412874/medium.jpg,,"","",2,0,false,3,Northern Cardinal,Cardinalis cardinalis,Красный кардинал,Aves,9083
191811883,d06e3e64-44b9-44de-985e-64161c6dba09,2023/11/22 3:10 PM,2023-11-22,2023-11-22 20:10:00 UTC,Eastern Time (US & Canada),3184819,stazandgazer,Stella Tea,2023-11-23 02:11:46 UTC,2024-02-13 03:13:34 UTC,research,CC-BY-NC,https://www.inaturalist.org/observations/191811883,https://inaturalist-open-data.s3.amazonaws.com/photos/336589318/medium.jpg,,"","",4,0,false,,Northern Cardinal,Cardinalis cardinalis,Красный кардинал,Aves,9083
191812148,bedfbe11-370b-4af7-aee0-b3387a8e764a,2023/11/19 9:28 AM EST,2023-11-19,2023-11-19 14:28:00 UTC,Eastern Time (US & Canada),2608343,altspen,"",2023-11-23 02:15:45 UTC,2023-11-24 02:38:56 UTC,research,CC-BY-NC,https://www.inaturalist.org/observations/191812148,https://inaturalist-open-data.s3.amazonaws.com/photos/336589577/medium.jpg,,"",,5,0,false,,Northern Cardinal,Cardinalis cardinalis,Красный кардинал,Aves,9083
191999863,7502a7e6-47eb-4b0c-90ed-c1fc59f0d268,2023-11-21 13:40:42,2023-11-21,2023-11-21 18:40:42 UTC,Eastern Time (US & Canada),521996,brennafarrell,Brenna Farrell,2023-11-24 23:25:44 UTC,2025-05-09 19:15:51 UTC,research,CC-BY-NC,https://www.inaturalist.org/observations/191999863,https://static.inaturalist.org/photos/336961737/medium.jpeg,,"",Eating sunflower seeds.,6,0,false,2,Northern Cardinal,Cardinalis cardinalis,Красный кардинал,Aves,9083
192213290,3aec9d99-d5b8-4872-bc7b-5884a88a204d,2022-11-25 12:44:52-05:00,2022-11-25,2022-11-25 17:44:52 UTC,Eastern Time (US & Canada),7089016,nigels1,NigelS,2023-11-26 15:55:42 UTC,2023-11-28 03:33:11 UTC,research,CC-BY-NC,https://www.inaturalist.org/observations/192213290,https://inaturalist-open-data.s3.amazonaws.com/photos/337379726/medium.jpg,,"","Taken on a cold November day. This has to be one of my favourite, if not my most favourite photo of a cardinal I have taken. ",3,0,false,3,Northern Cardinal,Cardinalis cardinalis,Красный кардинал,Aves,9083
192234115,1332e755-d492-4ee3-bd34-62c5fcc653f1,2023-11-26 10:01:57-05:00,2023-11-26,2023-11-26 15:01:57 UTC,Eastern Time (US & Canada),5632778,wakk4457,,2023-11-26 19:04:46 UTC,2023-11-26 20:41:48 UTC,research,CC-BY-NC,https://www.inaturalist.org/observations/192234115,https://inaturalist-open-data.s3.amazonaws.com/photos/337419316/medium.jpg,,"","",1,0,false,3,Northern Cardinal,Cardinalis cardinalis,Красный кардинал,Aves,9083
192453974,b96955cb-42d5-4008-877f-643b55b58660,2023-11-27 16:47:53-05:00,2023-11-27,2023-11-27 21:47:53 UTC,Eastern Time (US & Canada),5632778,wakk4457,,2023-11-28 14:17:46 UTC,2023-11-28 16:06:52 UTC,research,CC-BY-NC,https://www.inaturalist.org/observations/192453974,https://inaturalist-open-data.s3.amazonaws.com/photos/337851610/medium.jpg,,"","",2,0,false,3,Northern Cardinal,Cardinalis cardinalis,Красный кардинал,Aves,9083
192508348,32cbacc9-1df6-4e6f-8d2a-0e66bbd7237d,2023-11-27 13:51:23-05:00,2023-11-27,2023-11-27 18:51:23 UTC,Eastern Time (US & Canada),5632778,wakk4457,,2023-11-29 01:50:59 UTC,2023-11-29 14:56:26 UTC,research,CC-BY-NC,https://www.inaturalist.org/observations/192508348,https://inaturalist-open-data.s3.amazonaws.com/photos/337958775/medium.jpg,,"","",4,0,false,3,Northern Cardinal,Cardinalis cardinalis,Красный кардинал,Aves,9083
192548386,d9f62955-55b7-4899-ae46-011a94481adc,2023-11-28 13:55:06-05:00,2023-11-28,2023-11-28 18:55:06 UTC,Eastern Time (US & Canada),5632778,wakk4457,,2023-11-29 13:51:49 UTC,2023-11-29 14:09:08 UTC,research,CC-BY-NC,https://www.inaturalist.org/observations/192548386,https://inaturalist-open-data.s3.amazonaws.com/photos/338040538/medium.jpg,,"","",2,0,false,3,Northern Cardinal,Cardinalis cardinalis,Красный кардинал,Aves,9083
192548526,6bd45716-b961-474e-9262-04f8d1b63d8f,2023-11-28 16:12:21-05:00,2023-11-28,2023-11-28 21:12:21 UTC,Eastern Time (US & Canada),5632778,wakk4457,,2023-11-29 13:53:51 UTC,2023-11-29 14:19:24 UTC,research,CC-BY-NC,https://www.inaturalist.org/observations/192548526,https://inaturalist-open-data.s3.amazonaws.com/photos/338040811/medium.jpg,,"","",3,0,false,3,Northern Cardinal,Cardinalis cardinalis,Красный кардинал,Aves,9083
192552027,f0907009-dbd3-4d32-b1d5-150044b04174,2023-11-29 09:41:11,2023-11-29,2023-11-29 14:41:11 UTC,Eastern Time (US & Canada),7455115,crispycat,Shannon,2023-11-29 14:43:10 UTC,2023-11-30 12:50:29 UTC,research,CC-BY-NC,https://www.inaturalist.org/observations/192552027,https://inaturalist-open-data.s3.amazonaws.com/photos/338047412/medium.jpeg,,"",,1,0,false,2,Northern Cardinal,Cardinalis cardinalis,Красный кардинал,Aves,9083
192636831,f38fe428-ff69-43eb-ba63-d225fafc1afc,2023-11-30 08:15:28-05:00,2023-11-30,2023-11-30 13:15:28 UTC,Eastern Time (US & Canada),5632778,wakk4457,,2023-11-30 13:55:49 UTC,2023-11-30 14:06:55 UTC,research,CC-BY-NC,https://www.inaturalist.org/observations/192636831,https://inaturalist-open-data.s3.amazonaws.com/photos/338218588/medium.jpg,,"","",1,0,false,3,Northern Cardinal,Cardinalis cardinalis,Красный кардинал,Aves,9083
193153795,833a5de3-e6f6-4f42-b758-be414e595a7c,2023/11/30 12:07 PM,2023-11-30,2023-11-30 17:07:00 UTC,Eastern Time (US & Canada),3610149,naturejeanne,Sandy Thomas,2023-12-05 20:58:54 UTC,2023-12-05 20:59:52 UTC,research,CC-BY-NC,https://www.inaturalist.org/observations/193153795,https://inaturalist-open-data.s3.amazonaws.com/photos/339259021/medium.jpeg,,"",,2,0,false,,Northern Cardinal,Cardinalis cardinalis,Красный кардинал,Aves,9083
193302931,d6e23261-5700-4f28-b150-13321faf761f,2023-12-06 13:16:09-05:00,2023-12-06,2023-12-06 18:16:09 UTC,Eastern Time (US & Canada),5632778,wakk4457,,2023-12-07 15:28:46 UTC,2023-12-07 20:00:33 UTC,research,CC-BY-NC,https://www.inaturalist.org/observations/193302931,https://inaturalist-open-data.s3.amazonaws.com/photos/339556803/medium.jpg,,"","",4,0,false,3,Northern Cardinal,Cardinalis cardinalis,Красный кардинал,Aves,9083
193400014,330691ac-e3e8-4987-8678-0377d71f08d4,2023/12/08 9:42 AM,2023-12-08,2023-12-08 14:42:00 UTC,Eastern Time (US & Canada),1809744,brianwhite,Brian White,2023-12-08 17:38:19 UTC,2023-12-09 20:02:51 UTC,research,CC-BY,https://www.inaturalist.org/observations/193400014,https://inaturalist-open-data.s3.amazonaws.com/photos/339739607/medium.jpg,,"",,2,0,false,,Northern Cardinal,Cardinalis cardinalis,Красный кардинал,Aves,9083
193415721,7e277643-532e-4adb-82c5-fda0ac01d6d5,2023-12-08 08:56:49-05:00,2023-12-08,2023-12-08 13:56:49 UTC,Eastern Time (US & Canada),5632778,wakk4457,,2023-12-08 20:35:23 UTC,2023-12-09 20:02:43 UTC,research,CC-BY-NC,https://www.inaturalist.org/observations/193415721,https://inaturalist-open-data.s3.amazonaws.com/photos/339766573/medium.jpg,,"","",2,0,false,3,Northern Cardinal,Cardinalis cardinalis,Красный кардинал,Aves,9083
193421789,fe6a13d6-83a1-48b8-b8d4-2ba26e497952,2023-12-06 11:15:16,2023-12-06,2023-12-06 16:15:16 UTC,Eastern Time (US & Canada),521996,brennafarrell,Brenna Farrell,2023-12-08 21:31:30 UTC,2025-05-09 19:15:51 UTC,research,CC-BY-NC,https://www.inaturalist.org/observations/193421789,https://static.inaturalist.org/photos/339777412/medium.jpeg,,"",Male and female.,5,0,false,2,Northern Cardinal,Cardinalis cardinalis,Красный кардинал,Aves,9083
193869918,3f51eb2d-b8ee-4919-9181-031be2a3e4bd,2023-12-13 07:39:46-05:00,2023-12-13,2023-12-13 12:39:46 UTC,Eastern Time (US & Canada),4107115,laura_perkinson,Laura Perkinson,2023-12-13 12:44:23 UTC,2023-12-15 20:18:54 UTC,research,,https://www.inaturalist.org/observations/193869918,https://static.inaturalist.org/photos/340635444/medium.jpg,,"","",9,0,false,3,Northern Cardinal,Cardinalis cardinalis,Красный кардинал,Aves,9083
194224132,ca95cd94-69e6-47e5-a756-9066b6accba8,2023/12/17 1:15 PM,2023-12-17,2023-12-17 18:15:00 UTC,Eastern Time (US & Canada),4371401,sh0nf0x,Sean,2023-12-17 21:14:48 UTC,2023-12-19 15:01:57 UTC,research,,https://www.inaturalist.org/observations/194224132,https://static.inaturalist.org/photos/341344007/medium.jpg,,"",,3,0,false,,Northern Cardinal,Cardinalis cardinalis,Красный кардинал,Aves,9083
194667056,ebf9336e-af84-4726-b338-be0e7f10dbdc,2023/12/22 10:52 AM,2023-12-22,2023-12-22 15:52:00 UTC,Eastern Time (US & Canada),4161426,amurfalcon,Scott Wieman,2023-12-23 17:41:30 UTC,2023-12-23 19:55:57 UTC,research,CC-BY-NC,https://www.inaturalist.org/observations/194667056,https://inaturalist-open-data.s3.amazonaws.com/photos/342243391/medium.jpeg,,"",,2,0,false,,Northern Cardinal,Cardinalis cardinalis,Красный кардинал,Aves,9083
194667060,8929e5c1-b5c3-4d0e-a30e-51c437f7cbfc,2023/12/22 9:13 AM,2023-12-22,2023-12-22 14:13:00 UTC,Eastern Time (US & Canada),4161426,amurfalcon,Scott Wieman,2023-12-23 17:41:31 UTC,2023-12-23 19:55:56 UTC,research,CC-BY-NC,https://www.inaturalist.org/observations/194667060,https://inaturalist-open-data.s3.amazonaws.com/photos/342243417/medium.jpeg,,"",,2,0,false,,Northern Cardinal,Cardinalis cardinalis,Красный кардинал,Aves,9083
194694697,32940c7d-b78c-4568-9f5a-8677fd8f1842,2023-12-23 12:06:30,2023-12-23,2023-12-23 17:06:30 UTC,Eastern Time (US & Canada),3220306,parsingphase,"",2023-12-23 23:55:29 UTC,2023-12-24 14:17:27 UTC,research,CC-BY-NC,https://www.inaturalist.org/observations/194694697,https://static.inaturalist.org/photos/342301373/medium.jpg,,"Northern Cardinal, library:fileId=1003-20231223, geo:place=Horn Pond Conservation Area, geo:native_territory=Agawam, Massa-adchu-es-et (Massachusett) & Pawtucket","",2,0,false,,Northern Cardinal,Cardinalis cardinalis,Красный кардинал,Aves,9083
194836816,10be5aa2-2a50-4d2e-8d30-a400699f608b,2023-12-25 09:54:00-05:00,2023-12-25,2023-12-25 14:54:00 UTC,Eastern Time (US & Canada),1815222,elephantspop,,2023-12-25 20:22:37 UTC,2023-12-25 20:28:43 UTC,research,,https://www.inaturalist.org/observations/194836816,https://inaturalist-open-data.s3.amazonaws.com/photos/342593893/medium.jpg,,"","",2,0,false,3,Northern Cardinal,Cardinalis cardinalis,Красный кардинал,Aves,9083
194902969,06a91868-d59e-4056-968a-71278e6af837,2023/12/26 8:36 AM,2023-12-26,2023-12-26 13:36:00 UTC,Eastern Time (US & Canada),3447449,cmciv,"",2023-12-26 17:15:52 UTC,2023-12-27 09:26:29 UTC,research,CC-BY-NC,https://www.inaturalist.org/observations/194902969,https://inaturalist-open-data.s3.amazonaws.com/photos/342729861/medium.jpeg,,"","Canon PowerShot SX620 HS (4.5mm-112.5mm f/3.2-6.6 lens, 20.2MP).",3,0,false,,Northern Cardinal,Cardinalis cardinalis,Красный кардинал,Aves,9083
194910275,cb223146-c7b8-4700-ae95-8bddd70d1c9b,2023/12/26 11:45 AM,2023-12-26,2023-12-26 16:45:00 UTC,Eastern Time (US & Canada),1415113,caitlin90,Caitlin Longenecker,2023-12-26 18:53:20 UTC,2023-12-26 18:54:23 UTC,research,,https://www.inaturalist.org/observations/194910275,https://static.inaturalist.org/photos/342744959/medium.jpeg,,"",,1,0,false,,Northern Cardinal,Cardinalis cardinalis,Красный кардинал,Aves,9083
194993257,47fdc7ef-a5e9-48ac-a096-69791a9b2ac2,2023-12-27 12:16:42,2023-12-27,2023-12-27 17:16:42 UTC,Eastern Time (US & Canada),956531,jason310,Jason E. Farabaugh,2023-12-27 17:17:46 UTC,2023-12-28 01:38:50 UTC,research,CC-BY,https://www.inaturalist.org/observations/194993257,https://inaturalist-open-data.s3.amazonaws.com/photos/342918465/medium.jpeg,,"",,2,0,false,2,Northern Cardinal,Cardinalis cardinalis,Красный кардинал,Aves,9083
195012897,61db8162-bb33-4371-827b-1d09e2a9c281,2023-12-22 12:58:00-05:00,2023-12-22,2023-12-22 17:58:00 UTC,Eastern Time (US & Canada),3760600,jimmyandtony,"",2023-12-27 21:23:25 UTC,2024-01-02 23:23:20 UTC,research,CC-BY-NC,https://www.inaturalist.org/observations/195012897,https://inaturalist-open-data.s3.amazonaws.com/photos/342959704/medium.jpg,,"","",3,0,false,3,Northern Cardinal,Cardinalis cardinalis,Красный кардинал,Aves,9083
195506103,b9c611f1-0eb2-423e-b7d8-19d2d24cb35a,2024/01/01 12:18 PM,2024-01-01,2024-01-01 17:18:00 UTC,Eastern Time (US & Canada),4371401,sh0nf0x,Sean,2024-01-01 21:55:21 UTC,2024-01-02 21:51:21 UTC,research,,https://www.inaturalist.org/observations/195506103,https://static.inaturalist.org/photos/343963611/medium.jpg,,"",,4,0,false,,Northern Cardinal,Cardinalis cardinalis,Красный кардинал,Aves,9083
195577140,0926358a-3c0f-4366-a934-a0105cbab725,2024/01/02 9:30 AM,2024-01-02,2024-01-02 14:30:00 UTC,Eastern Time (US & Canada),1809744,brianwhite,Brian White,2024-01-02 15:45:12 UTC,2024-01-02 15:48:11 UTC,research,CC-BY,https://www.inaturalist.org/observations/195577140,https://inaturalist-open-data.s3.amazonaws.com/photos/344108702/medium.jpg,,"",,1,0,false,,Northern Cardinal,Cardinalis cardinalis,Красный кардинал,Aves,9083
195612152,278707a5-c419-409e-87e2-6b5ace921ff9,2024-01-02 12:49:00-05:00,2024-01-02,2024-01-02 17:49:00 UTC,Eastern Time (US & Canada),3760600,jimmyandtony,"",2024-01-02 23:20:30 UTC,2024-01-09 20:37:04 UTC,research,CC-BY-NC,https://www.inaturalist.org/observations/195612152,https://inaturalist-open-data.s3.amazonaws.com/photos/344179010/medium.jpg,,"","",5,0,false,3,Northern Cardinal,Cardinalis cardinalis,Красный кардинал,Aves,9083
195839618,aabc7f59-f669-4a91-99fb-e380e121d85f,2024-01-04 16:41:00-05:00,2024-01-04,2024-01-04 21:41:00 UTC,Eastern Time (US & Canada),1815222,elephantspop,,2024-01-05 14:49:14 UTC,2024-01-05 14:50:11 UTC,research,,https://www.inaturalist.org/observations/195839618,https://inaturalist-open-data.s3.amazonaws.com/photos/344637213/medium.jpg,,"","",1,0,false,3,Northern Cardinal,Cardinalis cardinalis,Красный кардинал,Aves,9083
195865018,43cc43aa-5c42-479d-b793-94809f8c3592,2024-01-04 11:39:01,2024-01-04,2024-01-04 16:39:01 UTC,Eastern Time (US & Canada),521996,brennafarrell,Brenna Farrell,2024-01-05 20:52:23 UTC,2025-05-09 19:15:51 UTC,research,CC-BY-NC,https://www.inaturalist.org/observations/195865018,https://static.inaturalist.org/photos/344687929/medium.jpeg,,"",,3,0,false,2,Northern Cardinal,Cardinalis cardinalis,Красный кардинал,Aves,9083
196299488,af1eff4b-2718-41b6-9a08-8e801cf8bd37,2024/01/08 8:28 AM,2024-01-08,2024-01-08 13:28:00 UTC,Eastern Time (US & Canada),549674,clarkegreen,CAGksq,2024-01-10 20:28:19 UTC,2024-01-11 00:41:54 UTC,research,,https://www.inaturalist.org/observations/196299488,https://static.inaturalist.org/photos/345559379/medium.jpg,,cardinal,,1,0,false,,Northern Cardinal,Cardinalis cardinalis,Красный кардинал,Aves,9083
196786629,1ae62f20-f373-4969-9607-c2a293d94594,2024/01/15 11:06 AM,2024-01-15,2024-01-15 16:06:00 UTC,Eastern Time (US & Canada),259163,elharo,Elliotte Rusty Harold,2024-01-15 21:24:18 UTC,2024-08-30 11:30:27 UTC,research,CC-BY-NC,https://www.inaturalist.org/observations/196786629,https://static.inaturalist.org/photos/346422635/medium.jpg,,"",,5,0,false,,Northern Cardinal,Cardinalis cardinalis,Красный кардинал,Aves,9083
196786630,2bee35a7-f7ee-40fd-ad3d-067e9df94cf3,2024/01/15 11:06 AM,2024-01-15,2024-01-15 16:06:00 UTC,Eastern Time (US & Canada),259163,elharo,Elliotte Rusty Harold,2024-01-15 21:24:20 UTC,2024-08-30 01:32:23 UTC,research,CC-BY-NC,https://www.inaturalist.org/observations/196786630,https://static.inaturalist.org/photos/346422636/medium.jpg,,"",,5,0,false,,Northern Cardinal,Cardinalis cardinalis,Красный кардинал,Aves,9083
196792058,990ca2cc-4d70-4852-b2d6-cacf40c63cfa,2024/01/15 12:00 PM,2024-01-15,2024-01-15 17:00:00 UTC,Eastern Time (US & Canada),4371401,sh0nf0x,Sean,2024-01-15 22:34:26 UTC,2024-01-20 23:22:37 UTC,research,,https://www.inaturalist.org/observations/196792058,https://static.inaturalist.org/photos/346433129/medium.jpg,,"",,2,0,false,,Northern Cardinal,Cardinalis cardinalis,Красный кардинал,Aves,9083
196809113,0dd0e948-eff4-4799-adf6-d2dfdd261cfd,2024-01-15 07:48:28-05:00,2024-01-15,2024-01-15 12:48:28 UTC,Eastern Time (US & Canada),5632778,wakk4457,,2024-01-16 02:38:43 UTC,2024-01-16 18:54:33 UTC,research,CC-BY-NC,https://www.inaturalist.org/observations/196809113,https://inaturalist-open-data.s3.amazonaws.com/photos/346469367/medium.jpg,,"","",2,0,false,3,Northern Cardinal,Cardinalis cardinalis,Красный кардинал,Aves,9083
197084616,f7de290e-0c7c-4348-a01e-ece3e281fabb,2024-01-18 13:59:41,2024-01-18,2024-01-18 18:59:41 UTC,Eastern Time (US & Canada),4023555,asio-otus1,Duncan Woolston,2024-01-19 20:19:35 UTC,2024-02-25 01:38:36 UTC,research,CC-BY-NC,https://www.inaturalist.org/observations/197084616,https://inaturalist-open-data.s3.amazonaws.com/photos/347028015/medium.jpeg,,"",,4,0,false,2,Northern Cardinal,Cardinalis cardinalis,Красный кардинал,Aves,9083
197094830,62dcc72c-73e2-4874-aab9-870821e86f2e,2024/01/19 4:04 PM,2024-01-19,2024-01-19 21:04:00 UTC,Eastern Time (US & Canada),730823,colbee1,Colby Baker,2024-01-19 22:51:41 UTC,2024-01-24 21:33:16 UTC,research,,https://www.inaturalist.org/observations/197094830,https://static.inaturalist.org/photos/347048038/medium.jpeg,,"",,5,0,false,,Northern Cardinal,Cardinalis cardinalis,Красный кардинал,Aves,9083
197109101,a8db0855-32f4-4692-ae0a-e3bd549728f6,2024/01/19 12:43 PM,2024-01-19,2024-01-19 17:43:00 UTC,Eastern Time (US & Canada),6482310,someowletmoth221,Jayden Ward,2024-01-20 02:54:07 UTC,2024-11-27 17:45:37 UTC,research,CC-BY-NC,https://www.inaturalist.org/observations/197109101,https://inaturalist-open-data.s3.amazonaws.com/photos/453532351/medium.jpeg,,"",I finally got it!,4,0,false,,Northern Cardinal,Cardinalis cardinalis,Красный кардинал,Aves,9083
197140463,e8c72ae8-7dd0-418d-bc66-a67fd38d816c,2024/01/16 1:40 PM,2024-01-16,2024-01-16 18:40:00 UTC,Eastern Time (US & Canada),4573169,dwthor54,,2024-01-20 14:30:26 UTC,2024-01-20 17:58:20 UTC,research,CC-BY-NC,https://www.inaturalist.org/observations/197140463,https://inaturalist-open-data.s3.amazonaws.com/photos/347142500/medium.jpeg,,"",,3,0,false,,Northern Cardinal,Cardinalis cardinalis,Красный кардинал,Aves,9083
197177986,0510333c-be78-466b-8871-895b46de1a55,2024/01/20 11:07 AM,2024-01-20,2024-01-20 16:07:00 UTC,Eastern Time (US & Canada),4371401,sh0nf0x,Sean,2024-01-20 23:12:49 UTC,2024-01-20 23:21:31 UTC,research,,https://www.inaturalist.org/observations/197177986,https://static.inaturalist.org/photos/347214539/medium.jpg,,"",,2,0,false,,Northern Cardinal,Cardinalis cardinalis,Красный кардинал,Aves,9083
197280091,88478739-995c-4d36-b85b-f24c42f82afe,2024/01/21 3:05 PM,2024-01-21,2024-01-21 20:05:00 UTC,Eastern Time (US & Canada),3622840,pachogut,Pacho Gutierrez,2024-01-22 02:49:59 UTC,2024-01-24 21:45:14 UTC,research,CC-BY-NC,https://www.inaturalist.org/observations/197280091,https://inaturalist-open-data.s3.amazonaws.com/photos/347419717/medium.jpg,,"",,2,0,false,,Northern Cardinal,Cardinalis cardinalis,Красный кардинал,Aves,9083
197280097,11f4dab6-ea82-4546-a1e3-9aabc8993f34,2024/01/21 3:07 PM,2024-01-21,2024-01-21 20:07:00 UTC,Eastern Time (US & Canada),3622840,pachogut,Pacho Gutierrez,2024-01-22 02:50:01 UTC,2024-01-24 21:45:07 UTC,research,CC-BY-NC,https://www.inaturalist.org/observations/197280097,https://inaturalist-open-data.s3.amazonaws.com/photos/347419791/medium.jpg,,"",,4,0,false,,Northern Cardinal,Cardinalis cardinalis,Красный кардинал,Aves,9083
197986407,f36e2904-dd29-49b6-87c5-ffe2ecdba125,2024-01-30 08:52:00-05:00,2024-01-30,2024-01-30 13:52:00 UTC,Eastern Time (US & Canada),5632778,wakk4457,,2024-01-30 17:30:35 UTC,2024-01-30 18:17:32 UTC,research,CC-BY-NC,https://www.inaturalist.org/observations/197986407,https://inaturalist-open-data.s3.amazonaws.com/photos/348850007/medium.jpg,,"","",3,0,false,3,Northern Cardinal,Cardinalis cardinalis,Красный кардинал,Aves,9083
198283428,804fec5c-6a36-444f-829a-393d06fd1a9f,2012/02/02 9:16 PM,2012-02-02,2012-02-03 02:16:00 UTC,Eastern Time (US & Canada),1237597,joesebastiani,Joe Sebastiani,2024-02-03 10:47:34 UTC,2024-02-03 22:30:34 UTC,research,CC-BY-NC,https://www.inaturalist.org/observations/198283428,https://inaturalist-open-data.s3.amazonaws.com/photos/349444975/medium.jpeg,,"","",2,0,false,,Northern Cardinal,Cardinalis cardinalis,Красный кардинал,Aves,9083
198515735,532e8d0d-bec9-4862-a539-72be635206b7,2024-02-05 16:24:10-05:00,2024-02-05,2024-02-05 21:24:10 UTC,Eastern Time (US & Canada),7759650,justinmackey,,2024-02-05 21:24:45 UTC,2024-02-05 22:01:19 UTC,research,CC-BY-NC,https://www.inaturalist.org/observations/198515735,https://inaturalist-open-data.s3.amazonaws.com/photos/349911438/medium.jpg,,"","",2,0,false,3,Northern Cardinal,Cardinalis cardinalis,Красный кардинал,Aves,9083
198539414,4033b88d-a2e0-43d5-b78b-92fad61647ee,2024/02/05 4:41 PM,2024-02-05,2024-02-05 21:41:00 UTC,Eastern Time (US & Canada),2351110,bugsandbirds,Celeste,2024-02-06 03:22:02 UTC,2024-12-15 01:38:31 UTC,research,CC-BY-NC,https://www.inaturalist.org/observations/198539414,https://inaturalist-open-data.s3.amazonaws.com/photos/349957028/medium.jpg,,"",,4,0,false,,Northern Cardinal,Cardinalis cardinalis,Красный кардинал,Aves,9083
198662166,36741beb-202e-4055-9054-2ba194e80afa,2023/12/27 4:00 PM,2023-12-27,2023-12-27 21:00:00 UTC,Eastern Time (US & Canada),5025295,pyrobombus,Andy Swartley,2024-02-07 17:30:58 UTC,2024-02-13 19:42:54 UTC,research,CC-BY-NC,https://www.inaturalist.org/observations/198662166,https://inaturalist-open-data.s3.amazonaws.com/photos/350196057/medium.jpeg,,"",,3,0,false,,Northern Cardinal,Cardinalis cardinalis,Красный кардинал,Aves,9083
199191020,421f9c2a-bb41-46a6-8595-bcaf72fac457,2024-02-13 08:48:57,2024-02-13,2024-02-13 13:48:57 UTC,Eastern Time (US & Canada),7609278,noblink,,2024-02-13 13:49:30 UTC,2024-02-15 17:11:51 UTC,research,CC-BY-NC,https://www.inaturalist.org/observations/199191020,https://inaturalist-open-data.s3.amazonaws.com/photos/351237210/medium.jpeg,,"",,4,0,false,2,Northern Cardinal,Cardinalis cardinalis,Красный кардинал,Aves,9083
199483028,028d8ccb-7a0a-4d1b-a0cb-ba9744b650a2,2024-02-16 09:17:47-05:00,2024-02-16,2024-02-16 14:17:47 UTC,Eastern Time (US & Canada),5632778,wakk4457,,2024-02-16 19:10:20 UTC,2024-02-22 20:43:41 UTC,research,CC-BY-NC,https://www.inaturalist.org/observations/199483028,https://inaturalist-open-data.s3.amazonaws.com/photos/351800640/medium.jpg,,"","",3,0,false,3,Northern Cardinal,Cardinalis cardinalis,Красный кардинал,Aves,9083
199568359,048bf933-89d6-415e-b1d2-43acfb18aab2,2024-02-05 15:44:30-05:00,2024-02-05,2024-02-05 20:44:30 UTC,Eastern Time (US & Canada),3438765,shavarez,,2024-02-17 15:32:37 UTC,2024-02-20 20:13:30 UTC,research,CC-BY-NC,https://www.inaturalist.org/observations/199568359,https://inaturalist-open-data.s3.amazonaws.com/photos/351961870/medium.jpg,,"","",2,0,false,3,Northern Cardinal,Cardinalis cardinalis,Красный кардинал,Aves,9083
199856386,ff90c7db-6163-408e-927b-d779d5f4b7a1,2022/06/07 4:19 PM,2022-06-07,2022-06-07 20:19:00 UTC,Eastern Time (US & Canada),1133501,christa_explores,Christa B,2024-02-20 02:08:27 UTC,2024-02-20 23:45:29 UTC,research,CC-BY-NC-ND,https://www.inaturalist.org/observations/199856386,https://inaturalist-open-data.s3.amazonaws.com/photos/352483564/medium.jpeg,,"","Male Northern Cardinal is feeding cowbird that was raised as its own due to cowbird brood parasite

https://ecommons.udayton.edu/cgi/viewcontent.cgi?article=3472&context=graduate_theses",4,0,false,,Northern Cardinal,Cardinalis cardinalis,Красный кардинал,Aves,9083
199929942,2b19bc33-a64d-4352-871e-4265c7e9b97b,2024-02-19 11:37:01,2024-02-19,2024-02-19 16:37:01 UTC,Eastern Time (US & Canada),3118432,amberlove,Amber Love,2024-02-20 20:54:16 UTC,2024-02-22 21:53:45 UTC,research,,https://www.inaturalist.org/observations/199929942,https://static.inaturalist.org/photos/352644598/medium.jpeg,,"",,3,0,false,2,Northern Cardinal,Cardinalis cardinalis,Красный кардинал,Aves,9083
200097436,0836b3d6-9b5f-4322-b077-7d29b6dbd7f6,2024/02/17 10:27 AM,2024-02-17,2024-02-17 15:27:00 UTC,Eastern Time (US & Canada),1732895,bethpolvino,"",2024-02-22 16:23:31 UTC,2025-04-07 16:10:43 UTC,research,CC-BY-NC,https://www.inaturalist.org/observations/200097436,https://inaturalist-open-data.s3.amazonaws.com/photos/352971460/medium.jpeg,,"",,2,0,false,,Northern Cardinal,Cardinalis cardinalis,Красный кардинал,Aves,9083
200620855,d00c4540-680c-44f4-ade0-64d00d4a2375,2024-02-26 15:19:17-05:00,2024-02-26,2024-02-26 20:19:17 UTC,Eastern Time (US & Canada),5632778,wakk4457,,2024-02-27 14:57:49 UTC,2024-02-28 01:22:27 UTC,research,CC-BY-NC,https://www.inaturalist.org/observations/200620855,https://inaturalist-open-data.s3.amazonaws.com/photos/353993228/medium.jpg,,"","",2,0,false,3,Northern Cardinal,Cardinalis cardinalis,Красный кардинал,Aves,9083
200724141,b89ba3f6-283e-44ea-94aa-53d0cf3f4fb9,2024-02-27 08:42:40-05:00,2024-02-27,2024-02-27 13:42:40 UTC,Eastern Time (US & Canada),5632778,wakk4457,,2024-02-28 15:16:30 UTC,2024-02-28 19:23:07 UTC,research,CC-BY-NC,https://www.inaturalist.org/observations/200724141,https://inaturalist-open-data.s3.amazonaws.com/photos/354193199/medium.jpg,,"","",2,0,false,3,Northern Cardinal,Cardinalis cardinalis,Красный кардинал,Aves,9083
201631667,81a203aa-64d0-4ee6-9a7a-4cc8b7f72f0c,2024-03-05 16:00:34-05:00,2024-03-05,2024-03-05 21:00:34 UTC,Eastern Time (US & Canada),2919317,shin_alpha,Jonathan Middleton,2024-03-08 00:47:19 UTC,2024-03-08 14:12:25 UTC,research,CC-BY-NC,https://www.inaturalist.org/observations/201631667,https://inaturalist-open-data.s3.amazonaws.com/photos/355959931/medium.jpg,,"","",2,0,false,3,Northern Cardinal,Cardinalis cardinalis,Красный кардинал,Aves,9083
201736003,88263a1c-fcdd-4289-b8b5-923f22acd950,2024/03/03 5:11 AM,2024-03-03,2024-03-03 10:11:00 UTC,Eastern Time (US & Canada),2776752,sferrjet,"",2024-03-09 00:50:40 UTC,2024-03-09 17:00:34 UTC,research,CC-BY-NC,https://www.inaturalist.org/observations/201736003,https://inaturalist-open-data.s3.amazonaws.com/photos/356159489/medium.jpeg,,"",,1,0,false,,Northern Cardinal,Cardinalis cardinalis,Красный кардинал,Aves,9083
203969897,01393513-96ff-404a-a7ef-fce8a2bcaa3b,2024/03/25 6:40 PM,2024-03-25,2024-03-25 22:40:00 UTC,Eastern Time (US & Canada),7122536,cantfindphoebe,Allie K.,2024-03-26 01:41:05 UTC,2025-08-24 19:00:53 UTC,research,CC-BY-NC-ND,https://www.inaturalist.org/observations/203969897,https://inaturalist-open-data.s3.amazonaws.com/photos/360453738/medium.jpg,,"songbird, Hall's Pond",,1,0,false,,Northern Cardinal,Cardinalis cardinalis,Красный кардинал,Aves,9083
204100981,10f1f8be-c6e1-4062-876d-89953327a451,Tue Mar 26 2024 07:58:27 GMT -0400 (EDT),2024-03-26,2024-03-26 11:58:27 UTC,Eastern Time (US & Canada),7909820,b3nz3n3,,2024-03-27 02:59:01 UTC,2024-03-27 03:00:17 UTC,research,CC-BY-NC,https://www.inaturalist.org/observations/204100981,https://inaturalist-open-data.s3.amazonaws.com/photos/360710344/medium.jpeg,,"",,1,0,false,333,Northern Cardinal,Cardinalis cardinalis,Красный кардинал,Aves,9083
204107074,4a2f0cec-22ca-4451-b262-c013558989ee,2024-03-25 17:20:00-04:00,2024-03-25,2024-03-25 21:20:00 UTC,Eastern Time (US & Canada),2831928,andrewm77,,2024-03-27 04:18:58 UTC,2025-12-04 01:20:59 UTC,research,CC-BY-NC,https://www.inaturalist.org/observations/204107074,https://inaturalist-open-data.s3.amazonaws.com/photos/360721611/medium.jpg,,"","",2,0,false,3,Northern Cardinal,Cardinalis cardinalis,Красный кардинал,Aves,9083
204136483,06fbaa54-57bf-4cc0-b046-19594e0b7888,2024-03-27 09:02:23-04:00,2024-03-27,2024-03-27 13:02:23 UTC,Eastern Time (US & Canada),309338,arisingunder,Arising Under,2024-03-27 13:03:45 UTC,2024-04-17 00:27:03 UTC,research,,https://www.inaturalist.org/observations/204136483,https://static.inaturalist.org/photos/360778787/medium.jpg,,"","",2,0,false,3,Northern Cardinal,Cardinalis cardinalis,Красный кардинал,Aves,9083
204222346,5a1f1d4b-fb38-4774-b043-482d30e0c43c,2024-03-27 11:36:35-04:00,2024-03-27,2024-03-27 15:36:35 UTC,Eastern Time (US & Canada),7193171,joy4birds,,2024-03-28 02:23:55 UTC,2025-11-03 18:56:43 UTC,research,CC0,https://www.inaturalist.org/observations/204222346,https://inaturalist-open-data.s3.amazonaws.com/photos/360943408/medium.jpg,,"","",1,0,false,3,Northern Cardinal,Cardinalis cardinalis,Красный кардинал,Aves,9083
204585981,d927e1bf-4ad5-4270-9f22-ee20d6f7aef2,2024-03-30 13:34:59-04:00,2024-03-30,2024-03-30 17:34:59 UTC,Eastern Time (US & Canada),7689950,sticklink,"",2024-03-30 17:36:34 UTC,2024-07-22 12:01:54 UTC,research,,https://www.inaturalist.org/observations/204585981,https://static.inaturalist.org/photos/361635331/medium.jpg,https://static.inaturalist.org/sounds/945757.m4a?1711820400,"","",3,0,false,3,Northern Cardinal,Cardinalis cardinalis,Красный кардинал,Aves,9083
205437357,3d85243f-88e6-44eb-883b-1303db67eeb7,2024-04-04 12:40:45-04:00,2024-04-04,2024-04-04 16:40:45 UTC,Eastern Time (US & Canada),920250,spritelink,Janet Wooten,2024-04-04 22:24:51 UTC,2024-04-05 22:34:49 UTC,research,,https://www.inaturalist.org/observations/205437357,https://static.inaturalist.org/photos/363250655/medium.jpg,,"",With a Downy Woodpecker ,4,0,false,3,Northern Cardinal,Cardinalis cardinalis,Красный кардинал,Aves,9083
205941497,ab70925b-71ee-4458-aea6-e9f90beb523a,2024-04-07 16:06:34,2024-04-07,2024-04-07 20:06:34 UTC,Eastern Time (US & Canada),7943502,chaohord,chaohord,2024-04-07 20:30:19 UTC,2024-04-08 06:29:39 UTC,research,CC-BY-NC,https://www.inaturalist.org/observations/205941497,https://inaturalist-open-data.s3.amazonaws.com/photos/364195197/medium.jpeg,,"",,1,0,false,2,Northern Cardinal,Cardinalis cardinalis,Красный кардинал,Aves,9083
206171831,a1a5d9a7-2f5e-4532-bca0-f190ede8a9b2,2024/04/08 3:20 PM,2024-04-08,2024-04-08 19:20:00 UTC,Eastern Time (US & Canada),3622840,pachogut,Pacho Gutierrez,2024-04-09 00:38:58 UTC,2024-09-13 00:40:11 UTC,research,CC-BY-NC,https://www.inaturalist.org/observations/206171831,https://inaturalist-open-data.s3.amazonaws.com/photos/364625571/medium.jpg,,"",This male started singing at peak penumbra for this location.  Magical!,2,0,false,,Northern Cardinal,Cardinalis cardinalis,Красный кардинал,Aves,9083
206878579,1dd23bd3-f0fa-4465-a518-8778e7e7b033,2024-04-11 17:53:24,2024-04-11,2024-04-11 21:53:24 UTC,Eastern Time (US & Canada),3377468,froggymum,"",2024-04-13 01:58:41 UTC,2025-03-23 12:18:54 UTC,research,CC-BY,https://www.inaturalist.org/observations/206878579,https://static.inaturalist.org/photos/365873000/medium.jpeg,,"",This cardinal couldn't stop dancing and clucking while enjoying her favorite snack of safflower seeds.,1,0,false,2,Northern Cardinal,Cardinalis cardinalis,Красный кардинал,Aves,9083
207156216,58d86823-ec74-4d62-8171-ea66f76a9951,2024-04-14 08:55:26-04:00,2024-04-14,2024-04-14 12:55:26 UTC,Eastern Time (US & Canada),7689950,sticklink,"",2024-04-14 13:02:19 UTC,2024-04-15 04:13:10 UTC,research,,https://www.inaturalist.org/observations/207156216,https://static.inaturalist.org/photos/366397256/medium.jpg,,"","",3,0,false,3,Northern Cardinal,Cardinalis cardinalis,Красный кардинал,Aves,9083
207671397,2305f543-fe71-402f-bd56-65d5d30d3f6b,2024-04-16 09:26:51-04:00,2024-04-16,2024-04-16 13:26:51 UTC,Eastern Time (US & Canada),5632778,wakk4457,,2024-04-16 23:32:54 UTC,2024-04-16 23:39:31 UTC,research,CC-BY-NC,https://www.inaturalist.org/observations/207671397,https://inaturalist-open-data.s3.amazonaws.com/photos/367357518/medium.jpg,,"","",1,0,false,3,Northern Cardinal,Cardinalis cardinalis,Красный кардинал,Aves,9083
207839565,39ba6fc3-7657-4a50-bf3f-bf651d3bbc0a,2024/04/13 ,2024-04-13,,Eastern Time (US & Canada),7273155,cmmteixeira,"",2024-04-17 22:55:29 UTC,2024-08-30 01:30:08 UTC,research,CC-BY-NC,https://www.inaturalist.org/observations/207839565,https://inaturalist-open-data.s3.amazonaws.com/photos/367672776/medium.jpg,,"",,5,0,false,,Northern Cardinal,Cardinalis cardinalis,Красный кардинал,Aves,9083
208267102,22b7fae0-7828-496d-9f15-e812a043c0aa,2024-04-19 16:20:46-04:00,2024-04-19,2024-04-19 20:20:46 UTC,Eastern Time (US & Canada),3946928,matt_byrne,Matt Byrne,2024-04-20 14:05:15 UTC,2024-04-27 02:25:24 UTC,research,,https://www.inaturalist.org/observations/208267102,https://static.inaturalist.org/photos/369249348/medium.jpg,,"","",1,0,false,3,Northern Cardinal,Cardinalis cardinalis,Красный кардинал,Aves,9083
208503327,79babdcb-2091-4905-bef8-0cb25812878e,2024-04-21 09:09:33-05:00,2024-04-21,2024-04-21 14:09:33 UTC,Eastern Time (US & Canada),4124838,walterjimenez,,2024-04-21 15:43:55 UTC,2024-04-22 12:49:05 UTC,research,CC-BY-NC,https://www.inaturalist.org/observations/208503327,https://inaturalist-open-data.s3.amazonaws.com/photos/368913203/medium.jpg,,"","",3,0,false,3,Northern Cardinal,Cardinalis cardinalis,Красный кардинал,Aves,9083
208957216,99af2967-5e97-45f1-bab4-27f1c11308cf,2024-04-22 16:49:33-04:00,2024-04-22,2024-04-22 20:49:33 UTC,Eastern Time (US & Canada),5632778,wakk4457,,2024-04-23 20:16:06 UTC,2024-04-23 20:40:31 UTC,research,CC-BY-NC,https://www.inaturalist.org/observations/208957216,https://inaturalist-open-data.s3.amazonaws.com/photos/369752572/medium.jpg,,"","",1,0,false,3,Northern Cardinal,Cardinalis cardinalis,Красный кардинал,Aves,9083
209122946,2e393eee-4587-4fc5-9c93-529777621af7,2024-04-24 14:49:05-04:00,2024-04-24,2024-04-24 18:49:05 UTC,Eastern Time (US & Canada),742257,booksontape,Leroy Parker,2024-04-24 18:58:31 UTC,2024-11-17 00:18:29 UTC,needs_id,CC-BY,https://www.inaturalist.org/observations/209122946,https://inaturalist-open-data.s3.amazonaws.com/photos/370059885/medium.jpg,,"","",0,0,false,3,"",Cardinalis cardinalis,Красный кардинал,Aves,9083
209171854,fd608f65-9214-4036-a3d7-46dee1368d7c,2024/04/24 2:34 PM,2024-04-24,2024-04-24 18:34:00 UTC,Eastern Time (US & Canada),3011127,izrapse,Antonio Esparza,2024-04-25 00:07:10 UTC,2024-04-25 00:29:11 UTC,research,CC-BY-NC,https://www.inaturalist.org/observations/209171854,https://inaturalist-open-data.s3.amazonaws.com/photos/370151729/medium.jpeg,,"",,2,0,false,,Northern Cardinal,Cardinalis cardinalis,Красный кардинал,Aves,9083
209183089,83110256-22a7-4cca-86bd-81231aa167f5,2024-04-24 09:50:12-04:00,2024-04-24,2024-04-24 13:50:12 UTC,Eastern Time (US & Canada),1832707,jamesfalletti,James Falletti,2024-04-25 01:26:54 UTC,2024-08-30 01:29:57 UTC,research,,https://www.inaturalist.org/observations/209183089,https://static.inaturalist.org/photos/370173463/medium.jpg,,"","",3,0,false,3,Northern Cardinal,Cardinalis cardinalis,Красный кардинал,Aves,9083
209836531,88c2f744-4ccc-4d34-9b88-99017923dfa2,2024-04-25 07:19:28-04:00,2024-04-25,2024-04-25 11:19:28 UTC,Eastern Time (US & Canada),5632778,wakk4457,,2024-04-26 22:44:37 UTC,2024-04-27 02:32:50 UTC,research,CC-BY-NC,https://www.inaturalist.org/observations/209836531,https://inaturalist-open-data.s3.amazonaws.com/photos/371256148/medium.jpg,,"","",1,0,false,3,Northern Cardinal,Cardinalis cardinalis,Красный кардинал,Aves,9083
210399048,3a3e2fd2-5bcb-467c-952d-61b181127182,2024/04/27 12:36 PM,2024-04-27,2024-04-27 16:36:00 UTC,Eastern Time (US & Canada),1731209,bughaven,Anne Boyd,2024-04-27 20:27:43 UTC,2025-11-23 05:02:56 UTC,research,CC-BY-NC,https://www.inaturalist.org/observations/210399048,https://inaturalist-open-data.s3.amazonaws.com/photos/372144529/medium.jpg,,"",,3,0,false,,Northern Cardinal,Cardinalis cardinalis,Красный кардинал,Aves,9083
210498550,65c795a9-8f2c-4eb4-b0f8-a041fe4e1146,2024/04/26 4:10 PM,2024-04-26,2024-04-26 20:10:00 UTC,Eastern Time (US & Canada),1643670,martindellwo,Martin Dellwo,2024-04-27 23:35:00 UTC,2024-04-27 23:38:08 UTC,research,,https://www.inaturalist.org/observations/210498550,https://static.inaturalist.org/photos/372309138/medium.jpg,,"Rittenhouse Square, birding, cardinals, city nature challenge",Northern Cardinal,1,0,false,,Northern Cardinal,Cardinalis cardinalis,Красный кардинал,Aves,9083
212408249,d71ca2db-2b05-4655-87f7-1defe55fc3e3,2024-04-30 07:14:40-04:00,2024-04-30,2024-04-30 11:14:40 UTC,Eastern Time (US & Canada),5632778,wakk4457,,2024-04-30 22:22:35 UTC,2024-05-01 01:26:26 UTC,research,CC-BY-NC,https://www.inaturalist.org/observations/212408249,https://inaturalist-open-data.s3.amazonaws.com/photos/375366630/medium.jpg,,"","",3,1,false,3,Northern Cardinal,Cardinalis cardinalis,Красный кардинал,Aves,9083
212475798,cd24c1ad-3e47-4313-93b0-2a1d710c1530,2024/04/30 6:41 PM,2024-04-30,2024-04-30 22:41:00 UTC,Eastern Time (US & Canada),2473401,feathered,Alexandra Tey,2024-05-01 03:08:07 UTC,2024-05-01 18:36:15 UTC,research,CC0,https://www.inaturalist.org/observations/212475798,https://inaturalist-open-data.s3.amazonaws.com/photos/375484461/medium.jpg,,"",,5,0,false,,Northern Cardinal,Cardinalis cardinalis,Красный кардинал,Aves,9083
213676505,560133d4-e26e-437b-a50e-11448a8a1aa8,2024/05/05 8:57 AM,2024-05-05,2024-05-05 12:57:00 UTC,Eastern Time (US & Canada),3447449,cmciv,"",2024-05-05 13:10:16 UTC,2024-05-05 23:03:13 UTC,research,CC-BY-NC,https://www.inaturalist.org/observations/213676505,https://inaturalist-open-data.s3.amazonaws.com/photos/377638915/medium.jpeg,,"","Canon PowerShot SX620 HS (4.5mm-112.5mm f/3.2-6.6 lens, 20.2MP).",2,0,false,,Northern Cardinal,Cardinalis cardinalis,Красный кардинал,Aves,9083
213676513,9ec2ce6e-44fd-4e30-a980-5fb55d77a740,2024/05/05 8:58 AM,2024-05-05,2024-05-05 12:58:00 UTC,Eastern Time (US & Canada),3447449,cmciv,"",2024-05-05 13:10:17 UTC,2024-11-28 20:23:45 UTC,research,CC-BY-NC,https://www.inaturalist.org/observations/213676513,https://inaturalist-open-data.s3.amazonaws.com/photos/377638928/medium.jpeg,,"","Canon PowerShot SX620 HS (4.5mm-112.5mm f/3.2-6.6 lens, 20.2MP).",2,0,false,,Northern Cardinal,Cardinalis cardinalis,Красный кардинал,Aves,9083
213822789,d75deb89-23b7-41b7-b267-0e987b1c44eb,2024/05/05 11:38 AM,2024-05-05,2024-05-05 15:38:00 UTC,Eastern Time (US & Canada),1120787,edhass,Ed Hass,2024-05-05 22:11:37 UTC,2024-05-05 23:01:46 UTC,research,CC-BY-NC,https://www.inaturalist.org/observations/213822789,https://inaturalist-open-data.s3.amazonaws.com/photos/377890462/medium.jpg,,"",Male Northern Cardinal,3,0,false,,Northern Cardinal,Cardinalis cardinalis,Красный кардинал,Aves,9083
214053811,ac58136d-26dd-432b-a677-bb5fea350c30,2024/05/06 3:00 PM,2024-05-06,2024-05-06 19:00:00 UTC,Eastern Time (US & Canada),7743823,bennybillz52,,2024-05-06 20:27:23 UTC,2024-05-07 00:26:20 UTC,research,CC-BY-NC,https://www.inaturalist.org/observations/214053811,https://inaturalist-open-data.s3.amazonaws.com/photos/378311443/medium.jpeg,,"",,2,0,false,,Northern Cardinal,Cardinalis cardinalis,Красный кардинал,Aves,9083
214158954,3524fc8b-63f3-4da8-a0d3-4f61d7838fc7,2024-05-07 06:19:15-04:00,2024-05-07,2024-05-07 10:19:15 UTC,Eastern Time (US & Canada),6181116,seth341,Seth Correia,2024-05-07 10:21:29 UTC,2024-05-08 12:11:11 UTC,research,,https://www.inaturalist.org/observations/214158954,https://static.inaturalist.org/photos/378514568/medium.jpg,,"","",2,0,false,3,Northern Cardinal,Cardinalis cardinalis,Красный кардинал,Aves,9083
215142330,93032d10-743d-43f8-b27d-2a9730eca3ba,2024/05/07 1:05 PM,2024-05-07,2024-05-07 17:05:00 UTC,Eastern Time (US & Canada),1154196,raneedunc,"",2024-05-12 00:48:14 UTC,2024-05-12 01:04:31 UTC,research,CC-BY-NC-SA,https://www.inaturalist.org/observations/215142330,https://inaturalist-open-data.s3.amazonaws.com/photos/380337315/medium.jpg,,"",,1,0,false,,Northern Cardinal,Cardinalis cardinalis,Красный кардинал,Aves,9083
216538904,8ea6344c-15c7-4a0e-8338-2332d55f83b5,2024-05-18 09:45:24,2024-05-18,2024-05-18 13:45:24 UTC,Eastern Time (US & Canada),7943502,chaohord,chaohord,2024-05-18 15:04:26 UTC,2024-05-22 22:30:58 UTC,research,CC-BY-NC,https://www.inaturalist.org/observations/216538904,https://inaturalist-open-data.s3.amazonaws.com/photos/382970695/medium.jpeg,,"",,1,0,false,2,Northern Cardinal,Cardinalis cardinalis,Красный кардинал,Aves,9083
219238703,e9bf0f23-9188-41a8-b574-72484afef9bb,2024/05/29 9:45 AM,2024-05-29,2024-05-29 13:45:00 UTC,Eastern Time (US & Canada),1120787,edhass,Ed Hass,2024-05-30 01:46:12 UTC,2024-05-30 14:12:41 UTC,research,CC-BY-NC,https://www.inaturalist.org/observations/219238703,https://inaturalist-open-data.s3.amazonaws.com/photos/388030812/medium.jpg,,"",Male Northern Cardinal,2,0,false,,Northern Cardinal,Cardinalis cardinalis,Красный кардинал,Aves,9083
221681741,4a28bfb4-8eec-418b-ac22-f30f664582e1,2024-06-09 07:41:11-04:00,2024-06-09,2024-06-09 11:41:11 UTC,Eastern Time (US & Canada),7637034,curioustattooist,Justin Rakowski,2024-06-09 21:57:49 UTC,2024-12-15 01:37:46 UTC,research,,https://www.inaturalist.org/observations/221681741,https://static.inaturalist.org/photos/392598112/medium.jpg,,"","",2,0,false,3,Northern Cardinal,Cardinalis cardinalis,Красный кардинал,Aves,9083
224004057,2fb0b31c-7382-4a28-a1b6-593721928dfd,2024-06-19 19:18:36-04:00,2024-06-19,2024-06-19 23:18:36 UTC,Eastern Time (US & Canada),1815222,elephantspop,,2024-06-20 16:27:55 UTC,2024-06-28 02:48:36 UTC,research,,https://www.inaturalist.org/observations/224004057,https://inaturalist-open-data.s3.amazonaws.com/photos/396959384/medium.jpg,,"","",1,0,false,3,Northern Cardinal,Cardinalis cardinalis,Красный кардинал,Aves,9083
224531995,8c89961a-fc10-466d-8afa-3844cc9d5c6b,2024-06-22 18:06:44,2024-06-22,2024-06-22 22:06:44 UTC,Eastern Time (US & Canada),8196654,ovis,,2024-06-23 01:08:02 UTC,2024-06-26 03:56:17 UTC,research,CC-BY-NC,https://www.inaturalist.org/observations/224531995,https://inaturalist-open-data.s3.amazonaws.com/photos/397966656/medium.jpeg,,"",,1,0,false,2,Northern Cardinal,Cardinalis cardinalis,Красный кардинал,Aves,9083
224635897,6ddc2def-27d1-498d-b8ab-1c71eadfaf9c,2024-06-23 10:14:41-04:00,2024-06-23,2024-06-23 14:14:41 UTC,Eastern Time (US & Canada),8244843,heckmanm14,,2024-06-23 14:15:48 UTC,2024-06-26 03:22:07 UTC,research,CC-BY-NC,https://www.inaturalist.org/observations/224635897,https://inaturalist-open-data.s3.amazonaws.com/photos/398163469/medium.jpg,,"","",1,0,false,3,Northern Cardinal,Cardinalis cardinalis,Красный кардинал,Aves,9083
226527677,6923a359-279c-4927-aa8f-6c634f887d95,2024/07/01 2:29 PM,2024-07-01,2024-07-01 18:29:00 UTC,Eastern Time (US & Canada),1956393,mamiles,"",2024-07-01 20:24:42 UTC,2024-07-03 18:52:52 UTC,research,CC-BY-NC-ND,https://www.inaturalist.org/observations/226527677,https://inaturalist-open-data.s3.amazonaws.com/photos/401754834/medium.jpeg,,"","",2,0,false,,Northern Cardinal,Cardinalis cardinalis,Красный кардинал,Aves,9083
227011200,4bb5be19-f9d8-4228-8a8c-87e4a343361f,2024/07/03 1:23 PM,2024-07-03,2024-07-03 17:23:00 UTC,Eastern Time (US & Canada),5022186,axion,Axion,2024-07-04 01:05:36 UTC,2024-07-19 22:20:05 UTC,research,CC-BY-NC,https://www.inaturalist.org/observations/227011200,https://inaturalist-open-data.s3.amazonaws.com/photos/402672915/medium.jpg,,"","",3,0,false,,Northern Cardinal,Cardinalis cardinalis,Красный кардинал,Aves,9083
229988504,a087e0b2-8183-450f-bc05-42c143f37bc8,2024-07-17,2024-07-17,,Eastern Time (US & Canada),3377468,froggymum,"",2024-07-17 22:28:06 UTC,2025-03-23 12:18:54 UTC,research,CC-BY,https://www.inaturalist.org/observations/229988504,https://static.inaturalist.org/photos/408310229/medium.jpeg,,"",,4,0,false,2,Northern Cardinal,Cardinalis cardinalis,Красный кардинал,Aves,9083
230409703,1726d676-5641-400f-9892-cc68a49efa45,2024-07-19 20:22:22-04:00,2024-07-19,2024-07-20 00:22:22 UTC,Eastern Time (US & Canada),1815222,elephantspop,,2024-07-20 01:23:45 UTC,2024-07-22 09:47:30 UTC,research,,https://www.inaturalist.org/observations/230409703,https://inaturalist-open-data.s3.amazonaws.com/photos/409118496/medium.jpeg,,"","",5,0,false,3,Northern Cardinal,Cardinalis cardinalis,Красный кардинал,Aves,9083
230616999,2eac050c-5c41-4909-a6df-f3ad62125152,2024/07/20 9:00 AM,2024-07-20,2024-07-20 13:00:00 UTC,Eastern Time (US & Canada),7926684,unrealsquare,,2024-07-20 23:06:06 UTC,2025-09-20 02:08:54 UTC,research,CC-BY-NC,https://www.inaturalist.org/observations/230616999,https://inaturalist-open-data.s3.amazonaws.com/photos/409498155/medium.jpeg,,"",no tail?,2,0,false,,Northern Cardinal,Cardinalis cardinalis,Красный кардинал,Aves,9083
231267964,5679e3ce-a6b8-444a-a9b8-d8750cc76b4b,2024/07/22 6:20 PM,2024-07-22,2024-07-22 22:20:00 UTC,Eastern Time (US & Canada),1675732,rhoads,,2024-07-23 19:48:11 UTC,2024-07-24 00:07:06 UTC,research,CC-BY-NC,https://www.inaturalist.org/observations/231267964,https://inaturalist-open-data.s3.amazonaws.com/photos/410726830/medium.jpeg,,"",,3,0,false,,Northern Cardinal,Cardinalis cardinalis,Красный кардинал,Aves,9083
232176467,33aa98e5-a932-40df-8b01-37947c1729d7,2024-07-27 08:34:07-04:00,2024-07-27,2024-07-27 12:34:07 UTC,Eastern Time (US & Canada),8345786,yuweisun,,2024-07-28 02:44:13 UTC,2024-08-13 18:26:04 UTC,research,CC-BY-NC,https://www.inaturalist.org/observations/232176467,https://inaturalist-open-data.s3.amazonaws.com/photos/412454022/medium.jpeg,,"","",2,0,false,3,北美红雀,Cardinalis cardinalis,Красный кардинал,Aves,9083
232412882,acaa8050-4957-4ae7-9239-f593da360fb9,2024/07/28 2:09 PM,2024-07-28,2024-07-28 18:09:00 UTC,Eastern Time (US & Canada),2618980,nilshelstrom,Nils Helstrom,2024-07-29 02:21:02 UTC,2024-07-29 02:23:56 UTC,research,CC-BY-NC,https://www.inaturalist.org/observations/232412882,https://inaturalist-open-data.s3.amazonaws.com/photos/412899849/medium.jpeg,,"",,1,0,false,,Northern Cardinal,Cardinalis cardinalis,Красный кардинал,Aves,9083
233600734,0cfb3951-94dc-49ac-a7cf-28e7304fc253,2018/02/10 12pm,2018-02-10,2018-02-10 17:00:00 UTC,Eastern Time (US & Canada),1686639,phillyphantailphan,"",2024-08-03 23:45:05 UTC,2024-10-04 12:17:04 UTC,research,CC-BY-NC,https://www.inaturalist.org/observations/233600734,https://inaturalist-open-data.s3.amazonaws.com/photos/415165660/medium.jpeg,,"",,2,0,false,,Northern Cardinal,Cardinalis cardinalis,Красный кардинал,Aves,9083
233600739,f3c513f4-4426-49c3-b40b-f07a470d48e8,2018/02/10 12pm,2018-02-10,2018-02-10 17:00:00 UTC,Eastern Time (US & Canada),1686639,phillyphantailphan,"",2024-08-03 23:45:06 UTC,2024-08-03 23:46:11 UTC,research,CC-BY-NC,https://www.inaturalist.org/observations/233600739,https://inaturalist-open-data.s3.amazonaws.com/photos/415165669/medium.jpeg,,"",,2,0,false,,Northern Cardinal,Cardinalis cardinalis,Красный кардинал,Aves,9083
234120677,bd91f451-ab57-4de4-89f4-29ef35caeadb,2024-08-05 17:55:48,2024-08-05,2024-08-05 21:55:48 UTC,Eastern Time (US & Canada),986187,mattiagusmini,Mattia Gusmini,2024-08-06 11:12:02 UTC,2025-11-22 21:32:57 UTC,research,,https://www.inaturalist.org/observations/234120677,https://static.inaturalist.org/photos/416159652/medium.jpeg,,"",,2,0,false,2,Northern Cardinal,Cardinalis cardinalis,Красный кардинал,Aves,9083
234584461,be8adb2b-6865-446c-9b32-0ec48c25ffbc,2024-08-08 15:56:02-04:00,2024-08-08,2024-08-08 19:56:02 UTC,Eastern Time (US & Canada),8296863,fdaszak,,2024-08-08 21:03:26 UTC,2024-08-08 21:04:06 UTC,research,CC-BY-NC,https://www.inaturalist.org/observations/234584461,https://inaturalist-open-data.s3.amazonaws.com/photos/417056171/medium.jpeg,,"",grippy feet! ,2,0,false,3,Northern Cardinal,Cardinalis cardinalis,Красный кардинал,Aves,9083
234722639,8b5b1997-e0a2-4cca-894d-b9c60cdd5592,2024/08/09 12:14 PM,2024-08-09,2024-08-09 16:14:00 UTC,Eastern Time (US & Canada),476698,garden_chaos,Kirstin,2024-08-09 17:14:38 UTC,2025-03-03 02:00:02 UTC,research,CC-BY-NC,https://www.inaturalist.org/observations/234722639,https://inaturalist-open-data.s3.amazonaws.com/photos/417322138/medium.png,,"","Video:
https://youtu.be/wEJzSMt64Dc",1,0,false,,Northern Cardinal,Cardinalis cardinalis,Красный кардинал,Aves,9083
235193824,0d275e19-f70d-40da-a370-3ecfbb1108fc,2024-08-11 14:24:42-04:00,2024-08-11,2024-08-11 18:24:42 UTC,Eastern Time (US & Canada),8345786,yuweisun,,2024-08-11 20:27:09 UTC,2024-08-13 18:26:12 UTC,research,CC-BY-NC,https://www.inaturalist.org/observations/235193824,https://inaturalist-open-data.s3.amazonaws.com/photos/418236095/medium.jpeg,,"","",2,0,false,3,北美红雀,Cardinalis cardinalis,Красный кардинал,Aves,9083
236806203,7def1f14-12fe-4aa1-8809-a6d9658ce2ea,2024-08-19 08:15:57,2024-08-19,2024-08-19 12:15:57 UTC,Eastern Time (US & Canada),7943502,chaohord,chaohord,2024-08-19 22:23:51 UTC,2024-08-20 20:36:52 UTC,research,CC-BY-NC,https://www.inaturalist.org/observations/236806203,https://inaturalist-open-data.s3.amazonaws.com/photos/421346000/medium.jpeg,,"",home sweet home,2,0,false,2,Northern Cardinal,Cardinalis cardinalis,Красный кардинал,Aves,9083
239668321,7aa776de-0de5-45b9-badb-e606f8acfd0a,2024-09-03,2024-09-03,,Eastern Time (US & Canada),3377468,froggymum,"",2024-09-03 19:34:55 UTC,2025-10-27 22:38:35 UTC,research,CC-BY,https://www.inaturalist.org/observations/239668321,https://static.inaturalist.org/photos/426885661/medium.jpeg,,"","From the AI bird feeder ""portrait studio"". This observation is for the Cardinal on the left.",3,0,false,2,Northern Cardinal,Cardinalis cardinalis,Красный кардинал,Aves,9083
241031197,86ea21af-b6b4-4967-8087-02493a0bea13,2024-09-10,2024-09-10,,Eastern Time (US & Canada),3377468,froggymum,"",2024-09-11 00:33:04 UTC,2025-10-27 22:38:31 UTC,research,CC-BY,https://www.inaturalist.org/observations/241031197,https://static.inaturalist.org/photos/429516324/medium.jpeg,,"",This observation is for the Cardinal on the left. These two look like they're in a staged portrait. ,4,0,false,2,Northern Cardinal,Cardinalis cardinalis,Красный кардинал,Aves,9083
241746800,6d3eb7e3-75a2-4b73-9526-9f90d362a627,2024-09-14 12:03:34-04:00,2024-09-14,2024-09-14 16:03:34 UTC,Eastern Time (US & Canada),7193171,joy4birds,,2024-09-14 22:35:21 UTC,2024-11-17 00:33:11 UTC,research,CC0,https://www.inaturalist.org/observations/241746800,https://inaturalist-open-data.s3.amazonaws.com/photos/430889105/medium.jpeg,,"","",2,0,false,3,Northern Cardinal,Cardinalis cardinalis,Красный кардинал,Aves,9083
242265719,6241366d-891d-4742-b61f-09a58347adbc,2024-08-12 14:05:15-04:00,2024-08-12,2024-08-12 18:05:15 UTC,Eastern Time (US & Canada),8087396,mydoglikescheese87,Katie Kelly,2024-09-17 11:15:23 UTC,2024-11-17 00:32:22 UTC,research,CC-BY-NC,https://www.inaturalist.org/observations/242265719,https://inaturalist-open-data.s3.amazonaws.com/photos/431895758/medium.jpeg,,"","",3,0,false,3,Northern Cardinal,Cardinalis cardinalis,Красный кардинал,Aves,9083
242468325,8764f207-9dbf-41ae-a400-3495f6a46fc5,2024-03-30 10:05:20,2024-03-30,2024-03-30 14:05:20 UTC,Eastern Time (US & Canada),3377468,froggymum,"",2024-09-18 11:58:26 UTC,2025-03-23 12:18:54 UTC,research,CC-BY,https://www.inaturalist.org/observations/242468325,https://static.inaturalist.org/photos/432262000/medium.jpeg,,"",Cardinal on the left is warding off a finch at the bird feeder,1,0,false,2,Northern Cardinal,Cardinalis cardinalis,Красный кардинал,Aves,9083
243260877,7c8fd365-0c17-43b5-bcab-8d76971e6c99,2024-09-21 20:23:33,2024-09-21,2024-09-22 00:23:33 UTC,Eastern Time (US & Canada),3377468,froggymum,"",2024-09-22 05:00:41 UTC,2025-03-23 12:18:54 UTC,research,CC-BY,https://www.inaturalist.org/observations/243260877,https://static.inaturalist.org/photos/433751920/medium.jpeg,,"",Male juvenile is curious about the camera and his reflection in the lens.,4,0,false,2,Northern Cardinal,Cardinalis cardinalis,Красный кардинал,Aves,9083
244599688,9a8230f4-3d57-4b39-aee1-e22e996ee26f,2024/09/24 12:36 PM,2024-09-24,2024-09-24 16:36:00 UTC,Eastern Time (US & Canada),4067014,bilcha,ብልጫ (Bilcha),2024-09-29 00:00:40 UTC,2024-09-29 00:03:14 UTC,research,,https://www.inaturalist.org/observations/244599688,https://static.inaturalist.org/photos/436330023/medium.jpg,,"",,2,0,false,,Northern Cardinal,Cardinalis cardinalis,Красный кардинал,Aves,9083
244617692,96845210-d73b-40a9-9b17-92b1f4c89eca,2024-09-23,2024-09-23,,Eastern Time (US & Canada),3377468,froggymum,"",2024-09-29 02:15:00 UTC,2025-03-23 12:18:54 UTC,research,CC-BY,https://www.inaturalist.org/observations/244617692,https://static.inaturalist.org/photos/436367846/medium.jpeg,,"","Funny ""conehead"" on this female cardinal.",6,0,false,2,Northern Cardinal,Cardinalis cardinalis,Красный кардинал,Aves,9083
244926577,4abfe894-cafb-4e72-b3db-ee70ba25b1ca,2024-09-30 07:57:38,2024-09-30,2024-09-30 11:57:38 UTC,Eastern Time (US & Canada),1983609,rlawler,Robin A Lawler,2024-09-30 16:54:36 UTC,2024-10-02 05:15:41 UTC,research,,https://www.inaturalist.org/observations/244926577,https://static.inaturalist.org/photos/436975246/medium.jpeg,,"",,3,0,false,2,Northern Cardinal,Cardinalis cardinalis,Красный кардинал,Aves,9083
245233190,9cadaadc-3447-409d-af7f-38505d48135c,2022-01-29 20:52:33-05:00,2022-01-29,2022-01-30 01:52:33 UTC,Eastern Time (US & Canada),6810899,dana_silvanic,Dana Silvanic,2024-10-02 14:08:08 UTC,2024-11-13 21:01:33 UTC,research,CC-BY-NC,https://www.inaturalist.org/observations/245233190,https://inaturalist-open-data.s3.amazonaws.com/photos/437572344/medium.jpeg,,"","Leucistic female cardinal that lives nearby, have seen her for 3 years running. We call her Lucy.  ",5,0,false,3,Northern Cardinal,Cardinalis cardinalis,Красный кардинал,Aves,9083
245403169,1e8ee1eb-3b92-44d3-bac9-c534030c8360,2024/10/02 2:19 PM,2024-10-02,2024-10-02 18:19:00 UTC,Eastern Time (US & Canada),4420804,bill6711,Bill Fintel,2024-10-03 14:29:24 UTC,2024-11-15 22:19:14 UTC,research,CC-BY-NC,https://www.inaturalist.org/observations/245403169,https://inaturalist-open-data.s3.amazonaws.com/photos/437905837/medium.jpeg,,"",This Northern Cardinal is bathing in mist from a mist nozzle.,2,0,false,,Northern Cardinal,Cardinalis cardinalis,Красный кардинал,Aves,9083
245868107,942ff58b-bd74-4681-a915-23ece65791ee,2024/10/04 3:06 PM,2024-10-04,2024-10-04 19:06:00 UTC,Eastern Time (US & Canada),4067014,bilcha,ብልጫ (Bilcha),2024-10-06 02:09:59 UTC,2024-10-29 03:22:58 UTC,research,,https://www.inaturalist.org/observations/245868107,https://static.inaturalist.org/photos/438817749/medium.jpg,,"",This observation is for the predator.,3,0,false,,Northern Cardinal,Cardinalis cardinalis,Красный кардинал,Aves,9083
248525340,407fbae8-8cf6-4421-901c-abaed0044009,2024-10-21 07:46:19-04:00,2024-10-21,2024-10-21 11:46:19 UTC,Eastern Time (US & Canada),8706641,dominicszul,,2024-10-21 23:22:28 UTC,2024-10-25 04:38:39 UTC,research,CC-BY-NC,https://www.inaturalist.org/observations/248525340,https://inaturalist-open-data.s3.amazonaws.com/photos/444079688/medium.jpeg,,"","",1,0,false,3,Northern Cardinal,Cardinalis cardinalis,Красный кардинал,Aves,9083
249631834,14314206-04f9-4290-a004-4c10712d6794,2024-10-29 08:35:37-04:00,2024-10-29,2024-10-29 12:35:37 UTC,Eastern Time (US & Canada),3438765,shavarez,,2024-10-29 14:15:53 UTC,2024-10-30 12:39:29 UTC,research,CC-BY-NC,https://www.inaturalist.org/observations/249631834,https://inaturalist-open-data.s3.amazonaws.com/photos/446279207/medium.jpeg,,"",Eating Aronia berries for breakfast 🥰,1,0,false,3,Northern Cardinal,Cardinalis cardinalis,Красный кардинал,Aves,9083
249962304,6037149a-2750-47a5-8b7d-ae4b8f32dc4f,2024-10-29 18:10:00-04:00,2024-10-29,2024-10-29 22:10:00 UTC,Eastern Time (US & Canada),1811961,jjlisowski,John J Lisowski,2024-11-01 03:18:30 UTC,2024-11-01 09:11:07 UTC,research,CC-BY-NC,https://www.inaturalist.org/observations/249962304,https://inaturalist-open-data.s3.amazonaws.com/photos/446937456/medium.jpeg,,"","",3,0,false,3,Northern Cardinal,Cardinalis cardinalis,Красный кардинал,Aves,9083
250044749,06cdd53e-6780-4344-b326-3fa95b914288,2024/11/01 10:47 AM,2024-11-01,2024-11-01 14:47:00 UTC,Eastern Time (US & Canada),1120787,edhass,Ed Hass,2024-11-01 19:53:54 UTC,2024-11-01 23:21:54 UTC,research,CC-BY-NC,https://www.inaturalist.org/observations/250044749,https://inaturalist-open-data.s3.amazonaws.com/photos/447096001/medium.jpg,,"",Male Northern Cardinal,1,0,false,,Northern Cardinal,Cardinalis cardinalis,Красный кардинал,Aves,9083
250497304,f334e229-aa10-4c55-ab0e-38797943e2a4,2024/11/04 5:05 PM,2024-11-04,2024-11-04 22:05:00 UTC,Eastern Time (US & Canada),4686373,zakqaryroy,Zakqary Roy,2024-11-04 22:53:22 UTC,2024-11-14 14:23:52 UTC,research,CC-BY,https://www.inaturalist.org/observations/250497304,https://inaturalist-open-data.s3.amazonaws.com/photos/448017774/medium.jpeg,,"","",3,0,false,,Northern Cardinal,Cardinalis cardinalis,Красный кардинал,Aves,9083
250905628,f5ebacf4-45c8-4da9-9bdc-0da740a8c815,2024-11-08 08:22:22-05:00,2024-11-08,2024-11-08 13:22:22 UTC,Eastern Time (US & Canada),208120,jef,Jef Taylor,2024-11-08 13:47:06 UTC,2025-04-11 00:21:52 UTC,research,CC-BY-NC,https://www.inaturalist.org/observations/250905628,https://inaturalist-open-data.s3.amazonaws.com/photos/448836070/medium.jpeg,,"","",1,0,false,3,Northern Cardinal,Cardinalis cardinalis,Красный кардинал,Aves,9083
251593689,93d5e5ba-bd8c-4f40-9ab3-4e896ea697d7,2024-11-13 13:18:10-05:00,2024-11-13,2024-11-13 18:18:10 UTC,Eastern Time (US & Canada),7193171,joy4birds,,2024-11-13 21:02:51 UTC,2024-11-20 05:58:28 UTC,research,CC0,https://www.inaturalist.org/observations/251593689,https://inaturalist-open-data.s3.amazonaws.com/photos/450203154/medium.jpeg,,"","",3,0,false,3,Northern Cardinal,Cardinalis cardinalis,Красный кардинал,Aves,9083
251694919,87f8152a-01a4-4035-8321-ad824999a5c9,2024-11-14 14:43:44,2024-11-14,2024-11-14 19:43:44 UTC,Eastern Time (US & Canada),5457696,john3466,John Turner,2024-11-14 19:47:45 UTC,2025-05-20 14:20:11 UTC,research,,https://www.inaturalist.org/observations/251694919,https://static.inaturalist.org/photos/450405542/medium.jpeg,,"",Strange looking cardinal ,7,0,false,2,Northern Cardinal,Cardinalis cardinalis,Красный кардинал,Aves,9083
251800296,7c71673a-c42d-4d0b-adb9-0afe4d03f70e,2024-11-10 14:51:44,2024-11-10,2024-11-10 19:51:44 UTC,Eastern Time (US & Canada),5996492,crazywolf828,"",2024-11-15 19:30:25 UTC,2025-01-18 14:55:23 UTC,research,CC-BY-NC,https://www.inaturalist.org/observations/251800296,https://inaturalist-open-data.s3.amazonaws.com/photos/450618439/medium.jpeg,,"",,3,0,false,2,Northern Cardinal,Cardinalis cardinalis,Красный кардинал,Aves,9083
252187085,5fd7cb77-3907-42bb-89d4-4ffe5a8ab9c6,2024/11/18 2:00 PM,2024-11-18,2024-11-18 19:00:00 UTC,Eastern Time (US & Canada),4671900,shmugrizzle,,2024-11-18 19:29:48 UTC,2024-11-18 20:43:50 UTC,research,CC-BY-NC,https://www.inaturalist.org/observations/252187085,https://inaturalist-open-data.s3.amazonaws.com/photos/451394786/medium.jpeg,,"",,1,0,false,,Northern Cardinal,Cardinalis cardinalis,Красный кардинал,Aves,9083
252421768,4369cb33-e7b6-49f6-8fa2-ca4ebfdbe1f7,2024/11/13 7:27 AM,2024-11-13,2024-11-13 12:27:00 UTC,Eastern Time (US & Canada),3610149,naturejeanne,Sandy Thomas,2024-11-20 20:03:52 UTC,2024-11-21 01:40:31 UTC,research,CC-BY-NC,https://www.inaturalist.org/observations/252421768,https://inaturalist-open-data.s3.amazonaws.com/photos/451863336/medium.jpg,,"",,1,0,false,,Northern Cardinal,Cardinalis cardinalis,Красный кардинал,Aves,9083
252656312,a85b7475-d8d1-4576-aad1-340770d3a87f,2024/11/22 1:20 PM,2024-11-22,2024-11-22 18:20:00 UTC,Eastern Time (US & Canada),4671900,shmugrizzle,,2024-11-22 23:57:55 UTC,2024-11-23 13:28:21 UTC,research,CC-BY-NC,https://www.inaturalist.org/observations/252656312,https://inaturalist-open-data.s3.amazonaws.com/photos/452318530/medium.jpeg,,"","",3,0,false,,Northern Cardinal,Cardinalis cardinalis,Красный кардинал,Aves,9083
252896986,122edf4b-bf7d-42cb-afbc-64aa5102b6d0,2024/11/24 11:42 AM,2024-11-24,2024-11-24 16:42:00 UTC,Eastern Time (US & Canada),6577685,tim_forrester,Tim Forrester,2024-11-24 17:07:43 UTC,2025-02-27 06:14:24 UTC,research,CC-BY-NC,https://www.inaturalist.org/observations/252896986,https://inaturalist-open-data.s3.amazonaws.com/photos/452761796/medium.jpeg,,"","",4,0,false,,Northern Cardinal,Cardinalis cardinalis,Красный кардинал,Aves,9083
253067330,7f6c1523-89a3-47a2-b152-5165c490d4df,2024-11-23 16:25:07,2024-11-23,2024-11-23 21:25:07 UTC,Eastern Time (US & Canada),3377468,froggymum,"",2024-11-25 17:50:12 UTC,2025-12-09 02:42:21 UTC,research,CC-BY,https://www.inaturalist.org/observations/253067330,https://static.inaturalist.org/photos/453064789/medium.jpeg,,"","If looks could kill...! This observation is for the cardinal on the left. In this joint portrait with a chickadee, neither party looks very happy. ",7,0,false,2,Northern Cardinal,Cardinalis cardinalis,Красный кардинал,Aves,9083
253219296,4c8d9afc-9414-4b23-8d9d-9bf771df92bf,2024/11/26 5:14 PM,2024-11-26,2024-11-26 22:14:00 UTC,Eastern Time (US & Canada),6482310,someowletmoth221,Jayden Ward,2024-11-26 22:28:16 UTC,2025-06-29 02:41:16 UTC,research,CC-BY-NC,https://www.inaturalist.org/observations/253219296,https://inaturalist-open-data.s3.amazonaws.com/photos/453353585/medium.jpeg,,"",Leucistic,6,0,false,,Northern Cardinal,Cardinalis cardinalis,Красный кардинал,Aves,9083
253355359,003a24ec-16ba-4cc3-aab4-6c0a39b36f1a,2024/11/27 9:05 PM,2024-11-27,2024-11-28 02:05:00 UTC,Eastern Time (US & Canada),3439621,bozaremba,Bo Zaremba,2024-11-28 02:06:47 UTC,2024-11-29 15:20:03 UTC,research,CC-BY-NC,https://www.inaturalist.org/observations/253355359,https://static.inaturalist.org/photos/453626391/medium.jpeg,,"",,3,0,false,,Northern Cardinal,Cardinalis cardinalis,Красный кардинал,Aves,9083
254048700,d1bcf600-9f27-4a70-af59-2c6295232699,2024-12-03 14:07:00,2024-12-03,2024-12-03 19:07:00 UTC,Eastern Time (US & Canada),3892825,ewiediger,ewiediger,2024-12-03 23:07:18 UTC,2024-12-04 20:45:25 UTC,research,,https://www.inaturalist.org/observations/254048700,https://static.inaturalist.org/photos/454968768/medium.jpeg,,"",,3,0,false,2,Northern Cardinal,Cardinalis cardinalis,Красный кардинал,Aves,9083
254911956,a601f211-a48c-4818-9c92-c2fabc7f6f06,2024/12/12 10:46 AM,2024-12-12,2024-12-12 15:46:00 UTC,Eastern Time (US & Canada),725362,tfrye,Tim Frye,2024-12-12 17:19:48 UTC,2025-11-26 15:12:41 UTC,research,CC-BY-NC,https://www.inaturalist.org/observations/254911956,https://inaturalist-open-data.s3.amazonaws.com/photos/456706095/medium.jpg,,"",Leucistic,5,0,false,,Northern Cardinal,Cardinalis cardinalis,Красный кардинал,Aves,9083
255750519,0f682bd2-9863-43ba-976f-0d3b3749fba4,2024-10-22 17:17:52-05:00,2024-10-22,2024-10-22 22:17:52 UTC,Eastern Time (US & Canada),234878,mattyfelp,Matt Felperin,2024-12-21 08:41:01 UTC,2025-04-06 07:18:22 UTC,research,CC-BY,https://www.inaturalist.org/observations/255750519,https://inaturalist-open-data.s3.amazonaws.com/photos/458394818/medium.jpg,,"","",2,0,false,3,Northern Cardinal,Cardinalis cardinalis,Красный кардинал,Aves,9083
255777111,ba742814-d39b-42df-a765-b78f4395abeb,2024-12-21 10:48:09,2024-12-21,2024-12-21 15:48:09 UTC,Eastern Time (US & Canada),1044969,maria_schmidt,Maria Schmidt,2024-12-21 15:49:52 UTC,2024-12-21 20:19:22 UTC,research,CC-BY-NC,https://www.inaturalist.org/observations/255777111,https://inaturalist-open-data.s3.amazonaws.com/photos/458447937/medium.jpeg,,"",,2,0,false,2,Northern Cardinal,Cardinalis cardinalis,Красный кардинал,Aves,9083
255786331,52041699-fc53-4a43-b4f6-5ebf73847995,2024/12/21 11:11 AM,2024-12-21,2024-12-21 16:11:00 UTC,Eastern Time (US & Canada),18701,apgarm,Mark Apgar,2024-12-21 17:42:45 UTC,2024-12-31 16:00:39 UTC,research,CC-BY-NC,https://www.inaturalist.org/observations/255786331,https://inaturalist-open-data.s3.amazonaws.com/photos/458466669/medium.jpeg,,"",,6,0,false,,Northern Cardinal,Cardinalis cardinalis,Красный кардинал,Aves,9083
255840938,bb33a4f3-a20a-4f75-937a-6db06aa670cd,2024/12/21 12:22 PM,2024-12-21,2024-12-21 17:22:00 UTC,Eastern Time (US & Canada),3184819,stazandgazer,Stella Tea,2024-12-22 05:06:45 UTC,2025-11-23 15:23:40 UTC,research,CC-BY-NC,https://www.inaturalist.org/observations/255840938,https://inaturalist-open-data.s3.amazonaws.com/photos/458576931/medium.jpg,,"",Found by someone else several weeks ago; continuing at this location. It's believed to be a female.,6,0,false,,Northern Cardinal,Cardinalis cardinalis,Красный кардинал,Aves,9083
257157962,7bfbbf26-6a28-4c0b-84af-377e0dc1f5b8,2025/01/02 2:11 PM,2025-01-02,2025-01-02 19:11:00 UTC,Eastern Time (US & Canada),549674,clarkegreen,CAGksq,2025-01-02 20:18:21 UTC,2025-01-02 23:18:40 UTC,research,,https://www.inaturalist.org/observations/257157962,https://static.inaturalist.org/photos/461250874/medium.jpg,,cardinal,,1,0,false,,Northern Cardinal,Cardinalis cardinalis,Красный кардинал,Aves,9083
257632529,1e47fdbb-e932-479c-a188-ebdb6cbb39db,2024/12/27 1:59 PM,2024-12-27,2024-12-27 18:59:00 UTC,Eastern Time (US & Canada),5781621,bev435,,2025-01-06 20:58:26 UTC,2025-01-07 02:06:24 UTC,research,CC-BY-NC,https://www.inaturalist.org/observations/257632529,https://inaturalist-open-data.s3.amazonaws.com/photos/462191062/medium.jpeg,,"",,1,0,false,,Northern Cardinal,Cardinalis cardinalis,Красный кардинал,Aves,9083
258177906,1559a27c-f43a-4d44-8bcf-7d16cd33fbaf,2025-01-05 12:00:00-05:00,2025-01-05,2025-01-05 17:00:00 UTC,Eastern Time (US & Canada),8871950,robertrayer,Robert Rayer,2025-01-11 21:57:28 UTC,2025-01-11 22:07:43 UTC,research,,https://www.inaturalist.org/observations/258177906,https://static.inaturalist.org/photos/463174157/medium.jpg,,"","",1,0,false,3,Northern Cardinal,Cardinalis cardinalis,Красный кардинал,Aves,9083
258430914,56e9b6af-929c-46a2-a6f8-1a01f6f39c25,2025/01/11 9:23 AM,2025-01-11,2025-01-11 14:23:00 UTC,Eastern Time (US & Canada),1732895,bethpolvino,"",2025-01-14 02:58:02 UTC,2025-01-14 09:09:35 UTC,research,CC-BY-NC,https://www.inaturalist.org/observations/258430914,https://inaturalist-open-data.s3.amazonaws.com/photos/463664311/medium.jpeg,,"",,1,0,false,,Northern Cardinal,Cardinalis cardinalis,Красный кардинал,Aves,9083
259173276,65ede5e5-dc7f-4cf2-8d90-95b795542961,2025/01/21 11:15 AM,2025-01-21,2025-01-21 16:15:00 UTC,Eastern Time (US & Canada),2629756,waynesweeds,Wayne Longbottom,2025-01-21 18:01:02 UTC,2025-01-28 14:23:36 UTC,research,CC-BY-NC,https://www.inaturalist.org/observations/259173276,https://inaturalist-open-data.s3.amazonaws.com/photos/465180374/medium.jpeg,,"","",3,0,false,,Northern Cardinal,Cardinalis cardinalis,Красный кардинал,Aves,9083
259173278,d1c5d85c-c817-40b2-b030-82458897dc1e,2025/01/21 12:08 PM,2025-01-21,2025-01-21 17:08:00 UTC,Eastern Time (US & Canada),2629756,waynesweeds,Wayne Longbottom,2025-01-21 18:01:03 UTC,2025-01-28 14:23:35 UTC,research,CC-BY-NC,https://www.inaturalist.org/observations/259173278,https://inaturalist-open-data.s3.amazonaws.com/photos/465180435/medium.jpeg,,"","",3,0,false,,Northern Cardinal,Cardinalis cardinalis,Красный кардинал,Aves,9083
259294401,c5d908a1-6688-4023-99f2-7602d3e95ef6,2025/01/22 1:30 PM,2025-01-22,2025-01-22 18:30:00 UTC,Eastern Time (US & Canada),3622840,pachogut,Pacho Gutierrez,2025-01-23 01:32:42 UTC,2025-01-29 06:29:03 UTC,research,CC-BY-NC,https://www.inaturalist.org/observations/259294401,https://inaturalist-open-data.s3.amazonaws.com/photos/465424611/medium.jpg,,"",,1,0,false,,Northern Cardinal,Cardinalis cardinalis,Красный кардинал,Aves,9083
259689434,9c22e6df-afe1-4c4c-b787-8c881aeb16fa,2025-01-26 14:31:43-05:00,2025-01-26,2025-01-26 19:31:43 UTC,Eastern Time (US & Canada),7193171,joy4birds,,2025-01-26 21:08:26 UTC,2025-02-06 07:40:36 UTC,research,CC0,https://www.inaturalist.org/observations/259689434,https://inaturalist-open-data.s3.amazonaws.com/photos/466221322/medium.jpg,,"","",2,0,false,3,Northern Cardinal,Cardinalis cardinalis,Красный кардинал,Aves,9083
260339397,c85be3ce-b4f2-4954-8e6b-12c46dc0c5ae,2025-02-01 11:39:27-05:00,2025-02-01,2025-02-01 16:39:27 UTC,Eastern Time (US & Canada),2206444,mmccarthy15,mmccarthy24,2025-02-02 03:53:27 UTC,2025-02-06 10:00:36 UTC,research,CC-BY-NC,https://www.inaturalist.org/observations/260339397,https://inaturalist-open-data.s3.amazonaws.com/photos/467511761/medium.jpg,,"","",1,0,false,3,Northern Cardinal,Cardinalis cardinalis,Красный кардинал,Aves,9083
260399181,c94a372e-7c27-4664-9f6b-ff304efcd498,2025-02-02 09:48:09-05:00,2025-02-02,2025-02-02 14:48:09 UTC,Eastern Time (US & Canada),2004570,eikenella,Sheila S,2025-02-02 17:00:42 UTC,2025-04-14 04:18:59 UTC,research,CC-BY,https://www.inaturalist.org/observations/260399181,https://inaturalist-open-data.s3.amazonaws.com/photos/467629545/medium.jpg,,"","",1,0,false,3,Northern Cardinal,Cardinalis cardinalis,Красный кардинал,Aves,9083
260420878,b6cf8121-585b-4b31-a3af-b2c51edcff8e,2025/02/02 10:58 AM,2025-02-02,2025-02-02 15:58:00 UTC,Eastern Time (US & Canada),18701,apgarm,Mark Apgar,2025-02-02 20:20:26 UTC,2025-02-11 06:50:19 UTC,research,CC-BY-NC,https://www.inaturalist.org/observations/260420878,https://inaturalist-open-data.s3.amazonaws.com/photos/467671708/medium.jpeg,,"",,3,0,false,,Northern Cardinal,Cardinalis cardinalis,Красный кардинал,Aves,9083
261377007,20be2f41-74bf-421a-96f5-2b2af49786a0,2025/02/11 3:07 PM,2025-02-11,2025-02-11 20:07:00 UTC,Eastern Time (US & Canada),3447449,cmciv,"",2025-02-11 20:10:41 UTC,2025-02-12 06:10:20 UTC,research,CC-BY-NC,https://www.inaturalist.org/observations/261377007,https://inaturalist-open-data.s3.amazonaws.com/photos/469564148/medium.jpeg,,"","Canon PowerShot SX620 HS (4.5mm-112.5mm f/3.2-6.6 lens, 20.2MP).",1,0,false,,Northern Cardinal,Cardinalis cardinalis,Красный кардинал,Aves,9083
261864778,c0e5a9a5-a54f-43c7-bb19-449d05b4fa08,2025/01/15 10:31 AM,2025-01-15,2025-01-15 15:31:00 UTC,Eastern Time (US & Canada),298979,akilee,Claire O'Neill,2025-02-16 17:22:39 UTC,2025-04-16 01:01:31 UTC,research,CC-BY-NC,https://www.inaturalist.org/observations/261864778,https://inaturalist-open-data.s3.amazonaws.com/photos/470542517/medium.jpeg,,"",,1,0,false,,Northern Cardinal,Cardinalis cardinalis,Красный кардинал,Aves,9083
261888368,c830a3bb-b8b6-4fba-984c-94c10f2771b1,2025/02/15 3:28 PM,2025-02-15,2025-02-15 20:28:00 UTC,Eastern Time (US & Canada),8663616,donna_wadsley,Donna Wadsley,2025-02-16 20:56:50 UTC,2025-02-17 14:56:34 UTC,research,CC-BY-NC,https://www.inaturalist.org/observations/261888368,https://inaturalist-open-data.s3.amazonaws.com/photos/470591324/medium.jpg,,"",,2,0,false,,Northern Cardinal,Cardinalis cardinalis,Красный кардинал,Aves,9083
262533681,e8fd0871-5f21-4f15-be26-4cc2a74b069c,2019/11/16 9:12 AM,2019-11-16,2019-11-16 14:12:00 UTC,Eastern Time (US & Canada),8116748,spharvell,,2025-02-21 13:40:18 UTC,2025-02-21 17:35:56 UTC,research,CC-BY-NC,https://www.inaturalist.org/observations/262533681,https://inaturalist-open-data.s3.amazonaws.com/photos/471567039/medium.jpg,,"",,2,0,false,,Northern Cardinal,Cardinalis cardinalis,Красный кардинал,Aves,9083
263433969,47eb9d11-da11-4939-9818-15d550a727a2,2025/02/28 5:00 PM,2025-02-28,2025-02-28 22:00:00 UTC,Eastern Time (US & Canada),7122536,cantfindphoebe,Allie K.,2025-03-01 00:09:06 UTC,2025-08-24 19:00:39 UTC,research,CC-BY-NC-ND,https://www.inaturalist.org/observations/263433969,https://inaturalist-open-data.s3.amazonaws.com/photos/473250949/medium.jpg,,"songbird, Hall's Pond",,1,0,false,,Northern Cardinal,Cardinalis cardinalis,Красный кардинал,Aves,9083
263816226,28b3f98c-c95c-4d93-8f8b-baf309b08cd1,2025-03-03 19:12:55-05:00,2025-03-03,2025-03-04 00:12:55 UTC,Eastern Time (US & Canada),8993150,kgjohnson,,2025-03-04 00:16:11 UTC,2025-03-04 01:23:30 UTC,research,CC-BY-NC,https://www.inaturalist.org/observations/263816226,https://inaturalist-open-data.s3.amazonaws.com/photos/474005914/medium.jpg,,"",I think it must be a Northern Cardinal with a genetic condition.,1,0,false,3,Northern Cardinal,Cardinalis cardinalis,Красный кардинал,Aves,9083
265099432,39cbc854-36f9-49bf-b0ac-7778309534a6,2025-03-12 16:25:07,2025-03-12,2025-03-12 20:25:07 UTC,Eastern Time (US & Canada),6116633,sameer27,Sameer Gauria,2025-03-12 22:09:17 UTC,2025-04-12 09:03:28 UTC,research,CC-BY,https://www.inaturalist.org/observations/265099432,https://inaturalist-open-data.s3.amazonaws.com/photos/476114667/medium.jpeg,,"",,1,0,false,2,Northern Cardinal,Cardinalis cardinalis,Красный кардинал,Aves,9083
265238917,44c1771b-5865-41b1-96e6-4488caeac951,2025/03/13 10:18 AM,2025-03-13,2025-03-13 14:18:00 UTC,Eastern Time (US & Canada),2583465,dtread1,Dan Treadwell,2025-03-14 02:48:12 UTC,2025-03-14 12:00:05 UTC,research,CC-BY-NC,https://www.inaturalist.org/observations/265238917,https://inaturalist-open-data.s3.amazonaws.com/photos/476392051/medium.jpeg,,"",Male & Female,1,0,false,,Northern Cardinal,Cardinalis cardinalis,Красный кардинал,Aves,9083
265626367,4ffb3ffe-0151-437f-853a-722be5d32fe2,2025/03/02 12:24 PM,2025-03-02,2025-03-02 17:24:00 UTC,Eastern Time (US & Canada),1678248,geisha666,Kristina Englert,2025-03-16 23:37:22 UTC,2025-03-17 14:29:08 UTC,research,,https://www.inaturalist.org/observations/265626367,https://static.inaturalist.org/photos/477150107/medium.jpeg,,"","",1,0,false,,Northern Cardinal,Cardinalis cardinalis,Красный кардинал,Aves,9083
266762248,35dab1d4-3e77-4672-b277-9e5907f933e8,2025/03/24 9:08 AM,2025-03-24,2025-03-24 13:08:00 UTC,Eastern Time (US & Canada),1767753,peliken,Ken Clark,2025-03-24 15:29:54 UTC,2025-06-29 02:40:16 UTC,research,CC-BY,https://www.inaturalist.org/observations/266762248,https://inaturalist-open-data.s3.amazonaws.com/photos/479311403/medium.jpeg,,"",leucistic,5,0,false,,Northern Cardinal,Cardinalis cardinalis,Красный кардинал,Aves,9083
267444993,8a97906f-1cd6-4f94-ab37-f88579cb2805,2025/03/28 11:25 AM,2025-03-28,2025-03-28 15:25:00 UTC,Eastern Time (US & Canada),7861695,pixbob,,2025-03-29 02:24:26 UTC,2025-07-27 10:48:14 UTC,research,CC-BY-NC,https://www.inaturalist.org/observations/267444993,https://inaturalist-open-data.s3.amazonaws.com/photos/480622156/medium.jpeg,,"",,1,0,false,,Northern Cardinal,Cardinalis cardinalis,Красный кардинал,Aves,9083
267445011,bd2b95fa-545c-4e08-acd1-1ef2470babf3,2025/03/28 1:02 PM,2025-03-28,2025-03-28 17:02:00 UTC,Eastern Time (US & Canada),7861695,pixbob,,2025-03-29 02:24:30 UTC,2025-07-27 10:48:06 UTC,research,CC-BY-NC,https://www.inaturalist.org/observations/267445011,https://inaturalist-open-data.s3.amazonaws.com/photos/480622210/medium.jpeg,,"",,1,0,false,,Northern Cardinal,Cardinalis cardinalis,Красный кардинал,Aves,9083
268053640,4967b5d4-f0ae-49b2-b267-993b9e340a34,2025-04-01 07:45:56,2025-04-01,2025-04-01 11:45:56 UTC,Eastern Time (US & Canada),3676294,kathleen_chadwick,Kathleen Chadwick,2025-04-01 12:07:52 UTC,2025-04-01 12:53:20 UTC,research,,https://www.inaturalist.org/observations/268053640,https://static.inaturalist.org/photos/481784812/medium.jpeg,,"","Leucistic female. I know it isn't the greatest photo, but that's what she is.",2,0,false,2,Northern Cardinal,Cardinalis cardinalis,Красный кардинал,Aves,9083
270219416,31352f84-f66f-4cf6-886e-c5a9b09d91e7,2025-04-12 10:37:41-04:00,2025-04-12,2025-04-12 14:37:41 UTC,Eastern Time (US & Canada),5632778,wakk4457,,2025-04-13 16:19:28 UTC,2025-05-05 09:42:04 UTC,research,CC-BY-NC,https://www.inaturalist.org/observations/270219416,https://inaturalist-open-data.s3.amazonaws.com/photos/485939149/medium.jpg,,"","",4,0,false,3,Northern Cardinal,Cardinalis cardinalis,Красный кардинал,Aves,9083
271020955,76febf4c-67ed-4c6c-a1a9-5270357fb7a3,2025-04-17 07:45:01,2025-04-17,2025-04-17 11:45:01 UTC,Eastern Time (US & Canada),792319,djringer,David Jeffrey Ringer,2025-04-17 15:08:03 UTC,2025-04-17 16:19:06 UTC,research,CC-BY-NC,https://www.inaturalist.org/observations/271020955,https://inaturalist-open-data.s3.amazonaws.com/photos/487469431/medium.jpg,,"",Very upset with his reflection in the rearview mirror of a parked maintenance cart.,1,0,false,843,Northern Cardinal,Cardinalis cardinalis,Красный кардинал,Aves,9083
273187109,86f5a87a-498a-4df9-a9fc-d9b28796ecd7,2025/04/25 10:01 AM,2025-04-25,2025-04-25 14:01:00 UTC,Eastern Time (US & Canada),1336025,djweyer,"",2025-04-25 16:09:56 UTC,2025-04-25 16:14:03 UTC,research,CC-BY-NC,https://www.inaturalist.org/observations/273187109,https://inaturalist-open-data.s3.amazonaws.com/photos/491390221/medium.jpg,,"",,2,0,false,,Northern Cardinal,Cardinalis cardinalis,Красный кардинал,Aves,9083
278165812,832af480-75b8-4bab-aac1-af6a87c69ffc,2025-04-25 06:09:52-04:00,2025-04-25,2025-04-25 10:09:52 UTC,Eastern Time (US & Canada),2871028,beckett20,,2025-05-03 20:20:58 UTC,2025-05-09 05:17:51 UTC,research,CC-BY-NC,https://www.inaturalist.org/observations/278165812,https://inaturalist-open-data.s3.amazonaws.com/photos/499463398/medium.jpg,,"","",4,0,false,3,Northern Cardinal,Cardinalis cardinalis,Красный кардинал,Aves,9083
278636446,10cd011f-8d75-44f7-8f8b-2f45377f077f,2025/04/28 6:52 PM,2025-04-28,2025-04-28 22:52:00 UTC,Eastern Time (US & Canada),17390,klodonnell,Kelly L. O'Donnell,2025-05-05 03:06:18 UTC,2025-12-12 23:26:50 UTC,research,CC-BY-NC,https://www.inaturalist.org/observations/278636446,https://inaturalist-open-data.s3.amazonaws.com/photos/500286677/medium.jpeg,,"",,4,0,false,,Northern Cardinal,Cardinalis cardinalis,Красный кардинал,Aves,9083
279321259,e6a9934a-91ca-410e-a00e-711042c365b5,2025/05/07 11:30 AM,2025-05-07,2025-05-07 15:30:00 UTC,Eastern Time (US & Canada),10787,maractwin,Mark Rosenstein,2025-05-07 21:19:49 UTC,2025-05-21 18:15:31 UTC,research,CC-BY,https://www.inaturalist.org/observations/279321259,https://inaturalist-open-data.s3.amazonaws.com/photos/501571638/medium.jpg,,"Cardinalis cardinalis, birds, cambridge, mount auburn cemetery, northern cardinal",,3,0,false,,Northern Cardinal,Cardinalis cardinalis,Красный кардинал,Aves,9083
279586654,55a0b0bd-629a-4413-b28e-2af19aafd600,2025/05/01 8:30 AM,2025-05-01,2025-05-01 12:30:00 UTC,Eastern Time (US & Canada),988023,betytrc,Bety Pérez Alemán,2025-05-08 23:53:24 UTC,2025-05-13 15:15:38 UTC,research,CC-BY-NC,https://www.inaturalist.org/observations/279586654,https://inaturalist-open-data.s3.amazonaws.com/photos/502072087/medium.jpeg,,"","",4,0,false,,Cardenal rojo,Cardinalis cardinalis,Красный кардинал,Aves,9083
279812081,871e5d41-024a-45ed-a641-b845c6344621,2025/03/01 7:30 AM,2025-03-01,2025-03-01 12:30:00 UTC,Eastern Time (US & Canada),2883748,garycote,Gary Cote,2025-05-09 22:45:01 UTC,2025-11-02 06:07:10 UTC,research,CC-BY-NC,https://www.inaturalist.org/observations/279812081,https://inaturalist-open-data.s3.amazonaws.com/photos/502496434/medium.jpg,,"","Captured with trail camera.  Seems to be having a nice chat with a gray squirrel, Sciurus carolinensis.",1,0,false,,Northern Cardinal,Cardinalis cardinalis,Красный кардинал,Aves,9083
281736098,72746ea6-792e-4839-8ae3-dc0d0bb14640,2024/12/06 3:39 PM,2024-12-06,2024-12-06 20:39:00 UTC,Eastern Time (US & Canada),8804064,chris61697,Chris B,2025-05-17 12:16:28 UTC,2025-05-17 12:29:47 UTC,research,CC-BY-NC,https://www.inaturalist.org/observations/281736098,https://static.inaturalist.org/photos/506127751/medium.jpg,,"",,2,0,false,,Northern Cardinal,Cardinalis cardinalis,Красный кардинал,Aves,9083
282612937,2b0f3444-4d99-4862-a547-309a9a6dbda5,2025-05-20 07:58:53,2025-05-20,2025-05-20 11:58:53 UTC,Eastern Time (US & Canada),981042,swampchicken,Murray Fisher,2025-05-20 12:23:03 UTC,2025-06-17 13:26:17 UTC,research,,https://www.inaturalist.org/observations/282612937,https://static.inaturalist.org/photos/507761668/medium.jpg,,"",,2,0,false,843,Northern Cardinal,Cardinalis cardinalis,Красный кардинал,Aves,9083
282812373,d1bea905-0fe3-4408-b1a8-a1d58e542460,2024-07-11 12:55:47,2024-07-11,2024-07-11 16:55:47 UTC,Eastern Time (US & Canada),9334867,honeycombprince,Elijah Jaeger,2025-05-21 04:45:15 UTC,2025-05-22 20:00:23 UTC,research,CC-BY-NC,https://www.inaturalist.org/observations/282812373,https://inaturalist-open-data.s3.amazonaws.com/photos/508137140/medium.jpg,,"","Juvenile 
Seemed to not have tail feathers",2,0,false,2,Northern Cardinal,Cardinalis cardinalis,Красный кардинал,Aves,9083
283956403,6d9e3595-5e4c-4403-90b8-a3856ac8709d,2021-12-03 10:41:00-05:00,2021-12-03,2021-12-03 15:41:00 UTC,Eastern Time (US & Canada),2276679,abstruse,"",2025-05-25 14:44:15 UTC,2025-05-25 14:48:54 UTC,research,,https://www.inaturalist.org/observations/283956403,https://static.inaturalist.org/photos/510270748/medium.jpg,,"","",3,0,false,3,Northern Cardinal,Cardinalis cardinalis,Красный кардинал,Aves,9083
284438971,665b311f-a358-4683-a610-a4fea17348f1,2025/05/26 6:14 PM,2025-05-26,2025-05-26 22:14:00 UTC,Eastern Time (US & Canada),4671900,shmugrizzle,,2025-05-27 01:36:17 UTC,2025-05-28 01:04:57 UTC,research,CC-BY-NC,https://www.inaturalist.org/observations/284438971,https://inaturalist-open-data.s3.amazonaws.com/photos/511183168/medium.jpg,,"","",1,0,false,,Northern Cardinal,Cardinalis cardinalis,Красный кардинал,Aves,9083
289683148,fcdabf1b-b06c-42b7-985f-ade9ae46e1c1,2025-06-12 14:42:59,2025-06-12,2025-06-12 18:42:59 UTC,Eastern Time (US & Canada),9436459,lorenzo93372,Lorenzo Ena,2025-06-15 00:14:41 UTC,2025-08-10 12:51:22 UTC,research,CC-BY-NC,https://www.inaturalist.org/observations/289683148,https://static.inaturalist.org/photos/521046263/medium.jpg,,"",,2,0,false,2,cardinale rosso,Cardinalis cardinalis,Красный кардинал,Aves,9083
289772063,b5481b37-ad79-499b-979d-887950e2aa93,2025/06/14 7:48 AM,2025-06-14,2025-06-14 11:48:00 UTC,Eastern Time (US & Canada),1337900,rosalie-rick,rosalie-rick,2025-06-15 09:38:24 UTC,2025-10-31 16:42:24 UTC,research,,https://www.inaturalist.org/observations/289772063,https://static.inaturalist.org/photos/521218552/medium.jpg,,"",,4,0,false,,Northern Cardinal,Cardinalis cardinalis,Красный кардинал,Aves,9083
290729521,9c08807b-a1bc-4f80-995a-021ffa688dc9,2025-05-18,2025-05-18,,Eastern Time (US & Canada),9423863,meowtalhead,,2025-06-18 18:21:16 UTC,2025-06-19 00:38:08 UTC,research,CC-BY-NC,https://www.inaturalist.org/observations/290729521,https://inaturalist-open-data.s3.amazonaws.com/photos/523026105/medium.jpg,,"",Male cardinal feeding female cardinal at the feeder. There's also a goldfinch,3,0,false,2,Northern Cardinal,Cardinalis cardinalis,Красный кардинал,Aves,9083
291770156,fa49afee-2383-4303-a332-1a35f4401902,2025/06/21 7:29 AM,2025-06-21,2025-06-21 11:29:00 UTC,Eastern Time (US & Canada),1145740,scottjstoner,,2025-06-22 13:22:43 UTC,2025-08-17 20:35:57 UTC,research,CC-BY-NC,https://www.inaturalist.org/observations/291770156,https://inaturalist-open-data.s3.amazonaws.com/photos/524985912/medium.jpg,,"",male Northern Cardinal feeding a young Brown-headed Cowbird at our feeders,3,0,false,,Northern Cardinal,Cardinalis cardinalis,Красный кардинал,Aves,9083
292826109,b727c03b-5312-4f65-94cf-b7312d8213cc,2006/03/04 6:19 AM,2006-03-04,2006-03-04 11:19:00 UTC,Eastern Time (US & Canada),217,dimus,Dmitry Mozzherin,2025-06-26 09:07:08 UTC,2025-09-03 21:28:12 UTC,research,CC0,https://www.inaturalist.org/observations/292826109,https://inaturalist-open-data.s3.amazonaws.com/photos/527002327/medium.jpg,,"Aves, Cardinalidae, Cardinalis, Cardinalis cardinalis, Chordata, Northern Cardinal, Passeriformes, classification, eng, rus, sci_name, vern, Красный Кардинал","",3,0,false,,Eastern Towhee,Pipilo erythrophthalmus,Красноглазый тауи,Aves,9424
294226156,323b09ff-6495-479d-893e-d7371d42ae4f,2025/05/18 1:17 PM,2025-05-18,2025-05-18 17:17:00 UTC,Eastern Time (US & Canada),521996,brennafarrell,Brenna Farrell,2025-07-01 03:08:44 UTC,2025-07-06 16:39:00 UTC,research,CC-BY-NC,https://www.inaturalist.org/observations/294226156,https://static.inaturalist.org/photos/529576870/medium.jpg,,"",,1,0,false,,Northern Cardinal,Cardinalis cardinalis,Красный кардинал,Aves,9083
296831826,2de03870-6b29-4730-aae2-72f92807252b,2025-07-10 15:04:01-04:00,2025-07-10,2025-07-10 19:04:01 UTC,Eastern Time (US & Canada),1418270,claireayer,,2025-07-10 19:07:04 UTC,2025-07-11 03:35:24 UTC,research,CC-BY-NC,https://www.inaturalist.org/observations/296831826,https://inaturalist-open-data.s3.amazonaws.com/photos/534520734/medium.jpg,,"","",3,0,false,3,Northern Cardinal,Cardinalis cardinalis,Красный кардинал,Aves,9083
297084808,39774e8a-a1f0-4e72-b1e6-870525a96f7b,2025-07-11,2025-07-11,,Eastern Time (US & Canada),8666170,dinomariobob,,2025-07-11 18:47:10 UTC,2025-11-27 02:58:11 UTC,research,CC0,https://www.inaturalist.org/observations/297084808,https://inaturalist-open-data.s3.amazonaws.com/photos/568755492/medium.jpg,,"","The northern cardinal (Cardinalis cardinalis), also commonly known as the common cardinal, red cardinal, or simply cardinal, is a bird in the genus Cardinalis. It can be found in southeastern Canada, through the eastern United States from Maine to Minnesota to Texas, New Mexico, southern Arizona, southern California and south through Mexico, Belize, and Guatemala. It is also an introduced species in a few locations such as Bermuda and all major islands of Hawaii since its introduction in 1929. Its habitat includes woodlands, gardens, shrublands, and wetlands. It is the state bird of Illinois, Indiana, Kentucky, North Carolina, Ohio, Virginia, and West Virginia.",1,0,false,843,Northern Cardinal,Cardinalis cardinalis,Красный кардинал,Aves,9083
299922432,2e125b01-2a60-450b-8a48-05512f7a8094,2025/05/16 6:04 PM,2025-05-16,2025-05-16 22:04:00 UTC,Eastern Time (US & Canada),1891727,donalddavesne,Donald Davesne,2025-07-21 19:22:42 UTC,2025-09-07 23:37:59 UTC,research,CC-BY,https://www.inaturalist.org/observations/299922432,https://inaturalist-open-data.s3.amazonaws.com/photos/540353584/medium.jpg,,"",,1,0,false,,Northern Cardinal,Cardinalis cardinalis,Красный кардинал,Aves,9083
300186534,3aed71b0-e140-4b3f-89d5-fdd51bcf3d15,2025/07/12 3:36 AM,2025-07-12,2025-07-12 07:36:00 UTC,Eastern Time (US & Canada),2608351,elprofer,,2025-07-22 18:03:29 UTC,2025-07-22 18:04:39 UTC,research,CC-BY-NC,https://www.inaturalist.org/observations/300186534,https://inaturalist-open-data.s3.amazonaws.com/photos/540849075/medium.jpg,,"","",1,0,false,,Northern Cardinal,Cardinalis cardinalis,Красный кардинал,Aves,9083
301040447,50b235e9-5fcc-4034-8775-73e6c5400110,2025/07/16 6:23 PM,2025-07-16,2025-07-16 22:23:00 UTC,Eastern Time (US & Canada),521996,brennafarrell,Brenna Farrell,2025-07-25 21:22:36 UTC,2025-10-16 14:36:43 UTC,research,CC-BY-NC,https://www.inaturalist.org/observations/301040447,https://static.inaturalist.org/photos/542449111/medium.jpg,,"",,2,0,false,,Northern Cardinal,Cardinalis cardinalis,Красный кардинал,Aves,9083
302077555,08577c04-c89e-4b61-bfac-0aadaf0f91d6,2025-07-19 13:12:21-04:00,2025-07-19,2025-07-19 17:12:21 UTC,Eastern Time (US & Canada),2524167,kaiju_dino10,Kaiju,2025-07-29 13:00:13 UTC,2025-10-23 23:31:39 UTC,research,CC-BY-NC,https://www.inaturalist.org/observations/302077555,https://inaturalist-open-data.s3.amazonaws.com/photos/544387519/medium.jpg,,"","",2,0,false,3,Northern Cardinal,Cardinalis cardinalis,Красный кардинал,Aves,9083
304800613,749a3057-b0d8-4883-b033-5173dc98502b,2025/08/08 10:25 AM,2025-08-08,2025-08-08 14:25:00 UTC,Eastern Time (US & Canada),1120787,edhass,Ed Hass,2025-08-08 20:19:03 UTC,2025-08-08 20:31:03 UTC,research,CC-BY-NC,https://www.inaturalist.org/observations/304800613,https://inaturalist-open-data.s3.amazonaws.com/photos/549499778/medium.jpg,,"",Male Northern Cardinal,2,0,false,,Northern Cardinal,Cardinalis cardinalis,Красный кардинал,Aves,9083
306299476,cfb0d4be-42ea-478d-a0ec-bdf2b9f11116,2002-09-17,2002-09-17,,Eastern Time (US & Canada),5781621,bev435,,2025-08-14 17:49:11 UTC,2025-08-14 17:55:44 UTC,research,CC-BY-NC,https://www.inaturalist.org/observations/306299476,https://inaturalist-open-data.s3.amazonaws.com/photos/552355154/medium.jpg,,"","",1,0,false,,Northern Cardinal,Cardinalis cardinalis,Красный кардинал,Aves,9083
306719668,e1ce955f-1c26-45f4-8d40-8e335e27a74e,2025-08-16 09:04:12,2025-08-16,2025-08-16 13:04:12 UTC,Eastern Time (US & Canada),6232955,dannyiguess,,2025-08-16 13:05:25 UTC,2025-10-20 02:41:58 UTC,research,CC-BY-NC,https://www.inaturalist.org/observations/306719668,https://inaturalist-open-data.s3.amazonaws.com/photos/553155481/medium.jpg,,"",,3,0,false,2,Northern Cardinal,Cardinalis cardinalis,Красный кардинал,Aves,9083
308119162,7e27c5c4-7a22-4d74-a912-161712c7f72f,2025/08/19 10:14 AM,2025-08-19,2025-08-19 14:14:00 UTC,Eastern Time (US & Canada),192858,krosenthal,Ken Rosenthal,2025-08-22 04:08:55 UTC,2025-08-22 04:09:40 UTC,research,CC-BY-NC,https://www.inaturalist.org/observations/308119162,https://inaturalist-open-data.s3.amazonaws.com/photos/555855273/medium.jpg,,"",,1,0,false,,Northern Cardinal,Cardinalis cardinalis,Красный кардинал,Aves,9083
311069278,7f251e7c-6272-4fe4-b3b1-f355e3f98ff0,2025/08/31 9:53 AM,2025-08-31,2025-08-31 13:53:00 UTC,Eastern Time (US & Canada),2140856,silkunderground,Samantha,2025-09-02 17:40:31 UTC,2025-09-04 17:18:53 UTC,research,CC-BY-NC,https://www.inaturalist.org/observations/311069278,https://inaturalist-open-data.s3.amazonaws.com/photos/561484796/medium.jpg,,"",,2,0,false,,Northern Cardinal,Cardinalis cardinalis,Красный кардинал,Aves,9083
314993894,eda131fb-dab4-46f2-a9a4-ee02813240d9,2025-09-18 11:21:45-04:00,2025-09-18,2025-09-18 15:21:45 UTC,Eastern Time (US & Canada),900026,nycnatureobserver,Kevin Sisco,2025-09-19 12:23:55 UTC,2025-09-29 16:15:39 UTC,research,,https://www.inaturalist.org/observations/314993894,https://static.inaturalist.org/photos/568986337/medium.jpg,,"","",6,0,false,3,Northern Cardinal,Cardinalis cardinalis,Красный кардинал,Aves,9083
315133123,97de1158-8849-4bb3-ac03-6156505c2fa2,2025/09/19 8:45 AM,2025-09-19,2025-09-19 12:45:00 UTC,Eastern Time (US & Canada),3420860,foxsu,,2025-09-20 00:48:11 UTC,2025-09-20 01:29:40 UTC,research,CC-BY-NC,https://www.inaturalist.org/observations/315133123,https://inaturalist-open-data.s3.amazonaws.com/photos/569255978/medium.jpg,,"","",2,0,false,,Northern Cardinal,Cardinalis cardinalis,Красный кардинал,Aves,9083
315133127,60f8ae42-cc37-488b-acbd-226bb4c92287,2025/09/19 8:48 AM,2025-09-19,2025-09-19 12:48:00 UTC,Eastern Time (US & Canada),3420860,foxsu,,2025-09-20 00:48:11 UTC,2025-09-20 01:29:37 UTC,research,CC-BY-NC,https://www.inaturalist.org/observations/315133127,https://inaturalist-open-data.s3.amazonaws.com/photos/569256014/medium.jpg,,"",,2,0,false,,Northern Cardinal,Cardinalis cardinalis,Красный кардинал,Aves,9083
315542889,febfa821-06c7-444b-8cd8-bfaa6e9db6ab,2025-09-16 15:40:06,2025-09-16,2025-09-16 19:40:06 UTC,Eastern Time (US & Canada),476698,garden_chaos,Kirstin,2025-09-21 15:31:30 UTC,2025-12-13 21:14:55 UTC,research,CC-BY-NC,https://www.inaturalist.org/observations/315542889,https://inaturalist-open-data.s3.amazonaws.com/photos/570029095/medium.jpg,,"",This is Cranberry. He's having a bad hair day.,3,0,false,2,Northern Cardinal,Cardinalis cardinalis,Красный кардинал,Aves,9083
316010037,94e19a69-a5cc-4d1a-b239-ae7ea718dfbe,2020-05-07 11:47:44,2020-05-07,2020-05-07 15:47:44 UTC,Eastern Time (US & Canada),9787244,ivy_fox,Ivy Fox Illustration,2025-09-23 09:34:48 UTC,2025-09-23 10:14:48 UTC,research,CC-BY-NC,https://www.inaturalist.org/observations/316010037,https://inaturalist-open-data.s3.amazonaws.com/photos/570922117/medium.jpg,,"",,2,0,false,843,Northern Cardinal,Cardinalis cardinalis,Красный кардинал,Aves,9083
318777610,591067e7-4ba3-4969-bff4-9e6f809f3e41,2025/10/04 4:11 PM,2025-10-04,2025-10-04 20:11:00 UTC,Eastern Time (US & Canada),9398115,igoddard,Ian Goddard,2025-10-05 01:49:53 UTC,2025-10-28 04:23:07 UTC,research,CC-BY-NC,https://www.inaturalist.org/observations/318777610,https://inaturalist-open-data.s3.amazonaws.com/photos/576168532/medium.jpg,,"","",4,0,false,,Northern Cardinal,Cardinalis cardinalis,Красный кардинал,Aves,9083
322300846,3e118ec8-9911-40c2-a8f4-6a80672ca982,2025/10/21 1:11 PM,2025-10-21,2025-10-21 17:11:00 UTC,Eastern Time (US & Canada),1336025,djweyer,"",2025-10-21 21:19:56 UTC,2025-10-21 21:47:10 UTC,research,CC-BY-NC,https://www.inaturalist.org/observations/322300846,https://inaturalist-open-data.s3.amazonaws.com/photos/583013846/medium.jpg,,"",,1,0,false,,Northern Cardinal,Cardinalis cardinalis,Красный кардинал,Aves,9083
323086895,17fa2e9d-d680-4388-b823-81a9abf259df,2025/10/25 1:48 PM,2025-10-25,2025-10-25 17:48:00 UTC,Eastern Time (US & Canada),6918423,mangoat1,"",2025-10-25 23:59:48 UTC,2025-10-29 03:53:40 UTC,research,CC-BY-NC,https://www.inaturalist.org/observations/323086895,https://inaturalist-open-data.s3.amazonaws.com/photos/584574266/medium.jpg,,"",,1,0,false,,Northern Cardinal,Cardinalis cardinalis,Красный кардинал,Aves,9083
326183358,618928c9-b8cd-4a72-b51e-54157bd3bcd0,2025/11/12 6:32 AM,2025-11-12,2025-11-12 11:32:00 UTC,Eastern Time (US & Canada),1027287,tinawiley,tinawiley,2025-11-12 14:22:00 UTC,2025-11-16 21:09:46 UTC,research,CC-BY-NC,https://www.inaturalist.org/observations/326183358,https://inaturalist-open-data.s3.amazonaws.com/photos/590713660/medium.jpg,,"",,2,0,false,,Northern Cardinal,Cardinalis cardinalis,Красный кардинал,Aves,9083
327305866,fff767f0-de92-4c48-9aeb-a4f4e24e9494,2025-11-19 14:20:36-05:00,2025-11-19,2025-11-19 19:20:36 UTC,Eastern Time (US & Canada),7193171,joy4birds,,2025-11-19 22:19:34 UTC,2025-11-28 19:37:32 UTC,research,CC0,https://www.inaturalist.org/observations/327305866,https://inaturalist-open-data.s3.amazonaws.com/photos/592947931/medium.jpg,,"","",1,0,false,3,Northern Cardinal,Cardinalis cardinalis,Красный кардинал,Aves,9083
327305890,8c8a3a9f-cf75-4c6b-aca6-83c3dc830390,2025-11-19 14:20:24-05:00,2025-11-19,2025-11-19 19:20:24 UTC,Eastern Time (US & Canada),7193171,joy4birds,,2025-11-19 22:19:49 UTC,2025-11-28 19:37:26 UTC,research,CC0,https://www.inaturalist.org/observations/327305890,https://inaturalist-open-data.s3.amazonaws.com/photos/592947982/medium.jpg,,"","",1,0,false,3,Northern Cardinal,Cardinalis cardinalis,Красный кардинал,Aves,9083
327769502,0188da9c-c0ca-48f7-957b-226bca2a76a7,2025/11/22 4:54 PM,2025-11-22,2025-11-22 21:54:00 UTC,Eastern Time (US & Canada),743763,birdplay,,2025-11-23 01:21:20 UTC,2025-12-02 18:05:43 UTC,research,,https://www.inaturalist.org/observations/327769502,https://static.inaturalist.org/photos/593850203/medium.jpg,,"",leucistic female,3,0,false,,Northern Cardinal,Cardinalis cardinalis,Красный кардинал,Aves,9083
327864554,0afb88fa-9a8a-4489-bb6b-bab397bccaf5,2025/11/22 3:53 PM,2025-11-22,2025-11-22 20:53:00 UTC,Eastern Time (US & Canada),3184819,stazandgazer,Stella Tea,2025-11-23 15:48:20 UTC,2025-11-24 18:01:57 UTC,research,CC-BY-NC,https://www.inaturalist.org/observations/327864554,https://inaturalist-open-data.s3.amazonaws.com/photos/594035357/medium.jpg,,"",Second year in a row; original observation here: https://www.inaturalist.org/observations/255840938. She does seem to have a mate.,5,0,false,,Northern Cardinal,Cardinalis cardinalis,Красный кардинал,Aves,9083
328670868,71048f01-d23c-485d-8cda-d96407a5d610,2025-11-28 10:39:43,2025-11-28,2025-11-28 15:39:43 UTC,Eastern Time (US & Canada),5913533,akoriath,Alex Koriath,2025-11-28 21:57:39 UTC,2025-12-05 07:45:23 UTC,research,CC-BY-NC,https://www.inaturalist.org/observations/328670868,https://inaturalist-open-data.s3.amazonaws.com/photos/595623366/medium.jpg,,"",,4,0,false,843,Northern Cardinal,Cardinalis cardinalis,Красный кардинал,Aves,9083
329707755,b97c0e3f-09c8-43b5-b6b0-e0d1c5db8d9f,2025/10/29 3:30 PM,2025-10-29,2025-10-29 19:30:00 UTC,Eastern Time (US & Canada),476698,garden_chaos,Kirstin,2025-12-06 16:05:10 UTC,2025-12-07 02:10:57 UTC,research,CC-BY-NC,https://www.inaturalist.org/observations/329707755,https://inaturalist-open-data.s3.amazonaws.com/photos/597705936/medium.jpg,,"",This is Cranberry. His new feathers are in!,3,0,false,,Northern Cardinal,Cardinalis cardinalis,Красный кардинал,Aves,9083
330587282,9fbc1d70-8197-4110-9b26-1f487dd2d04e,2025-12-12 12:09:14,2025-12-12,2025-12-12 17:09:14 UTC,Eastern Time (US & Canada),1299608,nana10,Susan Christman Williams,2025-12-13 14:56:19 UTC,2025-12-14 23:10:52 UTC,research,CC0,https://www.inaturalist.org/observations/330587282,https://inaturalist-open-data.s3.amazonaws.com/photos/599503550/medium.jpg,,"",,3,0,false,2,Northern Cardinal,Cardinalis cardinalis,Красный кардинал,Aves,9083
330627212,32a4979b-ebf1-458b-9f1b-8223dbbb3a9b,2025/12/13 10:48 AM,2025-12-13,2025-12-13 15:48:00 UTC,Eastern Time (US & Canada),3420860,foxsu,,2025-12-13 21:16:54 UTC,2025-12-15 03:12:47 UTC,research,CC-BY-NC,https://www.inaturalist.org/observations/330627212,https://inaturalist-open-data.s3.amazonaws.com/photos/599587604/medium.jpg,,"",,11,0,false,,Northern Cardinal,Cardinalis cardinalis,Красный кардинал,Aves,9083
330991512,d1bbd01d-5b1a-405a-8fa7-6b6eb2169b64,2025-12-15 08:30:00,2025-12-15,2025-12-15 13:30:00 UTC,Eastern Time (US & Canada),8639150,melissa3233,Melissa Lutz,2025-12-16 18:13:03 UTC,2025-12-19 01:40:57 UTC,research,,https://www.inaturalist.org/observations/330991512,https://static.inaturalist.org/photos/600342700/medium.jpg,,"",,4,0,false,2,Northern Cardinal,Cardinalis cardinalis,Красный кардинал,Aves,9083
331207374,dde55b97-6f77-4536-9c56-fcb6d2320c4d,2025-12-18 09:21:37,2025-12-18,2025-12-18 14:21:37 UTC,Eastern Time (US & Canada),1246281,plbuttercup,Patricia Butter,2025-12-18 16:11:38 UTC,2025-12-19 12:56:26 UTC,research,CC-BY-NC,https://www.inaturalist.org/observations/331207374,https://inaturalist-open-data.s3.amazonaws.com/photos/600783824/medium.jpg,,"",,2,0,false,2,Northern Cardinal,Cardinalis cardinalis,Красный кардинал,Aves,9083
331348745,83336aca-4c20-4230-a2f1-83fcad6f18f6,2025-12-15 13:22:04-05:00,2025-12-15,2025-12-15 18:22:04 UTC,Eastern Time (US & Canada),5632778,wakk4457,,2025-12-19 21:52:07 UTC,2025-12-20 01:24:50 UTC,research,CC-BY-NC,https://www.inaturalist.org/observations/331348745,https://inaturalist-open-data.s3.amazonaws.com/photos/601079488/medium.jpg,,"","",3,0,false,3,Northern Cardinal,Cardinalis cardinalis,Красный кардинал,Aves,9083
