id,uuid,observed_on_string,observed_on,time_observed_at,time_zone,user_id,user_login,user_name,created_at,updated_at,quality_grade,license,url,image_url,sound_url,tag_list,description,num_identification_agreements,num_identification_disagreements,captive_cultivated,oauth_application_id,species_guess,scientific_name,common_name,iconic_taxon_name,taxon_id
566215,77384cd0-cc80-4694-9ea2-d8a43e9842fc,2014-03-13,2014-03-13,,Amsterdam,30443,patriciagr,"",2014-03-13 15:41:50 UTC,2022-04-24 11:23:38 UTC,research,,http://www.inaturalist.org/observations/566215,https://static.inaturalist.org/photos/719879/medium.png,,"","",3,0,false,,Étourneau sansonnet,Sturnus vulgaris,Обыкновенный скворец,Aves,14850
1034505,fcb5cd7f-51f0-4b74-8adb-08cb35f9d649,2014-10-20,2014-10-20,,Auckland,58596,glenn-nz,Glenn Stewart,2014-10-22 21:47:47 UTC,2024-05-09 15:31:09 UTC,research,CC-BY-NC,http://naturewatch.org.nz/observations/425272,https://inaturalist-open-data.s3.amazonaws.com/photos/1297228/medium.,,"",These look like starlings but not quite the same as in NZ?,5,0,false,,European Starling,Sturnus vulgaris,Обыкновенный скворец,Aves,14850
2737836,cfba221e-a7d6-4700-bc57-b4647f1b7afd,2016-02-24 17:40:08,2016-02-24,2016-02-24 17:40:08 UTC,London,8114,hoppy1951,Allan Hopkins,2016-03-02 16:43:36 UTC,2025-01-07 10:38:21 UTC,research,CC-BY,http://www.inaturalist.org/observations/2737836,https://inaturalist-open-data.s3.amazonaws.com/photos/3090645/medium.jpg,,"","Countless thousands of European Starling (Sturnus vulgaris) gather to roost on a winter's  evening at Avalon Marshes. It's estimated that up to 1+ million birds may roost together in the reedbeds each winter night. 

RSPB Ham Wall NNR, Glastonbury, Somerset, England, UK.",6,0,false,,Common Starling,Sturnus vulgaris,Обыкновенный скворец,Aves,14850
3292963,17f88894-f4c6-442e-b736-bd321cafe460,Tue May 24 2016 14:02:35 GMT+0200 (GMT+2),2016-05-24,2016-05-24 10:02:35 UTC,Pretoria,236649,christo,,2016-05-24 20:19:25 UTC,2022-04-16 09:36:36 UTC,research,CC-BY-NC,http://www.inaturalist.org/observations/3292963,https://inaturalist-open-data.s3.amazonaws.com/photos/3805944/medium.jpg,,"",,3,0,false,3,Storno comune,Sturnus vulgaris,Обыкновенный скворец,Aves,14850
3972147,4848243e-f53b-4e17-bf72-94cfd6a54b6c,2016-08-25,2016-08-25,,Mexico City,7504,annemirdl,Anne,2016-08-27 09:57:55 UTC,2022-04-15 15:51:55 UTC,research,CC-BY-NC,http://www.inaturalist.org/observations/3972147,https://static.inaturalist.org/photos/4684080/medium.jpg,,"",eating Döner.,8,0,false,,Star,Sturnus vulgaris,Обыкновенный скворец,Aves,14850
4096024,b557edf3-72d0-4393-888f-e71042b19d92,2016-09-12 18:22:06,2016-09-12,2016-09-12 16:22:06 UTC,Berlin,5643,jakob,Jakob Fahr,2016-09-12 21:08:18 UTC,2025-06-28 13:51:11 UTC,research,CC-BY,http://www.inaturalist.org/observations/4096024,https://inaturalist-open-data.s3.amazonaws.com/photos/4868813/medium.jpeg,,"","Smallish flocks, which were frequently attacked by a single falcon (species not recognized, see 3rd photo), and eventually settling in the reeds",5,0,false,,European Starling,Sturnus vulgaris,Обыкновенный скворец,Aves,14850
5567360,05169cc6-9971-4e45-9ac2-13eeeff4d39e,2017-04-04 13:11:52,2017-04-04,2017-04-04 11:11:52 UTC,Berlin,5643,jakob,Jakob Fahr,2017-04-04 13:41:30 UTC,2022-04-15 15:24:00 UTC,research,CC-BY,https://www.inaturalist.org/observations/5567360,https://inaturalist-open-data.s3.amazonaws.com/photos/6872935/medium.jpeg,,"",,7,0,false,,Storno comune,Sturnus vulgaris,Обыкновенный скворец,Aves,14850
6079955,fb7e1f40-c8d5-4c85-aa81-5610cc558e54,Wed May 03 2017 15:27:54 GMT+0100 (GMT+1),2017-05-03,2017-05-03 13:27:54 UTC,Amsterdam,345188,toucan,,2017-05-03 22:58:36 UTC,2022-05-21 13:24:45 UTC,research,,https://www.inaturalist.org/observations/6079955,https://static.inaturalist.org/photos/7605762/medium.jpg,,"",,5,0,false,3,Storno comune,Sturnus vulgaris,Обыкновенный скворец,Aves,14850
6490647,0a15adf4-1ed5-4b04-8172-8031e021adaa,2017/06/03 8:38 AM CEST,2017-06-03,2017-06-03 06:38:00 UTC,Paris,213733,inasiebert,Ina Siebert,2017-06-04 05:25:08 UTC,2022-04-15 15:23:12 UTC,research,CC-BY-NC,https://www.inaturalist.org/observations/6490647,https://inaturalist-open-data.s3.amazonaws.com/photos/8211903/medium.jpg,,"","",4,0,false,,Storno comune,Sturnus vulgaris,Обыкновенный скворец,Aves,14850
6825444,6d26d781-c0d4-4454-a6c1-a05ad0025368,Wed Jun 07 2017 14:31:53 GMT+0200 (GMT+2),2017-06-07,2017-06-07 10:31:53 UTC,Pretoria,435307,reneer,,2017-06-27 19:45:06 UTC,2022-04-15 15:23:35 UTC,research,,https://www.inaturalist.org/observations/6825444,https://static.inaturalist.org/photos/8689313/medium.jpg,,"",,4,0,false,3,Storno comune,Sturnus vulgaris,Обыкновенный скворец,Aves,14850
7251144,64c84afb-d6dd-49c5-b6d7-196f1d95b7c0,Fri Jul 28 2017 10:31:29 GMT+0100 (GMT+1),2017-07-28,2017-07-28 08:31:29 UTC,Amsterdam,419068,theworldofpaolo,Paolo Zucca,2017-07-28 20:57:21 UTC,2024-05-29 12:14:28 UTC,research,CC-BY,https://www.inaturalist.org/observations/7251144,https://inaturalist-open-data.s3.amazonaws.com/photos/9368838/medium.jpg,,"",,4,0,false,3,European Starling,Sturnus vulgaris,Обыкновенный скворец,Aves,14850
7393147,dee6214b-5be9-47be-ba56-ef332b3c305a,2017-08-07 7:07:44 PM GMT+03:00,2017-08-07,2017-08-07 16:07:44 UTC,Baghdad,215001,katya,katunchik,2017-08-07 16:10:22 UTC,2022-04-15 15:24:31 UTC,research,CC0,https://www.inaturalist.org/observations/7393147,https://inaturalist-open-data.s3.amazonaws.com/photos/9597726/medium.jpg,,"",,4,0,false,2,Storno comune,Sturnus vulgaris,Обыкновенный скворец,Aves,14850
9371000,9d493387-9de1-4dda-bd76-f8de414bb760,2018-01-05,2018-01-05,,Amsterdam,743457,karelhoogteyling,Karel Hoogteyling,2018-01-05 08:18:50 UTC,2024-07-26 08:51:43 UTC,research,,https://www.inaturalist.org/observations/9371000,https://static.inaturalist.org/photos/13229714/medium.jpg,,"","",5,0,false,,Spreeuw,Sturnus vulgaris,Обыкновенный скворец,Aves,14850
10700433,ccabb37b-1dc6-4dbc-b3d3-b217bc5197f7,2018-04-08 2:49:21 ПП GMT+03:00,2018-04-08,2018-04-08 11:49:21 UTC,Baghdad,814929,caterina3,Caterina Baburina,2018-04-08 11:50:41 UTC,2018-11-03 12:42:49 UTC,research,,https://www.inaturalist.org/observations/10700433,https://static.inaturalist.org/photos/14944539/medium.jpeg,,"","",4,0,false,2,European Starling,Sturnus vulgaris,Обыкновенный скворец,Aves,14850
11861437,b7f5ea2d-e4bd-4d8d-8c80-09e89911a376,2018/04/16 12:13 PM CEST,2018-04-16,2018-04-16 10:13:00 UTC,Paris,754406,lepleco74,"",2018-04-30 09:07:38 UTC,2025-01-13 15:14:21 UTC,research,CC0,https://www.inaturalist.org/observations/11861437,https://static.inaturalist.org/photos/16977152/medium.jpeg,,"","",4,0,false,,Étourneau sansonnet,Sturnus vulgaris,Обыкновенный скворец,Aves,14850
14598972,d965fedb-0a66-48ba-9463-752e69429d58,Sun Jul 22 2018 07:57:36 GMT+0100 (GMT+1),2018-07-22,2018-07-22 05:57:36 UTC,Amsterdam,545306,cofb,,2018-07-22 06:58:12 UTC,2022-04-15 17:27:57 UTC,research,,https://www.inaturalist.org/observations/14598972,https://static.inaturalist.org/photos/21762180/medium.jpg,,"",,4,0,false,3,Common Starling,Sturnus vulgaris,Обыкновенный скворец,Aves,14850
15812254,45c0261e-f02c-42f2-b37f-89c228048593,2018/08/22 8:05 PM UTC,2018-08-22,,UTC,922357,lioneska,Lioneska,2018-08-23 14:29:22 UTC,2025-07-13 19:05:07 UTC,research,CC-BY-NC,https://www.inaturalist.org/observations/15812254,https://inaturalist-open-data.s3.amazonaws.com/photos/23635561/medium.jpg,,"observation, Orange, Common Starling, blue, bird, black, Nature, golden, sky, horizon, flock",,21,0,false,,špaček obecný,Sturnus vulgaris,Обыкновенный скворец,Aves,14850
15911299,a82e4b2f-4683-4359-8bd1-98eccd4ebb8a,2018/08/02 6:01 AM EDT,2018-08-02,2018-08-02 10:01:00 UTC,Eastern Time (US & Canada),164735,belyykit,"",2018-08-26 15:16:29 UTC,2022-04-15 15:35:46 UTC,research,CC-BY-NC,https://www.inaturalist.org/observations/15911299,https://inaturalist-open-data.s3.amazonaws.com/photos/23789712/medium.jpg,,"",,5,0,false,,European Starling,Sturnus vulgaris,Обыкновенный скворец,Aves,14850
17722786,58b149e5-1c78-4510-825e-ddce02f26a91,2018-10-15T14:36,2018-10-15,2018-10-15 03:36:00 UTC,Sydney,196849,questagame,QuestaGame,2018-10-21 21:52:30 UTC,2020-07-04 15:47:09 UTC,research,CC-BY,https://www.inaturalist.org/observations/17722786,https://inaturalist-open-data.s3.amazonaws.com/photos/27021002/medium.jpg,,"","Sighting and photos (c) mrady.
Field Notes - bird of some kind ",7,0,false,111,European Starling,Sturnus vulgaris,Обыкновенный скворец,Aves,14850
18643963,b5a45c91-6e98-4b20-9ae9-5d0d0fdd7e65,Mon Nov 26 2018 08:16:36 GMT+0300 (GMT+3),2018-11-26,2018-11-26 05:16:36 UTC,Baghdad,1366818,nakikaf,,2018-11-26 05:16:44 UTC,2024-12-31 17:04:37 UTC,research,,https://www.inaturalist.org/observations/18643963,https://static.inaturalist.org/photos/28539460/medium.jpg,,"",,5,0,false,3,Bayağı sığırcık,Sturnus vulgaris,Обыкновенный скворец,Aves,14850
18673472,2af480e4-2a3d-4247-b06f-7aa8699b5f1b,2013/05/05 9:24 PM UTC,2013-05-05,,UTC,1366282,vladimirarkhipov,Vladimir Yu. Arkhipov,2018-11-27 14:49:21 UTC,2022-04-15 17:27:42 UTC,research,CC-BY-NC,https://www.inaturalist.org/observations/18673472,https://inaturalist-open-data.s3.amazonaws.com/photos/28586865/medium.jpg,,"","",5,0,false,,Обыкновенный скворец,Sturnus vulgaris,Обыкновенный скворец,Aves,14850
18693333,46f3d691-57e8-4c5f-83b8-2748d2fbff31,2008-05-16 23:30:34,2008-05-16,2008-05-16 21:30:34 UTC,Paris,1354686,wildchroma,Ingeborg van Leeuwen,2018-11-28 12:33:41 UTC,2024-10-12 11:06:18 UTC,research,CC-BY-NC,https://www.inaturalist.org/observations/18693333,https://static.inaturalist.org/photos/28620008/medium.jpg,,"Ireland, Passerines, Birds, Sturnus, vulgaris, Sturnus vulgaris, Common Starling","Common Starling having a good feather shake
(Sturnus vulgaris)
Bray,
Ireland",9,0,false,,European Starling,Sturnus vulgaris,Обыкновенный скворец,Aves,14850
18897752,deeab738-2c39-45bf-9fef-d177b5017066,2018/12/06 1:07 PM UTC,2018-12-06,,UTC,747177,jeanpierre10,Jean Pierre Le Duff,2018-12-08 16:50:25 UTC,2022-04-15 15:38:03 UTC,research,,https://www.inaturalist.org/observations/18897752,https://static.inaturalist.org/photos/28961314/medium.jpg,,"",,4,0,false,,European Starling,Sturnus vulgaris,Обыкновенный скворец,Aves,14850
18977727,a73539a2-fa6b-4d1b-828f-13691aabcdb3,2018-12-12 11:42:36 a.m. CET,2018-12-12,2018-12-12 10:42:36 UTC,Paris,862953,raoul5,Raoul Cornelis,2018-12-12 10:42:58 UTC,2022-04-15 15:56:49 UTC,research,,https://www.inaturalist.org/observations/18977727,https://static.inaturalist.org/photos/29096267/medium.jpeg,,"",,3,0,false,2,Kottarainen,Sturnus vulgaris,Обыкновенный скворец,Aves,14850
19004259,a26cf268-1641-4101-82c1-2a109c5f35b4,Sat Sep 15 2018 16:10:35 GMT+0100 (GMT+1),2018-09-15,2018-09-15 14:10:35 UTC,Amsterdam,1390235,blistertips,,2018-12-14 00:01:55 UTC,2022-04-15 15:42:31 UTC,research,,https://www.inaturalist.org/observations/19004259,https://static.inaturalist.org/photos/29142120/medium.jpg,,"",Correct!!,6,0,false,3,European Starling,Sturnus vulgaris,Обыкновенный скворец,Aves,14850
19585651,0ee88fec-caa7-4e00-b56a-a308f3a6b318,Sat Jan 12 2019 08:52:30 GMT+0100 (GMT+1),2019-01-12,2019-01-12 07:52:30 UTC,Amsterdam,1319716,jezira,,2019-01-12 07:53:20 UTC,2022-04-15 15:23:37 UTC,research,,https://www.inaturalist.org/observations/19585651,https://static.inaturalist.org/photos/30150840/medium.jpg,,"",,2,0,false,3,European Starling,Sturnus vulgaris,Обыкновенный скворец,Aves,14850
20022907,000e5643-aab6-48d9-9edf-d4d4c6606213,2017-03-08,2017-03-08,,UTC,1451046,tprozorova,Татьяна Прозорова,2019-02-02 03:35:02 UTC,2022-04-15 17:27:23 UTC,research,CC0,https://www.inaturalist.org/observations/20022907,https://inaturalist-open-data.s3.amazonaws.com/photos/30907709/medium.jpg,,"",,4,0,false,2,European Starling,Sturnus vulgaris,Обыкновенный скворец,Aves,14850
20057296,dde9ed41-3b9f-4c58-9f48-e53b40d6e026,2018-11-07 3:51:15 PM GMT+01:00,2018-11-07,2018-11-07 14:51:15 UTC,Amsterdam,1298861,jocelyne10,Jocelyne Payot,2019-02-03 17:13:30 UTC,2022-04-15 15:45:29 UTC,research,,https://www.inaturalist.org/observations/20057296,https://static.inaturalist.org/photos/30968658/medium.jpeg,,"",,5,0,false,2,European Starling,Sturnus vulgaris,Обыкновенный скворец,Aves,14850
20722324,ca4ea03c-7113-4b0f-9828-a991ec31ef68,2019/02/22 10:15 PM HST,2019-02-22,2019-02-23 08:15:00 UTC,Hawaii,1199057,romanvrbicek,"",2019-02-24 07:36:47 UTC,2022-04-15 17:28:00 UTC,research,CC-BY-NC,https://www.inaturalist.org/observations/20722324,https://inaturalist-open-data.s3.amazonaws.com/photos/31948790/medium.jpeg,,"",,3,0,false,,European Starling,Sturnus vulgaris,Обыкновенный скворец,Aves,14850
20842209,75f5149b-4994-47ae-b85b-2a161b8e5da6,2016/05/20 11:52 AM CEST,2016-05-20,2016-05-20 09:52:00 UTC,Berlin,860826,substanz,Fran Wiesner,2019-03-01 02:14:02 UTC,2025-10-21 22:22:13 UTC,research,CC-BY-NC,https://www.inaturalist.org/observations/20842209,https://inaturalist-open-data.s3.amazonaws.com/photos/32152001/medium.jpg,,"",,16,0,false,,European Starling,Sturnus vulgaris,Обыкновенный скворец,Aves,14850
20999977,7894981c-daa9-44fa-91ad-cc36e186de95,2019/03/06 6:25 PM HST,2019-03-06,2019-03-07 04:25:00 UTC,Hawaii,1199057,romanvrbicek,"",2019-03-06 17:29:08 UTC,2022-04-15 15:58:43 UTC,research,CC-BY-NC,https://www.inaturalist.org/observations/20999977,https://inaturalist-open-data.s3.amazonaws.com/photos/32433341/medium.jpeg,,"",,4,0,false,,European Starling,Sturnus vulgaris,Обыкновенный скворец,Aves,14850
21794390,57985e6a-ca4d-4d1b-8c5b-2e63602105ab,2019-01-24 11:55:42 AM CET,2019-01-24,2019-01-24 10:55:42 UTC,Paris,1565465,baimuratov,Gaiar Baimuratov,2019-03-30 20:03:03 UTC,2022-04-15 15:55:23 UTC,research,CC-BY,https://www.inaturalist.org/observations/21794390,https://static.inaturalist.org/photos/33758334/medium.jpeg,,"",,6,0,false,2,Étourneau sansonnet,Sturnus vulgaris,Обыкновенный скворец,Aves,14850
22039581,a149949b-dc7e-4ddc-9b0b-f270e5cd4226,2010/09/17 3:56 PM BST,2010-09-17,2010-09-17 14:56:00 UTC,Edinburgh,1462872,naturpel,"",2019-04-05 18:51:28 UTC,2022-04-15 15:36:21 UTC,research,CC-BY-NC,https://www.inaturalist.org/observations/22039581,https://inaturalist-open-data.s3.amazonaws.com/photos/34147179/medium.jpeg,,"",,2,0,false,,European Starling,Sturnus vulgaris,Обыкновенный скворец,Aves,14850
22040506,35645e4b-8448-4a14-94ee-d9ff294b4e94,2011/05/15 2:41 PM MSK,2011-05-15,2011-05-15 10:41:00 UTC,St. Petersburg,1514573,tivanik,Иван Тисленко,2019-04-05 19:17:02 UTC,2022-04-15 17:27:32 UTC,research,CC-BY-NC,https://www.inaturalist.org/observations/22040506,https://inaturalist-open-data.s3.amazonaws.com/photos/34148580/medium.jpg,,"",,5,0,false,,Обыкновенный скворец,Sturnus vulgaris,Обыкновенный скворец,Aves,14850
22045951,dd70300f-f6d3-4be2-891f-d18ae3a68e5e,2019-04-05 7:00:00 p.m. EEST,2019-04-05,2019-04-05 16:00:00 UTC,Athens,1282427,tseb,TS,2019-04-05 20:53:30 UTC,2022-04-15 15:23:25 UTC,research,CC-BY,https://www.inaturalist.org/observations/22045951,https://static.inaturalist.org/photos/34154048/medium.jpeg,,"",,3,0,false,2,European Starling,Sturnus vulgaris,Обыкновенный скворец,Aves,14850
22213189,0006bade-77bb-4f3b-b848-adae03e825f1,2019/04/08 2:26 PM UTC,2019-04-08,,UTC,922357,lioneska,Lioneska,2019-04-08 22:29:48 UTC,2022-04-15 15:23:32 UTC,research,CC-BY-NC,https://www.inaturalist.org/observations/22213189,https://inaturalist-open-data.s3.amazonaws.com/photos/34393506/medium.jpg,,"bird, blue, green, nature, sky, spring, sunny, tree",,3,0,false,,European Starling,Sturnus vulgaris,Обыкновенный скворец,Aves,14850
22566721,cedb3a6f-6058-400a-851a-e5a30a75f9c5,2019/04/06 2:47 PM CEST,2019-04-06,2019-04-06 12:47:00 UTC,Berlin,32124,martingrimm,Martin Grimm,2019-04-16 17:49:21 UTC,2022-04-15 15:40:53 UTC,research,CC-BY-NC,https://www.inaturalist.org/observations/22566721,https://inaturalist-open-data.s3.amazonaws.com/photos/34962836/medium.jpg,,"",,3,0,false,,European Starling,Sturnus vulgaris,Обыкновенный скворец,Aves,14850
24384388,6e2489eb-cff9-4d23-b7a3-c2817f1181a8,2019/04/28 1:44 PM CEST,2019-04-28,2019-04-28 11:44:00 UTC,Berlin,999066,alexis_orion,Alexis Tinker-Tsavalas,2019-05-02 18:04:30 UTC,2022-04-15 15:22:57 UTC,research,CC-BY,https://www.inaturalist.org/observations/24384388,https://inaturalist-open-data.s3.amazonaws.com/photos/37703535/medium.jpeg,,"","The parents returned several times to feed the chicks.
We could hear the chicks begging from quite a distance.",3,0,false,,Storno comune,Sturnus vulgaris,Обыкновенный скворец,Aves,14850
24658055,f3015604-f308-4687-881c-9bcebb9cdf48,2019/03/05 12:50 PM +0100,2019-03-05,2019-03-05 11:50:00 UTC,Paris,1646050,podicepscristatus,Anita Sprungk,2019-05-06 10:51:15 UTC,2022-04-15 15:55:16 UTC,research,CC-BY-NC,https://www.inaturalist.org/observations/24658055,https://inaturalist-open-data.s3.amazonaws.com/photos/38129040/medium.jpg,,"",,4,0,false,,Star,Sturnus vulgaris,Обыкновенный скворец,Aves,14850
24877085,e2c508f7-ba76-4d49-b6b4-6b9ffd42e20a,Fri May 10 2019 07:08:27 GMT+0200 (GMT+2),2019-05-10,2019-05-10 03:08:27 UTC,Pretoria,1508203,steven2802,Steven Schulting,2019-05-10 09:17:09 UTC,2023-04-10 05:55:52 UTC,research,CC-BY-NC,https://www.inaturalist.org/observations/24877085,https://inaturalist-open-data.s3.amazonaws.com/photos/38479840/medium.jpg,,"",,5,0,false,3,Star,Sturnus vulgaris,Обыкновенный скворец,Aves,14850
24988756,d0fd10dc-c159-4b82-a953-e1cf92b310fa,2019-05-12 11:45:54 am BST,2019-05-12,2019-05-12 09:45:54 UTC,Africa/Johannesburg,842896,nickleggatt,Nick Leggatt,2019-05-12 11:21:00 UTC,2019-08-18 15:34:24 UTC,research,CC-BY-NC,https://www.inaturalist.org/observations/24988756,https://inaturalist-open-data.s3.amazonaws.com/photos/38663553/medium.jpeg,,"",,1,0,false,2,European Starling,Sturnus vulgaris,Обыкновенный скворец,Aves,14850
25203279,4637e2f9-01ab-4c45-a719-4ff0b0e719b6,Thu May 16 2019 10:33:51 GMT+0300 (GMT+3),2019-05-16,2019-05-16 07:33:51 UTC,Moscow,1317190,nellysemenova,Nelly Semenova,2019-05-16 07:36:26 UTC,2023-05-19 10:37:46 UTC,research,CC-BY-NC,https://www.inaturalist.org/observations/25203279,https://inaturalist-open-data.s3.amazonaws.com/photos/39015242/medium.jpg,,"",,4,0,false,3,European Starling,Sturnus vulgaris,Обыкновенный скворец,Aves,14850
25792996,b726a9f8-fe8e-4725-9f6e-b2802a42145a,2019/05/26 9:32 AM CEST,2019-05-26,2019-05-26 07:32:00 UTC,Berlin,1508203,steven2802,Steven Schulting,2019-05-26 08:10:30 UTC,2022-04-15 15:22:05 UTC,research,CC-BY-NC,https://www.inaturalist.org/observations/25792996,https://inaturalist-open-data.s3.amazonaws.com/photos/39989019/medium.jpeg,,"","",5,0,false,,Spreeuw,Sturnus vulgaris,Обыкновенный скворец,Aves,14850
26173707,8680b8e9-643a-4448-bb12-c59a53ae50d0,Sat Jun 01 2019 14:22:59 GMT+0100 (GMT+1),2019-06-01,2019-06-01 12:22:59 UTC,Amsterdam,1723293,philswansea,Philip Caine,2019-06-01 13:29:13 UTC,2022-04-15 17:27:15 UTC,research,CC-BY-NC,https://www.inaturalist.org/observations/26173707,https://inaturalist-open-data.s3.amazonaws.com/photos/40619710/medium.jpg,,"","A baby Starling, their breeding in all the houses around here, there were 2 nests in my bungalow this year, same in a lot of the houses in my block.",3,0,false,3,European Starling,Sturnus vulgaris,Обыкновенный скворец,Aves,14850
26673522,931096cf-1a62-4b16-9d74-565de6a82a36,2019/06/09 10:14 AM CEST,2019-06-09,2019-06-09 08:14:00 UTC,Berlin,460899,astmuc,Andreas Stiller,2019-06-09 13:57:58 UTC,2025-03-29 06:26:59 UTC,research,CC-BY,https://www.inaturalist.org/observations/26673522,https://inaturalist-open-data.s3.amazonaws.com/photos/41431991/medium.jpg,,"",,5,0,false,,Storno comune,Sturnus vulgaris,Обыкновенный скворец,Aves,14850
27988916,a524563e-61cc-44d6-b6f1-1be25f5d6b3e,Mon Jul 01 2019 13:55:46 GMT+0300 (GMT+3),2019-07-01,2019-07-01 10:55:46 UTC,Baghdad,1922717,naturalistzimanna,Анна Зимбицкая,2019-07-01 10:56:48 UTC,2019-07-09 14:53:40 UTC,research,,https://www.inaturalist.org/observations/27988916,https://static.inaturalist.org/photos/43601003/medium.jpg,,"",,3,0,false,3,Star,Sturnus vulgaris,Обыкновенный скворец,Aves,14850
28610321,5246052c-5132-48e1-85e8-80a8bb6b5dde,Thu Jul 11 2019 14:24:34 GMT+0100 (GMT+1),2019-07-11,2019-07-11 12:24:34 UTC,Amsterdam,1955192,qmcinverkaney,,2019-07-11 13:25:43 UTC,2024-10-12 11:06:00 UTC,research,CC-BY-NC,https://www.inaturalist.org/observations/28610321,https://inaturalist-open-data.s3.amazonaws.com/photos/44610974/medium.jpg,,"",,8,0,false,3,European Starling,Sturnus vulgaris,Обыкновенный скворец,Aves,14850
28783228,85d18700-f182-47fa-8706-781f9be926ed,Wed Jun 19 2019 16:26:57 GMT+0300 (GMT+3),2019-06-19,2019-06-19 13:26:57 UTC,Baghdad,1885117,nikolaevna,,2019-07-14 08:18:36 UTC,2022-04-15 15:38:28 UTC,research,CC-BY-NC,https://www.inaturalist.org/observations/28783228,https://inaturalist-open-data.s3.amazonaws.com/photos/44892278/medium.jpg,,"",,2,0,false,3,European Starling,Sturnus vulgaris,Обыкновенный скворец,Aves,14850
29016278,70eb97db-b4c2-42d8-aa1c-f886178da031,2019/07/17 8:06 AM CEST,2019-07-17,2019-07-17 06:06:00 UTC,Paris,1381956,enricllaosanchez,Enric LLao Sanchez,2019-07-17 20:05:01 UTC,2022-04-24 11:24:09 UTC,research,CC-BY-NC,https://www.inaturalist.org/observations/29016278,https://static.inaturalist.org/photos/45263653/medium.jpg,,"",,2,0,false,,European Starling,Sturnus vulgaris,Обыкновенный скворец,Aves,14850
29097521,561a093f-3158-466f-9a03-bce19bd4b909,2019/07/06 3:30 PM MSK,2019-07-06,2019-07-06 12:30:00 UTC,Moscow,1467478,sokolkov2002,Соколков Юрий Павлович,2019-07-19 07:42:05 UTC,2022-06-28 12:02:13 UTC,research,CC-BY-NC,https://www.inaturalist.org/observations/29097521,https://inaturalist-open-data.s3.amazonaws.com/photos/45397436/medium.jpeg,,"",,6,0,false,,Обыкновенный скворец,Sturnus vulgaris,Обыкновенный скворец,Aves,14850
29157544,c9e51900-0d89-4eeb-814a-4ff9c73c4861,2019/07/19 1:00 PM CEST,2019-07-19,2019-07-19 11:00:00 UTC,Berlin,32124,martingrimm,Martin Grimm,2019-07-20 05:41:41 UTC,2022-03-24 19:47:45 UTC,research,CC-BY-NC,https://www.inaturalist.org/observations/29157544,https://inaturalist-open-data.s3.amazonaws.com/photos/45494481/medium.jpg,,"",,4,0,false,,Étourneau sansonnet,Sturnus vulgaris,Обыкновенный скворец,Aves,14850
29970063,5e800a7d-1211-4342-be7a-ffde90786d1e,2019/07/26 9:18 AM EEST,2019-07-26,2019-07-26 06:18:00 UTC,Vilnius,105164,itzhak46,Itzhak Solomon,2019-08-01 10:50:06 UTC,2022-04-15 15:35:32 UTC,research,,https://www.inaturalist.org/observations/29970063,https://static.inaturalist.org/photos/46801124/medium.jpeg,,"",,5,0,false,,Étourneau sansonnet,Sturnus vulgaris,Обыкновенный скворец,Aves,14850
30100987,a053e7a8-b6de-4dc0-9fcf-71b2568302cd,2019-02-13 5:13:27 pm GMT+08:00,2019-02-13,2019-02-13 01:13:27 UTC,Perth,2082045,crinby,Corinne Read,2019-08-03 13:59:21 UTC,2022-04-15 17:27:15 UTC,research,,https://www.inaturalist.org/observations/30100987,https://static.inaturalist.org/photos/47008582/medium.jpeg,,"",,4,0,false,2,Étourneau sansonnet,Sturnus vulgaris,Обыкновенный скворец,Aves,14850
30251459,62227b5f-1604-470b-abd6-6623b9a61a50,Mon Aug 05 2019 18:34:07 GMT+0200 (GMT+2),2019-08-05,2019-08-05 14:34:07 UTC,Pretoria,992430,gumbo-gardener,Asa Kirby,2019-08-05 16:36:41 UTC,2022-04-15 15:36:49 UTC,research,CC-BY-NC-SA,https://www.inaturalist.org/observations/30251459,https://inaturalist-open-data.s3.amazonaws.com/photos/47252172/medium.jpg,,"",,5,0,false,3,Étourneau sansonnet,Sturnus vulgaris,Обыкновенный скворец,Aves,14850
31221572,3f0f334f-62cb-4118-9a4c-5d9a18f64311,2019-08-21 9:32:47 AM GMT+03:00,2019-08-21,2019-08-21 06:32:47 UTC,Baghdad,1766869,antonchechulin,Anton Chechulin,2019-08-21 07:21:20 UTC,2022-04-15 15:41:19 UTC,research,,https://www.inaturalist.org/observations/31221572,https://static.inaturalist.org/photos/48845109/medium.jpeg,,"",,6,0,false,2,Étourneau sansonnet,Sturnus vulgaris,Обыкновенный скворец,Aves,14850
33692848,29b899a3-c166-4590-ba4e-e8a15bcf5825,2007/05/01 5:38 PM MSD,2007-05-01,2007-05-01 13:38:00 UTC,Moscow,2203254,dmitry_kulakov,Dmitry Kulakov,2019-10-01 10:22:50 UTC,2023-07-07 15:49:08 UTC,research,CC-BY,https://www.inaturalist.org/observations/33692848,https://inaturalist-open-data.s3.amazonaws.com/photos/52945826/medium.jpg,,"",,3,0,false,,Étourneau sansonnet,Sturnus vulgaris,Обыкновенный скворец,Aves,14850
34591286,b238b3d7-93b9-4595-8c90-a746b2ccb0a7,2019/10/17,2019-10-17,,Moscow,1453678,marina_gorbunova,Марина Горбунова-Ëлкина,2019-10-19 17:42:20 UTC,2025-10-03 02:49:16 UTC,research,CC-BY-NC,https://www.inaturalist.org/observations/34591286,https://inaturalist-open-data.s3.amazonaws.com/photos/54454875/medium.jpg,,"",,6,0,false,,Étourneau sansonnet,Sturnus vulgaris,Обыкновенный скворец,Aves,14850
34699316,9e409dc7-6fbd-451d-a690-db42fb0e814e,2019/10/19 4:04 PM CEST,2019-10-19,2019-10-19 14:04:00 UTC,Paris,1963954,vhamon,Valentin Hamon,2019-10-21 18:04:06 UTC,2022-04-16 09:37:51 UTC,research,CC-BY-NC,https://www.inaturalist.org/observations/34699316,https://inaturalist-open-data.s3.amazonaws.com/photos/54641140/medium.jpeg,,"",,7,0,false,,Étourneau sansonnet,Sturnus vulgaris,Обыкновенный скворец,Aves,14850
35094692,c6525b89-ed3d-48de-ab3a-3c6f5062c152,2019/10/30 12:47 PM CET,2019-10-30,2019-10-30 11:47:00 UTC,Madrid,678636,supergan,brian fisher,2019-10-30 18:20:38 UTC,2022-04-15 17:27:49 UTC,research,CC-BY-NC,https://www.inaturalist.org/observations/35094692,https://inaturalist-open-data.s3.amazonaws.com/photos/55319055/medium.jpg,,"",,7,0,false,,Étourneau sansonnet,Sturnus vulgaris,Обыкновенный скворец,Aves,14850
35200587,3bd6468b-fa1d-4079-aa93-155d14cd3b49,2019/10/16 5:29 PM HST,2019-10-16,2019-10-17 03:29:00 UTC,Hawaii,1147665,haniechemanal,Manal,2019-11-02 15:59:26 UTC,2022-04-16 09:35:59 UTC,research,CC-BY-NC,https://www.inaturalist.org/observations/35200587,https://static.inaturalist.org/photos/55481016/medium.jpg,,"",,2,0,false,,Étourneau sansonnet,Sturnus vulgaris,Обыкновенный скворец,Aves,14850
35409761,e6af75d8-7e66-4eb5-9814-73600a029599,2019-11-07 12:59:23 PM GMT,2019-11-07,2019-11-07 12:59:23 UTC,UTC,1744885,freyjabrown,Freyja Brown,2019-11-07 14:36:40 UTC,2022-04-25 18:06:18 UTC,research,,https://www.inaturalist.org/observations/35409761,https://static.inaturalist.org/photos/55832981/medium.jpg,,"",,7,0,false,2,Étourneau sansonnet,Sturnus vulgaris,Обыкновенный скворец,Aves,14850
35527174,881da4e7-68e2-4029-8e8d-92dd3b103efb,Sun Nov 10 2019 11:32:34 GMT+0100 (GMT+1),2019-11-10,2019-11-10 10:32:34 UTC,Amsterdam,569145,ramon19,RGB,2019-11-10 13:39:12 UTC,2022-04-15 15:51:44 UTC,research,,https://www.inaturalist.org/observations/35527174,https://static.inaturalist.org/photos/56029063/medium.jpg,,"",,5,0,false,3,Étourneau sansonnet,Sturnus vulgaris,Обыкновенный скворец,Aves,14850
35783515,5295e40e-208c-4ce1-a289-8d63f17ea8e3,2019/11/10 10:04 AM WET,2019-11-10,2019-11-10 10:04:00 UTC,Lisbon,1207192,jvitor,Jorge Vítor,2019-11-17 18:38:42 UTC,2024-03-07 10:15:45 UTC,research,,https://www.inaturalist.org/observations/35783515,https://static.inaturalist.org/photos/56465942/medium.jpg,,"",,4,1,false,,European Starling,Sturnus vulgaris,Обыкновенный скворец,Aves,14850
36511150,f469a9d9-8bdf-425e-a128-58a3aaf755a3,2018/09/08 3:27 PM MSK,2018-09-08,2018-09-08 12:27:00 UTC,Moscow,1453678,marina_gorbunova,Марина Горбунова-Ëлкина,2019-12-09 21:04:49 UTC,2025-10-03 02:49:16 UTC,research,CC-BY-NC,https://www.inaturalist.org/observations/36511150,https://inaturalist-open-data.s3.amazonaws.com/photos/57724109/medium.jpg,,"",,6,0,false,,European Starling,Sturnus vulgaris,Обыкновенный скворец,Aves,14850
36588965,065f4247-ed95-4527-bddc-28f758351ad2,2008/01/18 4:26 PM GMT,2008-01-18,2008-01-18 16:26:00 UTC,Edinburgh,2482953,ramblin-rio,Rio Bellgore-Gullit,2019-12-12 15:27:48 UTC,2024-05-02 22:03:33 UTC,research,CC-BY-NC,https://www.inaturalist.org/observations/36588965,https://inaturalist-open-data.s3.amazonaws.com/photos/57856907/medium.jpg,,"","Starlings murmurating above the IW College, viewed from Hookes Way",1,0,false,,European Starling,Sturnus vulgaris,Обыкновенный скворец,Aves,14850
36645776,f9b7cac0-af41-471e-b3ff-559233b284c2,2019/12/14 12:26 PM CET,2019-12-14,2019-12-14 11:26:00 UTC,Paris,2092524,cristihan,Leroy,2019-12-14 16:32:19 UTC,2019-12-15 04:32:04 UTC,research,CC-BY-NC,https://www.inaturalist.org/observations/36645776,https://inaturalist-open-data.s3.amazonaws.com/photos/57954590/medium.jpeg,,"",,3,0,false,,Star,Sturnus vulgaris,Обыкновенный скворец,Aves,14850
37614064,c9a87ab3-4e01-4863-a739-e09f921ce81a,2020/01/14 2:31 PM CET,2020-01-14,2020-01-14 13:31:00 UTC,Paris,2489493,arseniogonzalez-anapri,ARSENIO GONZALEZ NAVARRO,2020-01-15 13:37:16 UTC,2022-08-03 22:19:44 UTC,research,CC-BY-NC,https://www.inaturalist.org/observations/37614064,https://inaturalist-open-data.s3.amazonaws.com/photos/59662571/medium.jpeg,,"","",3,0,false,,Star,Sturnus vulgaris,Обыкновенный скворец,Aves,14850
38536283,58087a55-7f0f-48eb-b12d-91f9b65d8ef7,2020/02/08 16:25 UTC,2020-02-08,2020-02-08 16:25:00 UTC,UTC,1756341,katherine_jane,Katherine Wright,2020-02-11 13:38:13 UTC,2022-09-03 02:04:50 UTC,research,CC-BY-NC,https://www.inaturalist.org/observations/38536283,https://inaturalist-open-data.s3.amazonaws.com/photos/61260961/medium.jpeg,,"","",7,0,false,,European Starling,Sturnus vulgaris,Обыкновенный скворец,Aves,14850
39003134,02ea8953-a35a-465b-b315-5aac69af8077,Sat Jan 11 2020 09:57:32 GMT+0000 (GMT),2020-01-11,2020-01-11 09:57:32 UTC,UTC,2480168,catabalma,Catalina Balmaceda García,2020-02-21 20:16:15 UTC,2022-04-15 15:42:32 UTC,research,,https://www.inaturalist.org/observations/39003134,https://static.inaturalist.org/photos/61910246/medium.jpg,,"",,7,0,false,3,European Starling,Sturnus vulgaris,Обыкновенный скворец,Aves,14850
39048593,bc4e0123-c7d2-4225-8c09-b5fa1b5a3e59,2020/02/22 10:53 AM CET,2020-02-22,2020-02-22 09:53:00 UTC,Berlin,899567,waldmaedchen,Nadja (NaWo),2020-02-22 16:25:01 UTC,2025-04-02 16:46:56 UTC,research,CC-BY-NC,https://www.inaturalist.org/observations/39048593,https://inaturalist-open-data.s3.amazonaws.com/photos/61957290/medium.jpg,,"",,4,0,false,,Star,Sturnus vulgaris,Обыкновенный скворец,Aves,14850
39091149,725e6d33-0182-4b15-b3ec-b360628692e2,Tue Jan 21 2020 12:32:24 GMT+0100 (GMT+1),2020-01-21,2020-01-21 11:32:24 UTC,Amsterdam,1764140,bioros82,Rosario Balestrieri,2020-02-23 15:38:23 UTC,2025-05-28 14:26:32 UTC,research,,https://www.inaturalist.org/observations/39091149,https://static.inaturalist.org/photos/62024760/medium.jpg,,"",,6,0,false,3,Storno,Sturnus vulgaris,Обыкновенный скворец,Aves,14850
39972807,06836a6e-75a5-4cb6-a938-23b439cabbbf,2020/03/14 3:23 PM CET,2020-03-14,2020-03-14 14:23:00 UTC,Paris,2032730,waldgeist,Michael Knapp,2020-03-14 16:18:19 UTC,2025-04-02 16:46:00 UTC,research,CC-BY,https://www.inaturalist.org/observations/39972807,https://inaturalist-open-data.s3.amazonaws.com/photos/63474598/medium.jpeg,,"","",3,0,false,,Storno comune,Sturnus vulgaris,Обыкновенный скворец,Aves,14850
40023583,9f8ba50e-0dae-4cc1-9da5-e2a3af4a9fec,2020-03-15 9:23:00 AM GMT+01:00,2020-03-15,2020-03-15 08:23:00 UTC,Amsterdam,821541,manroth,ManRoth,2020-03-15 14:31:44 UTC,2022-04-15 15:58:48 UTC,research,CC-BY-NC,https://www.inaturalist.org/observations/40023583,https://inaturalist-open-data.s3.amazonaws.com/photos/63560803/medium.jpg,,"",,2,0,false,2,Étourneau sansonnet,Sturnus vulgaris,Обыкновенный скворец,Aves,14850
40128075,31c95c9c-77be-41dd-820f-c7c72694dac0,2018/08/31 1:31 PM MSK,2018-08-31,2018-08-31 10:31:00 UTC,Moscow,1453678,marina_gorbunova,Марина Горбунова-Ëлкина,2020-03-17 14:12:10 UTC,2025-10-03 02:49:16 UTC,research,CC-BY-NC,https://www.inaturalist.org/observations/40128075,https://inaturalist-open-data.s3.amazonaws.com/photos/63737980/medium.jpg,,"",,7,0,false,,Обыкновенный скворец,Sturnus vulgaris,Обыкновенный скворец,Aves,14850
40229914,7be1ef95-ea91-4933-890c-3ceb073c3c6e,2020-03-19 3:47:51 PM GMT+03:00,2020-03-19,2020-03-19 12:47:51 UTC,Moscow,1440491,convallaria1128,Dmitriy Bochkov,2020-03-19 12:52:50 UTC,2024-11-07 11:17:19 UTC,research,CC-BY,https://www.inaturalist.org/observations/40229914,https://inaturalist-open-data.s3.amazonaws.com/photos/63908399/medium.jpeg,,"",,6,0,false,2,Sturnus vulgaris,Sturnus vulgaris,Обыкновенный скворец,Aves,14850
41365100,07265797-de2b-43b6-a999-55ff37b4dc4b,2020/03/23 1:38 PM UTC,2020-03-23,,UTC,1756341,katherine_jane,Katherine Wright,2020-04-04 15:04:14 UTC,2022-09-03 02:04:50 UTC,research,CC-BY-NC,https://www.inaturalist.org/observations/41365100,https://inaturalist-open-data.s3.amazonaws.com/photos/65612629/medium.jpeg,,"",,6,0,false,,European Starling,Sturnus vulgaris,Обыкновенный скворец,Aves,14850
41374325,a9919b69-fd85-4aca-93f3-a3d52e279beb,2020/03/25 5:35 PM UTC,2020-03-25,,UTC,1756341,katherine_jane,Katherine Wright,2020-04-04 17:10:24 UTC,2022-09-03 02:04:50 UTC,research,CC-BY-NC,https://www.inaturalist.org/observations/41374325,https://inaturalist-open-data.s3.amazonaws.com/photos/65628270/medium.jpeg,,"",,3,0,false,,European Starling,Sturnus vulgaris,Обыкновенный скворец,Aves,14850
41429288,00f3d33a-adaa-4806-908e-7f65f360b39b,2020/04/05 10:07 AM CEST,2020-04-05,2020-04-05 08:07:00 UTC,Paris,2332947,herbert74,Herbert Herbinia,2020-04-05 09:27:45 UTC,2022-04-15 15:43:13 UTC,research,CC-BY-NC,https://www.inaturalist.org/observations/41429288,https://inaturalist-open-data.s3.amazonaws.com/photos/65724047/medium.jpeg,,"","",5,0,false,,Star,Sturnus vulgaris,Обыкновенный скворец,Aves,14850
41784570,c7be0ea9-4964-4a46-8eb8-4c22fe7a735b,2020-03-20 10:19:42 AM GMT+01:00,2020-03-20,2020-03-20 09:19:42 UTC,Amsterdam,2665558,laurada79,Laura Diaz,2020-04-09 20:52:06 UTC,2023-01-18 19:09:12 UTC,research,,https://www.inaturalist.org/observations/41784570,https://static.inaturalist.org/photos/66297289/medium.jpg,,"",,6,0,false,2,European Starling,Sturnus vulgaris,Обыкновенный скворец,Aves,14850
41899749,d6b89e5d-16de-40a0-b4d5-f9b287ce58c5,2020/04/11 8:34 AM BST,2020-04-11,2020-04-11 07:34:00 UTC,Edinburgh,631947,jarvo,Jon J. Laysell,2020-04-11 12:58:16 UTC,2025-02-01 11:10:54 UTC,research,CC-BY,https://www.inaturalist.org/observations/41899749,https://inaturalist-open-data.s3.amazonaws.com/photos/66490655/medium.jpg,,"",,10,0,false,,European Starling,Sturnus vulgaris,Обыкновенный скворец,Aves,14850
41951558,3d1a0f29-3ca6-4cf6-a562-45a816ba258f,2020/03/30 2:56 PM UTC,2020-03-30,,UTC,1756341,katherine_jane,Katherine Wright,2020-04-11 22:47:45 UTC,2022-09-03 02:04:50 UTC,research,CC-BY-NC,https://www.inaturalist.org/observations/41951558,https://inaturalist-open-data.s3.amazonaws.com/photos/66573166/medium.jpeg,,"",,2,0,false,,European Starling,Sturnus vulgaris,Обыкновенный скворец,Aves,14850
42074699,4478f2b4-1a37-45ca-bce5-dce81ec9ce66,Sun Apr 12 2020 19:19:49 GMT+0200 (GMT+2),2020-04-12,2020-04-12 15:19:49 UTC,Pretoria,923619,sergebabusiaux,,2020-04-13 08:44:52 UTC,2022-04-15 15:36:59 UTC,research,,https://www.inaturalist.org/observations/42074699,https://static.inaturalist.org/photos/66781300/medium.jpg,,"",,3,0,false,3,European Starling,Sturnus vulgaris,Обыкновенный скворец,Aves,14850
42106485,32c75e77-8c31-4d14-ae1e-661d4676d3c5,Mon Apr 13 2020 19:03:22 GMT+0200 (GMT+2),2020-04-13,2020-04-13 15:03:22 UTC,Pretoria,923619,sergebabusiaux,,2020-04-13 18:37:09 UTC,2022-04-15 17:27:58 UTC,research,,https://www.inaturalist.org/observations/42106485,https://static.inaturalist.org/photos/66834434/medium.jpg,,"",,2,0,false,3,European Starling,Sturnus vulgaris,Обыкновенный скворец,Aves,14850
42231658,50da49a9-351f-47f2-9036-0f4321100dca,2015/06/06 3:08 PM MSK,2015-06-06,2015-06-06 12:08:00 UTC,Moscow,2615471,maxim_ismaylov,Максим Исмайлов,2020-04-15 13:12:55 UTC,2023-04-10 05:55:04 UTC,research,CC-BY,https://www.inaturalist.org/observations/42231658,https://inaturalist-open-data.s3.amazonaws.com/photos/67043719/medium.jpg,,"",,2,0,false,,Étourneau sansonnet,Sturnus vulgaris,Обыкновенный скворец,Aves,14850
42558801,eb3b8920-2566-49c7-bdc9-3896ef3fe866,2020/04/18 2:23 PM MSK,2020-04-18,2020-04-18 11:23:00 UTC,Moscow,2496990,sapsan,Сергей,2020-04-19 11:35:54 UTC,2022-04-15 17:27:22 UTC,research,CC-BY-NC,https://www.inaturalist.org/observations/42558801,https://inaturalist-open-data.s3.amazonaws.com/photos/67580034/medium.jpeg,,"","",3,0,false,,Обыкновенный скворец,Sturnus vulgaris,Обыкновенный скворец,Aves,14850
42560495,91a53848-807b-4e03-b356-a0cb8a9b0fcb,Sun Apr 19 2020 14:08:30 GMT+0200 (GMT+2),2020-04-19,2020-04-19 12:08:30 UTC,Africa/Johannesburg,2775870,karolineguldbrandsenpetersen,Karoline Guldbrandsen Petersen,2020-04-19 12:08:45 UTC,2020-04-19 12:25:29 UTC,needs_id,,https://www.inaturalist.org/observations/42560495,https://static.inaturalist.org/photos/67582986/medium.jpg,,"",,0,0,false,3,,Sturnus vulgaris,Обыкновенный скворец,Aves,14850
42666062,6395dbd5-f756-4999-8fe2-fd06394257e5,2020-04-19,2020-04-19,,UTC,2782228,dave520,Dave Bennion,2020-04-20 14:01:17 UTC,2024-04-25 03:31:16 UTC,research,,https://www.inaturalist.org/observations/42666062,https://static.inaturalist.org/photos/67756028/medium.jpg,,"",,7,0,false,2,European Starling,Sturnus vulgaris,Обыкновенный скворец,Aves,14850
42936367,1afe6203-870b-45f7-b402-cb594076027c,2020/04/06 1:32 PM UTC,2020-04-06,,UTC,1756341,katherine_jane,Katherine Wright,2020-04-23 08:57:48 UTC,2022-09-03 02:04:50 UTC,research,CC-BY-NC,https://www.inaturalist.org/observations/42936367,https://inaturalist-open-data.s3.amazonaws.com/photos/68178178/medium.jpeg,,"",,3,0,false,,European Starling,Sturnus vulgaris,Обыкновенный скворец,Aves,14850
42937198,43171ad1-2626-424d-8b3a-dafe9695ffbb,2020-02-29 1:10:30 PM GMT,2020-02-29,2020-02-29 13:10:30 UTC,UTC,2805805,kevinmurphy2,Kevin Murphy,2020-04-23 09:15:53 UTC,2022-04-17 15:59:33 UTC,research,,https://www.inaturalist.org/observations/42937198,https://static.inaturalist.org/photos/68180200/medium.jpeg,,"",,3,0,false,2,European Starling,Sturnus vulgaris,Обыкновенный скворец,Aves,14850
43566642,724a1e06-4058-423c-868b-0a92c69d2a44,Sun Apr 26 2020 10:43:44 GMT+0200 (GMT+2),2020-04-26,2020-04-26 06:43:44 UTC,Pretoria,968490,karoto658,"",2020-04-26 08:44:24 UTC,2023-01-20 16:35:53 UTC,research,,https://www.inaturalist.org/observations/43566642,https://static.inaturalist.org/photos/69121625/medium.jpg,,"",,3,1,false,3,Étourneau sansonnet,Sturnus vulgaris,Обыкновенный скворец,Aves,14850
43694663,77990f7b-98ae-48e0-87c6-b2ce359789de,2020/04/26 5:40 PM CEST,2020-04-26,2020-04-26 15:40:00 UTC,Prague,864548,maky-orel,Maky.Orel,2020-04-26 18:56:16 UTC,2022-04-15 17:27:48 UTC,research,CC-BY,https://www.inaturalist.org/observations/43694663,https://inaturalist-open-data.s3.amazonaws.com/photos/69303150/medium.jpeg,,"","",3,0,false,,špaček obecný,Sturnus vulgaris,Обыкновенный скворец,Aves,14850
44616104,46a315de-34e4-40a9-ba70-3d51fb56bccd,2012/02/26 10:37 AM CET,2012-02-26,2012-02-26 09:37:00 UTC,Paris,2712242,brugorraiztelefonicanet,"",2020-05-02 17:55:15 UTC,2022-04-15 17:27:56 UTC,research,CC-BY-NC,https://www.inaturalist.org/observations/44616104,https://inaturalist-open-data.s3.amazonaws.com/photos/70733151/medium.jpeg,,"",,2,0,false,,Star,Sturnus vulgaris,Обыкновенный скворец,Aves,14850
45180049,cc143bc7-ec19-4d6e-a446-15846f5c450c,2020/05/05 10:17 AM CEST,2020-05-05,2020-05-05 08:17:00 UTC,Bern,169070,roby,"",2020-05-07 16:58:59 UTC,2022-04-15 15:40:55 UTC,research,CC-BY-NC,https://www.inaturalist.org/observations/45180049,https://inaturalist-open-data.s3.amazonaws.com/photos/71631869/medium.jpeg,,"",,2,0,false,,Star,Sturnus vulgaris,Обыкновенный скворец,Aves,14850
45848933,3b4fec6b-ca29-44d3-ba2f-114266735add,2019/06/21 6:39 PM UTC,2019-06-21,,UTC,2954917,aride82,antoine Pierre David Ride,2020-05-14 05:29:02 UTC,2022-04-15 15:35:44 UTC,research,,https://www.inaturalist.org/observations/45848933,https://static.inaturalist.org/photos/72716886/medium.jpeg,,"","",2,0,false,,Étourneau sansonnet,Sturnus vulgaris,Обыкновенный скворец,Aves,14850
45957973,a0727bff-1333-4682-b348-04b7ecd854d5,2020/05/14 10:13 AM UTC,2020-05-14,,UTC,840257,raf-pan,Παναγιώτης Ραφαηλίδης,2020-05-15 10:36:06 UTC,2022-04-15 15:54:13 UTC,research,CC-BY-NC,https://www.inaturalist.org/observations/45957973,https://inaturalist-open-data.s3.amazonaws.com/photos/72891468/medium.jpeg,,"","",6,0,false,,European Starling,Sturnus vulgaris,Обыкновенный скворец,Aves,14850
46240960,556b18f6-8c74-41a1-ba4e-62c118496bce,2020-05-17 4:24:00 PM GMT+03:00,2020-05-17,2020-05-17 13:24:00 UTC,Baghdad,2976053,aureja,"",2020-05-17 15:18:28 UTC,2022-04-15 15:42:24 UTC,research,CC-BY-NC,https://www.inaturalist.org/observations/46240960,https://inaturalist-open-data.s3.amazonaws.com/photos/73337882/medium.jpg,,"",,3,0,false,2,European Starling,Sturnus vulgaris,Обыкновенный скворец,Aves,14850
46763408,33b08bab-2f1f-46a9-bd3b-32e0e5b3c388,2020/05/21 8:49 AM CEST,2020-05-21,2020-05-21 06:49:00 UTC,Berlin,1508203,steven2802,Steven Schulting,2020-05-21 20:09:49 UTC,2023-04-10 05:55:25 UTC,research,CC-BY-NC,https://www.inaturalist.org/observations/46763408,https://inaturalist-open-data.s3.amazonaws.com/photos/74162793/medium.jpeg,,"","",5,0,false,,European Starling,Sturnus vulgaris,Обыкновенный скворец,Aves,14850
46881724,e72ea1c4-970f-4746-bdac-a829f47d378e,2020/05/21 2:19 PM MSK,2020-05-21,2020-05-21 11:19:00 UTC,Moscow,1738871,tx_neft,Наталья,2020-05-22 19:58:43 UTC,2023-04-10 05:53:50 UTC,research,CC-BY-NC,https://www.inaturalist.org/observations/46881724,https://inaturalist-open-data.s3.amazonaws.com/photos/74350088/medium.jpeg,,"",,1,0,false,,Estorniño pinto,Sturnus vulgaris,Обыкновенный скворец,Aves,14850
46986548,e74d1c13-1d07-4da9-9b01-13220de17921,2020/05/19 12:56 PM CEST,2020-05-19,2020-05-19 10:56:00 UTC,Bern,169070,roby,"",2020-05-23 16:37:14 UTC,2022-04-16 09:37:18 UTC,research,CC-BY-NC,https://www.inaturalist.org/observations/46986548,https://inaturalist-open-data.s3.amazonaws.com/photos/74514416/medium.jpeg,,"",,2,0,false,,Storno comune,Sturnus vulgaris,Обыкновенный скворец,Aves,14850
47772104,8df09d39-a2a1-4ca2-b50a-64d222cee44d,2020/05/29 6:13 PM EEST,2020-05-29,2020-05-29 15:13:00 UTC,Helsinki,1215736,hamahakintoukka,JS,2020-05-29 20:38:15 UTC,2024-05-01 17:06:00 UTC,research,CC-BY,https://www.inaturalist.org/observations/47772104,https://inaturalist-open-data.s3.amazonaws.com/photos/75778961/medium.jpeg,,"",,2,0,false,,European Starling,Sturnus vulgaris,Обыкновенный скворец,Aves,14850
48417488,d468bd10-f01a-479c-ba5e-4d5db29fc87f,2020-06-02 3:15:00 AM GMT+02:00,2020-06-02,2020-06-01 23:15:00 UTC,Pretoria,2988322,christinep2,Christine P,2020-06-04 07:58:22 UTC,2023-06-19 23:17:03 UTC,research,,https://www.inaturalist.org/observations/48417488,https://static.inaturalist.org/photos/76825747/medium.jpg,,"",,3,0,false,2,Étourneau sansonnet,Sturnus vulgaris,Обыкновенный скворец,Aves,14850
48455828,12d50d93-b3b1-4d59-a8ea-8da835e8f50f,2020-05-09 12:08:01 PM GMT+01:00,2020-05-09,2020-05-09 10:08:01 UTC,Amsterdam,1470491,sheriff_kelly,"",2020-06-04 17:54:20 UTC,2025-04-27 20:21:18 UTC,research,CC-BY-NC,https://www.inaturalist.org/observations/48455828,https://inaturalist-open-data.s3.amazonaws.com/photos/76887334/medium.jpeg,,"",,4,0,false,2,Common Starling,Sturnus vulgaris,Обыкновенный скворец,Aves,14850
49412278,34bb4b43-dab3-486b-a267-62cf3b7c5650,2018/04/06 4:27 PM CEST,2018-04-06,2018-04-06 14:27:00 UTC,Madrid,3112348,motacilla_alba,"",2020-06-13 07:12:35 UTC,2025-03-07 10:00:00 UTC,research,,https://www.inaturalist.org/observations/49412278,https://static.inaturalist.org/photos/78441658/medium.jpeg,,"","",4,0,false,,Star,Sturnus vulgaris,Обыкновенный скворец,Aves,14850
49695046,6cbcfff8-5ad5-4654-832b-3311642cbcac,2020-06-12 9:15:58 PM GMT+02:00,2020-06-12,2020-06-12 17:15:58 UTC,Pretoria,2672511,ylvina,Ylvina,2020-06-15 08:14:42 UTC,2022-04-15 15:52:43 UTC,research,,https://www.inaturalist.org/observations/49695046,https://static.inaturalist.org/photos/78896156/medium.jpg,,"",,2,0,false,2,European Starling,Sturnus vulgaris,Обыкновенный скворец,Aves,14850
49788461,a6445c06-5685-402d-b6ed-6f9c283d7090,2020/06/01 9:00 PM UTC,2020-06-01,,UTC,3184779,red_point,,2020-06-16 00:41:16 UTC,2022-04-15 15:55:14 UTC,research,CC-BY-NC,https://www.inaturalist.org/observations/49788461,https://inaturalist-open-data.s3.amazonaws.com/photos/79045302/medium.jpg,,"",,3,0,false,,European Starling,Sturnus vulgaris,Обыкновенный скворец,Aves,14850
50698861,ef9f5f40-8b8f-4689-b8ff-37b0d04515d7,2014/03/03 8:21 AM GMT,2014-03-03,2014-03-03 08:21:00 UTC,Edinburgh,2883211,rkl,Roy Lowry,2020-06-23 19:37:56 UTC,2022-04-15 15:43:21 UTC,research,CC-BY,https://www.inaturalist.org/observations/50698861,https://inaturalist-open-data.s3.amazonaws.com/photos/80517974/medium.jpeg,,"",,4,0,false,,European Starling,Sturnus vulgaris,Обыкновенный скворец,Aves,14850
50752061,cfefb528-11f6-4d95-83c4-0a786308a9ac,2019/12/16 11:14 AM GMT,2019-12-16,2019-12-16 11:14:00 UTC,Edinburgh,2883211,rkl,Roy Lowry,2020-06-24 08:11:57 UTC,2022-04-16 09:34:48 UTC,research,CC-BY,https://www.inaturalist.org/observations/50752061,https://inaturalist-open-data.s3.amazonaws.com/photos/80610185/medium.jpeg,,"",,4,0,false,,Étourneau sansonnet,Sturnus vulgaris,Обыкновенный скворец,Aves,14850
52960886,d7c569f1-35d6-4164-ac9a-57f99ad7a241,Mon Jul 13 2020 18:46:39 GMT+0100 (GMT+1),2020-07-13,2020-07-13 16:46:39 UTC,Amsterdam,3093107,a99b8,,2020-07-13 17:47:48 UTC,2022-04-17 16:00:18 UTC,research,CC-BY-NC,https://www.inaturalist.org/observations/52960886,https://inaturalist-open-data.s3.amazonaws.com/photos/84216572/medium.jpg,,"",,2,0,false,3,Étourneau sansonnet,Sturnus vulgaris,Обыкновенный скворец,Aves,14850
53515909,3272d759-77af-4326-853a-027e1184dd6f,Wed Jun 10 2020 11:34:17 GMT+0200 (GMT+2),2020-06-10,2020-06-10 07:34:17 UTC,Pretoria,3349054,ivanindracek,Ivan Indracek,2020-07-18 20:05:39 UTC,2023-03-29 22:44:46 UTC,research,,https://www.inaturalist.org/observations/53515909,https://static.inaturalist.org/photos/85120510/medium.jpg,,"",,3,0,false,3,European Starling,Sturnus vulgaris,Обыкновенный скворец,Aves,14850
56999272,0fddb8b1-7399-4114-9132-57e64da87d0b,Wed Aug 19 2020 16:31:02 GMT+0300 (GMT+3),2020-08-19,2020-08-19 13:31:02 UTC,Baghdad,3470493,angelinabulavina,Angelina Bulavina,2020-08-20 04:10:18 UTC,2022-04-15 17:27:35 UTC,research,,https://www.inaturalist.org/observations/56999272,https://static.inaturalist.org/photos/90882460/medium.jpg,,"",,3,0,false,3,Обыкновенный скворец,Sturnus vulgaris,Обыкновенный скворец,Aves,14850
57012338,245555c9-bb57-48d7-8a77-e6d6dbc78dcd,Thu Aug 20 2020 13:25:25 GMT+0300 (GMT+3),2020-08-20,2020-08-20 10:25:25 UTC,Baghdad,3478701,cali38,,2020-08-20 10:29:35 UTC,2024-12-31 16:55:52 UTC,research,CC-BY-NC,https://www.inaturalist.org/observations/57012338,https://inaturalist-open-data.s3.amazonaws.com/photos/90904965/medium.jpg,,"",,2,0,false,3,Étourneau sansonnet,Sturnus vulgaris,Обыкновенный скворец,Aves,14850
58349811,99dbfd2a-5a6d-464a-be9c-0121ea1116b6,2020-09-01T10:47:04+02:00,2020-09-01,2020-09-01 08:47:04 UTC,UTC,1854529,thbrehm,,2020-09-02 18:19:45 UTC,2022-04-15 15:40:57 UTC,research,,https://www.inaturalist.org/observations/58349811,https://inaturalist-open-data.s3.amazonaws.com/photos/93150609/medium.jpeg,,"",Ist ein Star.,4,1,false,333,Storno comune,Sturnus vulgaris,Обыкновенный скворец,Aves,14850
58447057,225c5464-74b0-41e9-b365-312e9d04229c,2020/09/03 10:16 PM CEST,2020-09-03,2020-09-03 20:16:00 UTC,Paris,3541560,fra_walther,,2020-09-03 20:20:14 UTC,2024-10-26 12:50:08 UTC,research,CC-BY-NC,https://www.inaturalist.org/observations/58447057,https://inaturalist-open-data.s3.amazonaws.com/photos/93313923/medium.png,https://static.inaturalist.org/sounds/134257.mp3?1599164189,"",,3,0,false,,Star,Sturnus vulgaris,Обыкновенный скворец,Aves,14850
58712719,9735a4bb-4cf3-47be-9018-f9909f6e5b6e,Sun Sep 06 2020 16:02:08 GMT+0200 (GMT+2),2020-09-06,2020-09-06 12:02:08 UTC,Pretoria,3442383,mwolanski,,2020-09-06 14:02:13 UTC,2022-04-15 17:27:50 UTC,research,CC-BY-NC,https://www.inaturalist.org/observations/58712719,https://inaturalist-open-data.s3.amazonaws.com/photos/93757491/medium.jpg,,"",,3,0,false,3,European Starling,Sturnus vulgaris,Обыкновенный скворец,Aves,14850
58815086,520799a9-2212-4096-9f83-b86a890e48ed,2020-09-07 9:20:52 AM GMT+02:00,2020-09-07,2020-09-07 05:20:52 UTC,Pretoria,3441949,gaelnature,Gaël,2020-09-07 07:23:10 UTC,2022-06-01 20:58:56 UTC,research,CC-BY-NC,https://www.inaturalist.org/observations/58815086,https://inaturalist-open-data.s3.amazonaws.com/photos/121847885/medium.jpeg,,"","",1,0,false,2,European Starling,Sturnus vulgaris,Обыкновенный скворец,Aves,14850
59302422,24fb2238-1a82-48b4-84dc-14999aee6479,Sat Sep 12 2020 12:29:19 GMT+0200 (GMT+2),2020-09-12,2020-09-12 08:29:19 UTC,Pretoria,1309643,antoineduhamel,,2020-09-12 10:31:22 UTC,2022-04-15 17:27:04 UTC,research,,https://www.inaturalist.org/observations/59302422,https://static.inaturalist.org/photos/94746667/medium.jpg,,"",,3,0,false,3,European Starling,Sturnus vulgaris,Обыкновенный скворец,Aves,14850
62191803,1f785157-a096-4da9-9097-11dfa60c8108,2020/10/09 3:38 PM CEST,2020-10-09,2020-10-09 13:38:00 UTC,Rome,146435,eddibisulli,Eddi Bisulli,2020-10-10 13:39:15 UTC,2024-09-10 13:40:42 UTC,research,CC-BY-NC,https://www.inaturalist.org/observations/62191803,https://inaturalist-open-data.s3.amazonaws.com/photos/99614729/medium.jpg,,"",,3,0,false,,European Starling,Sturnus vulgaris,Обыкновенный скворец,Aves,14850
63117477,cba24b0a-9f61-4334-b898-67acfae21dda,2020/10/14 1:09 PM UTC,2020-10-14,2020-10-14 13:09:00 UTC,UTC,3580625,vinwin,Vincent W.,2020-10-20 20:26:40 UTC,2024-09-18 18:09:14 UTC,research,CC-BY,https://www.inaturalist.org/observations/63117477,https://static.inaturalist.org/photos/101243462/medium.jpeg,,"Star, Vogel, Vögel, Diedorf","",3,0,false,,Estorniño pinto,Sturnus vulgaris,Обыкновенный скворец,Aves,14850
63154733,330af1d1-cdeb-4daf-9ddb-a034b9d9dc6f,Tue Oct 13 2020 15:29:01 GMT+0100 (GMT+1),2020-10-13,2020-10-13 13:29:01 UTC,Amsterdam,2500003,iviterip,,2020-10-21 10:18:56 UTC,2020-10-22 17:22:10 UTC,research,CC-BY-NC,https://www.inaturalist.org/observations/63154733,https://inaturalist-open-data.s3.amazonaws.com/photos/101311893/medium.jpg,,"",Mistle thrush or song thrush? ,4,0,false,3,European Starling,Sturnus vulgaris,Обыкновенный скворец,Aves,14850
64069535,8e1e20a4-4015-4626-86f1-7c8aa4f853c5,2020/11/02 5:41 PM CET,2020-11-02,2020-11-02 16:41:00 UTC,Paris,3233792,rober025,"",2020-11-02 23:11:41 UTC,2021-04-29 06:09:25 UTC,research,CC-BY-NC,https://www.inaturalist.org/observations/64069535,https://static.inaturalist.org/photos/102940595/medium.jpeg,,"Haff Remich, Aves",Swarming!,1,0,false,,European Starling,Sturnus vulgaris,Обыкновенный скворец,Aves,14850
64101049,a012ed11-5b84-4deb-9910-77e2ce09edca,2019/04/07 3:16 PM MSK,2019-04-07,2019-04-07 12:16:00 UTC,Moscow,3086462,marina-privalova,Marina Privalova,2020-11-03 10:38:46 UTC,2022-04-15 15:34:26 UTC,research,CC-BY-NC,https://www.inaturalist.org/observations/64101049,https://inaturalist-open-data.s3.amazonaws.com/photos/102999865/medium.jpeg,,"","",2,0,false,,Обыкновенный скворец,Sturnus vulgaris,Обыкновенный скворец,Aves,14850
64458524,9c359b57-0af2-4327-898c-78da2eeecd95,2020-11-04 5:49:13 PM GMT+01:00,2020-11-04,2020-11-04 16:49:13 UTC,Amsterdam,3025014,sren83,Søren Møller,2020-11-08 19:21:03 UTC,2022-04-15 15:51:40 UTC,research,,https://www.inaturalist.org/observations/64458524,https://static.inaturalist.org/photos/103634381/medium.jpeg,,"",,2,0,false,2,Stær,Sturnus vulgaris,Обыкновенный скворец,Aves,14850
65282421,3c0bad33-6693-4657-a397-c8a0d1b8fed9,Fri Nov 20 2020 18:21:15 GMT+0100 (GMT+1),2020-11-20,2020-11-20 17:21:15 UTC,Amsterdam,2903688,insectes,,2020-11-20 17:24:41 UTC,2022-04-15 15:33:59 UTC,research,CC-BY-NC,https://www.inaturalist.org/observations/65282421,https://inaturalist-open-data.s3.amazonaws.com/photos/105044485/medium.jpg,,"",ÉTOURNEAU SANSONNET au bec noir ,5,0,false,3,Étourneau sansonnet,Sturnus vulgaris,Обыкновенный скворец,Aves,14850
66164861,daf45b8a-add5-4f32-9884-48c4de91b2c1,2020/05/16 7:22 PM CEST,2020-05-16,2020-05-16 17:22:00 UTC,Stockholm,1891518,sloppydemon,Kim Falck,2020-12-06 01:06:49 UTC,2023-03-16 18:24:59 UTC,research,CC-BY-NC,https://www.inaturalist.org/observations/66164861,https://inaturalist-open-data.s3.amazonaws.com/photos/106603107/medium.jpg,,"",,1,0,false,,European Starling,Sturnus vulgaris,Обыкновенный скворец,Aves,14850
67004299,18116894-4ab3-474c-9fe1-f80077ab3456,2019/11/11 2:35 PM CET,2019-11-11,2019-11-11 13:35:00 UTC,Paris,1371996,philippe-rabaute,Philippe RABAUTE,2020-12-24 13:45:33 UTC,2022-05-15 14:52:58 UTC,research,CC-BY-NC,https://www.inaturalist.org/observations/67004299,https://inaturalist-open-data.s3.amazonaws.com/photos/108148783/medium.jpeg,,"","",4,0,false,,Étourneau sansonnet,Sturnus vulgaris,Обыкновенный скворец,Aves,14850
67138064,4dfafe44-69fd-47ee-9261-6fe2418b2de6,2020-12-27 2:56:01 PM GMT,2020-12-27,2020-12-27 14:56:01 UTC,UTC,1673214,bombdisposalboy,simon,2020-12-27 14:56:20 UTC,2022-04-15 15:35:45 UTC,research,CC-BY-NC,https://www.inaturalist.org/observations/67138064,https://inaturalist-open-data.s3.amazonaws.com/photos/108407296/medium.jpeg,,"","",2,0,false,2,European Starling,Sturnus vulgaris,Обыкновенный скворец,Aves,14850
67307804,06311cfd-c0de-4fa8-b423-4dbced342af9,2020/12/19 12:31 PM UTC,2020-12-19,2020-12-19 12:31:00 UTC,UTC,1756341,katherine_jane,Katherine Wright,2020-12-30 16:55:33 UTC,2022-09-03 02:04:50 UTC,research,CC-BY-NC,https://www.inaturalist.org/observations/67307804,https://inaturalist-open-data.s3.amazonaws.com/photos/108715086/medium.jpeg,,"",,2,0,false,,Star,Sturnus vulgaris,Обыкновенный скворец,Aves,14850
67755004,d6c28994-700d-4f39-a533-e36a177c15bf,2021-01-01 09:59:06,2021-01-01,2021-01-01 08:59:06 UTC,Paris,738950,michel_du_lac_de_creteil,Michel,2021-01-08 17:53:37 UTC,2022-04-15 17:27:48 UTC,research,,https://www.inaturalist.org/observations/67755004,https://static.inaturalist.org/photos/109553526/medium.jpg,,Étourneau sansonnet - Sturnus vulgaris - Common Starling : IMG_3796_©_Michel_NOEL_2020_Lac-Creteil,"",5,0,false,,European Starling,Sturnus vulgaris,Обыкновенный скворец,Aves,14850
67785981,73b25b6b-feea-4e8e-9691-8f54794ea622,2021/01/03 2:50 PM SST,2021-01-03,2021-01-03 00:50:00 UTC,Samoa,1493947,vyacheslavluzanov,Vyacheslav Luzanov,2021-01-09 08:26:33 UTC,2024-11-17 18:49:42 UTC,research,CC-BY-NC,https://www.inaturalist.org/observations/67785981,https://inaturalist-open-data.s3.amazonaws.com/photos/109611226/medium.jpg,,"",,2,0,false,,Обыкновенный скворец,Sturnus vulgaris,Обыкновенный скворец,Aves,14850
67787776,7b42b98c-db28-4ea0-9ea7-06112001c3c1,Sat Jan 09 2021 09:41:32 GMT+0000 (GMT),2021-01-09,2021-01-09 09:41:32 UTC,UTC,3618866,treeesparrow,Treeesparrow,2021-01-09 09:42:48 UTC,2022-04-24 11:23:41 UTC,research,CC0,https://www.inaturalist.org/observations/67787776,https://inaturalist-open-data.s3.amazonaws.com/photos/109614357/medium.jpg,,"","",2,0,false,3,European Starling,Sturnus vulgaris,Обыкновенный скворец,Aves,14850
69059305,5274d2a8-f80b-4f46-87be-c32aeef421e1,2021/02/04 3:30 PM HST,2021-02-04,2021-02-05 01:30:00 UTC,Hawaii,720366,pedramturkoglu,Pedram Türkoğlu,2021-02-04 18:25:36 UTC,2025-01-01 14:29:06 UTC,research,,https://www.inaturalist.org/observations/69059305,https://static.inaturalist.org/photos/111972528/medium.jpeg,,"",,4,0,false,,Sığırcık,Sturnus vulgaris,Обыкновенный скворец,Aves,14850
69380279,84727456-31fa-4890-b0a4-4db15eceea66,Wed Feb 10 2021 10:11:01 GMT+0100 (GMT+1),2021-02-10,2021-02-10 09:11:01 UTC,Belgrade,737318,elwizsorensen,Markus S,2021-02-10 20:59:14 UTC,2022-04-26 19:01:33 UTC,research,,https://www.inaturalist.org/observations/69380279,https://static.inaturalist.org/photos/112555386/medium.jpg,,"","",4,0,false,3,Star,Sturnus vulgaris,Обыкновенный скворец,Aves,14850
69882249,9797ac6d-cb41-4311-a27a-c267ba8a5c0c,2021-02-20 5:08:32 PM GMT+01:00,2021-02-20,2021-02-20 16:08:32 UTC,Amsterdam,3841483,robinia396,Magdalena Nogaj,2021-02-20 21:26:29 UTC,2022-04-15 15:23:24 UTC,research,,https://www.inaturalist.org/observations/69882249,https://static.inaturalist.org/photos/113498868/medium.jpeg,,"",,2,0,false,2,European Starling,Sturnus vulgaris,Обыкновенный скворец,Aves,14850
70003261,d6c1cc94-ec9a-4446-9720-8a3530ebc5ac,2021-02-22 5:56:26 PM GMT+01:00,2021-02-22,2021-02-22 16:56:26 UTC,Amsterdam,3841483,robinia396,Magdalena Nogaj,2021-02-22 20:39:12 UTC,2022-04-15 15:58:42 UTC,research,,https://www.inaturalist.org/observations/70003261,https://static.inaturalist.org/photos/113718427/medium.jpeg,,"",Big group of starlings on the top of the tree ,4,0,false,2,Star,Sturnus vulgaris,Обыкновенный скворец,Aves,14850
70010993,ce216096-1cfd-4db0-b9e7-b0aa4a96ebe7,2021/02/20 5:06 PM CET,2021-02-20,2021-02-20 16:06:00 UTC,Paris,3804546,codrin_bucur,Codrin Bucur,2021-02-22 23:15:46 UTC,2022-07-21 18:43:00 UTC,research,CC-BY,https://www.inaturalist.org/observations/70010993,https://inaturalist-open-data.s3.amazonaws.com/photos/216023429/medium.jpeg,,"2021, 3-Star, Animal, Author: Codrin, Basel-Stadt, Best, Bird, Birdwatching, eBird, European Starling, February, Female, Google Photos, HD Pentax-DA 55-300mm F4-5.8 ED WR, Highlight, Hotspot, iNaturalist, Landschaftpark Wiese, Lange Erlen, Male, Nature, Nature Reserve, Observation, Pentax K-5, Posted, Riehen, Starling, Switzerland, Weilmatten, Winter",European Starling couple at Lange Erlen - Feb 2021,4,0,false,,European Starling,Sturnus vulgaris,Обыкновенный скворец,Aves,14850
70262157,292b3aee-0539-4328-a043-0ed6437b2e26,2021/02/23 2:39 PM CET,2021-02-23,2021-02-23 13:39:00 UTC,Paris,3060036,aurelie_laurent,Aurelie Laurent,2021-02-27 17:28:33 UTC,2025-03-23 09:05:43 UTC,research,CC-BY-NC,https://www.inaturalist.org/observations/70262157,https://inaturalist-open-data.s3.amazonaws.com/photos/114178325/medium.jpg,,"","",2,0,false,,Étourneau Sansonnet,Sturnus vulgaris,Обыкновенный скворец,Aves,14850
70311367,bdc367ed-c16b-4bb4-be64-a4e3cfb5d065,2021/02/28 10:34 AM CET,2021-02-28,2021-02-28 09:34:00 UTC,Vienna,3869948,sbx8,,2021-02-28 10:55:22 UTC,2022-04-15 17:28:02 UTC,research,CC-BY-NC,https://www.inaturalist.org/observations/70311367,https://inaturalist-open-data.s3.amazonaws.com/photos/114277115/medium.jpeg,,"",,3,0,false,,European Starling,Sturnus vulgaris,Обыкновенный скворец,Aves,14850
70392662,74f182ee-aa87-4efc-aef4-a13cbe80c951,2021/03/01 11:08 AM HST,2021-03-01,2021-03-01 21:08:00 UTC,Hawaii,1185997,bernardjulien06000,"",2021-03-01 14:47:12 UTC,2022-04-15 17:27:43 UTC,research,CC-BY-NC,https://www.inaturalist.org/observations/70392662,https://inaturalist-open-data.s3.amazonaws.com/photos/114426130/medium.jpg,,"",,3,0,false,,Kottarainen,Sturnus vulgaris,Обыкновенный скворец,Aves,14850
71079223,2c474001-a7f1-4e7c-853e-d58f3a549f4c,2021/03/12 5:50 PM HST,2021-03-12,2021-03-13 03:50:00 UTC,Hawaii,1959201,merl,Kevin Merl,2021-03-12 19:37:10 UTC,2025-04-02 16:24:51 UTC,research,CC0,https://www.inaturalist.org/observations/71079223,https://inaturalist-open-data.s3.amazonaws.com/photos/115663982/medium.jpeg,,"","",3,0,false,,Star,Sturnus vulgaris,Обыкновенный скворец,Aves,14850
71149636,e0e67bee-501a-4155-bef8-2d4a86336080,2021-03-13 8:54:44 AM GMT+01:00,2021-03-13,2021-03-13 07:54:44 UTC,Amsterdam,3841483,robinia396,Magdalena Nogaj,2021-03-13 19:09:14 UTC,2022-04-15 15:59:17 UTC,research,,https://www.inaturalist.org/observations/71149636,https://static.inaturalist.org/photos/115792798/medium.jpeg,,"",,4,0,false,2,Kottarainen,Sturnus vulgaris,Обыкновенный скворец,Aves,14850
71214545,635acd4e-c7b7-44bf-b36b-f8ac36ed206f,2021/03/14 11:58 AM UTC,2021-03-14,2021-03-14 11:58:00 UTC,UTC,3261276,ludaalimova,Людмила Алимова,2021-03-14 14:21:30 UTC,2023-07-08 01:51:03 UTC,research,CC-BY,https://www.inaturalist.org/observations/71214545,https://inaturalist-open-data.s3.amazonaws.com/photos/115907494/medium.jpg,,"",,3,0,false,,European Starling,Sturnus vulgaris,Обыкновенный скворец,Aves,14850
71375737,6bdef163-a649-470b-80ac-b37ba7ea6c0d,Tue Mar 16 2021 18:40:23 GMT+0000 (GMT),2021-03-16,2021-03-16 18:40:23 UTC,UTC,4021681,jonathanmock,,2021-03-16 18:40:29 UTC,2025-08-05 19:40:28 UTC,research,CC-BY-NC,https://www.inaturalist.org/observations/71375737,https://inaturalist-open-data.s3.amazonaws.com/photos/116200346/medium.jpg,,"","",2,0,false,3,Spreeuw,Sturnus vulgaris,Обыкновенный скворец,Aves,14850
72376520,0fb877e9-b7ad-4bf0-8f6d-beedab37f6f1,2021/03/29 2:52 PM CEST,2021-03-29,2021-03-29 12:52:00 UTC,Rome,85295,valeriosbordoni,valerio sbordoni,2021-03-29 17:33:54 UTC,2022-12-03 17:15:00 UTC,research,,https://www.inaturalist.org/observations/72376520,https://static.inaturalist.org/photos/117993013/medium.jpeg,,"","",3,1,false,,European Starling,Sturnus vulgaris,Обыкновенный скворец,Aves,14850
72881978,c8c07711-8035-4e32-a1ec-20e317d39fa9,2011/04/17 12:53 PM EEST,2011-04-17,2011-04-17 09:53:00 UTC,Tallinn,2420214,reelika,"",2021-04-04 12:01:36 UTC,2022-04-15 15:59:25 UTC,research,CC-BY-NC,https://www.inaturalist.org/observations/72881978,https://inaturalist-open-data.s3.amazonaws.com/photos/118912264/medium.jpeg,,"",,2,0,false,,Обыкновенный скворец,Sturnus vulgaris,Обыкновенный скворец,Aves,14850
73009233,f25255c9-22d2-4ebc-890f-659a68adea97,2020/11/01 9:54 AM CET,2020-11-01,2020-11-01 08:54:00 UTC,Paris,4147742,teichmolch70,Thorsten Stegmann,2021-04-05 14:15:11 UTC,2022-04-15 15:38:02 UTC,research,CC-BY-NC,https://www.inaturalist.org/observations/73009233,https://inaturalist-open-data.s3.amazonaws.com/photos/119140019/medium.jpeg,,"","",5,0,false,,European Starling,Sturnus vulgaris,Обыкновенный скворец,Aves,14850
73054761,7a6edded-40e3-486f-8172-3b3f62739302,2020/09/06 3:28 PM UTC,2020-09-06,2020-09-06 15:28:00 UTC,UTC,3932137,davidfhuerta,David Fernández Huerta,2021-04-05 22:07:02 UTC,2025-04-16 20:01:03 UTC,research,CC-BY-NC,https://www.inaturalist.org/observations/73054761,https://inaturalist-open-data.s3.amazonaws.com/photos/119217004/medium.jpeg,,"",,2,0,false,,European Starling,Sturnus vulgaris,Обыкновенный скворец,Aves,14850
73239125,4376207c-6781-413c-8728-63c56745e3d8,2021/04/07 4:38 PM CEST,2021-04-07,2021-04-07 14:38:00 UTC,Stockholm,1891518,sloppydemon,Kim Falck,2021-04-07 22:26:35 UTC,2023-03-16 19:44:14 UTC,research,CC-BY-NC,https://www.inaturalist.org/observations/73239125,https://inaturalist-open-data.s3.amazonaws.com/photos/119548926/medium.jpg,,"",,2,0,false,,Étourneau sansonnet,Sturnus vulgaris,Обыкновенный скворец,Aves,14850
73516652,4d5633ca-eb47-4111-85eb-a02e96d865bb,2021/04/08 10:14 AM BST,2021-04-08,2021-04-08 09:14:00 UTC,Edinburgh,2883211,rkl,Roy Lowry,2021-04-10 18:10:16 UTC,2022-04-15 15:23:53 UTC,research,CC-BY,https://www.inaturalist.org/observations/73516652,https://inaturalist-open-data.s3.amazonaws.com/photos/120030161/medium.jpeg,,"",,4,0,false,,Star,Sturnus vulgaris,Обыкновенный скворец,Aves,14850
73659256,2c5325c7-b064-42be-9a16-5308714aea85,2021/03/24 4:03 PM GMT,2021-03-24,2021-03-24 16:03:00 UTC,London,1010643,jmark,J Mark Earlam,2021-04-11 20:08:59 UTC,2024-04-25 03:29:40 UTC,research,CC0,https://www.inaturalist.org/observations/73659256,https://inaturalist-open-data.s3.amazonaws.com/photos/120280586/medium.jpeg,,"","",3,0,false,,European Starling,Sturnus vulgaris,Обыкновенный скворец,Aves,14850
73739128,ecce9dcc-38ea-4fd8-860a-d642a899c127,2021/04/09 5:04 PM CEST,2021-04-09,2021-04-09 15:04:00 UTC,Berlin,2048004,kuqi_baba,"",2021-04-12 13:34:23 UTC,2022-04-15 15:55:01 UTC,research,CC-BY-NC,https://www.inaturalist.org/observations/73739128,https://inaturalist-open-data.s3.amazonaws.com/photos/120425796/medium.jpg,,"",,5,0,false,,Star,Sturnus vulgaris,Обыкновенный скворец,Aves,14850
73829417,79925aef-e6c4-4f7b-bc8a-c46462e2d7dc,2021/04/11 6:46 AM EEST,2021-04-11,2021-04-11 03:46:00 UTC,Kyiv,1775236,davydovbotany,Denis Davydov,2021-04-13 10:18:24 UTC,2022-04-15 15:59:16 UTC,research,CC-BY-NC,https://www.inaturalist.org/observations/73829417,https://inaturalist-open-data.s3.amazonaws.com/photos/120590561/medium.jpeg,,"","",4,0,false,,European Starling,Sturnus vulgaris,Обыкновенный скворец,Aves,14850
73940461,0de061d0-2030-4675-9d59-881bb0ae435e,Wed Apr 14 2021 15:10:49 GMT+0100 (GMT+1),2021-04-14,2021-04-14 13:10:49 UTC,Amsterdam,3931916,corzeey,,2021-04-14 14:19:06 UTC,2022-10-24 20:57:20 UTC,research,CC-BY-NC,https://www.inaturalist.org/observations/73940461,https://inaturalist-open-data.s3.amazonaws.com/photos/120787785/medium.jpg,,"","",4,0,false,3,European Starling,Sturnus vulgaris,Обыкновенный скворец,Aves,14850
73945343,2084a03d-39e7-49d5-86be-c083fc638637,2018/11/16 4:06 PM GMT,2018-11-16,2018-11-16 16:06:00 UTC,Edinburgh,541065,whinaem,,2021-04-14 15:20:56 UTC,2022-04-15 15:41:21 UTC,research,CC-BY-NC,https://www.inaturalist.org/observations/73945343,https://inaturalist-open-data.s3.amazonaws.com/photos/120795629/medium.jpeg,,"",,3,0,false,,European Starling,Sturnus vulgaris,Обыкновенный скворец,Aves,14850
75361543,d948249e-d94d-496e-bfce-8758de19394f,2021-04-25 12:37:34 PM GMT+02:00,2021-04-25,2021-04-25 10:37:34 UTC,Pretoria,3841483,robinia396,Magdalena Nogaj,2021-04-26 22:06:58 UTC,2022-04-15 15:35:58 UTC,research,,https://www.inaturalist.org/observations/75361543,https://static.inaturalist.org/photos/123280332/medium.jpeg,,"",,4,0,false,2,European Starling,Sturnus vulgaris,Обыкновенный скворец,Aves,14850
76098939,e3a8de47-161e-4fcb-abbf-0cf7a9bdc219,Sat May 01 2021 12:19:02 GMT+0100 (GMT+1),2021-05-01,2021-05-01 10:19:02 UTC,Amsterdam,4249548,ljmoore66,,2021-05-01 11:19:34 UTC,2022-04-15 15:35:59 UTC,research,CC-BY-NC,https://www.inaturalist.org/observations/76098939,https://inaturalist-open-data.s3.amazonaws.com/photos/125740738/medium.jpg,,"","",2,0,false,3,European Starling,Sturnus vulgaris,Обыкновенный скворец,Aves,14850
77578898,4be347a0-f802-47c5-8e5f-9947d3832a38,2021/04/22 11:42 AM CEST,2021-04-22,2021-04-22 09:42:00 UTC,Berlin,132154,reddad,"",2021-05-06 09:31:38 UTC,2024-04-25 03:29:28 UTC,research,CC-BY-NC,https://www.inaturalist.org/observations/77578898,https://inaturalist-open-data.s3.amazonaws.com/photos/126888200/medium.jpeg,,"",,3,0,false,,Star,Sturnus vulgaris,Обыкновенный скворец,Aves,14850
77750739,e65f44a7-38d8-436b-a083-634e65474769,2021/04/14 7:00 PM CEST,2021-04-14,2021-04-14 17:00:00 UTC,Copenhagen,112070,halvard_midtun,Halvard Aas Midtun,2021-05-07 14:31:55 UTC,2023-10-06 14:04:28 UTC,research,CC-BY-NC-ND,https://www.inaturalist.org/observations/77750739,https://static.inaturalist.org/photos/127180213/medium.jpg,,"",,2,0,false,,Обыкновенный скворец,Sturnus vulgaris,Обыкновенный скворец,Aves,14850
78039774,65483246-93e3-4a1e-98ea-bf1bb0448d5c,2021-05-08 12:17:25,2021-05-08,2021-05-08 10:17:25 UTC,UTC,3841483,robinia396,Magdalena Nogaj,2021-05-09 11:11:22 UTC,2022-04-17 06:18:40 UTC,research,,https://www.inaturalist.org/observations/78039774,https://static.inaturalist.org/photos/127672160/medium.jpeg,,"",Starling chick waiting for the food ,2,0,false,2,European Starling,Sturnus vulgaris,Обыкновенный скворец,Aves,14850
78381324,141b4c32-4548-43da-a6fc-07b38f82e96c,2021/05/08 12:57 PM CEST,2021-05-08,2021-05-08 10:57:00 UTC,Paris,3804546,codrin_bucur,Codrin Bucur,2021-05-11 19:29:25 UTC,2022-04-15 15:37:50 UTC,research,CC-BY,https://www.inaturalist.org/observations/78381324,https://inaturalist-open-data.s3.amazonaws.com/photos/128266659/medium.jpeg,,"Animal, Starling, Muttenz, HD Pentax-DA 55-300mm F4-5.8 ED WR, Observation, Walking, Juvenile, Bird, Birdwatching, Basel-Landschaft, Pentax K-5, Nest Box","Starling juvenile in nest box, Muttenz",5,0,false,,European Starling,Sturnus vulgaris,Обыкновенный скворец,Aves,14850
78577190,946468b7-6d38-4095-ae77-1e027a64bca2,Mon May 10 2021 12:23:00 GMT+0200 (GMT+2),2021-05-10,2021-05-10 10:23:00 UTC,Pretoria,2360914,cw1963,christian weber,2021-05-13 14:34:33 UTC,2022-04-17 12:49:58 UTC,research,,https://www.inaturalist.org/observations/78577190,https://static.inaturalist.org/photos/128614248/medium.jpg,,"","",2,0,false,3,Star,Sturnus vulgaris,Обыкновенный скворец,Aves,14850
78989108,c91a0732-0804-4391-b4cf-80dd29a8b798,2021/05/15 2:21 PM BST,2021-05-15,2021-05-15 13:21:00 UTC,Edinburgh,2883211,rkl,Roy Lowry,2021-05-16 14:10:06 UTC,2022-04-17 15:59:20 UTC,research,CC-BY,https://www.inaturalist.org/observations/78989108,https://inaturalist-open-data.s3.amazonaws.com/photos/129330459/medium.jpeg,,"",,3,0,false,,European Starling,Sturnus vulgaris,Обыкновенный скворец,Aves,14850
80453963,e24c9a2f-5758-477e-ba81-787912eb4285,2021/05/23 10:16 AM MSK,2021-05-23,2021-05-23 07:16:00 UTC,Moscow,2567727,forestru,Владимир,2021-05-27 07:02:49 UTC,2021-06-06 17:16:45 UTC,research,CC-BY-NC,https://www.inaturalist.org/observations/80453963,https://inaturalist-open-data.s3.amazonaws.com/photos/131867732/medium.jpg,,"","",1,0,false,,Star,Sturnus vulgaris,Обыкновенный скворец,Aves,14850
81019652,7acd9d5d-992c-4544-9c9f-51451cc2d017,2021/05/31 8:16 AM EEST,2021-05-31,2021-05-31 05:16:00 UTC,Tallinn,2399135,reosarevok,Nicolás Tamargo,2021-05-31 12:13:18 UTC,2024-02-16 20:59:37 UTC,research,CC0,https://www.inaturalist.org/observations/81019652,https://inaturalist-open-data.s3.amazonaws.com/photos/132842658/medium.jpg,,"","",1,0,false,,European Starling,Sturnus vulgaris,Обыкновенный скворец,Aves,14850
81400813,3bb888e0-40ad-443f-a132-505bfb0e94b9,2021/05/16 9:28 AM CEST,2021-05-16,2021-05-16 07:28:00 UTC,Paris,1859910,frankielee91,"",2021-06-03 06:26:38 UTC,2022-04-15 15:59:09 UTC,research,CC-BY-NC,https://www.inaturalist.org/observations/81400813,https://inaturalist-open-data.s3.amazonaws.com/photos/133514508/medium.jpeg,,"",,2,0,false,,Star,Sturnus vulgaris,Обыкновенный скворец,Aves,14850
81534069,cd202e53-b4b4-442b-aea2-088ba5e7ef62,2021/06/03 3:37 PM CEST,2021-06-03,2021-06-03 13:37:00 UTC,Paris,530426,lecomte,lecomte,2021-06-04 07:36:56 UTC,2022-04-15 15:41:26 UTC,research,,https://www.inaturalist.org/observations/81534069,https://static.inaturalist.org/photos/133748269/medium.jpeg,,"","",3,0,false,,European Starling,Sturnus vulgaris,Обыкновенный скворец,Aves,14850
82043704,444da1ba-59b5-4217-a69f-01fe34442d18,2021/05/31 2:37 PM CEST,2021-05-31,2021-05-31 12:37:00 UTC,Paris,2236269,pierrecorbrion,Pierre Corbrion,2021-06-07 16:44:55 UTC,2021-06-07 19:03:52 UTC,research,CC-BY-NC-SA,https://www.inaturalist.org/observations/82043704,https://inaturalist-open-data.s3.amazonaws.com/photos/134613982/medium.jpeg,,"",,2,0,false,,Étourneau sansonnet,Sturnus vulgaris,Обыкновенный скворец,Aves,14850
82302055,54c2446a-3a1c-44d6-97fa-e78a71fa1c5e,2021-06-09 15:33:03,2021-06-09,2021-06-09 13:33:03 UTC,Bern,4414711,susi_elh,Susi Elh,2021-06-09 15:41:43 UTC,2021-07-03 11:24:01 UTC,research,,https://www.inaturalist.org/observations/82302055,https://static.inaturalist.org/photos/135066031/medium.jpeg,,"",,1,0,false,2,European Starling,Sturnus vulgaris,Обыкновенный скворец,Aves,14850
82536894,28653c65-62e5-4e72-9861-6bd37f014a84,2021/06/10 2:03 PM CEST,2021-06-10,2021-06-10 12:03:00 UTC,Warsaw,2092792,ajzcidelg,"",2021-06-11 12:37:57 UTC,2021-06-13 09:32:05 UTC,research,CC-BY-NC,https://www.inaturalist.org/observations/82536894,https://inaturalist-open-data.s3.amazonaws.com/photos/135475478/medium.jpeg,,"","",1,0,false,,European Starling,Sturnus vulgaris,Обыкновенный скворец,Aves,14850
87346618,7263abf0-aadd-41ae-a4f0-21f79cfb4318,2021/05/31 2:10 PM UTC,2021-05-31,2021-05-31 14:10:00 UTC,UTC,3955068,textman,,2021-07-17 01:54:47 UTC,2022-04-15 15:43:33 UTC,research,CC-BY-NC,https://www.inaturalist.org/observations/87346618,https://inaturalist-open-data.s3.amazonaws.com/photos/143996352/medium.jpg,,"",,3,0,false,,Обыкновенный скворец,Sturnus vulgaris,Обыкновенный скворец,Aves,14850
87886886,eb3cd69b-e73a-4c09-afa4-2aba0a2938fa,2021-07-20 18:49:51,2021-07-20,2021-07-20 16:49:51 UTC,Bern,4414711,susi_elh,Susi Elh,2021-07-20 18:26:49 UTC,2022-04-15 17:28:03 UTC,research,,https://www.inaturalist.org/observations/87886886,https://static.inaturalist.org/photos/144947841/medium.jpeg,,"",,3,0,false,2,European Starling,Sturnus vulgaris,Обыкновенный скворец,Aves,14850
91585171,57d9958b-b800-4763-8118-b17afff66386,2021-04-04 16:14:17,2021-04-04,2021-04-04 15:14:17 UTC,London,4877895,jokuwildlife,,2021-08-17 23:34:43 UTC,2024-04-25 03:28:55 UTC,research,,https://www.inaturalist.org/observations/91585171,https://static.inaturalist.org/photos/151517913/medium.jpeg,,"",,3,0,false,2,European Starling,Sturnus vulgaris,Обыкновенный скворец,Aves,14850
92346412,67b38ee9-7072-4852-a9a5-0cc2dcec125a,Fri May 21 2021 08:40:55 GMT+0200 (GMT+2),2021-05-21,2021-05-21 05:40:55 UTC,Athens,3918667,jaki10,,2021-08-24 11:48:00 UTC,2022-06-09 18:53:00 UTC,research,CC-BY-NC,https://www.inaturalist.org/observations/92346412,https://inaturalist-open-data.s3.amazonaws.com/photos/152894177/medium.jpg,,"","",1,0,false,3,Étourneau sansonnet,Sturnus vulgaris,Обыкновенный скворец,Aves,14850
93240827,e310db93-a148-4bcd-b7ad-7ecaf2096b2a,Wed Sep 01 2021 12:53:54 GMT+0300 (GMT+3),2021-09-01,2021-09-01 09:53:54 UTC,Moscow,4658230,yasmins,,2021-09-01 10:21:29 UTC,2024-10-26 15:41:08 UTC,research,CC-BY-NC,https://www.inaturalist.org/observations/93240827,https://inaturalist-open-data.s3.amazonaws.com/photos/154510388/medium.jpg,,"","",3,0,false,3,Обыкновенный скворец,Sturnus vulgaris,Обыкновенный скворец,Aves,14850
94039149,76945f84-1c2c-495f-a04f-4fc8caadc0c8,2021/09/07 5:07 PM CEST,2021-09-07,2021-09-07 15:07:00 UTC,Vienna,827504,gernotkunz,"",2021-09-07 21:10:44 UTC,2025-04-02 16:11:00 UTC,research,CC-BY-NC,https://www.inaturalist.org/observations/94039149,https://static.inaturalist.org/photos/155942972/medium.jpg,,"",,2,0,false,,European Starling,Sturnus vulgaris,Обыкновенный скворец,Aves,14850
94808823,6a938726-1722-470a-900b-526ad7e8cce4,2021/08/24 8:38 PM CEST,2021-08-24,2021-08-24 18:38:00 UTC,Paris,3293205,ivanpazvinas,Ivan Paz-Vinas,2021-09-14 11:44:34 UTC,2022-04-15 15:59:30 UTC,research,CC-BY-NC,https://www.inaturalist.org/observations/94808823,https://inaturalist-open-data.s3.amazonaws.com/photos/157315818/medium.jpeg,,"",,2,0,false,,European Starling,Sturnus vulgaris,Обыкновенный скворец,Aves,14850
95090576,4e62e0c2-b929-4b9b-9c8a-d9d4e2c10e13,2013/03/26 1:38 PM CET,2013-03-26,2013-03-26 12:38:00 UTC,Paris,4724645,lastovka,lastovka,2021-09-16 23:14:03 UTC,2025-02-10 10:06:00 UTC,research,CC-BY-NC,https://www.inaturalist.org/observations/95090576,https://inaturalist-open-data.s3.amazonaws.com/photos/157821485/medium.jpg,,"","",4,0,false,,Star,Sturnus vulgaris,Обыкновенный скворец,Aves,14850
95271931,46bb20b2-beb7-4ac0-afa5-f554772a0206,2021/05/09 8:21 AM UTC,2021-05-09,2021-05-09 08:21:00 UTC,UTC,3906381,ramune_vakare,Ramunė Vakarė,2021-09-18 15:18:21 UTC,2022-04-15 15:54:53 UTC,research,CC-BY-NC,https://www.inaturalist.org/observations/95271931,https://inaturalist-open-data.s3.amazonaws.com/photos/158143702/medium.jpeg,,"","",3,0,false,,Обыкновенный скворец,Sturnus vulgaris,Обыкновенный скворец,Aves,14850
95441565,d4970ae7-e8b8-4ac9-ba51-c93c33ed052d,2021/09/09 9:36 AM CEST,2021-09-09,2021-09-09 07:36:00 UTC,Berlin,32124,martingrimm,Martin Grimm,2021-09-19 19:34:41 UTC,2023-09-12 23:01:40 UTC,research,CC-BY-NC,https://www.inaturalist.org/observations/95441565,https://inaturalist-open-data.s3.amazonaws.com/photos/158447248/medium.jpg,,"",,3,0,false,,Star,Sturnus vulgaris,Обыкновенный скворец,Aves,14850
95544106,d420d505-ac16-44fa-a0c6-9bf08a925c08,2021-09-19 16:02:13,2021-09-19,2021-09-19 14:02:13 UTC,Berlin,3466506,norbertsteeck,Norbert Steeck,2021-09-20 15:33:05 UTC,2022-04-17 15:59:27 UTC,research,,https://www.inaturalist.org/observations/95544106,https://static.inaturalist.org/photos/158631011/medium.jpeg,,"",,3,0,false,2,Обыкновенный скворец,Sturnus vulgaris,Обыкновенный скворец,Aves,14850
96895460,4e91bf9c-8dc9-461e-903b-3a6d71b643ab,2021/03/27 9:05 утра MSK,2021-03-27,2021-03-27 06:05:00 UTC,Moscow,1524915,nat_zouieva,Наталия Зуева,2021-10-02 14:57:47 UTC,2022-04-15 15:36:15 UTC,research,CC-BY-NC,https://www.inaturalist.org/observations/96895460,https://inaturalist-open-data.s3.amazonaws.com/photos/161039931/medium.jpg,,"",,2,0,false,,Обыкновенный скворец,Sturnus vulgaris,Обыкновенный скворец,Aves,14850
97525766,afde5162-d76e-48fa-8203-a834d49a356d,2021/10/08 9:46 AM CEST,2021-10-08,2021-10-08 07:46:00 UTC,Madrid,4065926,mrfeeder,Mr. Feeder,2021-10-08 07:54:20 UTC,2022-12-24 23:03:46 UTC,research,,https://www.inaturalist.org/observations/97525766,https://static.inaturalist.org/photos/162211276/medium.jpg,,"","Vídeo:
https://www.youtube.com/watch?v=4J5Kyk-93WY",2,1,false,,European Starling,Sturnus vulgaris,Обыкновенный скворец,Aves,14850
98474718,8aa9d5c8-5dba-4b6f-ac0b-952219af2c60,Sun Oct 17 2021 13:39:40 GMT+0300 (GMT+3),2021-10-17,2021-10-17 10:39:40 UTC,Baghdad,4338745,nastiyoung,,2021-10-17 10:42:16 UTC,2022-05-01 13:23:08 UTC,research,CC-BY-NC,https://www.inaturalist.org/observations/98474718,https://inaturalist-open-data.s3.amazonaws.com/photos/187063535/medium.jpg,,"","",3,1,false,3,Star,Sturnus vulgaris,Обыкновенный скворец,Aves,14850
98492247,3395cce7-51e0-400f-8c6a-69956c0148a5,2021/10/17 4:26 дня UTC,2021-10-17,2021-10-17 16:26:00 UTC,UTC,3190278,ekaterina_dolgushina,Ekaterina Dolgushina,2021-10-17 14:38:35 UTC,2022-04-15 15:43:34 UTC,research,CC-BY-NC,https://www.inaturalist.org/observations/98492247,https://inaturalist-open-data.s3.amazonaws.com/photos/163992410/medium.jpeg,,"","",3,0,false,,Storno comune,Sturnus vulgaris,Обыкновенный скворец,Aves,14850
99273764,5c339597-806a-49ab-8cda-9cfb52ba9915,2021/08/29 1:44 дня UTC,2021-08-29,2021-08-29 13:44:00 UTC,UTC,4015063,dasha_birds,Daria Tikhanova,2021-10-24 22:21:29 UTC,2025-05-12 17:19:05 UTC,research,CC-BY-NC,https://www.inaturalist.org/observations/99273764,https://inaturalist-open-data.s3.amazonaws.com/photos/165455370/medium.jpeg,,"","",4,0,false,,European Starling,Sturnus vulgaris,Обыкновенный скворец,Aves,14850
99721757,3976a846-8ae7-4092-9333-ace63efded6f,2021/10/29 8:42 PM EEST,2021-10-29,2021-10-29 17:42:00 UTC,Kyiv,1078088,efarilis,Roman,2021-10-29 17:47:51 UTC,2022-04-15 15:54:54 UTC,research,CC-BY,https://www.inaturalist.org/observations/99721757,https://inaturalist-open-data.s3.amazonaws.com/photos/166300355/medium.jpg,,"",,2,0,false,,European Starling,Sturnus vulgaris,Обыкновенный скворец,Aves,14850
101000916,9410a7b1-efc2-4d9a-bf1e-679de3eaa982,2021/11/07 2:51 PM WET,2021-11-07,2021-11-07 14:51:00 UTC,Lisbon,281244,draposo79,Daniel Raposo,2021-11-13 13:39:06 UTC,2022-04-15 15:55:28 UTC,research,CC-BY-NC,https://www.inaturalist.org/observations/101000916,https://inaturalist-open-data.s3.amazonaws.com/photos/168631836/medium.jpeg,,"",,4,0,false,,Étourneau sansonnet,Sturnus vulgaris,Обыкновенный скворец,Aves,14850
101287323,6fc62fc9-1675-4d9f-ada4-c1be91ec961d,2021/11/13 6:04 PM WET,2021-11-13,2021-11-13 18:04:00 UTC,Lisbon,281244,draposo79,Daniel Raposo,2021-11-16 22:05:33 UTC,2022-04-30 13:55:04 UTC,research,CC-BY-NC,https://www.inaturalist.org/observations/101287323,https://inaturalist-open-data.s3.amazonaws.com/photos/169140110/medium.jpeg,,"","",4,0,false,,European Starling,Sturnus vulgaris,Обыкновенный скворец,Aves,14850
101527548,3abca185-65ed-4638-81cb-0d3dc2aaf5c9,2021-11-20 13:30:57,2021-11-20,2021-11-20 12:30:57 UTC,Berlin,849021,christophbleidorn,Christoph Bleidorn,2021-11-20 12:48:30 UTC,2022-10-03 10:03:33 UTC,research,,https://www.inaturalist.org/observations/101527548,https://static.inaturalist.org/photos/169574961/medium.jpeg,,"",,2,0,false,2,European Starling,Sturnus vulgaris,Обыкновенный скворец,Aves,14850
102358258,d5cdaeaa-de61-4460-ab81-be72a037a4b2,2021-12-01 08:51:17,2021-12-01,2021-12-01 07:51:17 UTC,Madrid,4289591,eduardmarques,"",2021-12-02 16:18:41 UTC,2022-04-15 15:55:14 UTC,research,CC-BY-NC,https://www.inaturalist.org/observations/102358258,https://inaturalist-open-data.s3.amazonaws.com/photos/171083806/medium.jpeg,,"",,3,0,false,2,Estornell vulgar,Sturnus vulgaris,Обыкновенный скворец,Aves,14850
102676197,6da23dd0-6c59-40f9-b4f4-430a42891f30,Tue Dec 07 2021 10:01:07 GMT+0100 (GMT+1),2021-12-07,2021-12-07 09:01:07 UTC,Brussels,3450487,vr6,V. R.,2021-12-07 20:20:05 UTC,2022-04-16 09:34:01 UTC,research,CC-BY-NC-SA,https://www.inaturalist.org/observations/102676197,https://inaturalist-open-data.s3.amazonaws.com/photos/171690522/medium.jpg,,"","",2,0,false,3,European Starling,Sturnus vulgaris,Обыкновенный скворец,Aves,14850
102756922,eeed38ce-8603-423e-a99a-9dc2d2e6b738,2021-12-09 08:17:09,2021-12-09,2021-12-09 07:17:09 UTC,Rome,4709005,gond,Amico Cosimo / Gond,2021-12-09 07:18:52 UTC,2022-04-15 15:59:28 UTC,research,CC-BY-NC,https://www.inaturalist.org/observations/102756922,https://inaturalist-open-data.s3.amazonaws.com/photos/171838610/medium.jpeg,,"",,3,0,false,2,Storno comune,Sturnus vulgaris,Обыкновенный скворец,Aves,14850
103164296,c7985f2b-2dd5-4d04-aaba-39f96537df25,2020/08/19 5:40 PM UTC,2020-08-19,2020-08-19 17:40:00 UTC,UTC,4137598,thehousebunting,,2021-12-16 21:32:39 UTC,2024-06-08 19:01:43 UTC,research,CC-BY-NC,https://www.inaturalist.org/observations/103164296,https://inaturalist-open-data.s3.amazonaws.com/photos/172601108/medium.jpeg,,"",,2,0,false,,European Starling,Sturnus vulgaris,Обыкновенный скворец,Aves,14850
103850384,6072d415-7ba5-4e2f-9dc0-f3923f641145,2021/12/28 4:43 PM CET,2021-12-28,2021-12-28 15:43:00 UTC,Amsterdam,488776,andrawaag,Andra Waagmeester,2021-12-28 22:58:51 UTC,2024-10-06 12:46:38 UTC,research,CC0,https://www.inaturalist.org/observations/103850384,https://inaturalist-open-data.s3.amazonaws.com/photos/173914986/medium.jpeg,,"",,2,0,false,,Star,Sturnus vulgaris,Обыкновенный скворец,Aves,14850
104759784,999838bb-4bf6-4e62-852b-1637136d68b7,2022-01-11 15:00:00,2022-01-11,2022-01-11 14:00:00 UTC,Rome,4709005,gond,Amico Cosimo / Gond,2022-01-11 14:10:02 UTC,2022-04-15 15:36:58 UTC,research,CC-BY-NC,https://www.inaturalist.org/observations/104759784,https://inaturalist-open-data.s3.amazonaws.com/photos/175610799/medium.jpeg,,"",,2,0,false,2,Star,Sturnus vulgaris,Обыкновенный скворец,Aves,14850
104972868,2ce33168-a8d1-40ef-a2d9-32da3de97c82,Sat Jan 15 2022 15:33:53 GMT +0100 (GMT+1),2022-01-15,2022-01-15 14:33:53 UTC,Paris,2074191,archassal,Archassal,2022-01-15 15:18:29 UTC,2022-04-16 09:33:43 UTC,research,,https://www.inaturalist.org/observations/104972868,https://inaturalist-open-data.s3.amazonaws.com/photos/176017978/medium.jpeg,,"",,3,0,false,333,European Starling,Sturnus vulgaris,Обыкновенный скворец,Aves,14850
105086536,817289cc-b702-4c1c-8c16-e40e9a754486,2017/05/26 9:26 AM IST,2017-05-26,2017-05-26 03:56:00 UTC,Mumbai,562808,pkt1958,Prashant,2022-01-17 07:23:52 UTC,2022-05-17 12:36:42 UTC,research,CC-BY,https://www.inaturalist.org/observations/105086536,https://static.inaturalist.org/photos/176237229/medium.jpg,,"Birds, Nature",,5,0,false,,European Starling,Sturnus vulgaris,Обыкновенный скворец,Aves,14850
105095829,81de5974-54ce-4309-aabf-36c931ab36b2,Mon Jan 17 2022 13:37:29 GMT +0000 (GMT),2022-01-17,2022-01-17 13:37:29 UTC,UTC,4150766,doneegee,,2022-01-17 13:42:29 UTC,2022-05-17 12:37:09 UTC,research,,https://www.inaturalist.org/observations/105095829,https://static.inaturalist.org/photos/176710923/medium.jpeg,,"",,3,0,false,333,European Starling,Sturnus vulgaris,Обыкновенный скворец,Aves,14850
105121582,bccc4b38-a089-479f-9d27-45c7139fd0bb,2022/01/09 4:23 PM UTC,2022-01-09,2022-01-09 16:23:00 UTC,UTC,1565134,galargus,,2022-01-17 22:27:47 UTC,2022-04-15 15:23:33 UTC,research,CC-BY-NC,https://www.inaturalist.org/observations/105121582,https://inaturalist-open-data.s3.amazonaws.com/photos/176302770/medium.jpg,,"",,5,0,false,,European Starling,Sturnus vulgaris,Обыкновенный скворец,Aves,14850
105166134,00b017f1-0ad8-431c-a215-4c07ed3ff27c,2019/07/09 11:58 AM UTC,2019-07-09,2019-07-09 11:58:00 UTC,UTC,3813240,goosiaczek,Małgorzata Śliż,2022-01-18 18:39:29 UTC,2023-01-15 17:57:04 UTC,research,CC-BY-NC,https://www.inaturalist.org/observations/105166134,https://inaturalist-open-data.s3.amazonaws.com/photos/176385997/medium.jpeg,,"","",3,0,false,,European Starling,Sturnus vulgaris,Обыкновенный скворец,Aves,14850
105468679,41e2eaad-a440-40f2-ac2f-88f91674947c,2018/05/07 9:31 AM CEST,2018-05-07,2018-05-07 07:31:00 UTC,Paris,5319255,guillaume_lemonnier,Guillaume Lemonnier,2022-01-24 00:33:21 UTC,2023-08-14 22:54:27 UTC,research,CC-BY-NC,https://www.inaturalist.org/observations/105468679,https://inaturalist-open-data.s3.amazonaws.com/photos/176963692/medium.jpeg,,"",,3,0,false,,Kottarainen,Sturnus vulgaris,Обыкновенный скворец,Aves,14850
106173326,9f340ffa-54a7-4bf7-bdc9-f087b3d84709,2022/02/05 3:48 PM CET,2022-02-05,2022-02-05 14:48:00 UTC,Rome,3128051,ececc,Enrico Cecconello,2022-02-05 14:29:08 UTC,2022-08-05 09:14:36 UTC,research,CC-BY-NC,https://www.inaturalist.org/observations/106173326,https://inaturalist-open-data.s3.amazonaws.com/photos/178312471/medium.jpeg,,"","",7,0,false,,Storno,Sturnus vulgaris,Обыкновенный скворец,Aves,14850
106315221,36da19c1-271a-40a3-9bbf-62556959be23,2022-02-07 08:24:27,2022-02-07,2022-02-07 07:24:27 UTC,Madrid,5235247,marcelnc,Marcel Nadal,2022-02-07 13:52:28 UTC,2024-11-08 13:56:20 UTC,research,CC-BY-NC,https://www.inaturalist.org/observations/106315221,https://inaturalist-open-data.s3.amazonaws.com/photos/178572639/medium.jpeg,,"",,3,0,false,2,Star,Sturnus vulgaris,Обыкновенный скворец,Aves,14850
106403481,4d1a3ab9-ac93-45ca-b5af-a02f71f234ee,2022/02/07 6:15 PM CET,2022-02-07,2022-02-07 17:15:00 UTC,Paris,1978464,angel_fernandez_cancio,Ángel Fernández Cancio,2022-02-08 23:17:42 UTC,2022-04-24 11:23:02 UTC,research,CC-BY-NC,https://www.inaturalist.org/observations/106403481,https://inaturalist-open-data.s3.amazonaws.com/photos/178736075/medium.jpg,,"","",3,0,false,,European Starling,Sturnus vulgaris,Обыкновенный скворец,Aves,14850
106638143,597b4089-9067-493e-82a2-abbac43b6e78,2018/06/03 6:28 AM CDT,2018-06-03,2018-06-03 11:28:00 UTC,Mexico City,270397,panecillo,Jorge A. Pérez Torres,2022-02-12 23:05:52 UTC,2022-05-17 12:36:03 UTC,research,CC-BY-NC,https://www.inaturalist.org/observations/106638143,https://inaturalist-open-data.s3.amazonaws.com/photos/179177868/medium.jpeg,,"","",5,0,false,,Star,Sturnus vulgaris,Обыкновенный скворец,Aves,14850
106669756,6d015ff7-26f9-47c8-82a4-aaa848e73981,Sun Feb 13 2022 12:10:59 GMT+0100 (GMT+1),2022-02-13,2022-02-13 11:10:59 UTC,Amsterdam,5341813,just_say_jamie,,2022-02-13 11:11:32 UTC,2022-02-24 17:15:19 UTC,research,CC-BY-NC,https://www.inaturalist.org/observations/106669756,https://inaturalist-open-data.s3.amazonaws.com/photos/179242184/medium.jpg,,"","",2,0,false,3,European Starling,Sturnus vulgaris,Обыкновенный скворец,Aves,14850
106791728,bd021251-7e92-479e-b91d-47d4ecd7ebce,2022/02/06 12:31 PM CET,2022-02-06,2022-02-06 11:31:00 UTC,Paris,1945930,phylos,Luigi Andena,2022-02-15 11:18:16 UTC,2022-04-16 09:35:44 UTC,research,CC-BY-NC,https://www.inaturalist.org/observations/106791728,https://inaturalist-open-data.s3.amazonaws.com/photos/179477046/medium.jpg,,"","",3,0,false,,Spreeuw,Sturnus vulgaris,Обыкновенный скворец,Aves,14850
107245735,27e5a9f1-639a-4f7a-9262-4b5acd58e3ed,2022/02/19 9:38 AM CET,2022-02-19,2022-02-19 08:38:00 UTC,Madrid,3643504,euqirneto,"",2022-02-22 10:44:01 UTC,2022-04-24 11:23:40 UTC,research,CC0,https://www.inaturalist.org/observations/107245735,https://inaturalist-open-data.s3.amazonaws.com/photos/180336232/medium.jpg,,"",,5,0,false,,Обыкновенный скворец,Sturnus vulgaris,Обыкновенный скворец,Aves,14850
107405891,c5709e5a-d66f-4751-800e-336f4039b5c5,2022/02/23 2:05 PM UTC,2022-02-23,2022-02-23 14:05:00 UTC,UTC,2920959,jujuwild,Justin Philbois,2022-02-25 09:57:18 UTC,2023-06-29 20:52:16 UTC,research,CC0,https://www.inaturalist.org/observations/107405891,https://inaturalist-open-data.s3.amazonaws.com/photos/180637659/medium.jpeg,,"",,4,0,false,,European Starling,Sturnus vulgaris,Обыкновенный скворец,Aves,14850
107425755,f8ccb5d0-ec8e-41ac-bc1a-6981de105eff,2022/02/25 4:46 PM CET,2022-02-25,2022-02-25 15:46:00 UTC,Madrid,1342851,eduardoramirez-anapri,Eduardo Ramirez Esteban,2022-02-25 17:56:16 UTC,2024-10-17 11:58:22 UTC,research,CC-BY-NC,https://www.inaturalist.org/observations/107425755,https://inaturalist-open-data.s3.amazonaws.com/photos/180673808/medium.jpg,,"ANAPRI, Colmenar Viejo, Madrid, naturaleza, aves, biomaraton, #BiomaratondeInvierno",Entre estorninos negros. Biomaraton de Invierno - ANAPRI,4,0,false,,Storno comune,Sturnus vulgaris,Обыкновенный скворец,Aves,14850
107652103,7909736a-d914-4479-b37f-f7c5f403ec90,2022-02-28 10:43:20,2022-02-28,2022-02-28 09:43:20 UTC,Prague,4864573,ales_tomek,Ales Tomek,2022-02-28 19:52:57 UTC,2022-04-15 15:23:54 UTC,research,,https://www.inaturalist.org/observations/107652103,https://static.inaturalist.org/photos/181102982/medium.jpeg,,"",,5,0,false,2,špaček obecný,Sturnus vulgaris,Обыкновенный скворец,Aves,14850
107690349,85ea7991-6ee3-4d05-95bc-5eca7eb8f7a7,2022/02/27 10:20 AM UTC,2022-02-27,2022-02-27 10:20:00 UTC,UTC,3910284,victorlena,Víctor González García,2022-03-01 09:59:19 UTC,2022-04-24 11:23:50 UTC,research,CC-BY-NC,https://www.inaturalist.org/observations/107690349,https://inaturalist-open-data.s3.amazonaws.com/photos/181173673/medium.jpeg,,"",,4,0,false,,Estornino pinto,Sturnus vulgaris,Обыкновенный скворец,Aves,14850
107959965,81d508ec-b715-48e4-b483-ea9c20bdf074,2022/03/05 8:50 AM CET,2022-03-05,2022-03-05 07:50:00 UTC,Paris,2883343,kupferglucke,E. A.,2022-03-05 17:45:58 UTC,2025-04-02 16:06:45 UTC,research,CC-BY,https://www.inaturalist.org/observations/107959965,https://inaturalist-open-data.s3.amazonaws.com/photos/181673855/medium.jpeg,,"","mit 2 Mäusebussarden, einer Rabenkrähe und einer Nebelkrähe",3,0,false,,European Starling,Sturnus vulgaris,Обыкновенный скворец,Aves,14850
108014262,795e7693-9ba5-437e-8974-3bed3aab9316,2022-03-06 11:15:59,2022-03-06,2022-03-06 08:15:59 UTC,St. Petersburg,3843512,aleksandr_vasiljev,Александр Васильев,2022-03-06 09:27:16 UTC,2022-03-08 19:52:44 UTC,research,CC-BY-NC,https://www.inaturalist.org/observations/108014262,https://inaturalist-open-data.s3.amazonaws.com/photos/181777049/medium.jpeg,,"",Напевал,2,0,false,2,Estornino pinto,Sturnus vulgaris,Обыкновенный скворец,Aves,14850
108028423,ed8b8eb6-fd1a-4a74-b7db-3221484fa4c7,2022-03-06 16:40:04,2022-03-06,2022-03-06 13:40:04 UTC,St. Petersburg,3843512,aleksandr_vasiljev,Александр Васильев,2022-03-06 15:27:41 UTC,2022-04-15 17:27:43 UTC,research,CC-BY-NC,https://www.inaturalist.org/observations/108028423,https://inaturalist-open-data.s3.amazonaws.com/photos/181805259/medium.jpeg,,"",Распевал,2,0,false,2,Étourneau sansonnet,Sturnus vulgaris,Обыкновенный скворец,Aves,14850
108393691,f62782c1-f27c-4b34-81d8-40060ec225f2,2020/07/12 8:00 PM CEST,2020-07-12,2020-07-12 18:00:00 UTC,Vienna,4725019,adinie,adinie,2022-03-11 23:19:31 UTC,2022-04-16 09:36:34 UTC,research,CC-BY-NC,https://www.inaturalist.org/observations/108393691,https://inaturalist-open-data.s3.amazonaws.com/photos/182490043/medium.jpeg,,"","Vögel Nr. 1a,b",3,0,false,,Spreeuw,Sturnus vulgaris,Обыкновенный скворец,Aves,14850
108591522,f78a5513-bac1-46e0-99dd-2db157abc8cb,2022-03-14 03:20:00,2022-03-14,2022-03-14 03:20:00 UTC,UTC,4946764,nuke03,Fabio Mennillo,2022-03-14 16:00:20 UTC,2022-04-15 15:45:30 UTC,research,,https://www.inaturalist.org/observations/108591522,https://static.inaturalist.org/photos/182862413/medium.jpeg,,"",Saw many of them flying  around A boat in open sea. ,2,0,false,2,European Starling,Sturnus vulgaris,Обыкновенный скворец,Aves,14850
108648092,1b594d4c-5b5b-4537-8fc6-39186bc34237,2022/03/15 7:29 AM UTC,2022-03-15,2022-03-15 07:29:00 UTC,UTC,3906381,ramune_vakare,Ramunė Vakarė,2022-03-15 11:32:28 UTC,2022-04-15 15:23:30 UTC,research,CC-BY-NC,https://www.inaturalist.org/observations/108648092,https://inaturalist-open-data.s3.amazonaws.com/photos/182970743/medium.jpeg,,"",,3,0,false,,European Starling,Sturnus vulgaris,Обыкновенный скворец,Aves,14850
108858566,14291fc8-a05f-417e-8a10-846fb0b0bb67,2022/03/17 6:41 вечера MSK,2022-03-17,2022-03-17 03:41:00 UTC,Moscow,3843512,aleksandr_vasiljev,Александр Васильев,2022-03-18 07:34:09 UTC,2022-04-15 15:41:03 UTC,research,CC-BY-NC,https://www.inaturalist.org/observations/108858566,https://inaturalist-open-data.s3.amazonaws.com/photos/183364765/medium.jpeg,,"","",2,0,false,,European Starling,Sturnus vulgaris,Обыкновенный скворец,Aves,14850
109125759,64f4366a-c80e-4bba-af28-95f4a49d0651,2022/03/20 12:44 PM CET,2022-03-20,2022-03-20 11:44:00 UTC,Berlin,999066,alexis_orion,Alexis Tinker-Tsavalas,2022-03-21 06:55:16 UTC,2024-10-25 05:13:21 UTC,research,CC-BY,https://www.inaturalist.org/observations/109125759,https://inaturalist-open-data.s3.amazonaws.com/photos/183864082/medium.jpg,,"",,4,0,false,,Star,Sturnus vulgaris,Обыкновенный скворец,Aves,14850
109126354,7bdcbe4c-b549-4831-b876-78496691b07b,2022/03/21 9:07 утра MSK,2022-03-21,2022-03-21 06:07:00 UTC,Moscow,3843512,aleksandr_vasiljev,Александр Васильев,2022-03-21 07:14:27 UTC,2022-04-15 15:45:40 UTC,research,CC-BY-NC,https://www.inaturalist.org/observations/109126354,https://inaturalist-open-data.s3.amazonaws.com/photos/183865048/medium.jpeg,,"",Пел,2,0,false,,Обыкновенный скворец,Sturnus vulgaris,Обыкновенный скворец,Aves,14850
109274047,d9359b4c-c6bb-4e77-8978-79ef7b22e6e2,Sat Mar 05 2022 15:34:02 GMT+0100 (GMT+1),2022-03-05,2022-03-05 14:34:02 UTC,Amsterdam,156866,franzo,,2022-03-23 10:42:00 UTC,2024-11-08 13:51:23 UTC,research,CC-BY-NC,https://www.inaturalist.org/observations/109274047,https://inaturalist-open-data.s3.amazonaws.com/photos/184141507/medium.jpg,,"","",4,0,false,3,Star,Sturnus vulgaris,Обыкновенный скворец,Aves,14850
109316326,419c57ff-6bc7-4898-8a70-695b9f9f5d3a,2022-03-14 12:54:39,2022-03-14,2022-03-14 11:54:39 UTC,Rome,4734112,luisa_aivano,luisa,2022-03-23 20:28:43 UTC,2022-04-16 09:34:48 UTC,research,,https://www.inaturalist.org/observations/109316326,https://static.inaturalist.org/photos/184222451/medium.jpeg,,"",,2,0,false,2,European Starling,Sturnus vulgaris,Обыкновенный скворец,Aves,14850
109552048,03b8e1ac-9886-4300-87cc-ddce31f29fdf,Sat Mar 26 2022 16:15:32 GMT+0000 (GMT),2022-03-26,2022-03-26 16:15:32 UTC,UTC,5451869,mark1937,Mark O'Brien,2022-03-26 16:15:51 UTC,2023-06-01 16:37:15 UTC,research,,https://www.inaturalist.org/observations/109552048,https://static.inaturalist.org/photos/184661615/medium.jpg,,"","",2,0,false,3,European Starling,Sturnus vulgaris,Обыкновенный скворец,Aves,14850
109688420,9f61d8b8-3b73-4333-912f-f7f5dd33d8fc,2022/03/26 11:31 AM CET,2022-03-26,2022-03-26 10:31:00 UTC,Paris,1891727,donalddavesne,Donald Davesne,2022-03-27 20:45:26 UTC,2023-11-04 15:37:32 UTC,research,CC-BY,https://www.inaturalist.org/observations/109688420,https://inaturalist-open-data.s3.amazonaws.com/photos/184912696/medium.jpg,,"",,3,0,false,,European Starling,Sturnus vulgaris,Обыкновенный скворец,Aves,14850
109861004,dfc410f5-6495-4226-9427-bb87193eaa09,2021-09-24,2021-09-24,,Berlin,5341823,jlagies,"",2022-03-29 19:41:08 UTC,2022-05-26 17:58:20 UTC,research,CC-BY-NC,https://www.inaturalist.org/observations/109861004,https://inaturalist-open-data.s3.amazonaws.com/photos/185237777/medium.jpeg,,"",,2,0,false,2,Étourneau sansonnet,Sturnus vulgaris,Обыкновенный скворец,Aves,14850
109866156,34fb53c3-89cb-4653-94dc-540db59b21f2,2022-03-26 08:43:41,2022-03-26,2022-03-26 07:43:41 UTC,Berlin,2747057,axaxa,Alina Burmistrova,2022-03-29 20:42:57 UTC,2022-04-15 15:35:51 UTC,research,CC-BY-NC,https://www.inaturalist.org/observations/109866156,https://inaturalist-open-data.s3.amazonaws.com/photos/185246944/medium.jpeg,,"",,3,0,false,2,European Starling,Sturnus vulgaris,Обыкновенный скворец,Aves,14850
109905390,6e96a5ca-65ee-4298-93c5-0b3193e1d47b,2022/03/30 9:13 утра MSK,2022-03-30,2022-03-30 06:13:00 UTC,Moscow,3843512,aleksandr_vasiljev,Александр Васильев,2022-03-30 07:35:51 UTC,2023-11-05 15:34:30 UTC,research,CC-BY-NC,https://www.inaturalist.org/observations/109905390,https://inaturalist-open-data.s3.amazonaws.com/photos/185322550/medium.jpeg,,"","",2,0,false,,Star,Sturnus vulgaris,Обыкновенный скворец,Aves,14850
109905391,76e361eb-6f70-4e25-a61b-2f0522892fa9,2022/03/30 9:15 утра MSK,2022-03-30,2022-03-30 06:15:00 UTC,Moscow,3843512,aleksandr_vasiljev,Александр Васильев,2022-03-30 07:35:51 UTC,2023-11-05 15:34:38 UTC,research,CC-BY-NC,https://www.inaturalist.org/observations/109905391,https://inaturalist-open-data.s3.amazonaws.com/photos/185322575/medium.jpeg,,"","",2,0,false,,Star,Sturnus vulgaris,Обыкновенный скворец,Aves,14850
109939755,0eeb6434-f63f-43f2-8e0b-62a4fabb624f,2021/11/26 12:43 PM UTC,2021-11-26,2021-11-26 12:43:00 UTC,UTC,3438970,yacine5,Yacine Nemri,2022-03-30 18:18:00 UTC,2024-12-30 17:30:15 UTC,research,,https://www.inaturalist.org/observations/109939755,https://static.inaturalist.org/photos/185384513/medium.jpg,,"",,2,0,false,,European Starling,Sturnus vulgaris,Обыкновенный скворец,Aves,14850
110376847,c85cb177-a41b-4340-aea7-998fc2933c80,2022/04/04 9:15 утра MSK,2022-04-04,2022-04-04 06:15:00 UTC,Moscow,3843512,aleksandr_vasiljev,Александр Васильев,2022-04-04 07:01:57 UTC,2022-04-15 15:52:23 UTC,research,CC-BY-NC,https://www.inaturalist.org/observations/110376847,https://inaturalist-open-data.s3.amazonaws.com/photos/186188580/medium.jpeg,,"","",2,0,false,,Storno comune,Sturnus vulgaris,Обыкновенный скворец,Aves,14850
110643785,9047163d-2191-4de9-b798-dc6ebf88f413,2022/04/03 10:13 AM CEST,2022-04-03,2022-04-03 08:13:00 UTC,Rome,393102,lucaboscain,Luca Boscain,2022-04-07 06:52:42 UTC,2022-04-15 15:58:36 UTC,research,CC-BY-NC,https://www.inaturalist.org/observations/110643785,https://inaturalist-open-data.s3.amazonaws.com/photos/186683144/medium.jpg,,"",,3,0,false,,Обыкновенный скворец,Sturnus vulgaris,Обыкновенный скворец,Aves,14850
110753484,0756eeeb-f75c-4fc3-b70e-01f41b34db73,2022/04/08 6:45 AM UTC,2022-04-08,2022-04-08 06:45:00 UTC,UTC,3906381,ramune_vakare,Ramunė Vakarė,2022-04-08 14:57:37 UTC,2022-04-15 17:27:17 UTC,research,CC-BY-NC,https://www.inaturalist.org/observations/110753484,https://inaturalist-open-data.s3.amazonaws.com/photos/186886390/medium.jpeg,,"",,4,0,false,,European Starling,Sturnus vulgaris,Обыкновенный скворец,Aves,14850
110780256,cc19dfe6-bafa-4741-a390-889459db551e,2022/04/08 4:23 дня MSK,2022-04-08,2022-04-08 13:23:00 UTC,St. Petersburg,842234,mikhailezdakov,Mikhail Ezdakov,2022-04-08 20:18:46 UTC,2024-04-25 03:27:35 UTC,research,CC-BY-NC,https://www.inaturalist.org/observations/110780256,https://inaturalist-open-data.s3.amazonaws.com/photos/186933228/medium.jpg,,"",,3,0,false,,European Starling,Sturnus vulgaris,Обыкновенный скворец,Aves,14850
110783591,e265a219-1b1c-47df-a14f-e36f8526950a,2022/04/02 10:51 AM CEST,2022-04-02,2022-04-02 08:51:00 UTC,Warsaw,4593718,marcinswiostek,Marcin Świostek,2022-04-08 20:52:37 UTC,2022-06-15 05:08:34 UTC,research,,https://www.inaturalist.org/observations/110783591,https://inaturalist-open-data.s3.amazonaws.com/photos/186938976/medium.jpg,,"",,3,0,false,,European Starling,Sturnus vulgaris,Обыкновенный скворец,Aves,14850
110959744,a31ab6c6-2682-4657-b2a7-e2fc521123f9,2022/04/09 1:37 дня MSK,2022-04-09,2022-04-09 10:37:00 UTC,Moscow,4628310,evgeny_fadeev,Evgeny Fadeev,2022-04-10 13:47:38 UTC,2022-04-15 15:38:33 UTC,research,,https://www.inaturalist.org/observations/110959744,https://static.inaturalist.org/photos/187252230/medium.jpeg,,"",,2,0,false,,Обыкновенный скворец,Sturnus vulgaris,Обыкновенный скворец,Aves,14850
111016042,4efbb578-35d3-45f3-8877-505dd828a062,2022/04/05 7:43 AM UTC,2022-04-05,2022-04-05 07:43:00 UTC,UTC,1955969,akashin,Arkadiy Kashin,2022-04-10 21:44:44 UTC,2024-12-31 16:34:34 UTC,research,CC-BY-NC,https://www.inaturalist.org/observations/111016042,https://inaturalist-open-data.s3.amazonaws.com/photos/187363903/medium.jpeg,,"",,4,0,false,,European Starling,Sturnus vulgaris,Обыкновенный скворец,Aves,14850
111077400,928c1162-6314-4229-834e-c2ff587a8294,2022/04/10 11:36 AM CEST,2022-04-10,2022-04-10 09:36:00 UTC,Paris,4039214,alexislours,Alexis Lours,2022-04-11 10:10:46 UTC,2022-04-16 08:29:14 UTC,research,CC-BY,https://www.inaturalist.org/observations/111077400,https://inaturalist-open-data.s3.amazonaws.com/photos/187469197/medium.jpg,,"",,2,0,false,,European Starling,Sturnus vulgaris,Обыкновенный скворец,Aves,14850
111307404,675148cd-694b-471f-ad9c-7f4122711293,2022/04/10 9:25 AM CEST,2022-04-10,2022-04-10 07:25:00 UTC,Paris,1810864,tador,"",2022-04-13 14:27:44 UTC,2022-04-20 07:05:08 UTC,research,,https://www.inaturalist.org/observations/111307404,https://static.inaturalist.org/photos/187883379/medium.jpg,,"",,5,0,false,,Stare,Sturnus vulgaris,Обыкновенный скворец,Aves,14850
111434709,e54be2eb-34bb-4686-a3db-55290c404f2a,2022/04/14 4:25 дня MSK,2022-04-14,2022-04-14 13:25:00 UTC,St. Petersburg,842234,mikhailezdakov,Mikhail Ezdakov,2022-04-14 17:51:34 UTC,2024-04-25 03:27:03 UTC,research,CC-BY-NC,https://www.inaturalist.org/observations/111434709,https://inaturalist-open-data.s3.amazonaws.com/photos/188114187/medium.jpg,,"",,4,0,false,,European Starling,Sturnus vulgaris,Обыкновенный скворец,Aves,14850
111434721,367e73f3-15c0-455d-84f6-736690001dd3,2022/04/14 4:33 дня MSK,2022-04-14,2022-04-14 13:33:00 UTC,St. Petersburg,842234,mikhailezdakov,Mikhail Ezdakov,2022-04-14 17:51:37 UTC,2024-04-25 03:26:54 UTC,research,CC-BY-NC,https://www.inaturalist.org/observations/111434721,https://inaturalist-open-data.s3.amazonaws.com/photos/188114338/medium.jpg,,"",,3,0,false,,European Starling,Sturnus vulgaris,Обыкновенный скворец,Aves,14850
111944674,abff8a6f-f032-4364-befa-910c7e2168ca,2022-03-19 10:04:12,2022-03-19,2022-03-19 10:04:12 UTC,London,1774048,ysabel1,Ysabel King,2022-04-18 17:13:54 UTC,2022-05-17 12:34:52 UTC,research,,https://www.inaturalist.org/observations/111944674,https://static.inaturalist.org/photos/189039078/medium.jpeg,,"",,4,0,false,2,European Starling,Sturnus vulgaris,Обыкновенный скворец,Aves,14850
111949340,89b6f7f9-8b1f-4b59-96d3-81699ceed5f0,2022/04/16 6:00 PM CEST,2022-04-16,2022-04-16 16:00:00 UTC,Paris,1891727,donalddavesne,Donald Davesne,2022-04-18 17:54:08 UTC,2024-12-08 01:13:26 UTC,research,CC-BY,https://www.inaturalist.org/observations/111949340,https://inaturalist-open-data.s3.amazonaws.com/photos/189047843/medium.jpg,,"",,4,0,false,,Star,Sturnus vulgaris,Обыкновенный скворец,Aves,14850
112359414,4eafd39b-d4e5-4450-bb00-d19049c0e3b1,2022/04/22 8:06 утра,2022-04-22,2022-04-22 05:06:00 UTC,St. Petersburg,2476461,irinaskorohodova,Ирина Скороходова,2022-04-22 07:12:31 UTC,2022-04-22 18:53:09 UTC,research,CC-BY-NC,https://www.inaturalist.org/observations/112359414,https://inaturalist-open-data.s3.amazonaws.com/photos/189788240/medium.jpeg,,"",Пел.,2,0,false,,European Starling,Sturnus vulgaris,Обыкновенный скворец,Aves,14850
112517801,3040d7e4-c3f1-4fe1-a74c-6a39bc4c87e3,2022/04/23 12:13 дня,2022-04-23,2022-04-23 09:13:00 UTC,St. Petersburg,3385388,urij777,"",2022-04-23 14:38:33 UTC,2023-06-24 14:59:37 UTC,research,CC-BY-NC,https://www.inaturalist.org/observations/112517801,https://inaturalist-open-data.s3.amazonaws.com/photos/190054109/medium.jpg,,"",Exif_JPEG_420,2,0,false,,European Starling,Sturnus vulgaris,Обыкновенный скворец,Aves,14850
112663130,e38f8a6b-28ef-4c9b-b885-80d4417eca07,2022-04-23 11:16:32,2022-04-23,2022-04-23 09:16:32 UTC,Berlin,3492163,sebitk,Sebastian Koch,2022-04-24 13:25:50 UTC,2022-08-25 06:58:05 UTC,research,,https://www.inaturalist.org/observations/112663130,https://static.inaturalist.org/photos/190313285/medium.jpeg,,"",,3,0,false,2,European Starling,Sturnus vulgaris,Обыкновенный скворец,Aves,14850
116052592,b2c65ed2-d226-4f0e-a989-5153e2e36ec9,2022-05-08 10:41:48+02:00,2022-05-08,2022-05-08 08:41:48 UTC,Berlin,786736,sascharoesner,Sascha Rösner,2022-05-08 09:14:46 UTC,2024-12-04 21:06:46 UTC,research,,https://www.inaturalist.org/observations/116052592,https://static.inaturalist.org/photos/195871865/medium.jpg,,"",1st year nestling (bird banding),2,0,false,3,Star,Sturnus vulgaris,Обыкновенный скворец,Aves,14850
116554385,42ed5986-15db-4275-b0e5-d017d6c7d3f2,2022/05/11 01:40,2022-05-11,2022-05-10 22:40:00 UTC,Kyiv,2948051,mpn55,Михаил Нижников,2022-05-11 13:43:13 UTC,2022-05-12 13:58:50 UTC,research,CC-BY-NC,https://www.inaturalist.org/observations/116554385,https://inaturalist-open-data.s3.amazonaws.com/photos/196755685/medium.jpg,,"",,2,0,false,,Обыкновенный скворец,Sturnus vulgaris,Обыкновенный скворец,Aves,14850
116585649,e743b66f-a29e-4931-9587-c34b596ba2d0,2022-05-11 18:47:36,2022-05-11,2022-05-11 15:47:36 UTC,Vilnius,4479252,stelute,Stela Beatričė,2022-05-11 18:06:08 UTC,2022-05-12 10:57:43 UTC,research,CC-BY-NC,https://www.inaturalist.org/observations/116585649,https://inaturalist-open-data.s3.amazonaws.com/photos/196810120/medium.jpeg,,"",,2,0,false,2,Paprastasis varnėnas,Sturnus vulgaris,Обыкновенный скворец,Aves,14850
116619930,796e05e6-e77d-40b0-af60-e76582667389,2022-05-11 17:35:45+03:00,2022-05-11,2022-05-11 14:35:45 UTC,Helsinki,3361259,ahenttonen,Antti Henttonen,2022-05-11 22:44:56 UTC,2025-04-04 03:29:45 UTC,research,CC-BY-NC,https://www.inaturalist.org/observations/116619930,https://inaturalist-open-data.s3.amazonaws.com/photos/196871271/medium.jpg,,"","",2,0,false,3,European Starling,Sturnus vulgaris,Обыкновенный скворец,Aves,14850
116669975,4dec8b40-daeb-4b8a-a2cc-4f8563ed111a,2022/05/08 10:25 утра,2022-05-08,2022-05-08 07:25:00 UTC,St. Petersburg,1524915,nat_zouieva,Наталия Зуева,2022-05-12 09:32:32 UTC,2022-05-12 12:29:26 UTC,research,CC-BY-NC,https://www.inaturalist.org/observations/116669975,https://inaturalist-open-data.s3.amazonaws.com/photos/196964316/medium.jpg,,"",,2,0,false,,Обыкновенный скворец,Sturnus vulgaris,Обыкновенный скворец,Aves,14850
117164649,2c39e31d-7410-43f0-817d-2b650d07f62f,2021-02-06 16:59:09+03:00,2021-02-06,2021-02-06 13:59:09 UTC,Istanbul,5680136,dontseyit,Seyit Zor,2022-05-15 17:00:20 UTC,2024-12-31 16:31:21 UTC,research,,https://www.inaturalist.org/observations/117164649,https://static.inaturalist.org/photos/197840894/medium.jpg,,"","",5,0,false,3,European Starling,Sturnus vulgaris,Обыкновенный скворец,Aves,14850
117171596,e62b7d32-099f-414e-a0e3-55a46cd9c503,2022/05/15 1:31 дня,2022-05-15,2022-05-15 10:31:00 UTC,St. Petersburg,4361754,nastya_klimova,Настя Климова,2022-05-15 17:38:31 UTC,2022-05-18 14:37:19 UTC,research,CC-BY-NC,https://www.inaturalist.org/observations/117171596,https://inaturalist-open-data.s3.amazonaws.com/photos/197832426/medium.jpeg,,"","",2,0,false,,Estornino pinto,Sturnus vulgaris,Обыкновенный скворец,Aves,14850
117294813,a99143de-5b4c-475f-9439-e56be90be0df,2022-05-16 13:48:14,2022-05-16,2022-05-16 11:48:14 UTC,Paris,2074586,landel35,"",2022-05-16 11:55:28 UTC,2022-12-05 23:14:26 UTC,needs_id,CC-BY-NC,https://www.inaturalist.org/observations/117294813,https://inaturalist-open-data.s3.amazonaws.com/photos/198077774/medium.jpeg,,"",,1,0,false,2,European Starling,Sturnus vulgaris,Обыкновенный скворец,Aves,14850
117665446,36a04a66-9f05-4476-beac-6fb62c2fa26f,2022/05/18 9:40 AM,2022-05-18,2022-05-18 08:40:00 UTC,London,5437948,wearepreston,LibProj,2022-05-18 23:55:34 UTC,2022-05-22 10:01:18 UTC,research,CC-BY-NC,https://www.inaturalist.org/observations/117665446,https://inaturalist-open-data.s3.amazonaws.com/photos/198740391/medium.jpeg,,"","Part of We Are Preston 
Species: Starlings.   Part of a group of approx10.  ",1,0,false,,Spreeuw,Sturnus vulgaris,Обыкновенный скворец,Aves,14850
117879720,77b8702e-88c9-471d-aa0f-20ca96f1caea,2022-05-20 17:50:30,2022-05-20,2022-05-20 15:50:30 UTC,Brussels,5692906,d_eth_mons,"",2022-05-20 16:16:30 UTC,2022-12-19 21:47:16 UTC,research,CC-BY-NC,https://www.inaturalist.org/observations/117879720,https://inaturalist-open-data.s3.amazonaws.com/photos/199115876/medium.jpeg,,"",,3,0,false,2,Spreeuw,Sturnus vulgaris,Обыкновенный скворец,Aves,14850
118223449,d4497762-28d5-4413-b3c8-e3979c791d5c,2022-05-21 18:15:24,2022-05-21,2022-05-21 16:15:24 UTC,Berlin,4372458,drmichaelbraun,Dr. Michael P. Braun,2022-05-22 17:30:34 UTC,2023-08-23 14:01:29 UTC,research,,https://www.inaturalist.org/observations/118223449,https://static.inaturalist.org/photos/199718894/medium.jpeg,,"",,4,0,false,2,Star,Sturnus vulgaris,Обыкновенный скворец,Aves,14850
118768990,955db47d-dc9f-47bc-a313-f8eda7be51d9,2022-05-22,2022-05-22,,St. Petersburg,5729696,metsankaiku,Yuliya Sazanova,2022-05-26 12:02:49 UTC,2022-05-26 12:20:16 UTC,research,CC-BY-NC,https://www.inaturalist.org/observations/118768990,https://inaturalist-open-data.s3.amazonaws.com/photos/200706220/medium.jpeg,,"",,2,0,false,2,European Starling,Sturnus vulgaris,Обыкновенный скворец,Aves,14850
119034892,97c1c268-7119-44ca-b4fd-c0bdbd32d965,2022-05-28 10:54:00,2022-05-28,2022-05-28 07:54:00 UTC,St. Petersburg,3833202,olga_shinkareva,Шинкарева Ольга,2022-05-28 09:55:22 UTC,2023-04-10 06:47:53 UTC,research,CC-BY-NC,https://www.inaturalist.org/observations/119034892,https://inaturalist-open-data.s3.amazonaws.com/photos/201186607/medium.jpeg,,"",,1,0,false,2,Обыкновенный скворец,Sturnus vulgaris,Обыкновенный скворец,Aves,14850
119114146,c0fc50d1-03eb-451d-aa60-3c0391e56d34,2022/05/14 7:10 AM,2022-05-14,2022-05-14 06:10:00 UTC,London,3209851,andythompson1701,Andrew Thompson,2022-05-28 19:29:16 UTC,2025-06-09 23:05:35 UTC,research,CC-BY,https://www.inaturalist.org/observations/119114146,https://inaturalist-open-data.s3.amazonaws.com/photos/201322115/medium.jpeg,,"",,3,0,false,,European Starling,Sturnus vulgaris,Обыкновенный скворец,Aves,14850
119409643,2dd38837-ded9-498e-9874-fc5bef8842aa,2022/05/27 12:34,2022-05-27,2022-05-27 10:34:00 UTC,Vienna,3333545,albissers_grund,"",2022-05-30 12:48:43 UTC,2025-04-02 15:49:04 UTC,research,CC-BY-NC,https://www.inaturalist.org/observations/119409643,https://inaturalist-open-data.s3.amazonaws.com/photos/201853690/medium.jpg,,"",,1,0,false,,Estornino pinto,Sturnus vulgaris,Обыкновенный скворец,Aves,14850
119560774,565fc904-3443-487d-bfdb-35f2144fef55,2022/05/31 08:51,2022-05-31,2022-05-31 05:51:00 UTC,St. Petersburg,3843512,aleksandr_vasiljev,Александр Васильев,2022-05-31 09:05:29 UTC,2022-05-31 10:52:07 UTC,research,CC-BY-NC,https://www.inaturalist.org/observations/119560774,https://inaturalist-open-data.s3.amazonaws.com/photos/202128563/medium.jpeg,,"","",1,0,false,,Estornino pinto,Sturnus vulgaris,Обыкновенный скворец,Aves,14850
119851736,041d4977-a4cf-4184-90db-24cf7a80b68b,2022/06/01 11:59,2022-06-01,2022-06-01 08:59:00 UTC,St. Petersburg,2476461,irinaskorohodova,Ирина Скороходова,2022-06-02 10:36:25 UTC,2022-06-02 12:03:31 UTC,research,CC-BY-NC,https://www.inaturalist.org/observations/119851736,https://inaturalist-open-data.s3.amazonaws.com/photos/202652275/medium.jpeg,,"",,1,0,false,,Обыкновенный скворец,Sturnus vulgaris,Обыкновенный скворец,Aves,14850
119866441,e46fed53-50d3-49a0-a377-02c334ddbefe,2022/06/01 19:52,2022-06-01,2022-06-01 16:52:00 UTC,St. Petersburg,2476461,irinaskorohodova,Ирина Скороходова,2022-06-02 13:32:41 UTC,2022-06-04 12:36:07 UTC,research,CC-BY-NC,https://www.inaturalist.org/observations/119866441,https://inaturalist-open-data.s3.amazonaws.com/photos/202677699/medium.jpeg,,"",,1,0,false,,Обыкновенный скворец,Sturnus vulgaris,Обыкновенный скворец,Aves,14850
119910854,29498356-97d4-4a99-ac46-44004539c0b1,2022/06/02 12:17,2022-06-02,2022-06-02 10:17:00 UTC,Vienna,2883343,kupferglucke,E. A.,2022-06-02 19:13:19 UTC,2025-04-02 15:48:05 UTC,research,CC-BY,https://www.inaturalist.org/observations/119910854,https://inaturalist-open-data.s3.amazonaws.com/photos/202753880/medium.jpeg,,"",,3,0,false,,European Starling,Sturnus vulgaris,Обыкновенный скворец,Aves,14850
120123129,4d9de798-9eb6-4a83-87d3-5be366fbf626,2022/06/01 7:04 PM,2022-06-01,2022-06-01 18:04:00 UTC,London,2130092,zenn91,"",2022-06-04 08:01:48 UTC,2024-08-28 10:29:19 UTC,research,CC-BY,https://www.inaturalist.org/observations/120123129,https://inaturalist-open-data.s3.amazonaws.com/photos/203138528/medium.jpg,,"",,4,0,false,,European Starling,Sturnus vulgaris,Обыкновенный скворец,Aves,14850
120132926,f8ad3e20-6926-4381-b873-7b05d75ff0c4,2022/06/03 19:40,2022-06-03,2022-06-03 17:40:00 UTC,Berlin,5604771,redutze,Jonas K.,2022-06-04 10:27:20 UTC,2023-08-17 11:08:49 UTC,research,CC-BY-NC,https://www.inaturalist.org/observations/120132926,https://inaturalist-open-data.s3.amazonaws.com/photos/203155391/medium.jpg,,"","",2,0,false,,Estornino pinto,Sturnus vulgaris,Обыкновенный скворец,Aves,14850
120171893,5a622cc4-fe96-460d-8115-16510d2967d8,2022/06/03 19:52,2022-06-03,2022-06-03 16:52:00 UTC,St. Petersburg,5152887,olgamitrofanova_,Ольга Митрофанова,2022-06-04 15:53:48 UTC,2023-04-10 06:39:09 UTC,research,CC-BY-NC,https://www.inaturalist.org/observations/120171893,https://inaturalist-open-data.s3.amazonaws.com/photos/203220704/medium.jpg,,"",,1,0,false,,European Starling,Sturnus vulgaris,Обыкновенный скворец,Aves,14850
121987247,a694af50-b565-4007-845f-41d85f099130,2022/06/15 10:43,2022-06-15,2022-06-15 08:43:00 UTC,Berlin,2441392,josefwirth,"",2022-06-16 07:46:53 UTC,2023-04-10 06:28:05 UTC,research,CC-BY-NC,https://www.inaturalist.org/observations/121987247,https://inaturalist-open-data.s3.amazonaws.com/photos/206490334/medium.jpg,,"",,2,0,false,,Star,Sturnus vulgaris,Обыкновенный скворец,Aves,14850
122458321,dadb4e16-92ef-4867-a868-8f6ec8591a38,2022-06-19 11:52:02,2022-06-19,2022-06-19 09:52:02 UTC,Rome,4709005,gond,Amico Cosimo / Gond,2022-06-19 11:36:34 UTC,2024-09-06 16:35:54 UTC,research,CC-BY-NC,https://www.inaturalist.org/observations/122458321,https://inaturalist-open-data.s3.amazonaws.com/photos/207338259/medium.jpeg,,"",,2,0,false,2,Storno comune,Sturnus vulgaris,Обыкновенный скворец,Aves,14850
123728762,7f139b6e-9ed0-4fe3-81d9-f9232e8ed0d4,2022/06/14 3:14 PM,2022-06-14,2022-06-14 14:14:00 UTC,London,5210566,long_beans,,2022-06-27 19:10:30 UTC,2022-06-27 19:14:58 UTC,research,CC-BY-NC,https://www.inaturalist.org/observations/123728762,https://inaturalist-open-data.s3.amazonaws.com/photos/209635216/medium.jpg,,"",,1,0,false,,European Starling,Sturnus vulgaris,Обыкновенный скворец,Aves,14850
124085554,2b3b095b-21be-4301-8581-16631140ae43,2022-06-01 16:00:00+03:00,2022-06-01,2022-06-01 13:00:00 UTC,St. Petersburg,5754207,philipp08,,2022-06-30 10:06:27 UTC,2022-06-30 10:23:03 UTC,research,CC-BY-NC,https://www.inaturalist.org/observations/124085554,https://inaturalist-open-data.s3.amazonaws.com/photos/210286472/medium.jpg,,"","",1,0,false,3,Обыкновенный скворец,Sturnus vulgaris,Обыкновенный скворец,Aves,14850
124093942,2accdb01-c08e-44d2-9be7-4d867e6dcb63,2022/04/13 13:44,2022-04-13,2022-04-13 11:44:00 UTC,Berlin,1715827,knuttutgut,"",2022-06-30 12:03:48 UTC,2022-06-30 12:21:32 UTC,research,CC-BY-NC,https://www.inaturalist.org/observations/124093942,https://inaturalist-open-data.s3.amazonaws.com/photos/210299165/medium.jpg,,"",,2,0,false,,European Starling,Sturnus vulgaris,Обыкновенный скворец,Aves,14850
124228849,ea72d38e-0226-4491-bed5-224830e65417,2022/06/27 14:07,2022-06-27,2022-06-27 12:07:00 UTC,Warsaw,742419,grzegorz_grzejszczak,Grzegorz Grzejszczak,2022-07-01 11:05:27 UTC,2022-09-24 18:32:40 UTC,research,CC-BY-SA,https://www.inaturalist.org/observations/124228849,https://inaturalist-open-data.s3.amazonaws.com/photos/210541370/medium.jpeg,,"","",1,0,false,,Шпак звичайний,Sturnus vulgaris,Обыкновенный скворец,Aves,14850
125924178,ddef42c5-1f16-4836-ac16-6ffb9c7b50ec,2022-07-12 16:42:02,2022-07-12,2022-07-12 13:42:02 UTC,Vilnius,2966595,pijuskre,Pijus Kreimeris,2022-07-12 13:44:40 UTC,2022-07-12 18:23:18 UTC,research,CC-BY-NC,https://www.inaturalist.org/observations/125924178,https://inaturalist-open-data.s3.amazonaws.com/photos/213603206/medium.jpeg,,"",,2,0,false,2,Обыкновенный скворец,Sturnus vulgaris,Обыкновенный скворец,Aves,14850
129335803,dc25b58c-fab1-4360-8856-29ba8889707d,2022-07-31 21:22:29+02:00,2022-07-31,2022-07-31 19:22:29 UTC,Europe/Oslo,1441483,karakaxa,Valia Pavlou,2022-08-03 22:09:34 UTC,2024-11-08 13:37:40 UTC,research,CC-BY-NC,https://www.inaturalist.org/observations/129335803,https://inaturalist-open-data.s3.amazonaws.com/photos/219779172/medium.jpg,,"","",1,0,false,3,Étourneau sansonnet,Sturnus vulgaris,Обыкновенный скворец,Aves,14850
129731798,bbe43b6b-38d5-4492-9c93-a2d82efe118c,2022/08/05 4:54 PM,2022-08-05,2022-08-05 14:54:00 UTC,Amsterdam,4537838,mollyhanse,Molly Hanse,2022-08-06 21:06:54 UTC,2022-08-08 07:25:54 UTC,research,,https://www.inaturalist.org/observations/129731798,https://static.inaturalist.org/photos/220506287/medium.jpg,,"",,2,0,false,,European Starling,Sturnus vulgaris,Обыкновенный скворец,Aves,14850
132142051,2d59382a-1573-422e-a70e-38f1e2a5c4aa,2022/08/24 11:50 AM,2022-08-24,2022-08-24 09:50:00 UTC,Berlin,496767,camogains,"",2022-08-24 14:26:44 UTC,2025-06-02 10:00:54 UTC,research,CC-BY-NC,https://www.inaturalist.org/observations/132142051,https://inaturalist-open-data.s3.amazonaws.com/photos/224984968/medium.jpeg,,"","",5,0,false,,Star,Sturnus vulgaris,Обыкновенный скворец,Aves,14850
135390862,ed82f7bf-b898-4e48-9fc3-4cae37dbe5ef,2022/09/02 1:33 PM,2022-09-02,2022-09-02 10:33:00 UTC,Riga,3831969,grinnin,"",2022-09-17 16:26:48 UTC,2024-02-11 23:11:32 UTC,research,CC-BY-NC,https://www.inaturalist.org/observations/135390862,https://inaturalist-open-data.s3.amazonaws.com/photos/230911247/medium.jpg,,Riga,"",5,0,false,,European Starling,Sturnus vulgaris,Обыкновенный скворец,Aves,14850
136025995,6bbf36bd-0598-4ef9-af51-d690535686d8,2022-09-22 13:08:29+01:00,2022-09-22,2022-09-22 12:08:29 UTC,London,5426450,gcat99,,2022-09-22 12:08:54 UTC,2022-09-22 15:16:18 UTC,research,CC-BY-NC,https://www.inaturalist.org/observations/136025995,https://inaturalist-open-data.s3.amazonaws.com/photos/232098157/medium.jpg,,"","",2,0,false,3,European Starling,Sturnus vulgaris,Обыкновенный скворец,Aves,14850
136458531,35cc4b4b-ea90-4747-922b-a323a5f9fa83,2021-05-31 15:35:16,2021-05-31,2021-05-31 13:35:16 UTC,Rome,6179384,leonardo_fritz,Leonardo Fritz,2022-09-25 17:45:04 UTC,2023-03-31 22:35:47 UTC,research,,https://www.inaturalist.org/observations/136458531,https://static.inaturalist.org/photos/232893013/medium.jpeg,,"",,2,0,false,2,Storno comune,Sturnus vulgaris,Обыкновенный скворец,Aves,14850
137304824,289ccde0-8f5f-4872-8f9d-cadd79871698,2022/10/01 14:19,2022-10-01,2022-10-01 12:19:00 UTC,Rome,1094650,gianni_del_bufalo,Gianni Del Bufalo bygdb,2022-10-02 17:32:11 UTC,2023-10-08 21:34:36 UTC,research,CC-BY,https://www.inaturalist.org/observations/137304824,https://inaturalist-open-data.s3.amazonaws.com/photos/234472821/medium.jpeg,,"",in stormo -some birds in flocks,4,0,false,,European Starling,Sturnus vulgaris,Обыкновенный скворец,Aves,14850
137623836,8772f804-a779-4be4-a60d-b1e04e99bbe8,2022-04-24 13:20:21+03:00,2022-04-24,2022-04-24 10:20:21 UTC,St. Petersburg,6222002,shiadal,,2022-10-05 11:57:40 UTC,2024-04-25 03:25:49 UTC,research,CC-BY-NC,https://www.inaturalist.org/observations/137623836,https://inaturalist-open-data.s3.amazonaws.com/photos/235084228/medium.jpg,,"","",2,0,false,3,European Starling,Sturnus vulgaris,Обыкновенный скворец,Aves,14850
137740244,fecf6a69-32af-4b9a-b298-43dfb389b252,2022/09/07 09:47,2022-09-07,2022-09-07 06:47:00 UTC,St. Petersburg,5898840,koririco,"",2022-10-06 13:15:03 UTC,2022-10-06 17:21:52 UTC,research,CC-BY-NC,https://www.inaturalist.org/observations/137740244,https://inaturalist-open-data.s3.amazonaws.com/photos/235300050/medium.jpeg,,"","",1,0,false,,Sturnus vulgaris,Sturnus vulgaris,Обыкновенный скворец,Aves,14850
138117492,0d308d38-1cfc-41a9-95fb-fcd86320eee8,2022-10-08 16:13:42+01:00,2022-10-08,2022-10-08 15:13:42 UTC,London,5080645,olliedavis,Ollie Davis,2022-10-09 14:20:38 UTC,2025-04-26 08:30:14 UTC,research,CC0,https://www.inaturalist.org/observations/138117492,https://static.inaturalist.org/photos/236009814/medium.jpg,,"","",3,0,false,3,Storno comune,Sturnus vulgaris,Обыкновенный скворец,Aves,14850
138527003,32e71926-1f67-4b19-8822-64b12fc341a6,2022/10/12 2:23 PM,2022-10-12,2022-10-12 12:23:00 UTC,Berlin,1271604,leonardbolte,"",2022-10-12 18:05:12 UTC,2024-10-27 18:37:59 UTC,research,CC-BY,https://www.inaturalist.org/observations/138527003,https://inaturalist-open-data.s3.amazonaws.com/photos/236788433/medium.jpeg,,"",,1,0,false,,Étourneau sansonnet,Sturnus vulgaris,Обыкновенный скворец,Aves,14850
138854384,11148061-eccd-4ab3-8c7e-a60b1892f320,2022/10/15 16:33,2022-10-15,2022-10-15 13:33:00 UTC,St. Petersburg,2512458,ubeeque,Vitalii Muravev,2022-10-15 16:06:08 UTC,2022-10-23 18:04:42 UTC,research,,https://www.inaturalist.org/observations/138854384,https://static.inaturalist.org/photos/237378811/medium.jpeg,,"",,2,0,false,,Star,Sturnus vulgaris,Обыкновенный скворец,Aves,14850
139438773,105f9f89-39a3-4385-b893-d73dede0a3ea,2022/10/17 15:02,2022-10-17,2022-10-17 13:02:00 UTC,Rome,1094650,gianni_del_bufalo,Gianni Del Bufalo bygdb,2022-10-20 16:16:06 UTC,2023-10-08 21:34:36 UTC,research,CC-BY,https://www.inaturalist.org/observations/139438773,https://inaturalist-open-data.s3.amazonaws.com/photos/238491195/medium.jpeg,,"",Flock of birds on the ground. What are they eating ??,2,0,false,,Storno comune,Sturnus vulgaris,Обыкновенный скворец,Aves,14850
140139322,19dd2069-63e7-4cd4-b18d-457632682f13,2022-01-11 15:12:56,2022-01-11,2022-01-11 14:12:56 UTC,Madrid,3821946,jorge_plaza,Jorge Plaza,2022-10-27 10:17:21 UTC,2022-11-06 10:58:47 UTC,research,,https://www.inaturalist.org/observations/140139322,https://static.inaturalist.org/photos/239837430/medium.jpeg,,"",,4,0,false,2,Kottarainen,Sturnus vulgaris,Обыкновенный скворец,Aves,14850
140540026,c1af96d3-6873-4221-a37d-bbb5416750a1,2022-10-29 11:54:01,2022-10-29,2022-10-29 10:54:01 UTC,London,5121821,celina_schmoll,Celina Schmoll,2022-10-30 17:18:00 UTC,2024-06-20 16:49:55 UTC,research,CC-BY-NC,https://www.inaturalist.org/observations/140540026,https://static.inaturalist.org/photos/240584314/medium.jpeg,,"",,3,0,false,2,European Starling,Sturnus vulgaris,Обыкновенный скворец,Aves,14850
140861017,324bb4f2-217c-4014-b53f-c1325ffced0f,2022/10/31 15:28,2022-10-31,2022-10-31 14:28:00 UTC,Berlin,4860824,nixi55,,2022-11-02 09:49:31 UTC,2022-11-02 18:52:05 UTC,research,CC-BY-NC,https://www.inaturalist.org/observations/140861017,https://inaturalist-open-data.s3.amazonaws.com/photos/241188438/medium.jpeg,,"",,2,0,false,,Star,Sturnus vulgaris,Обыкновенный скворец,Aves,14850
141266195,f6819b98-bfdb-44c3-ad50-b7f7c139c476,2021/08/12 7:12 PM,2021-08-12,2021-08-12 18:12:00 UTC,London,6304742,canoe180,Canoe180,2022-11-06 14:26:45 UTC,2024-04-10 13:09:44 UTC,research,CC-BY-NC,https://www.inaturalist.org/observations/141266195,https://inaturalist-open-data.s3.amazonaws.com/photos/241967749/medium.jpeg,,"leucism, albino","",1,0,false,,Common Starling,Sturnus vulgaris,Обыкновенный скворец,Aves,14850
141620709,09eb9ddd-347d-44be-af0e-f44f78b46b75,2022/11/10 12:02,2022-11-10,2022-11-10 09:02:00 UTC,St. Petersburg,5961933,natalya_nesterova,Наталья Нестерова,2022-11-10 16:34:17 UTC,2022-11-10 18:55:09 UTC,research,CC-BY-NC,https://www.inaturalist.org/observations/141620709,https://inaturalist-open-data.s3.amazonaws.com/photos/242661077/medium.jpeg,,"",,1,0,false,,European Starling,Sturnus vulgaris,Обыкновенный скворец,Aves,14850
142440707,9796b16b-8926-4a3d-916e-dc3526a462e4,2022/10/27 11:02,2022-10-27,2022-10-27 09:02:00 UTC,Berlin,1410956,pelagicgraf,"",2022-11-20 10:31:13 UTC,2024-03-24 04:35:39 UTC,research,CC-BY-NC,https://www.inaturalist.org/observations/142440707,https://inaturalist-open-data.s3.amazonaws.com/photos/244201580/medium.jpg,,"",,14,0,false,,Kottarainen,Sturnus vulgaris,Обыкновенный скворец,Aves,14850
143325327,e62b3f66-d9bb-4df3-a542-c688d9703856,1965/09/12 11:49 AM,1965-09-12,1965-09-12 10:49:00 UTC,London,717200,kenharris,Ken Harris EntSocVic,2022-11-30 03:46:31 UTC,2024-08-01 23:43:49 UTC,research,CC-BY-NC,https://www.inaturalist.org/observations/143325327,https://inaturalist-open-data.s3.amazonaws.com/photos/245776824/medium.jpg,,"",,5,0,false,,Star,Sturnus vulgaris,Обыкновенный скворец,Aves,14850
143333765,043c4df0-61c3-4cc4-bf16-c23920b3a95f,2021-04-22 17:24:22+02:00,2021-04-22,2021-04-22 15:24:22 UTC,Dublin,5710113,claire0029,,2022-11-30 06:44:30 UTC,2024-07-25 19:53:46 UTC,research,CC-BY-NC,https://www.inaturalist.org/observations/143333765,https://inaturalist-open-data.s3.amazonaws.com/photos/245802320/medium.jpg,,"","",7,0,false,3,Étourneau sansonnet,Sturnus vulgaris,Обыкновенный скворец,Aves,14850
143421756,aa7bcc2f-26c9-4ba4-85db-750d4fbc56ee,2022-11-30 02:57:04,2022-11-30,2022-11-30 01:57:04 UTC,Paris,4358501,jo389,Jo l'indien,2022-12-01 10:32:45 UTC,2022-12-01 22:04:32 UTC,research,,https://www.inaturalist.org/observations/143421756,https://static.inaturalist.org/photos/245959835/medium.jpeg,,"","La plupart des oiseaux sont morts dans des circonstances encore assez étranges.. beaucoup d'entre eux sont morts presque instantanément suite au choc sur le macadam, cependant d'autres étaient encore en vie après la chute mais sont tout de même morts quelques minutes après.

La première photo (21 individus dans un carton) a été prise le 29 novembre 2022, la seconde (15 individus + 4 autres trouvés un peu plus tard et mis dans un bac polystyrène) a été prise le 30 novembre 2022, la troisième photo (14 individus + 1 qui a été trouvé au courant de la soirée) a été prise le 1er décembre 2022 ; et bien évidemment tout cela sans compter le reste des oiseaux, ceux qui sont tombés sur la route puis écrasés par les véhicules, ainsi que ceux qui étaient souillés par un mélange d'eau et de fientes, à peu près entre 15 et 20 individus.",1,0,false,2,Étourneau sansonnet,Sturnus vulgaris,Обыкновенный скворец,Aves,14850
143732580,4812be08-b24e-44e7-9c1c-b3e53ad0b0c7,2022/05/26 15:51,2022-05-26,2022-05-26 12:51:00 UTC,St. Petersburg,4060683,bakkasv,,2022-12-05 17:03:27 UTC,2022-12-05 18:50:30 UTC,research,CC-BY-NC,https://www.inaturalist.org/observations/143732580,https://inaturalist-open-data.s3.amazonaws.com/photos/246553402/medium.jpeg,,"",,3,0,false,,European Starling,Sturnus vulgaris,Обыкновенный скворец,Aves,14850
143920426,ab261a2d-cc24-43c1-b869-78dc2dad20a6,2020/06/02 19:56,2020-06-02,2020-06-02 16:56:00 UTC,St. Petersburg,3030843,alevtina_f,Alevtina Fedorova,2022-12-08 06:28:07 UTC,2023-05-29 20:53:31 UTC,research,CC-BY-NC,https://www.inaturalist.org/observations/143920426,https://inaturalist-open-data.s3.amazonaws.com/photos/246911092/medium.jpg,,"",,3,0,false,,Обыкновенный скворец,Sturnus vulgaris,Обыкновенный скворец,Aves,14850
144595191,1e85d862-6570-4999-904d-89430d13563b,2022/12/18 12:56 PM,2022-12-18,2022-12-18 10:56:00 UTC,Vilnius,2524710,steiblys,Gintautas Steiblys,2022-12-18 10:57:14 UTC,2022-12-22 15:17:38 UTC,research,CC-BY-NC,https://www.inaturalist.org/observations/144595191,https://inaturalist-open-data.s3.amazonaws.com/photos/248202696/medium.jpg,,"",,3,0,false,,Обыкновенный скворец,Sturnus vulgaris,Обыкновенный скворец,Aves,14850
145106969,90477b32-b5d1-4cab-926c-1f40fe727e60,2022-12-26 12:12:03,2022-12-26,2022-12-26 11:12:03 UTC,Rome,4709005,gond,Amico Cosimo / Gond,2022-12-26 13:50:44 UTC,2024-09-06 16:40:59 UTC,research,CC-BY-NC,https://www.inaturalist.org/observations/145106969,https://inaturalist-open-data.s3.amazonaws.com/photos/249201133/medium.jpeg,,"",,4,0,false,2,Storno comune,Sturnus vulgaris,Обыкновенный скворец,Aves,14850
145507871,f6ea8a90-566e-42ed-a746-74c958496459,2022/08/11 6:27 PM,2022-08-11,2022-08-11 15:27:00 UTC,Bucharest,5643,jakob,Jakob Fahr,2022-12-31 15:42:29 UTC,2025-09-14 06:01:31 UTC,research,CC-BY,https://www.inaturalist.org/observations/145507871,https://inaturalist-open-data.s3.amazonaws.com/photos/249945358/medium.jpeg,,"","",2,0,false,,Star,Sturnus vulgaris,Обыкновенный скворец,Aves,14850
145529170,70af3bd8-92db-4ef3-8f2a-27c06222defd,2021-12-22 17:19:31+01:00,2021-12-22,2021-12-22 16:19:31 UTC,Paris,5223967,wac_pictures,"",2022-12-31 21:03:42 UTC,2025-01-04 21:40:26 UTC,research,CC-BY-NC,https://www.inaturalist.org/observations/145529170,https://inaturalist-open-data.s3.amazonaws.com/photos/249990173/medium.jpg,,"","",5,0,false,3,Étourneau sansonnet,Sturnus vulgaris,Обыкновенный скворец,Aves,14850
145651034,ddae6c27-febb-42d6-9d7a-30691d8f667f,2023/01/01 16:14,2023-01-01,2023-01-01 15:14:00 UTC,Berlin,2859090,korb,Korbinian von Königslöw,2023-01-02 09:02:45 UTC,2023-01-08 14:42:15 UTC,research,CC-BY-NC,https://www.inaturalist.org/observations/145651034,https://inaturalist-open-data.s3.amazonaws.com/photos/250226769/medium.jpeg,,"",,2,0,false,,Kottarainen,Sturnus vulgaris,Обыкновенный скворец,Aves,14850
145767440,871565f4-37fc-499c-91e5-97e80ff56ae8,2022/04/04 12:30 PM,2022-04-04,2022-04-04 10:30:00 UTC,Madrid,5555239,aurearamon,Aurea&amp;Ramon,2023-01-03 18:24:08 UTC,2023-01-04 15:46:13 UTC,research,CC-BY-NC,https://www.inaturalist.org/observations/145767440,https://inaturalist-open-data.s3.amazonaws.com/photos/250452215/medium.jpg,,"","",3,0,false,,European Starling,Sturnus vulgaris,Обыкновенный скворец,Aves,14850
146030244,8ad797a3-a822-4e16-8751-f3544a70475f,2019/05/22 12:06,2019-05-22,2019-05-22 09:06:00 UTC,St. Petersburg,2926219,irinabobyleva,Irina Bobyleva,2023-01-07 11:27:51 UTC,2023-02-25 12:59:07 UTC,research,CC-BY-NC,https://www.inaturalist.org/observations/146030244,https://inaturalist-open-data.s3.amazonaws.com/photos/250968859/medium.jpeg,,"","",1,0,false,,European Starling,Sturnus vulgaris,Обыкновенный скворец,Aves,14850
147536171,9dd937fe-3551-4f2b-9d67-8377bfb6b223,2023-01-28 14:04:37,2023-01-28,2023-01-28 11:04:37 UTC,St. Petersburg,2497873,valerkov,Валерия Ковалева,2023-01-28 16:36:54 UTC,2023-12-29 05:59:11 UTC,research,CC-BY-NC,https://www.inaturalist.org/observations/147536171,https://inaturalist-open-data.s3.amazonaws.com/photos/253889305/medium.jpeg,,"",,8,0,false,2,Kottarainen,Sturnus vulgaris,Обыкновенный скворец,Aves,14850
147834424,b1e70345-db05-47b6-a77e-e958d740e317,2023/01/29 13:59,2023-01-29,2023-01-29 10:59:00 UTC,St. Petersburg,5331025,entomor,,2023-02-01 16:18:49 UTC,2023-12-29 05:59:28 UTC,research,CC-BY-NC,https://www.inaturalist.org/observations/147834424,https://static.inaturalist.org/photos/254456008/medium.jpg,,"",,6,0,false,,European Starling,Sturnus vulgaris,Обыкновенный скворец,Aves,14850
147935808,25021ed3-8a3c-400c-93d8-760a7d13f6fd,2023-01-24 12:07:33+03:00,2023-01-24,2023-01-24 09:07:33 UTC,St. Petersburg,5342603,olakovaleva,,2023-02-03 07:16:47 UTC,2023-12-01 14:04:34 UTC,research,CC-BY-NC,https://www.inaturalist.org/observations/147935808,https://inaturalist-open-data.s3.amazonaws.com/photos/254654598/medium.jpg,,"","",4,0,false,3,Обыкновенный скворец,Sturnus vulgaris,Обыкновенный скворец,Aves,14850
147954046,74ddd9a3-7887-46e5-9028-a5dd2eb1f1d7,2021/02/19 10:29,2021-02-19,2021-02-19 09:29:00 UTC,Paris,6456840,anatole_perdrizet,,2023-02-03 15:30:58 UTC,2023-02-27 12:05:47 UTC,research,CC-BY-NC,https://www.inaturalist.org/observations/147954046,https://inaturalist-open-data.s3.amazonaws.com/photos/254689730/medium.jpg,,"",,6,0,false,,Star,Sturnus vulgaris,Обыкновенный скворец,Aves,14850
148082875,b21c3cdf-9335-43a5-9b38-6b8ced631ab1,2023/02/04 17:27,2023-02-04,2023-02-04 16:27:00 UTC,Rome,6304010,davidediana,Davide Diana,2023-02-05 07:27:53 UTC,2023-02-20 16:43:02 UTC,research,CC-BY-NC,https://www.inaturalist.org/observations/148082875,https://inaturalist-open-data.s3.amazonaws.com/photos/254937175/medium.jpg,,"",,5,0,false,,Estornino pinto,Sturnus vulgaris,Обыкновенный скворец,Aves,14850
148252724,da44f543-fb8d-4f6a-a1c8-a1dea67362e8,2011/05/10 14:19,2011-05-10,2011-05-10 12:19:00 UTC,Berlin,4372458,drmichaelbraun,Dr. Michael P. Braun,2023-02-07 14:56:11 UTC,2023-02-15 14:08:10 UTC,research,,https://www.inaturalist.org/observations/148252724,https://static.inaturalist.org/photos/255262798/medium.jpeg,,"","",1,0,false,,European Starling,Sturnus vulgaris,Обыкновенный скворец,Aves,14850
148526597,3c5d5e11-a30f-4fd6-b4cd-ff1bbd760f4c,2023/02/11 13:07,2023-02-11,2023-02-11 12:07:00 UTC,Berlin,4823678,susannespider,Susanne Spindler,2023-02-11 16:40:46 UTC,2024-10-26 11:39:02 UTC,research,CC-BY-NC,https://www.inaturalist.org/observations/148526597,https://inaturalist-open-data.s3.amazonaws.com/photos/255790030/medium.jpeg,https://static.inaturalist.org/sounds/596082.m4a?1676133552,"",,3,0,false,,European Starling,Sturnus vulgaris,Обыкновенный скворец,Aves,14850
148963005,2dcd80dd-48d6-4105-9f23-f1a4a67e6e87,2023/02/17 10:49 AM,2023-02-17,2023-02-17 08:49:00 UTC,Sofia,6327132,stevem4560,SteveM4560,2023-02-17 12:23:02 UTC,2023-09-28 14:17:14 UTC,research,CC-BY,https://www.inaturalist.org/observations/148963005,https://inaturalist-open-data.s3.amazonaws.com/photos/256616785/medium.jpg,,"","",2,0,false,,Estornino pinto,Sturnus vulgaris,Обыкновенный скворец,Aves,14850
149268361,ca345abf-4f13-4fc8-9c84-653aefd3da74,2020/04/02 17:37,2020-04-02,2020-04-02 15:37:00 UTC,Vienna,4725019,adinie,adinie,2023-02-20 21:54:11 UTC,2025-04-02 15:40:42 UTC,research,CC-BY-NC,https://www.inaturalist.org/observations/149268361,https://inaturalist-open-data.s3.amazonaws.com/photos/257180501/medium.jpeg,,"",,1,0,false,,European Starling,Sturnus vulgaris,Обыкновенный скворец,Aves,14850
149710184,543ee326-ec8a-46ad-ad97-55ce0ad01dfe,2023/02/24 2:19 PM,2023-02-24,2023-02-24 14:19:00 UTC,London,5954623,rushin-bushin,Rusch,2023-02-26 09:05:31 UTC,2025-02-21 11:44:09 UTC,research,CC-BY,https://www.inaturalist.org/observations/149710184,https://inaturalist-open-data.s3.amazonaws.com/photos/258017079/medium.jpeg,,"","",2,0,false,,Common Starling,Sturnus vulgaris,Обыкновенный скворец,Aves,14850
150164011,fc055740-9d5a-4863-8461-298918eec3ce,2022/05/31 16:16,2022-05-31,2022-05-31 13:16:00 UTC,St. Petersburg,6540255,rimma_sych,Rimma Gerasimenko,2023-03-03 23:15:04 UTC,2023-04-10 05:58:59 UTC,research,CC-BY-NC,https://www.inaturalist.org/observations/150164011,https://inaturalist-open-data.s3.amazonaws.com/photos/258874328/medium.jpg,,"","",1,0,false,,Spreeuw,Sturnus vulgaris,Обыкновенный скворец,Aves,14850
150499757,20a778ae-b07a-4ac7-85c2-3ee51156458a,2023-03-07,2023-03-07,,Paris,6482486,maelisrnd,Maëlis Rinaudo,2023-03-07 16:43:15 UTC,2023-03-07 21:00:58 UTC,research,CC-BY-NC,https://www.inaturalist.org/observations/150499757,https://inaturalist-open-data.s3.amazonaws.com/photos/259523890/medium.jpeg,,"",,2,0,false,2,European Starling,Sturnus vulgaris,Обыкновенный скворец,Aves,14850
150945251,91e1c0f2-4b70-4449-8476-7977de6fd2db,2023/03/11 20:23,2023-03-11,2023-03-11 17:23:00 UTC,St. Petersburg,4038013,kurilinms,Kurilin M S,2023-03-12 17:24:03 UTC,2024-04-25 03:24:09 UTC,research,CC-BY-NC,https://www.inaturalist.org/observations/150945251,https://inaturalist-open-data.s3.amazonaws.com/photos/260368544/medium.jpg,,"",,3,0,false,,Étourneau sansonnet,Sturnus vulgaris,Обыкновенный скворец,Aves,14850
151062410,32889733-2057-4aae-a30b-634c08e9956a,2023/03/12 17:23,2023-03-12,2023-03-12 16:23:00 UTC,Vienna,5402988,cosimo_costanzia,Cosimo Costanzia di Costigliole,2023-03-13 20:18:17 UTC,2025-04-02 15:38:28 UTC,research,CC-BY,https://www.inaturalist.org/observations/151062410,https://inaturalist-open-data.s3.amazonaws.com/photos/260586981/medium.jpg,,"","",4,0,false,,European Starling,Sturnus vulgaris,Обыкновенный скворец,Aves,14850
151223501,786419a6-a0cc-45db-866c-3e0e3e025e6e,2023/03/14 17:18,2023-03-14,2023-03-14 16:18:00 UTC,Paris,3588071,samuel_guiraudou,Samuel GUIRAUDOU,2023-03-15 17:28:09 UTC,2023-03-15 17:54:03 UTC,research,CC-BY,https://www.inaturalist.org/observations/151223501,https://inaturalist-open-data.s3.amazonaws.com/photos/260887356/medium.jpeg,,"",,2,0,false,,European Starling,Sturnus vulgaris,Обыкновенный скворец,Aves,14850
151389461,ca9ac2e3-26b3-40f9-b457-2340bff034e5,2023-03-17 13:41:51,2023-03-17,2023-03-17 11:41:51 UTC,Vilnius,5443635,karolina148,Karolina Klimaitė,2023-03-17 14:23:07 UTC,2025-08-02 12:51:12 UTC,research,CC-BY,https://www.inaturalist.org/observations/151389461,https://static.inaturalist.org/photos/261994247/medium.jpeg,,"",,3,0,false,2,Star,Sturnus vulgaris,Обыкновенный скворец,Aves,14850
151398557,ae267888-f98f-4bee-8c99-8e8676f61214,2023-03-17 17:35:00,2023-03-17,2023-03-17 14:35:00 UTC,St. Petersburg,3758643,minamoto_eritomo,Minamoto Eritomo,2023-03-17 16:26:51 UTC,2023-03-17 17:29:47 UTC,research,,https://www.inaturalist.org/observations/151398557,https://static.inaturalist.org/photos/261221662/medium.jpeg,,"",Первые вестники весны. ,2,0,false,2,Обыкновенный скворец,Sturnus vulgaris,Обыкновенный скворец,Aves,14850
151498827,54927026-0e89-47c5-bf72-d61d26be8d9a,2023/03/18 17:30,2023-03-18,2023-03-18 16:30:00 UTC,Paris,5618296,sylvain_deville,SYLVAIN DEVILLE,2023-03-18 16:47:43 UTC,2024-03-08 23:25:46 UTC,research,CC-BY-NC,https://www.inaturalist.org/observations/151498827,https://static.inaturalist.org/photos/261406581/medium.jpeg,,"",,1,0,false,,Étourneau sansonnet,Sturnus vulgaris,Обыкновенный скворец,Aves,14850
151739080,f0f6f787-26ea-448b-a5b0-06f0108ffccf,2023/03/20 1:32 PM,2023-03-20,2023-03-20 11:32:00 UTC,Vilnius,3906381,ramune_vakare,Ramunė Vakarė,2023-03-20 16:27:17 UTC,2023-03-22 08:01:13 UTC,research,CC-BY-NC,https://www.inaturalist.org/observations/151739080,https://inaturalist-open-data.s3.amazonaws.com/photos/261858538/medium.jpeg,,"",,1,0,false,,Paprastasis varnėnas,Sturnus vulgaris,Обыкновенный скворец,Aves,14850
152008406,69e2f20e-ef43-49d2-9558-721205a442f1,2023/02/28 11:15 AM,2023-02-28,2023-02-28 11:15:00 UTC,Lisbon,281244,draposo79,Daniel Raposo,2023-03-23 07:48:21 UTC,2023-04-22 11:09:02 UTC,research,CC-BY-NC,https://www.inaturalist.org/observations/152008406,https://inaturalist-open-data.s3.amazonaws.com/photos/262364849/medium.jpeg,,"",,3,0,false,,European Starling,Sturnus vulgaris,Обыкновенный скворец,Aves,14850
152225797,07953248-0c85-4c45-9fe0-7ddb7fd02e0e,2023/03/24 11:49 AM,2023-03-24,2023-03-24 09:49:00 UTC,Vilnius,3906381,ramune_vakare,Ramunė Vakarė,2023-03-25 10:37:08 UTC,2023-03-26 13:26:51 UTC,research,CC-BY-NC,https://www.inaturalist.org/observations/152225797,https://inaturalist-open-data.s3.amazonaws.com/photos/262760884/medium.jpeg,,"",,2,0,false,,European Starling,Sturnus vulgaris,Обыкновенный скворец,Aves,14850
152655572,0638b1eb-983b-495b-be75-6f8c1884c13b,2023/03/28 14:01,2023-03-28,2023-03-28 11:01:00 UTC,St. Petersburg,842234,mikhailezdakov,Mikhail Ezdakov,2023-03-28 20:04:03 UTC,2023-07-04 21:02:07 UTC,research,CC-BY-NC,https://www.inaturalist.org/observations/152655572,https://inaturalist-open-data.s3.amazonaws.com/photos/263553108/medium.jpg,,"",,3,0,false,,Обыкновенный скворец,Sturnus vulgaris,Обыкновенный скворец,Aves,14850
153375996,d0124172-5a1d-48dc-bd6d-12fe07f05b6d,2023/03/28 16:32,2023-03-28,2023-03-28 14:32:00 UTC,Vienna,827504,gernotkunz,"",2023-04-03 21:58:54 UTC,2025-04-02 15:34:24 UTC,research,CC-BY-NC,https://www.inaturalist.org/observations/153375996,https://static.inaturalist.org/photos/264889599/medium.jpg,,"",,2,0,false,,European Starling,Sturnus vulgaris,Обыкновенный скворец,Aves,14850
154159209,3a2161c4-3771-4cc8-a518-61613e331aea,2023-04-09 17:06:19,2023-04-09,2023-04-09 16:06:19 UTC,London,5349216,sytv,"",2023-04-09 20:05:55 UTC,2024-08-01 12:20:05 UTC,research,CC-BY-NC,https://www.inaturalist.org/observations/154159209,https://inaturalist-open-data.s3.amazonaws.com/photos/266337553/medium.jpeg,,"",,2,0,false,2,European Starling,Sturnus vulgaris,Обыкновенный скворец,Aves,14850
154302641,cd2fd805-bf36-4218-ad61-857d066f93cc,2023/04/10 09:39,2023-04-10,2023-04-10 06:39:00 UTC,St. Petersburg,3857905,valentina387,Валентина Морозова,2023-04-10 17:56:01 UTC,2023-04-11 13:46:35 UTC,research,,https://www.inaturalist.org/observations/154302641,https://static.inaturalist.org/photos/266602699/medium.jpg,,"",,1,0,false,,Обыкновенный скворец,Sturnus vulgaris,Обыкновенный скворец,Aves,14850
154979603,bf40d121-9348-4122-82a8-942577144e35,2023/04/13 4:05 PM,2023-04-13,2023-04-13 15:05:00 UTC,London,6492835,brian-oates,Brian Oates,2023-04-15 15:10:43 UTC,2023-04-16 15:49:22 UTC,research,CC-BY-NC,https://www.inaturalist.org/observations/154979603,https://inaturalist-open-data.s3.amazonaws.com/photos/267838607/medium.jpg,,"",,2,0,false,,Paprastasis varnėnas,Sturnus vulgaris,Обыкновенный скворец,Aves,14850
155084402,748986c9-9fbf-45a7-b714-2cea4d4f1327,2023/04/13 1:48 AM,2023-04-13,2023-04-12 23:48:00 UTC,Paris,270397,panecillo,Jorge A. Pérez Torres,2023-04-16 01:53:55 UTC,2023-04-16 14:14:53 UTC,research,CC-BY-NC,https://www.inaturalist.org/observations/155084402,https://inaturalist-open-data.s3.amazonaws.com/photos/268027620/medium.jpeg,,"",,1,0,false,,Spreeuw,Sturnus vulgaris,Обыкновенный скворец,Aves,14850
155173999,5a84bfc4-a879-4b78-9a37-2c5e9e3bf936,2023/04/16 14:13,2023-04-16,2023-04-16 11:13:00 UTC,St. Petersburg,6495832,artemyankovskiy,Артем,2023-04-16 16:46:12 UTC,2023-04-16 16:47:05 UTC,research,CC-BY-NC,https://www.inaturalist.org/observations/155173999,https://inaturalist-open-data.s3.amazonaws.com/photos/268194616/medium.jpg,,"",,1,0,false,,Обыкновенный скворец,Sturnus vulgaris,Обыкновенный скворец,Aves,14850
155444477,a9ef59ac-7ca2-40c9-bf5a-4eb500aa680c,2023-04-18 12:10:24+03:00,2023-04-18,2023-04-18 09:10:24 UTC,Kyiv,4394158,fejanor,Oleh Feia,2023-04-18 09:11:03 UTC,2023-04-19 18:27:16 UTC,research,,https://www.inaturalist.org/observations/155444477,https://static.inaturalist.org/photos/268703265/medium.jpg,,"","",1,0,false,3,European Starling,Sturnus vulgaris,Обыкновенный скворец,Aves,14850
155892338,e8feef9e-21bb-47f7-b383-385f9cc515b9,2023-04-21 10:40:55+02:00,2023-04-21,2023-04-21 08:40:55 UTC,Paris,1317088,mercantour,"",2023-04-21 14:15:16 UTC,2024-01-15 16:52:09 UTC,research,,https://www.inaturalist.org/observations/155892338,https://static.inaturalist.org/photos/269516733/medium.jpg,,"","",5,0,false,3,Étourneau sansonnet,Sturnus vulgaris,Обыкновенный скворец,Aves,14850
156559385,4dde3087-2c07-4061-ad16-0b844c8be123,2023-04-25 10:12:54,2023-04-25,2023-04-25 08:12:54 UTC,Rome,6482486,maelisrnd,Maëlis Rinaudo,2023-04-25 11:03:53 UTC,2023-06-09 08:45:36 UTC,needs_id,CC-BY-NC,https://www.inaturalist.org/observations/156559385,https://inaturalist-open-data.s3.amazonaws.com/photos/270737640/medium.jpeg,,"",,0,0,false,2,Étourneau sansonnet,Sturnus vulgaris,Обыкновенный скворец,Aves,14850
156595764,66bbde54-f62d-46f8-8060-166c18a8bf09,2023/04/25 05:59,2023-04-25,2023-04-25 02:59:00 UTC,St. Petersburg,5716227,dzherikhov_vladimir,Владимир Джерихов,2023-04-25 16:13:39 UTC,2024-05-03 07:18:37 UTC,research,CC-BY-NC,https://www.inaturalist.org/observations/156595764,https://inaturalist-open-data.s3.amazonaws.com/photos/270798394/medium.jpeg,,Птица собирает материал для строительства гнезда,скворец собирает материал для гнезда,1,0,false,,Seregély,Sturnus vulgaris,Обыкновенный скворец,Aves,14850
158520148,dca82662-c407-4a9d-9afa-34d9c49fe096,2023-04-29 22:22:46+03:00,2023-04-29,2023-04-29 19:22:46 UTC,St. Petersburg,6813612,denisko,Denis Pavlenko,2023-05-01 07:03:24 UTC,2023-05-01 19:32:25 UTC,research,CC-BY-NC,https://www.inaturalist.org/observations/158520148,https://inaturalist-open-data.s3.amazonaws.com/photos/273956470/medium.jpg,,"","",2,0,false,3,Обыкновенный скворец,Sturnus vulgaris,Обыкновенный скворец,Aves,14850
158703921,9cb0b75a-dc50-4442-b4a1-fdd72d70d365,2023/04/29 12:26,2023-04-29,2023-04-29 09:26:00 UTC,St. Petersburg,1467478,sokolkov2002,Соколков Юрий Павлович,2023-05-01 16:13:31 UTC,2023-05-01 16:51:02 UTC,research,CC-BY-NC,https://www.inaturalist.org/observations/158703921,https://inaturalist-open-data.s3.amazonaws.com/photos/274237431/medium.jpeg,,"",,1,0,false,,Обыкновенный скворец,Sturnus vulgaris,Обыкновенный скворец,Aves,14850
161138956,56f77641-4509-42d2-9f0f-66161b97b667,2023-05-11 18:29:47+03:00,2023-05-11,2023-05-11 15:29:47 UTC,Helsinki,3361259,ahenttonen,Antti Henttonen,2023-05-11 21:30:21 UTC,2023-05-15 10:19:48 UTC,research,CC-BY-NC,https://www.inaturalist.org/observations/161138956,https://inaturalist-open-data.s3.amazonaws.com/photos/278504971/medium.jpg,,"","",1,0,false,3,Kottarainen,Sturnus vulgaris,Обыкновенный скворец,Aves,14850
161688320,1d8cace0-e962-418b-b1bc-2439b5c22aac,2023/05/14 14:57,2023-05-14,2023-05-14 12:57:00 UTC,Copenhagen,1801493,ellegaardsnatur,Tina Ellegaard Poulsen,2023-05-14 21:26:19 UTC,2023-05-14 21:27:52 UTC,research,CC-BY,https://www.inaturalist.org/observations/161688320,https://inaturalist-open-data.s3.amazonaws.com/photos/279486448/medium.jpg,,"",,1,0,false,,European Starling,Sturnus vulgaris,Обыкновенный скворец,Aves,14850
162040142,36625b7e-4653-483c-b3c6-4a64640c1d61,2023-04-17 17:22:32+03:00,2023-04-17,2023-04-17 14:22:32 UTC,Helsinki,3361259,ahenttonen,Antti Henttonen,2023-05-16 21:36:34 UTC,2023-05-18 19:37:37 UTC,research,CC-BY-NC,https://www.inaturalist.org/observations/162040142,https://inaturalist-open-data.s3.amazonaws.com/photos/280141493/medium.jpg,,"","",2,0,false,3,European Starling,Sturnus vulgaris,Обыкновенный скворец,Aves,14850
162044139,3071405a-7792-49b3-9429-c316257c3438,2023-04-17 17:24:37+03:00,2023-04-17,2023-04-17 14:24:37 UTC,Helsinki,3361259,ahenttonen,Antti Henttonen,2023-05-16 22:04:36 UTC,2023-05-18 19:37:27 UTC,research,CC-BY-NC,https://www.inaturalist.org/observations/162044139,https://inaturalist-open-data.s3.amazonaws.com/photos/280148796/medium.jpg,,"","",2,0,false,3,European Starling,Sturnus vulgaris,Обыкновенный скворец,Aves,14850
163093191,3d012cd8-641b-4afd-acd9-0d5a7894c7bb,2023/05/21 12:29 PM,2023-05-21,2023-05-21 09:29:00 UTC,Vilnius,3906381,ramune_vakare,Ramunė Vakarė,2023-05-22 10:28:28 UTC,2023-06-08 16:23:48 UTC,research,CC-BY-NC,https://www.inaturalist.org/observations/163093191,https://inaturalist-open-data.s3.amazonaws.com/photos/282054065/medium.jpeg,,"",,2,0,false,,Paprastasis varnėnas,Sturnus vulgaris,Обыкновенный скворец,Aves,14850
163304661,ce290554-09cb-48df-89b6-4bef9d3385db,2023-05-16 11:56:25,2023-05-16,2023-05-16 09:56:25 UTC,Amsterdam,4792310,bennopost,Benno,2023-05-23 13:38:09 UTC,2025-10-05 17:58:43 UTC,research,CC-BY-NC,https://www.inaturalist.org/observations/163304661,https://inaturalist-open-data.s3.amazonaws.com/photos/282439018/medium.jpeg,,"",,10,0,false,2,Spreeuw,Sturnus vulgaris,Обыкновенный скворец,Aves,14850
163331759,8024af00-869e-46f5-b69a-81db8c5d88d7,2023/05/23 16:38,2023-05-23,2023-05-23 13:38:00 UTC,St. Petersburg,5961933,natalya_nesterova,Наталья Нестерова,2023-05-23 16:29:55 UTC,2023-05-25 12:07:03 UTC,research,CC-BY-NC,https://www.inaturalist.org/observations/163331759,https://inaturalist-open-data.s3.amazonaws.com/photos/282484446/medium.jpeg,,"",птенец...родители кормят,1,0,false,,Обыкновенный скворец,Sturnus vulgaris,Обыкновенный скворец,Aves,14850
163979209,94d016b6-c27e-42a6-b25d-4bdfbaf9843e,2023/05/27 11:54 AM,2023-05-27,2023-05-27 09:54:00 UTC,Berlin,6912338,milvusmilvus,Daniel,2023-05-27 12:58:48 UTC,2024-03-21 21:25:25 UTC,research,,https://www.inaturalist.org/observations/163979209,https://static.inaturalist.org/photos/283678976/medium.jpeg,,"",,1,0,false,,Star,Sturnus vulgaris,Обыкновенный скворец,Aves,14850
164265799,2c5da3fa-8cde-40bc-9bcd-97d82c1391f8,2023/05/25 17:30,2023-05-25,2023-05-25 14:30:00 UTC,St. Petersburg,3857905,valentina387,Валентина Морозова,2023-05-28 19:06:04 UTC,2024-08-08 23:36:19 UTC,research,,https://www.inaturalist.org/observations/164265799,https://static.inaturalist.org/photos/284194558/medium.jpg,,"",,2,0,false,,European Starling,Sturnus vulgaris,Обыкновенный скворец,Aves,14850
165103209,7c4f8c44-75a9-40d1-8c1f-2c2731174f36,2023-06-02 09:00:47+01:00,2023-06-02,2023-06-02 08:00:47 UTC,London,3727956,jaimejohnson87,,2023-06-02 08:04:07 UTC,2023-12-11 21:46:55 UTC,research,CC-BY-NC,https://www.inaturalist.org/observations/165103209,https://inaturalist-open-data.s3.amazonaws.com/photos/285759005/medium.jpg,,"","Albino starling?
",1,0,false,3,špaček obecný,Sturnus vulgaris,Обыкновенный скворец,Aves,14850
165579402,60a1c043-804d-48e4-b407-91c7a8007100,2023/06/01 13:27,2023-06-01,2023-06-01 11:27:00 UTC,Berlin,2174549,rijans,Rita Jansen,2023-06-04 19:50:44 UTC,2023-09-26 07:58:46 UTC,research,CC-BY-NC-SA,https://www.inaturalist.org/observations/165579402,https://inaturalist-open-data.s3.amazonaws.com/photos/286629584/medium.jpeg,,"",juvenil,1,0,false,,Sturnus vulgaris,Sturnus vulgaris,Обыкновенный скворец,Aves,14850
166749743,223b14bc-dfb1-40cb-8cad-f2090a99d74a,2023/06/10 12:33,2023-06-10,2023-06-10 10:33:00 UTC,Paris,6735594,david_laloi,David LALOI,2023-06-11 07:14:28 UTC,2023-06-16 05:26:58 UTC,research,CC-BY-NC,https://www.inaturalist.org/observations/166749743,https://inaturalist-open-data.s3.amazonaws.com/photos/288791142/medium.jpeg,,"",SAMSUNG DIGITAL CAMERA,5,0,false,,European Starling,Sturnus vulgaris,Обыкновенный скворец,Aves,14850
169426379,617f0929-2dd4-4efa-8bc1-03ec3d7c40ad,2023/06/24 11:33,2023-06-24,2023-06-24 08:33:00 UTC,St. Petersburg,3836894,irinakondr,Ирина Кондратьева,2023-06-25 18:00:16 UTC,2023-06-29 08:34:47 UTC,research,CC-BY-NC,https://www.inaturalist.org/observations/169426379,https://inaturalist-open-data.s3.amazonaws.com/photos/293729364/medium.jpeg,,"",,1,0,false,,Обыкновенный скворец,Sturnus vulgaris,Обыкновенный скворец,Aves,14850
170967007,c39a407f-32e5-4a73-ba61-dbfad25f8716,2022/05/17 8:48 PM,2022-05-17,2022-05-17 19:48:00 UTC,Dublin,6331103,gggpellas,,2023-07-04 04:16:19 UTC,2024-10-22 11:43:16 UTC,research,CC-BY-NC-ND,https://www.inaturalist.org/observations/170967007,https://inaturalist-open-data.s3.amazonaws.com/photos/296611890/medium.jpeg,,"",,5,0,false,,European Starling,Sturnus vulgaris,Обыкновенный скворец,Aves,14850
172492961,525321cf-d269-480a-a95f-f8205ca58a52,2023-07-11 14:32:47,2023-07-11,2023-07-11 11:32:47 UTC,Helsinki,5518864,markku74,Markku Kangas,2023-07-12 12:17:18 UTC,2023-07-12 14:43:00 UTC,research,,https://www.inaturalist.org/observations/172492961,https://static.inaturalist.org/photos/299455151/medium.jpeg,,"",,3,0,false,2,European Starling,Sturnus vulgaris,Обыкновенный скворец,Aves,14850
172968433,7a19e10a-5e8f-4c27-9fef-5835d2fc068b,2023-07-09 14:19:31,2023-07-09,2023-07-09 13:19:31 UTC,London,1183361,donna165,Donna Schakelaar,2023-07-15 06:47:40 UTC,2024-11-09 10:01:53 UTC,research,CC-BY-NC,https://www.inaturalist.org/observations/172968433,https://inaturalist-open-data.s3.amazonaws.com/photos/300336351/medium.jpeg,,"",,2,0,false,2,歐洲椋鳥,Sturnus vulgaris,Обыкновенный скворец,Aves,14850
177412952,b64401ee-662a-4f41-8419-fba758e35734,2023-08-08 19:13:27,2023-08-08,2023-08-08 18:13:27 UTC,London,6653618,ross291,Ross McCallum,2023-08-08 21:46:06 UTC,2023-08-09 08:05:54 UTC,research,,https://www.inaturalist.org/observations/177412952,https://static.inaturalist.org/photos/308556211/medium.jpeg,,"",,2,0,false,2,Common Starling,Sturnus vulgaris,Обыкновенный скворец,Aves,14850
177833331,dabac215-523e-440b-9af0-b84b0240460e,2023/08/11 4:48 PM,2023-08-11,2023-08-11 13:48:00 UTC,Helsinki,3006232,maijakarala,Maija Karala,2023-08-11 15:04:33 UTC,2024-04-28 05:48:46 UTC,research,CC-BY,https://www.inaturalist.org/observations/177833331,https://inaturalist-open-data.s3.amazonaws.com/photos/309347903/medium.jpeg,,"","",2,0,false,,Kottarainen,Sturnus vulgaris,Обыкновенный скворец,Aves,14850
178179753,673a114b-033c-4394-8b08-c29d36e28a8d,2023/08/10 20:11,2023-08-10,2023-08-10 17:11:00 UTC,St. Petersburg,3857905,valentina387,Валентина Морозова,2023-08-13 14:19:24 UTC,2023-08-17 16:23:46 UTC,research,,https://www.inaturalist.org/observations/178179753,https://static.inaturalist.org/photos/310001589/medium.jpg,,"",,1,0,false,,Обыкновенный скворец,Sturnus vulgaris,Обыкновенный скворец,Aves,14850
178600222,2c9db50f-a587-4d57-8a1f-ec7610c84875,2023-08-13 18:25:36+03:00,2023-08-13,2023-08-13 15:25:36 UTC,Helsinki,3361259,ahenttonen,Antti Henttonen,2023-08-15 22:05:38 UTC,2023-08-16 07:30:00 UTC,research,CC-BY-NC,https://www.inaturalist.org/observations/178600222,https://inaturalist-open-data.s3.amazonaws.com/photos/310808495/medium.jpg,,"","",1,0,false,3,Kottarainen,Sturnus vulgaris,Обыкновенный скворец,Aves,14850
179363132,75a0cefc-ff0b-454e-92ee-f3bc3e6cdff8,2023-08-20 15:36:59,2023-08-20,2023-08-20 14:36:59 UTC,London,4625532,smallmaleman,Nathaniel Bell,2023-08-20 16:04:41 UTC,2023-08-20 16:32:42 UTC,research,CC-BY-NC,https://www.inaturalist.org/observations/179363132,https://inaturalist-open-data.s3.amazonaws.com/photos/312247599/medium.jpeg,,"",,1,0,false,2,Common Starling,Sturnus vulgaris,Обыкновенный скворец,Aves,14850
180642840,c99e31a7-1d63-47e6-be3c-4a035f753b4f,2023/07/08 7:59 AM,2023-07-08,2023-07-08 06:59:00 UTC,London,5555405,andrew_skotnicki,Andrew Skotnicki,2023-08-28 17:02:38 UTC,2023-08-28 21:49:22 UTC,research,CC-BY-NC,https://www.inaturalist.org/observations/180642840,https://inaturalist-open-data.s3.amazonaws.com/photos/314701802/medium.jpg,,"Animal, Aves, Bird, Common Starling, European Starling, Passeriformes, Passerine, Perching Bird, Songbird, Starling, Sturnidae, Sturnus vulgaris",,1,0,false,,Common Starling,Sturnus vulgaris,Обыкновенный скворец,Aves,14850
181327221,c31af1ea-f7e4-44c6-b604-2b71f7aaea77,2023-08-29 18:55:37+03:00,2023-08-29,2023-08-29 15:55:37 UTC,Helsinki,3361259,ahenttonen,Antti Henttonen,2023-09-02 08:53:45 UTC,2023-09-02 09:21:53 UTC,research,CC-BY-NC,https://www.inaturalist.org/observations/181327221,https://inaturalist-open-data.s3.amazonaws.com/photos/316005019/medium.jpg,,"","",1,0,false,3,Kottarainen,Sturnus vulgaris,Обыкновенный скворец,Aves,14850
181637708,52793960-f4b0-4f29-86b3-00f1ea9f8bd6,2022-11-24 10:11:10,2022-11-24,2022-11-24 09:11:10 UTC,Berlin,7304084,yulia_r,Yulia R,2023-09-03 21:29:18 UTC,2024-02-25 20:54:25 UTC,research,,https://www.inaturalist.org/observations/181637708,https://static.inaturalist.org/photos/316544013/medium.jpeg,,"",,2,0,false,2,European Starling,Sturnus vulgaris,Обыкновенный скворец,Aves,14850
182398007,7d2adafa-31a4-488b-b3f2-f58d27414307,2023-09-05 18:53:45+03:00,2023-09-05,2023-09-05 15:53:45 UTC,Helsinki,3361259,ahenttonen,Antti Henttonen,2023-09-09 00:24:50 UTC,2023-09-12 05:12:44 UTC,research,CC-BY-NC,https://www.inaturalist.org/observations/182398007,https://inaturalist-open-data.s3.amazonaws.com/photos/318012956/medium.jpg,,"","",2,0,false,3,Kottarainen,Sturnus vulgaris,Обыкновенный скворец,Aves,14850
182681276,a500227e-df5f-4e25-81b1-5d34c224dcd4,2023/09/04 12:06 PM,2023-09-04,2023-09-04 09:06:00 UTC,Sofia,6327132,stevem4560,SteveM4560,2023-09-10 18:43:35 UTC,2023-09-28 14:17:14 UTC,research,CC-BY,https://www.inaturalist.org/observations/182681276,https://inaturalist-open-data.s3.amazonaws.com/photos/318558586/medium.jpg,,"","",1,0,false,,European Starling,Sturnus vulgaris,Обыкновенный скворец,Aves,14850
182931718,cab1d2db-33ca-4b28-8464-f2bbd660a408,2023/09/08 5:07 PM,2023-09-08,2023-09-08 14:07:00 UTC,Bucharest,6526005,gabyrusu,Gabi Rusu,2023-09-12 11:55:35 UTC,2025-09-10 09:17:19 UTC,research,CC-BY,https://www.inaturalist.org/observations/182931718,https://inaturalist-open-data.s3.amazonaws.com/photos/319052410/medium.jpg,,"Common starling, Graur, Sturnus vulgaris, animal, bird, nature, outdoors, wildlife",,2,0,false,,European Starling,Sturnus vulgaris,Обыкновенный скворец,Aves,14850
183953810,da2e2b03-db7c-4619-b0c8-81652da03c38,2023-09-18 18:37:39+03:00,2023-09-18,2023-09-18 15:37:39 UTC,Helsinki,3361259,ahenttonen,Antti Henttonen,2023-09-19 07:42:37 UTC,2023-09-19 08:53:45 UTC,research,CC-BY-NC,https://www.inaturalist.org/observations/183953810,https://inaturalist-open-data.s3.amazonaws.com/photos/321022818/medium.jpg,,"","",1,0,false,3,Kottarainen,Sturnus vulgaris,Обыкновенный скворец,Aves,14850
184003314,0962dae3-e839-4c5c-a846-32461a57bde0,2023-09-18,2023-09-18,,Berlin,6484624,anitaharms,,2023-09-19 17:19:28 UTC,2023-09-19 22:01:28 UTC,research,CC-BY-NC,https://www.inaturalist.org/observations/184003314,https://inaturalist-open-data.s3.amazonaws.com/photos/321118303/medium.jpeg,,"",,3,0,false,2,Star,Sturnus vulgaris,Обыкновенный скворец,Aves,14850
184407706,f1499bc1-f632-4dc2-9813-b7a563c1840d,2023/04/10 7:27 AM,2023-04-10,2023-04-10 05:27:00 UTC,Paris,270397,panecillo,Jorge A. Pérez Torres,2023-09-22 17:33:18 UTC,2023-10-03 21:14:56 UTC,research,CC-BY-NC,https://www.inaturalist.org/observations/184407706,https://inaturalist-open-data.s3.amazonaws.com/photos/321889530/medium.jpeg,,"",,4,0,false,,Estornino pinto eurasiático,Sturnus vulgaris,Обыкновенный скворец,Aves,14850
184418444,299d4451-2993-446f-88a0-1d01fd9268bd,2023/04/11 2:10 AM,2023-04-11,2023-04-11 00:10:00 UTC,Paris,270397,panecillo,Jorge A. Pérez Torres,2023-09-22 18:46:46 UTC,2023-09-22 21:04:19 UTC,research,CC-BY-NC,https://www.inaturalist.org/observations/184418444,https://inaturalist-open-data.s3.amazonaws.com/photos/321909738/medium.jpeg,,"",,5,0,false,,Estornino pinto eurasiático,Sturnus vulgaris,Обыкновенный скворец,Aves,14850
184660202,9ba13b40-0b40-491f-9228-e68f294e8750,2023-09-22 17:19:19+03:00,2023-09-22,2023-09-22 14:19:19 UTC,Helsinki,3361259,ahenttonen,Antti Henttonen,2023-09-24 08:55:04 UTC,2023-09-24 09:14:56 UTC,research,CC-BY-NC,https://www.inaturalist.org/observations/184660202,https://inaturalist-open-data.s3.amazonaws.com/photos/322377698/medium.jpg,,"","",1,0,false,3,Kottarainen,Sturnus vulgaris,Обыкновенный скворец,Aves,14850
185123056,9274b0d4-6dfe-4ce1-a19c-f383e4be2523,2023-09-27 11:40:34+02:00,2023-09-27,2023-09-27 09:40:34 UTC,Berlin,4524058,insektix,,2023-09-27 10:34:21 UTC,2023-09-29 20:10:25 UTC,research,CC-BY-NC,https://www.inaturalist.org/observations/185123056,https://inaturalist-open-data.s3.amazonaws.com/photos/323261833/medium.jpg,,"","",2,0,false,3,Star,Sturnus vulgaris,Обыкновенный скворец,Aves,14850
185154964,48867485-f6bc-4d93-8b7b-56b46b832a07,2020/03/04 10:51,2020-03-04,2020-03-04 09:51:00 UTC,Rome,7380822,ivan_di_gia,Ivan Di Già,2023-09-27 16:03:59 UTC,2023-09-28 05:03:50 UTC,research,CC-BY-NC,https://www.inaturalist.org/observations/185154964,https://inaturalist-open-data.s3.amazonaws.com/photos/323322234/medium.jpeg,,"","",3,0,false,,Storno,Sturnus vulgaris,Обыкновенный скворец,Aves,14850
185198911,1c2803ab-18cc-470e-a37f-87ae0598ffe0,2023-09-26 19:03:09+03:00,2023-09-26,2023-09-26 16:03:09 UTC,Helsinki,3361259,ahenttonen,Antti Henttonen,2023-09-27 21:43:39 UTC,2023-09-27 22:41:36 UTC,research,CC-BY-NC,https://www.inaturalist.org/observations/185198911,https://inaturalist-open-data.s3.amazonaws.com/photos/323405221/medium.jpg,,"","",1,0,false,3,Kottarainen,Sturnus vulgaris,Обыкновенный скворец,Aves,14850
187093499,9fc745a9-034a-4d35-abe9-ca8c1e80163b,2023/10/11 7:42 AM,2023-10-11,2023-10-11 04:42:00 UTC,Sofia,6327132,stevem4560,SteveM4560,2023-10-11 07:48:07 UTC,2023-10-11 17:32:30 UTC,research,CC-BY,https://www.inaturalist.org/observations/187093499,https://inaturalist-open-data.s3.amazonaws.com/photos/327116729/medium.jpg,,"",These hungry lot were looking for a feast on grapes!! Unfortunately for them I picked the grapes last week ... too late :))),2,0,false,,European Starling,Sturnus vulgaris,Обыкновенный скворец,Aves,14850
187113117,6c7e25ba-1281-4a2b-85c2-17ec8b731498,2023/10/11 11:31 AM,2023-10-11,2023-10-11 10:31:00 UTC,London,4630377,inlandbirder,,2023-10-11 13:02:14 UTC,2023-11-02 23:36:04 UTC,research,CC-BY-NC,https://www.inaturalist.org/observations/187113117,https://inaturalist-open-data.s3.amazonaws.com/photos/327153593/medium.jpeg,,"","",5,0,false,,Common Starling,Sturnus vulgaris,Обыкновенный скворец,Aves,14850
187567612,38084cb3-87d3-43ba-ab2b-78b4f54c6e96,2023-10-12 16:25:22+03:00,2023-10-12,2023-10-12 13:25:22 UTC,Helsinki,3361259,ahenttonen,Antti Henttonen,2023-10-15 00:23:53 UTC,2023-11-03 16:35:25 UTC,research,CC-BY-NC,https://www.inaturalist.org/observations/187567612,https://inaturalist-open-data.s3.amazonaws.com/photos/328046325/medium.jpg,,"","",1,0,false,3,Kottarainen,Sturnus vulgaris,Обыкновенный скворец,Aves,14850
187788018,ead3278f-f1d0-4c69-8ae4-2b4965d18d34,2023-10-16 16:39:43,2023-10-16,2023-10-16 13:39:43 UTC,Istanbul,5536149,kocoleoptera,Koray Öğreten,2023-10-16 15:30:58 UTC,2025-01-29 20:37:46 UTC,research,CC-BY-NC,https://www.inaturalist.org/observations/187788018,https://inaturalist-open-data.s3.amazonaws.com/photos/328487391/medium.jpeg,,"",,4,0,false,2,European Starling,Sturnus vulgaris,Обыкновенный скворец,Aves,14850
190062403,d6673adc-4a29-46e6-9bfa-662346601ad2,2023/11/05 1:40 PM,2023-11-05,2023-11-05 12:40:00 UTC,Paris,2979145,aklairoux,Annette Khan,2023-11-05 12:42:12 UTC,2024-11-22 07:16:52 UTC,research,,https://www.inaturalist.org/observations/190062403,https://static.inaturalist.org/photos/333100875/medium.jpg,,"",White Starling visits in the morning,7,0,false,,European Starling,Sturnus vulgaris,Обыкновенный скворец,Aves,14850
190062407,4361255e-b0db-4c09-ac88-f7f87f374216,2023/11/05 1:40 PM,2023-11-05,2023-11-05 12:40:00 UTC,Paris,2979145,aklairoux,Annette Khan,2023-11-05 12:42:13 UTC,2024-11-22 07:15:48 UTC,research,,https://www.inaturalist.org/observations/190062407,https://static.inaturalist.org/photos/333100877/medium.jpg,,"",White Starling visits in the morning,7,0,false,,European Starling,Sturnus vulgaris,Обыкновенный скворец,Aves,14850
190062408,24bab15e-1a00-4e0d-b05b-14df7daa3694,2023/11/05 1:40 PM,2023-11-05,2023-11-05 12:40:00 UTC,Paris,2979145,aklairoux,Annette Khan,2023-11-05 12:42:13 UTC,2024-11-22 15:18:21 UTC,research,,https://www.inaturalist.org/observations/190062408,https://static.inaturalist.org/photos/333100876/medium.jpg,,"",White Starling visits in the morning,8,0,false,,European Starling,Sturnus vulgaris,Обыкновенный скворец,Aves,14850
190332731,f7ce9ad7-4dc0-46d4-abc4-aab1cd8bf408,2023/11/07 14:20,2023-11-07,2023-11-07 13:20:00 UTC,Europe/Luxembourg,4200602,serfhof,,2023-11-07 19:25:37 UTC,2023-11-08 19:46:55 UTC,research,CC-BY-NC,https://www.inaturalist.org/observations/190332731,https://inaturalist-open-data.s3.amazonaws.com/photos/333629322/medium.jpg,,"",,2,0,false,,Star,Sturnus vulgaris,Обыкновенный скворец,Aves,14850
191219059,725a5283-a56f-401c-8c75-fae74143e80c,2023/11/16 12:38,2023-11-16,2023-11-16 09:38:00 UTC,St. Petersburg,5560740,anastasiazhemik,Анастасия Яковлева,2023-11-16 22:44:41 UTC,2023-11-18 00:50:25 UTC,research,CC-BY-NC,https://www.inaturalist.org/observations/191219059,https://inaturalist-open-data.s3.amazonaws.com/photos/335401879/medium.jpg,,"",,4,0,false,,Обыкновенный скворец,Sturnus vulgaris,Обыкновенный скворец,Aves,14850
191265306,f10c4270-ad98-46e9-8de5-3e8ce214e39b,2023-11-17 13:56:48,2023-11-17,2023-11-17 12:56:48 UTC,Rome,5554327,federico_biguzzi,Federico Biguzzi,2023-11-17 13:15:38 UTC,2025-04-02 09:23:07 UTC,research,CC-BY-NC,https://www.inaturalist.org/observations/191265306,https://inaturalist-open-data.s3.amazonaws.com/photos/335493160/medium.jpeg,,"","Probably, death by suffocation, resulting from the head being wedged between the two cables.",1,0,false,2,Storno comune,Sturnus vulgaris,Обыкновенный скворец,Aves,14850
191462350,413f30b6-a419-4670-ac3f-cd82615aab05,2023-11-19 13:01:45,2023-11-19,2023-11-19 12:01:45 UTC,Paris,2217011,lefebvremax,Lefebvre Maxence,2023-11-19 12:02:34 UTC,2024-07-25 05:58:31 UTC,research,,https://www.inaturalist.org/observations/191462350,https://static.inaturalist.org/photos/335888336/medium.jpeg,,"",,3,0,false,2,Sturnus vulgaris,Sturnus vulgaris,Обыкновенный скворец,Aves,14850
191861115,726c5948-2e76-49ec-88b8-83581ee0a86e,2023/11/17 11:54 AM,2023-11-17,2023-11-17 11:54:00 UTC,London,1412330,desmodus60,Desmond Ney,2023-11-23 18:02:20 UTC,2024-11-09 17:21:54 UTC,research,CC0,https://www.inaturalist.org/observations/191861115,https://inaturalist-open-data.s3.amazonaws.com/photos/336687589/medium.jpeg,,"","",6,0,false,,Common Starling,Sturnus vulgaris,Обыкновенный скворец,Aves,14850
192092115,35dc0635-ddc2-491d-a2d5-e6c81e921b71,2023/11/25 12:41,2023-11-25,2023-11-25 09:41:00 UTC,St. Petersburg,6854322,maxim_denisov,,2023-11-25 17:59:31 UTC,2023-11-26 11:14:14 UTC,research,CC-BY-NC,https://www.inaturalist.org/observations/192092115,https://inaturalist-open-data.s3.amazonaws.com/photos/337119724/medium.jpg,,"",,3,0,false,,Обыкновенный скворец,Sturnus vulgaris,Обыкновенный скворец,Aves,14850
192533232,4d824606-bd0b-4029-b6a3-f56673609795,2023-10-25 18:40:56,2023-10-25,2023-10-25 17:40:56 UTC,London,5140577,erdonmezon,"",2023-11-29 09:07:32 UTC,2023-11-30 22:12:37 UTC,research,CC-BY-NC,https://www.inaturalist.org/observations/192533232,https://inaturalist-open-data.s3.amazonaws.com/photos/338010155/medium.jpeg,,"",,2,0,false,2,Seregély,Sturnus vulgaris,Обыкновенный скворец,Aves,14850
192533284,8c8e18a9-0555-4dec-95c5-e0d853785d9e,2023-10-25 18:41:16,2023-10-25,2023-10-25 17:41:16 UTC,London,5140577,erdonmezon,"",2023-11-29 09:08:31 UTC,2023-11-30 22:12:53 UTC,research,CC-BY-NC,https://www.inaturalist.org/observations/192533284,https://inaturalist-open-data.s3.amazonaws.com/photos/338010217/medium.jpeg,,"",,5,0,false,2,Seregély,Sturnus vulgaris,Обыкновенный скворец,Aves,14850
193024769,7fbdfe16-c337-41c8-b159-aad928e3faa4,2023/11/19 09:22,2023-11-19,2023-11-19 08:22:00 UTC,Paris,1926371,matthieu_gauvain,Matthieu Gauvain,2023-12-04 10:56:18 UTC,2023-12-12 22:36:58 UTC,research,CC-BY,https://www.inaturalist.org/observations/193024769,https://inaturalist-open-data.s3.amazonaws.com/photos/338994135/medium.jpeg,,"","",2,0,false,,Étourneau sansonnet,Sturnus vulgaris,Обыкновенный скворец,Aves,14850
193482967,a731d5ce-3521-4f0a-9bc2-105d3e1463c5,2023-12-09 13:19:57,2023-12-09,2023-12-09 13:19:57 UTC,London,7603793,mistaking-candles-for-headlights,"",2023-12-09 13:33:36 UTC,2024-02-03 12:50:18 UTC,research,CC-BY-NC,https://www.inaturalist.org/observations/193482967,https://inaturalist-open-data.s3.amazonaws.com/photos/339892491/medium.jpeg,,"",,2,0,false,2,Common Starling,Sturnus vulgaris,Обыкновенный скворец,Aves,14850
194359743,b17df4f2-4e4e-46ba-bbec-3f9a16dc9177,2023-12-19 16:27:23+01:00,2023-12-19,2023-12-19 15:27:23 UTC,Rome,6935680,animotions,Animotions,2023-12-19 15:28:33 UTC,2023-12-21 07:04:49 UTC,research,CC-BY-NC,https://www.inaturalist.org/observations/194359743,https://inaturalist-open-data.s3.amazonaws.com/photos/341656048/medium.jpg,,"","Large flock(s)
Any idea what birds do that? It seems migratory.",2,0,false,3,European Starling,Sturnus vulgaris,Обыкновенный скворец,Aves,14850
194770838,9efccbf4-4c19-457c-8f12-f841f871baf3,2013/12/26 16:14,2013-12-26,2013-12-26 12:14:00 UTC,St. Petersburg,7220950,lida_onishchenko,Лида Онищенко,2023-12-24 21:53:59 UTC,2023-12-25 09:15:52 UTC,research,CC-BY-NC,https://www.inaturalist.org/observations/194770838,https://inaturalist-open-data.s3.amazonaws.com/photos/342458276/medium.jpg,,"",,4,0,false,,Обыкновенный скворец,Sturnus vulgaris,Обыкновенный скворец,Aves,14850
195706209,6f58b523-85f8-40a1-8bf6-96c42c77d2fa,2024/01/02 16:44,2024-01-02,2024-01-02 15:44:00 UTC,Rome,1945930,phylos,Luigi Andena,2024-01-03 23:47:23 UTC,2024-01-15 11:48:52 UTC,research,CC-BY-NC,https://www.inaturalist.org/observations/195706209,https://inaturalist-open-data.s3.amazonaws.com/photos/344367230/medium.jpg,,"","",4,0,false,,Storno comune,Sturnus vulgaris,Обыкновенный скворец,Aves,14850
196381994,13262d16-0c6f-40fe-aaf7-657c8a506fea,2024/01/11 12:31,2024-01-11,2024-01-11 09:31:00 UTC,St. Petersburg,5560740,anastasiazhemik,Анастасия Яковлева,2024-01-11 22:25:44 UTC,2024-01-12 17:59:33 UTC,research,CC-BY-NC,https://www.inaturalist.org/observations/196381994,https://inaturalist-open-data.s3.amazonaws.com/photos/345728737/medium.jpg,,"",,5,0,false,,Обыкновенный скворец,Sturnus vulgaris,Обыкновенный скворец,Aves,14850
196668182,7aa265fd-72bb-4320-b2a1-06909ca7961d,2024/01/14 12:04,2024-01-14,2024-01-14 09:04:00 UTC,St. Petersburg,1439242,sergeycyp,Sergey Tsyplakov,2024-01-14 15:25:10 UTC,2024-01-14 16:15:37 UTC,research,CC-BY-NC,https://www.inaturalist.org/observations/196668182,https://inaturalist-open-data.s3.amazonaws.com/photos/346187561/medium.jpeg,,"","",2,0,false,,Обыкновенный скворец,Sturnus vulgaris,Обыкновенный скворец,Aves,14850
197590566,0bb867d4-2d3a-4f54-b914-2bbb2b758fb3,2024/01/26 08:52,2024-01-26,2024-01-26 05:52:00 UTC,St. Petersburg,6324277,alexbal65,Александр Балаев,2024-01-26 06:55:54 UTC,2024-03-07 17:43:48 UTC,research,CC-BY-NC,https://www.inaturalist.org/observations/197590566,https://inaturalist-open-data.s3.amazonaws.com/photos/348054203/medium.jpg,,"",,3,0,false,,Обыкновенный скворец,Sturnus vulgaris,Обыкновенный скворец,Aves,14850
198301116,24c8a8c9-4f51-4d03-9dce-746386b747e9,2024/02/03 4:55 PM,2024-02-03,2024-02-03 14:55:00 UTC,Sofia,6327132,stevem4560,SteveM4560,2024-02-03 16:01:35 UTC,2025-01-02 12:32:32 UTC,research,CC-BY,https://www.inaturalist.org/observations/198301116,https://inaturalist-open-data.s3.amazonaws.com/photos/349479764/medium.jpg,,"","",1,0,false,,European Starling,Sturnus vulgaris,Обыкновенный скворец,Aves,14850
198415710,67719835-feec-40a5-9f3f-449d4bdd32e2,2024-02-04 16:56:21Z,2024-02-04,2024-02-04 16:56:21 UTC,London,6625334,kaylea1994,,2024-02-04 18:56:22 UTC,2024-08-08 23:34:19 UTC,research,CC-BY-NC,https://www.inaturalist.org/observations/198415710,https://inaturalist-open-data.s3.amazonaws.com/photos/349711444/medium.jpg,,"","",3,0,false,3,European Starling,Sturnus vulgaris,Обыкновенный скворец,Aves,14850
198739294,19c09920-c5d6-4f6b-a789-193c95f42f32,2023-09-18 10:26:00+01:00,2023-09-18,2023-09-18 09:26:00 UTC,London,7465700,llwyd2811,,2024-02-08 17:28:41 UTC,2024-02-12 13:08:14 UTC,research,CC-BY-NC,https://www.inaturalist.org/observations/198739294,https://inaturalist-open-data.s3.amazonaws.com/photos/350346474/medium.jpg,,"","",4,0,false,3,Common Starling,Sturnus vulgaris,Обыкновенный скворец,Aves,14850
198880504,26195bfc-3b35-4b10-b070-0ff7924b50a0,2024/02/09 1:51 PM,2024-02-09,2024-02-09 11:51:00 UTC,Sofia,6327132,stevem4560,SteveM4560,2024-02-10 09:18:29 UTC,2024-04-14 10:36:27 UTC,research,CC-BY,https://www.inaturalist.org/observations/198880504,https://inaturalist-open-data.s3.amazonaws.com/photos/350622697/medium.jpg,,"","",3,0,false,,European Starling,Sturnus vulgaris,Обыкновенный скворец,Aves,14850
198989218,ed63bc20-a82a-4c57-9719-4fe6427fd02d,2024-02-11 10:39:43,2024-02-11,2024-02-11 09:39:43 UTC,Paris,2217011,lefebvremax,Lefebvre Maxence,2024-02-11 11:03:09 UTC,2024-07-25 05:58:31 UTC,research,,https://www.inaturalist.org/observations/198989218,https://static.inaturalist.org/photos/350835451/medium.jpeg,,"",,3,0,false,2,Sturnus vulgaris,Sturnus vulgaris,Обыкновенный скворец,Aves,14850
199029046,46a10ae7-bb96-44c8-b30b-3c3761b19c1b,2024/02/06 12:10,2024-02-06,2024-02-06 09:10:00 UTC,St. Petersburg,1099503,anna-solisia,Анна Голубева,2024-02-11 19:18:51 UTC,2024-02-16 17:33:27 UTC,research,CC-BY-NC,https://www.inaturalist.org/observations/199029046,https://inaturalist-open-data.s3.amazonaws.com/photos/350911118/medium.jpg,,"",,3,0,false,,Обыкновенный скворец,Sturnus vulgaris,Обыкновенный скворец,Aves,14850
199276284,d1f422f0-dfd2-4b55-9483-3add883bbebc,2023/04/13 1:48 AM,2023-04-13,2023-04-12 23:48:00 UTC,Paris,270397,panecillo,Jorge A. Pérez Torres,2024-02-14 13:52:36 UTC,2024-02-15 07:02:37 UTC,research,CC-BY-NC,https://www.inaturalist.org/observations/199276284,https://inaturalist-open-data.s3.amazonaws.com/photos/351405244/medium.jpeg,,"",,4,0,false,,Estornino pinto eurasiático,Sturnus vulgaris,Обыкновенный скворец,Aves,14850
199276291,4fee9893-844c-4096-bc1d-11b4ffe40396,2023/04/13 2:39 AM,2023-04-13,2023-04-13 00:39:00 UTC,Paris,270397,panecillo,Jorge A. Pérez Torres,2024-02-14 13:52:38 UTC,2024-04-25 01:09:26 UTC,research,CC-BY-NC,https://www.inaturalist.org/observations/199276291,https://inaturalist-open-data.s3.amazonaws.com/photos/351405281/medium.jpeg,,"",,5,0,false,,Estornino pinto eurasiático,Sturnus vulgaris,Обыкновенный скворец,Aves,14850
199353892,6695045c-88f1-4002-b5f1-089d4cdbfa20,2024-02-15 12:23:24,2024-02-15,2024-02-15 11:23:24 UTC,Madrid,5891931,blai_y_dani,Daniel Gaona Carrilero,2024-02-15 11:23:41 UTC,2024-05-16 15:47:44 UTC,research,CC-BY-NC,https://www.inaturalist.org/observations/199353892,https://inaturalist-open-data.s3.amazonaws.com/photos/351622655/medium.jpeg,,"",,2,0,false,2,Estornino pinto eurasiático,Sturnus vulgaris,Обыкновенный скворец,Aves,14850
199584503,dbeeb9ee-512a-4dc0-8c0d-f7be4be8af29,2024/02/16 08:21,2024-02-16,2024-02-16 07:21:00 UTC,Prague,3448449,milodrozdek,Miloš Drozdek,2024-02-17 18:30:01 UTC,2024-02-19 07:36:19 UTC,research,,https://www.inaturalist.org/observations/199584503,https://static.inaturalist.org/photos/351990804/medium.jpeg,,"",,3,0,false,,špaček obecný,Sturnus vulgaris,Обыкновенный скворец,Aves,14850
199649664,8b89ee87-b591-4062-886c-737b1a56bc63,2024-02-16 11:03:56,2024-02-16,2024-02-16 11:03:56 UTC,London,6653618,ross291,Ross McCallum,2024-02-18 07:44:41 UTC,2024-02-18 13:23:30 UTC,research,CC0,https://www.inaturalist.org/observations/199649664,https://inaturalist-open-data.s3.amazonaws.com/photos/352121177/medium.jpeg,,"",,1,0,false,2,Common Starling,Sturnus vulgaris,Обыкновенный скворец,Aves,14850
199776298,fcd19618-e103-400d-9e0a-4e9fda524361,2024/02/19 09:19,2024-02-19,2024-02-19 06:19:00 UTC,St. Petersburg,7609723,ivansilcenko,Иван Сильченко,2024-02-19 09:58:57 UTC,2024-02-19 11:58:56 UTC,research,,https://www.inaturalist.org/observations/199776298,https://static.inaturalist.org/photos/352366777/medium.jpg,,"",,2,0,false,,Обыкновенный скворец,Sturnus vulgaris,Обыкновенный скворец,Aves,14850
200821861,aec0547b-0a59-4bc7-8401-5266914b3b95,2024-02-23,2024-02-23,,Paris,3084993,thomashaller,Thomas Haller,2024-02-29 15:44:18 UTC,2024-04-08 23:26:59 UTC,research,,https://www.inaturalist.org/observations/200821861,https://static.inaturalist.org/photos/354383480/medium.jpeg,,"",,2,0,false,2,Étourneau sansonnet,Sturnus vulgaris,Обыкновенный скворец,Aves,14850
200904985,e010e03c-bb9a-427d-bdae-8f79330c996c,Fri Mar 01 2024 14:54:54 GMT +0100 (GMT+1),2024-03-01,2024-03-01 13:54:54 UTC,Madrid,6567435,melkart92,,2024-03-01 13:55:26 UTC,2024-03-03 09:45:16 UTC,research,CC-BY-NC,https://www.inaturalist.org/observations/200904985,https://inaturalist-open-data.s3.amazonaws.com/photos/354548486/medium.jpeg,,"",,2,0,false,333,Estornino pinto eurasiático,Sturnus vulgaris,Обыкновенный скворец,Aves,14850
201261849,906c8214-3d98-42d4-9f9f-25f2587afbd1,2024-03-04 16:02:28+01:00,2024-03-04,2024-03-04 15:02:28 UTC,Amsterdam,5487949,emmacsmithh,,2024-03-04 15:03:05 UTC,2024-03-04 15:03:44 UTC,research,CC-BY-NC,https://www.inaturalist.org/observations/201261849,https://inaturalist-open-data.s3.amazonaws.com/photos/355249319/medium.jpg,,"","",1,0,false,3,European Starling,Sturnus vulgaris,Обыкновенный скворец,Aves,14850
202285939,dfff1b7a-e685-4677-bec6-b9a9aab101be,2024-01-20 09:50:02+01:00,2024-01-20,2024-01-20 08:50:02 UTC,Rome,7775186,javierinfm,Javier Fernández Mayo,2024-03-13 15:47:47 UTC,2024-08-08 23:33:30 UTC,research,,https://www.inaturalist.org/observations/202285939,https://static.inaturalist.org/photos/357235947/medium.jpg,,"","",3,0,false,3,European Starling,Sturnus vulgaris,Обыкновенный скворец,Aves,14850
202401885,3228be3f-80f7-4274-89ed-1c95119fb35f,2024/03/13 17:41,2024-03-13,2024-03-13 14:41:00 UTC,St. Petersburg,4056411,d_pakalnis,Пакалнис Дэниел,2024-03-14 13:57:15 UTC,2024-03-15 18:20:30 UTC,research,CC-BY-NC,https://www.inaturalist.org/observations/202401885,https://inaturalist-open-data.s3.amazonaws.com/photos/357459674/medium.jpeg,,"",,2,0,false,,Обыкновенный скворец,Sturnus vulgaris,Обыкновенный скворец,Aves,14850
202783994,0f5f3103-2d83-42f9-ad9c-9ab3f800ae9c,2024/03/17 7:36 AM,2024-03-17,2024-03-17 06:36:00 UTC,Amsterdam,6475696,marcel_deventer,,2024-03-17 08:05:47 UTC,2024-03-17 08:49:05 UTC,research,CC-BY-NC,https://www.inaturalist.org/observations/202783994,https://inaturalist-open-data.s3.amazonaws.com/photos/358190223/medium.jpeg,,"",,1,0,false,,European Starling,Sturnus vulgaris,Обыкновенный скворец,Aves,14850
202969222,dee31f4a-73f2-4deb-b9c6-5a252437fd8e,2024-03-13 10:24:00,2024-03-13,2024-03-13 07:24:00 UTC,St. Petersburg,6141844,yu_gla,Yulia Glazunova,2024-03-18 13:41:30 UTC,2025-07-13 19:04:28 UTC,research,CC-BY-NC,https://www.inaturalist.org/observations/202969222,https://inaturalist-open-data.s3.amazonaws.com/photos/358542578/medium.jpeg,,"",,10,0,false,2,Common Starling,Sturnus vulgaris,Обыкновенный скворец,Aves,14850
203350021,f8ff4032-41ba-4c94-8b32-5f20a9d912c4,2022/07/24 14:10,2022-07-24,2022-07-24 11:10:00 UTC,St. Petersburg,7805423,iur,,2024-03-21 13:51:00 UTC,2024-03-21 15:25:52 UTC,research,CC-BY-NC,https://www.inaturalist.org/observations/203350021,https://inaturalist-open-data.s3.amazonaws.com/photos/359270281/medium.jpg,,"","",2,0,false,,Обыкновенный скворец,Sturnus vulgaris,Обыкновенный скворец,Aves,14850
203434685,2a73fd5b-f399-4b0e-82ed-b1555930723a,2024-03-19,2024-03-19,,St. Petersburg,6425274,sokolovaowl,"",2024-03-22 04:31:28 UTC,2024-08-08 23:33:12 UTC,research,CC-BY-NC,https://www.inaturalist.org/observations/203434685,https://inaturalist-open-data.s3.amazonaws.com/photos/359432835/medium.jpeg,,"",,4,0,false,2,Обыкновенный скворец,Sturnus vulgaris,Обыкновенный скворец,Aves,14850
203561274,20cb16f9-c936-4c79-a6aa-a2039f0477e9,2024/03/23 10:35 AM,2024-03-23,2024-03-23 08:35:00 UTC,Riga,4025258,mara_and_davis_birzgalis,,2024-03-23 07:22:52 UTC,2024-03-23 09:03:38 UTC,research,CC-BY-NC,https://www.inaturalist.org/observations/203561274,https://inaturalist-open-data.s3.amazonaws.com/photos/359675782/medium.jpeg,,"",,3,0,false,,Mājas strazds,Sturnus vulgaris,Обыкновенный скворец,Aves,14850
204035119,1cab5b79-9214-445c-8e19-f49fdf30ac41,2023-12-25 11:03:40,2023-12-25,2023-12-25 08:03:40 UTC,Istanbul,4176537,phokaian,Özgür Özdemir,2024-03-26 16:52:59 UTC,2024-12-31 13:46:30 UTC,research,CC-BY-NC,https://www.inaturalist.org/observations/204035119,https://inaturalist-open-data.s3.amazonaws.com/photos/360581303/medium.jpeg,,"",,3,0,false,2,Sığırcık,Sturnus vulgaris,Обыкновенный скворец,Aves,14850
204249224,70cd940c-bb9b-4129-bf9e-50a672d5cf4b,2024-03-27 16:47:07+03:00,2024-03-27,2024-03-27 13:47:07 UTC,Helsinki,3361259,ahenttonen,Antti Henttonen,2024-03-28 10:31:47 UTC,2024-03-28 10:39:44 UTC,research,CC-BY-NC,https://www.inaturalist.org/observations/204249224,https://inaturalist-open-data.s3.amazonaws.com/photos/360997905/medium.jpg,,"","",2,0,false,3,Kottarainen,Sturnus vulgaris,Обыкновенный скворец,Aves,14850
204266071,3bce24ac-2b2b-4b6d-991d-dfbcb637dfb8,2024-03-27 11:25:52,2024-03-27,2024-03-27 11:25:52 UTC,London,6228657,danielp29,Daniel,2024-03-28 14:09:42 UTC,2024-03-29 22:34:51 UTC,needs_id,CC-BY-NC,https://www.inaturalist.org/observations/204266071,https://inaturalist-open-data.s3.amazonaws.com/photos/361028643/medium.jpeg,,"",,1,0,false,2,Old World Pigeons,Sturnus vulgaris,Обыкновенный скворец,Aves,14850
204329819,0889a466-2cc1-4cc3-aade-1f90cdd4bd4e,2024/03/20 08:43,2024-03-20,2024-03-20 07:43:00 UTC,Vienna,4724645,lastovka,lastovka,2024-03-28 23:45:42 UTC,2025-02-10 10:08:02 UTC,research,CC-BY-NC,https://www.inaturalist.org/observations/204329819,https://inaturalist-open-data.s3.amazonaws.com/photos/361147685/medium.jpeg,,"","",2,0,false,,Star,Sturnus vulgaris,Обыкновенный скворец,Aves,14850
204766578,1b28ea9b-1442-4235-8a86-9ece48995a5e,2024-03-31 06:57:28,2024-03-31,2024-03-31 03:57:28 UTC,St. Petersburg,7847056,ada22102,Natalia Sidorova,2024-03-31 17:19:02 UTC,2024-11-14 22:55:57 UTC,research,CC-BY-NC-ND,https://www.inaturalist.org/observations/204766578,https://inaturalist-open-data.s3.amazonaws.com/photos/361973187/medium.jpeg,,"",,1,0,false,2,Обыкновенный скворец,Sturnus vulgaris,Обыкновенный скворец,Aves,14850
204768914,403efbe1-e3ed-4f04-9399-6228d201017b,2024-03-31 14:13:45+03:00,2024-03-31,2024-03-31 11:13:45 UTC,Helsinki,3361259,ahenttonen,Antti Henttonen,2024-03-31 17:31:35 UTC,2024-03-31 17:33:23 UTC,research,CC-BY-NC,https://www.inaturalist.org/observations/204768914,https://inaturalist-open-data.s3.amazonaws.com/photos/361977436/medium.jpg,,"","",1,0,false,3,Kottarainen,Sturnus vulgaris,Обыкновенный скворец,Aves,14850
205270610,25c2ef8a-fb63-4444-aaf4-cdab3fb4abad,2024-04-02 10:02:21+03:00,2024-04-02,2024-04-02 07:02:21 UTC,St. Petersburg,4244459,apollon113,Мария Белялова,2024-04-03 19:07:55 UTC,2024-08-08 23:32:09 UTC,research,CC-BY-NC,https://www.inaturalist.org/observations/205270610,https://inaturalist-open-data.s3.amazonaws.com/photos/362933081/medium.jpg,,"","",2,0,false,3,Обыкновенный скворец,Sturnus vulgaris,Обыкновенный скворец,Aves,14850
205624384,4360d690-1e7a-40dd-b873-b8cf6c8ed18e,2024/04/06 07:48,2024-04-06,2024-04-06 04:48:00 UTC,Sofia,5400823,ppmg-sliven,Росица Делчева ППМГ Сливен,2024-04-06 06:53:09 UTC,2024-04-14 09:30:57 UTC,research,CC-BY-NC,https://www.inaturalist.org/observations/205624384,https://inaturalist-open-data.s3.amazonaws.com/photos/363607433/medium.jpeg,,"","",3,0,false,,Обикновен скорец,Sturnus vulgaris,Обыкновенный скворец,Aves,14850
205941202,95d0fe2a-e2ba-488d-8c52-5abe28dbb989,2024-04-07 17:40:41,2024-04-07,2024-04-07 15:40:41 UTC,Berlin,1769180,arpad_thoma,"",2024-04-07 20:28:43 UTC,2024-04-08 20:41:20 UTC,research,CC-BY-NC,https://www.inaturalist.org/observations/205941202,https://inaturalist-open-data.s3.amazonaws.com/photos/364194604/medium.jpeg,,"",,3,0,false,2,European Starling,Sturnus vulgaris,Обыкновенный скворец,Aves,14850
206163402,9cc45403-bc98-451b-9092-f5ab4ba39247,2024/04/08 3:07 PM,2024-04-08,2024-04-08 14:07:00 UTC,London,631947,jarvo,Jon J. Laysell,2024-04-08 23:35:27 UTC,2025-02-01 11:10:54 UTC,research,CC-BY,https://www.inaturalist.org/observations/206163402,https://inaturalist-open-data.s3.amazonaws.com/photos/364610659/medium.jpg,,"",,1,0,false,,Common Starling,Sturnus vulgaris,Обыкновенный скворец,Aves,14850
206421501,f8e6594a-2726-4bd6-87a8-d3e5bd42df28,2024-04-10 12:25:18,2024-04-10,2024-04-10 10:25:18 UTC,Berlin,5652446,schwalbe41,Martina,2024-04-10 14:03:54 UTC,2025-09-05 12:17:19 UTC,research,CC-BY-NC,https://www.inaturalist.org/observations/206421501,https://inaturalist-open-data.s3.amazonaws.com/photos/365081439/medium.jpeg,,"",,1,0,false,2,Star,Sturnus vulgaris,Обыкновенный скворец,Aves,14850
206460593,fb364d68-da91-4637-997d-859f1757d498,2024-04-06 07:13:03,2024-04-06,2024-04-06 05:13:03 UTC,Prague,6480550,jiri129,Jiří Skalka,2024-04-10 18:26:05 UTC,2024-12-01 16:01:36 UTC,research,CC-BY-NC-SA,https://www.inaturalist.org/observations/206460593,https://inaturalist-open-data.s3.amazonaws.com/photos/365151116/medium.jpeg,,"",,1,0,false,2,špaček obecný,Sturnus vulgaris,Обыкновенный скворец,Aves,14850
206652933,d0f69b40-99fb-4de4-b5d2-b4bbfdeefefb,2024/04/11 18:05,2024-04-11,2024-04-11 15:05:00 UTC,St. Petersburg,3773303,yaroslav_matlaev,Ярослав Матлаев,2024-04-11 18:18:23 UTC,2024-04-11 18:21:51 UTC,research,CC-BY-NC,https://www.inaturalist.org/observations/206652933,https://inaturalist-open-data.s3.amazonaws.com/photos/365447828/medium.jpg,,"",,1,0,false,,Обыкновенный скворец,Sturnus vulgaris,Обыкновенный скворец,Aves,14850
207017214,91d0631c-eec8-4f20-8a0a-946637f27cb9,2024-04-13 15:25:25,2024-04-13,2024-04-13 12:25:25 UTC,St. Petersburg,7631801,renispring,Reni,2024-04-13 19:27:00 UTC,2024-04-13 19:46:48 UTC,research,CC-BY,https://www.inaturalist.org/observations/207017214,https://static.inaturalist.org/photos/366129203/medium.jpeg,,"",,2,0,false,2,Обыкновенный скворец,Sturnus vulgaris,Обыкновенный скворец,Aves,14850
207222524,ab0f985a-83de-4ae9-8fdc-522c861d4a97,2024-04-14 16:26:06,2024-04-14,2024-04-14 13:26:06 UTC,St. Petersburg,5136740,bright_swallow,Виктория Мизяк,2024-04-14 18:19:47 UTC,2024-04-14 20:50:16 UTC,research,CC-BY-NC,https://www.inaturalist.org/observations/207222524,https://inaturalist-open-data.s3.amazonaws.com/photos/366516442/medium.jpeg,,"",,2,0,false,2,Обыкновенный скворец,Sturnus vulgaris,Обыкновенный скворец,Aves,14850
207280052,542847aa-39ba-48fa-8c07-67bec99e4e55,2024/04/11 16:59,2024-04-11,2024-04-11 14:59:00 UTC,Vienna,4725019,adinie,adinie,2024-04-14 22:29:49 UTC,2024-04-23 19:51:54 UTC,research,CC-BY-NC,https://www.inaturalist.org/observations/207280052,https://inaturalist-open-data.s3.amazonaws.com/photos/366612711/medium.jpeg,,"",,1,0,false,,Star,Sturnus vulgaris,Обыкновенный скворец,Aves,14850
207424781,2277bbbb-e160-42d2-aa1c-a5e3a6dc973c,2024/04/09 12:08,2024-04-09,2024-04-09 09:08:00 UTC,Istanbul,7630468,salix-babylonica,Mehmet Baran,2024-04-15 17:14:52 UTC,2025-09-28 14:45:05 UTC,research,CC-BY,https://www.inaturalist.org/observations/207424781,https://inaturalist-open-data.s3.amazonaws.com/photos/366893327/medium.jpeg,,"","Göreme Open Air Museum, Göreme, Nevşehir, Türkiye. Elevation: 1175m. ",2,0,false,,Sığırcık,Sturnus vulgaris,Обыкновенный скворец,Aves,14850
207424782,77f319ce-65ac-41bf-bd85-10b8df370fb4,2024/04/09 12:09,2024-04-09,2024-04-09 09:09:00 UTC,Istanbul,7630468,salix-babylonica,Mehmet Baran,2024-04-15 17:14:53 UTC,2025-09-28 14:45:06 UTC,research,CC-BY,https://www.inaturalist.org/observations/207424782,https://inaturalist-open-data.s3.amazonaws.com/photos/366893724/medium.jpeg,,"","Göreme Open Air Museum, Göreme, Nevşehir, Türkiye. Elevation: 1175m. ",2,0,false,,Sığırcık,Sturnus vulgaris,Обыкновенный скворец,Aves,14850
207426842,7a450e02-e7c1-459f-b9d5-32601d70f1be,2024/04/15 1:05 PM,2024-04-15,2024-04-15 10:05:00 UTC,Helsinki,4830881,jukkav,Jukka A Virtamo,2024-04-15 17:25:52 UTC,2024-04-29 15:16:51 UTC,research,,https://www.inaturalist.org/observations/207426842,https://static.inaturalist.org/photos/366899899/medium.jpeg,,"",,2,0,false,,Kottarainen,Sturnus vulgaris,Обыкновенный скворец,Aves,14850
207809940,5eddcf18-b8c8-44ef-be0f-af2a29f28b4e,2024-04-17 17:20:00,2024-04-17,2024-04-17 14:20:00 UTC,St. Petersburg,7993496,marinakadyrova,Марина Кадырова,2024-04-17 19:39:05 UTC,2024-04-17 19:40:11 UTC,research,CC-BY-NC,https://www.inaturalist.org/observations/207809940,https://inaturalist-open-data.s3.amazonaws.com/photos/367617137/medium.jpeg,,"",,2,0,false,2,Обыкновенный скворец,Sturnus vulgaris,Обыкновенный скворец,Aves,14850
207829768,91280994-33c9-403c-b8bf-2c1625fb7359,2024/04/08 1:04 PM,2024-04-08,2024-04-08 11:04:00 UTC,Rome,3843855,ludwigia_badensis,Ludwig Treuter,2024-04-17 21:49:58 UTC,2024-04-18 18:44:33 UTC,research,CC-BY-NC,https://www.inaturalist.org/observations/207829768,https://inaturalist-open-data.s3.amazonaws.com/photos/367651133/medium.jpeg,,"",,4,0,false,,Star,Sturnus vulgaris,Обыкновенный скворец,Aves,14850
208683139,74d477d9-68c0-49ff-b1c5-d92c57592822,2024-04-22 12:51:59+01:00,2024-04-22,2024-04-22 11:51:59 UTC,London,7976061,steven_clarke,Steven Clarke,2024-04-22 11:56:34 UTC,2024-04-24 18:29:57 UTC,research,CC-BY-ND,https://www.inaturalist.org/observations/208683139,https://static.inaturalist.org/photos/369253421/medium.jpg,,"","",2,0,false,3,Common Starling,Sturnus vulgaris,Обыкновенный скворец,Aves,14850
209067865,76fd3ea6-17dc-4646-ad6a-e3bda146564a,2024-04-24 14:59:53+02:00,2024-04-24,2024-04-24 12:59:53 UTC,London,7972342,marrrtinaa,,2024-04-24 13:06:55 UTC,2024-04-24 18:29:24 UTC,research,CC-BY-NC,https://www.inaturalist.org/observations/209067865,https://inaturalist-open-data.s3.amazonaws.com/photos/369962188/medium.jpg,,"","",4,0,false,3,špaček obecný,Sturnus vulgaris,Обыкновенный скворец,Aves,14850
209148196,0ac0bc40-fc31-41e8-a493-58e25bed8c9a,2024/04/24 5:38 PM,2024-04-24,2024-04-24 16:38:00 UTC,Dublin,677256,alanhorstmann,Alan Horstmann,2024-04-24 21:30:58 UTC,2025-03-29 12:13:13 UTC,research,CC-BY-NC,https://www.inaturalist.org/observations/209148196,https://inaturalist-open-data.s3.amazonaws.com/photos/370103327/medium.jpeg,,"",,13,0,false,,Common Starling,Sturnus vulgaris,Обыкновенный скворец,Aves,14850
210364959,27a9dcce-d835-4adb-8373-971badc44473,2024-04-27 11:03:41,2024-04-27,2024-04-27 09:03:41 UTC,Paris,2217011,lefebvremax,Lefebvre Maxence,2024-04-27 19:32:25 UTC,2024-07-25 05:58:31 UTC,research,,https://www.inaturalist.org/observations/210364959,https://static.inaturalist.org/photos/372090034/medium.jpeg,,"",,3,0,false,2,Sturnus vulgaris,Sturnus vulgaris,Обыкновенный скворец,Aves,14850
212847987,91cdf5c7-4860-4d27-a393-a17004853af9,2024-05-01 15:44:30+03:00,2024-05-01,2024-05-01 12:44:30 UTC,Helsinki,3361259,ahenttonen,Antti Henttonen,2024-05-02 10:09:37 UTC,2024-05-02 11:10:15 UTC,research,CC-BY-NC,https://www.inaturalist.org/observations/212847987,https://inaturalist-open-data.s3.amazonaws.com/photos/376143647/medium.jpg,,"","",1,0,false,3,Kottarainen,Sturnus vulgaris,Обыкновенный скворец,Aves,14850
212882897,c74ed589-ace6-425a-957c-94381e85facd,2024-04-29 15:23:57+03:00,2024-04-29,2024-04-29 12:23:57 UTC,Vilnius,2229703,edita_medeina,Edita Jakubauskaitė,2024-05-02 13:51:39 UTC,2024-05-04 05:19:21 UTC,research,CC-BY-NC,https://www.inaturalist.org/observations/212882897,https://inaturalist-open-data.s3.amazonaws.com/photos/376204998/medium.jpg,,"","",1,0,false,3,Paprastasis varnėnas,Sturnus vulgaris,Обыкновенный скворец,Aves,14850
213172354,60b85172-00d2-4065-9cc1-d19868667dd7,2024-05-03 10:07:23,2024-05-03,2024-05-03 08:07:23 UTC,Madrid,6266902,drtubert,Pere Tubert Juhé,2024-05-03 16:02:12 UTC,2024-05-04 04:00:08 UTC,needs_id,CC0,https://www.inaturalist.org/observations/213172354,https://inaturalist-open-data.s3.amazonaws.com/photos/376726013/medium.jpeg,,"",,0,0,false,2,Estornell vulgar,Sturnus vulgaris,Обыкновенный скворец,Aves,14850
213215000,c3d8f277-52bb-447f-aa3d-2bd6a1dd045e,2024/05/03 10:46 AM,2024-05-03,2024-05-03 07:46:00 UTC,Bucharest,7139087,amatala,Adrian Matala,2024-05-03 18:52:11 UTC,2025-12-02 14:05:49 UTC,research,CC-BY,https://www.inaturalist.org/observations/213215000,https://inaturalist-open-data.s3.amazonaws.com/photos/376799267/medium.jpeg,,"",,2,0,false,,European Starling,Sturnus vulgaris,Обыкновенный скворец,Aves,14850
213350501,133b2ef2-6ebc-4834-9bf0-7f8ad169259d,2022-02-05 13:16:17+01:00,2022-02-05,2022-02-05 12:16:17 UTC,Amsterdam,8101875,elly_de_goede,Elly de Goede,2024-05-04 08:18:44 UTC,2025-01-12 20:30:28 UTC,research,,https://www.inaturalist.org/observations/213350501,https://static.inaturalist.org/photos/377051927/medium.jpg,,"","",3,1,false,3,Spreeuw,Sturnus vulgaris,Обыкновенный скворец,Aves,14850
213500745,0677e935-dde2-4ac3-a0a3-cda3ce212a17,2005/12/25 16:32,2005-12-25,2005-12-25 15:32:00 UTC,Rome,7110107,edoardo74012,Edoardo Maiorini,2024-05-04 20:00:51 UTC,2024-05-04 20:01:49 UTC,research,,https://www.inaturalist.org/observations/213500745,https://static.inaturalist.org/photos/377250786/medium.jpeg,,"","KONICA MINOLTA DIGITAL CAMERA , didn't see it personally (my father did) but wanted to log it as I have all the info",1,0,false,,Storno,Sturnus vulgaris,Обыкновенный скворец,Aves,14850
214532207,fc0dbdb9-475d-4cef-962b-b0731a7d86d6,2024-05-02 14:22:37,2024-05-02,2024-05-02 12:22:37 UTC,Berlin,5187594,sebpuzon,Sebastian Puzoń,2024-05-09 06:13:38 UTC,2024-05-09 17:47:49 UTC,research,CC-BY-NC,https://www.inaturalist.org/observations/214532207,https://inaturalist-open-data.s3.amazonaws.com/photos/379210316/medium.jpeg,,"",,3,0,false,2,Star,Sturnus vulgaris,Обыкновенный скворец,Aves,14850
214837084,0b5651dc-cdeb-44e3-b077-772e826e990d,2024-05-08 16:26:19,2024-05-08,2024-05-08 15:26:19 UTC,London,2747696,suzanne239,Suzanne Prickett,2024-05-10 18:26:31 UTC,2024-05-10 18:30:15 UTC,research,CC-BY,https://www.inaturalist.org/observations/214837084,https://static.inaturalist.org/photos/379772553/medium.jpeg,,"",,1,0,false,2,European Starling,Sturnus vulgaris,Обыкновенный скворец,Aves,14850
215015538,8c73d652-0e7a-4035-93a2-903c65e1b21f,2024/05/06 17:22,2024-05-06,2024-05-06 15:22:00 UTC,Paris,3669638,fredjar,Frederic Jarry,2024-05-11 15:23:14 UTC,2025-11-26 17:39:54 UTC,research,CC-BY-NC,https://www.inaturalist.org/observations/215015538,https://inaturalist-open-data.s3.amazonaws.com/photos/380106096/medium.jpg,,"",Photo Maxime Parisy,3,0,false,,Étourneau sansonnet,Sturnus vulgaris,Обыкновенный скворец,Aves,14850
215288217,084ae483-6219-4935-97ea-f795a83f105b,2024-05-12 07:54:13,2024-05-12,2024-05-12 04:54:13 UTC,St. Petersburg,7847056,ada22102,Natalia Sidorova,2024-05-12 16:50:41 UTC,2024-11-15 08:43:29 UTC,research,CC-BY-NC-ND,https://www.inaturalist.org/observations/215288217,https://inaturalist-open-data.s3.amazonaws.com/photos/380610566/medium.jpeg,,"",,1,0,false,2,Обыкновенный скворец,Sturnus vulgaris,Обыкновенный скворец,Aves,14850
215443012,ceaa0d0f-e5c8-47cf-b99f-20ddd6a976c5,2024-05-10 09:22:13,2024-05-10,2024-05-10 07:22:13 UTC,Paris,738950,michel_du_lac_de_creteil,Michel,2024-05-13 06:35:35 UTC,2024-05-18 18:55:29 UTC,research,,https://www.inaturalist.org/observations/215443012,https://static.inaturalist.org/photos/380902594/medium.jpg,,IMG_3278_Michel_NOEL_©_2024,"",3,0,false,,Étourneau Sansonnet,Sturnus vulgaris,Обыкновенный скворец,Aves,14850
215453896,f24d6531-c47b-4b6c-9e30-50e1045b6d89,2024/05/12 10:03 AM,2024-05-12,2024-05-12 07:03:00 UTC,Sofia,6327132,stevem4560,SteveM4560,2024-05-13 08:31:51 UTC,2024-05-15 06:15:11 UTC,research,CC-BY,https://www.inaturalist.org/observations/215453896,https://inaturalist-open-data.s3.amazonaws.com/photos/380924574/medium.jpg,,"","",1,0,false,,European Starling,Sturnus vulgaris,Обыкновенный скворец,Aves,14850
215732077,f8546ad2-fd64-4e5f-8492-f71b67990a9c,2024/05/14 1:15 PM,2024-05-14,2024-05-14 10:15:00 UTC,Sofia,6327132,stevem4560,SteveM4560,2024-05-14 16:29:16 UTC,2024-05-30 11:15:34 UTC,research,CC-BY,https://www.inaturalist.org/observations/215732077,https://inaturalist-open-data.s3.amazonaws.com/photos/381448501/medium.jpg,,"",Feeding young,2,0,false,,European Starling,Sturnus vulgaris,Обыкновенный скворец,Aves,14850
216489406,76d7f6a6-d282-45e4-8f0d-5682e2ba1e20,2024/05/17 1:16 PM,2024-05-17,2024-05-17 10:16:00 UTC,Sofia,6327132,stevem4560,SteveM4560,2024-05-18 10:16:04 UTC,2024-06-19 14:38:40 UTC,research,CC-BY,https://www.inaturalist.org/observations/216489406,https://inaturalist-open-data.s3.amazonaws.com/photos/382882987/medium.jpg,,"","",2,0,false,,European Starling,Sturnus vulgaris,Обыкновенный скворец,Aves,14850
216885925,69565a55-c9c1-41e5-b8f4-5f08f10b3296,2024/05/19 7:29 AM,2024-05-19,2024-05-19 06:29:00 UTC,London,5367042,fiwfyfiw,Phil Miller,2024-05-19 20:02:02 UTC,2024-09-04 13:21:00 UTC,research,CC0,https://www.inaturalist.org/observations/216885925,https://inaturalist-open-data.s3.amazonaws.com/photos/383608000/medium.jpeg,,"","",2,0,false,,Sturnus vulgaris,Sturnus vulgaris,Обыкновенный скворец,Aves,14850
217023643,d7b99e78-ba29-4214-be26-7714473ab622,2024-05-19 07:38:03,2024-05-19,2024-05-19 04:38:03 UTC,St. Petersburg,7847056,ada22102,Natalia Sidorova,2024-05-20 10:30:55 UTC,2024-11-15 09:09:55 UTC,research,CC-BY-NC-ND,https://www.inaturalist.org/observations/217023643,https://inaturalist-open-data.s3.amazonaws.com/photos/383882129/medium.jpeg,,"",,1,0,false,2,Обыкновенный скворец,Sturnus vulgaris,Обыкновенный скворец,Aves,14850
217714380,97fc5419-f993-46b8-aab1-1f7408bb1959,2024-05-22 14:25:00,2024-05-22,2024-05-22 12:25:00 UTC,Rome,8182920,aboutbiology_00,,2024-05-23 16:06:15 UTC,2024-11-09 21:04:07 UTC,research,CC-BY-NC,https://www.inaturalist.org/observations/217714380,https://inaturalist-open-data.s3.amazonaws.com/photos/385182025/medium.jpeg,,"",,3,0,false,2,Storno comune,Sturnus vulgaris,Обыкновенный скворец,Aves,14850
218083333,29b00b2f-1235-49da-9d64-86e17964d7b0,2024-05-25 08:02:43,2024-05-25,2024-05-25 07:02:43 UTC,London,2297922,hootinghoopoe,Africa Gomez,2024-05-25 11:15:56 UTC,2024-05-29 20:55:06 UTC,research,CC0,https://www.inaturalist.org/observations/218083333,https://inaturalist-open-data.s3.amazonaws.com/photos/385891899/medium.jpeg,,"",,1,0,false,2,Common Starling,Sturnus vulgaris,Обыкновенный скворец,Aves,14850
218446901,7b4991a4-c464-4a67-ac4e-7ea315ebaa1b,2024/05/26 8:54 AM,2024-05-26,2024-05-26 06:54:00 UTC,Berlin,6705739,igorskh,Igor Kim,2024-05-26 18:45:45 UTC,2024-05-28 20:41:45 UTC,research,CC-BY-NC,https://www.inaturalist.org/observations/218446901,https://inaturalist-open-data.s3.amazonaws.com/photos/386543361/medium.jpg,,"","",3,0,false,,European Starling,Sturnus vulgaris,Обыкновенный скворец,Aves,14850
218897700,b94ee93a-c3bf-4b0c-b43c-d3faba601061,2024-05-28 16:11:58+02:00,2024-05-28,2024-05-28 14:11:58 UTC,Berlin,4524058,insektix,,2024-05-28 14:25:09 UTC,2024-05-29 13:20:46 UTC,research,CC-BY-NC,https://www.inaturalist.org/observations/218897700,https://inaturalist-open-data.s3.amazonaws.com/photos/387397029/medium.jpg,,"","",1,0,false,3,Star,Sturnus vulgaris,Обыкновенный скворец,Aves,14850
219267092,47e5f4f5-0921-4347-a474-cb99dd362c67,2024-05-25 12:31:43,2024-05-25,2024-05-25 11:31:43 UTC,London,6215984,bramturalist,Bram Siebring,2024-05-30 06:03:09 UTC,2024-05-31 20:01:08 UTC,research,,https://www.inaturalist.org/observations/219267092,https://static.inaturalist.org/photos/388090477/medium.jpeg,,"",,2,0,false,2,European Starling,Sturnus vulgaris,Обыкновенный скворец,Aves,14850
221614393,ae754709-81fa-49b7-91b0-580552a82b52,2024/06/09 19:39,2024-06-09,2024-06-09 16:39:00 UTC,St. Petersburg,3850792,igor_scherbakov,Игорь Щербаков,2024-06-09 17:22:23 UTC,2024-09-01 16:45:56 UTC,research,CC-BY-NC,https://www.inaturalist.org/observations/221614393,https://inaturalist-open-data.s3.amazonaws.com/photos/392472437/medium.jpg,,"",,3,0,false,,Обыкновенный скворец,Sturnus vulgaris,Обыкновенный скворец,Aves,14850
223314675,5404d578-ed7b-4f53-8cb6-1e98b78dcd0b,2024-06-16 18:03:14,2024-06-16,2024-06-16 16:03:14 UTC,Warsaw,1673206,alamalina,Alena Malinská,2024-06-17 11:31:03 UTC,2024-06-23 16:32:01 UTC,research,,https://www.inaturalist.org/observations/223314675,https://static.inaturalist.org/photos/395670657/medium.jpeg,,"",,2,0,false,2,špaček obecný,Sturnus vulgaris,Обыкновенный скворец,Aves,14850
225274000,88dc2cc8-0603-40d3-a255-414c795a1433,2010/01/24 05:45,2010-01-24,2010-01-24 05:45:00 UTC,Lisbon,8304957,carlosdocarmo,,2024-06-26 10:05:26 UTC,2024-06-27 15:17:58 UTC,research,CC-BY-NC,https://www.inaturalist.org/observations/225274000,https://inaturalist-open-data.s3.amazonaws.com/photos/399384608/medium.jpeg,,"","",3,0,false,,Estorninho-malhado,Sturnus vulgaris,Обыкновенный скворец,Aves,14850
225737541,820209b4-1b6c-41c3-b3f4-9ccc542c5144,2024-06-28,2024-06-28,,Paris,2979145,aklairoux,Annette Khan,2024-06-28 16:03:15 UTC,2025-07-25 22:40:22 UTC,research,,https://www.inaturalist.org/observations/225737541,https://static.inaturalist.org/photos/400260434/medium.jpg,,"",This is the second summer that I have observed this albino starling in my rural garden. Visits frequently.,4,0,false,,European Starling,Sturnus vulgaris,Обыкновенный скворец,Aves,14850
229674275,42ad3333-7c35-42d4-b9fe-f5f55650cd1e,2024/07/16 12:56 PM,2024-07-16,2024-07-16 09:56:00 UTC,Tallinn,8283617,kuldkollane,Hanna U.,2024-07-16 10:49:52 UTC,2024-08-06 17:07:35 UTC,research,CC-BY,https://www.inaturalist.org/observations/229674275,https://inaturalist-open-data.s3.amazonaws.com/photos/407714891/medium.jpeg,,"",,2,0,false,,Kuldnokk,Sturnus vulgaris,Обыкновенный скворец,Aves,14850
229879808,03c04f5c-80cb-4978-9808-0fa42ca667ad,2024-07-17 13:10:40,2024-07-17,2024-07-17 12:10:40 UTC,London,6012029,aardjack,Jack Holt,2024-07-17 12:11:26 UTC,2024-07-17 14:01:41 UTC,research,,https://www.inaturalist.org/observations/229879808,https://static.inaturalist.org/photos/408106620/medium.jpeg,,"",,3,0,false,2,European Starling,Sturnus vulgaris,Обыкновенный скворец,Aves,14850
230253081,d44a8e52-b528-4710-9de0-2756a68f9ece,2016/11/13 13:02,2016-11-13,2016-11-13 12:02:00 UTC,Europe/Luxembourg,6884528,mushu72,,2024-07-19 08:25:30 UTC,2024-07-20 07:19:24 UTC,research,CC-BY-NC,https://www.inaturalist.org/observations/230253081,https://inaturalist-open-data.s3.amazonaws.com/photos/408814724/medium.jpeg,,"","",2,0,false,,Star,Sturnus vulgaris,Обыкновенный скворец,Aves,14850
233155936,6802b559-2653-4844-a0f2-9031c574e257,2023/12/26 13:38,2023-12-26,2023-12-26 12:38:00 UTC,Berlin,2798400,infernocomplex,Anton Dangl,2024-08-01 20:14:31 UTC,2024-08-02 22:23:26 UTC,research,CC-BY-NC,https://www.inaturalist.org/observations/233155936,https://inaturalist-open-data.s3.amazonaws.com/photos/414325159/medium.jpg,,"",,3,0,false,,Star,Sturnus vulgaris,Обыкновенный скворец,Aves,14850
234319260,38de42a9-47a7-4b8a-8c9b-6f7b9253000c,2024-08-07 10:03:38,2024-08-07,2024-08-07 07:03:38 UTC,Riga,7109943,naturalist_nik,Николай Фещенко,2024-08-07 12:33:08 UTC,2024-08-09 16:45:41 UTC,research,,https://www.inaturalist.org/observations/234319260,https://static.inaturalist.org/photos/416540963/medium.jpeg,,"",,2,0,false,2,Обыкновенный скворец,Sturnus vulgaris,Обыкновенный скворец,Aves,14850
235423337,4bcf5af9-78c4-4bb6-970b-6400aca2b847,2024-07-24 16:03:02,2024-07-24,2024-07-24 14:03:02 UTC,Berlin,6869956,norafeline,Nora Steinlein,2024-08-12 22:13:31 UTC,2024-08-17 21:32:29 UTC,research,,https://www.inaturalist.org/observations/235423337,https://static.inaturalist.org/photos/418684761/medium.jpeg,,"",Traumhafter Star,3,0,false,2,European Starling,Sturnus vulgaris,Обыкновенный скворец,Aves,14850
235878681,e61795bc-712c-4ba6-8c1c-ce20ae60bc0c,2011/07/20 3:51 PM,2011-07-20,2011-07-20 14:51:00 UTC,London,2408765,tomheijnen,Tom Heijnen,2024-08-15 10:13:55 UTC,2024-08-15 18:04:37 UTC,research,CC-BY-NC,https://www.inaturalist.org/observations/235878681,https://inaturalist-open-data.s3.amazonaws.com/photos/419560982/medium.jpeg,,"",,2,0,false,,European Starling,Sturnus vulgaris,Обыкновенный скворец,Aves,14850
236681212,dc2477e1-c161-4f15-a9fa-99e1e8500ed7,2024/08/19 07:49,2024-08-19,2024-08-19 04:49:00 UTC,St. Petersburg,7911759,vadimsinuhin59,Вадим Синюхин,2024-08-19 08:22:27 UTC,2024-08-19 11:22:46 UTC,research,CC-BY-NC,https://www.inaturalist.org/observations/236681212,https://inaturalist-open-data.s3.amazonaws.com/photos/421106352/medium.jpg,,"",,2,0,false,,Обыкновенный скворец,Sturnus vulgaris,Обыкновенный скворец,Aves,14850
236759263,e79b9fc0-fd87-4afc-8769-29b0a44b6780,2024/08/15 1:55 PM,2024-08-15,2024-08-15 12:55:00 UTC,London,1125847,jerry2018,Jerry Lanfear,2024-08-19 17:54:07 UTC,2024-08-19 18:10:38 UTC,research,CC0,https://www.inaturalist.org/observations/236759263,https://inaturalist-open-data.s3.amazonaws.com/photos/421252826/medium.jpeg,,"",,2,0,false,,Common Starling,Sturnus vulgaris,Обыкновенный скворец,Aves,14850
238232885,5a629b2a-5fb8-4f4c-99ad-a34feedefdf6,2024/08/18 6:02 PM,2024-08-18,2024-08-18 16:02:00 UTC,Paris,5464227,bvcruz,Blaise Verrier-Cruz,2024-08-27 12:43:22 UTC,2024-08-29 12:17:43 UTC,research,CC-BY-NC,https://www.inaturalist.org/observations/238232885,https://inaturalist-open-data.s3.amazonaws.com/photos/424103354/medium.jpg,,"",,2,0,false,,European Starling,Sturnus vulgaris,Обыкновенный скворец,Aves,14850
240718731,41acd4d7-f014-46a5-bd05-783a352bc5a8,2024/09/08 10:57,2024-09-08,2024-09-08 07:57:00 UTC,St. Petersburg,5702156,inna_birds,Инна,2024-09-09 08:25:12 UTC,2024-09-09 10:28:52 UTC,research,CC-BY-NC,https://www.inaturalist.org/observations/240718731,https://inaturalist-open-data.s3.amazonaws.com/photos/428909190/medium.jpg,,"",,1,0,false,,Обыкновенный скворец,Sturnus vulgaris,Обыкновенный скворец,Aves,14850
244034046,4276806c-52e7-4f8f-a585-067d60b32b64,2024/09/22 17:35,2024-09-22,2024-09-22 15:35:00 UTC,Berlin,3328728,tnaturalist,"",2024-09-25 20:41:01 UTC,2024-09-28 08:55:56 UTC,research,CC-BY-NC,https://www.inaturalist.org/observations/244034046,https://inaturalist-open-data.s3.amazonaws.com/photos/435240074/medium.jpeg,,"","",3,0,false,,Star,Sturnus vulgaris,Обыкновенный скворец,Aves,14850
244114245,38595d78-ebe3-4d3f-82c5-40231778437b,2023-11-03 10:05:02,2023-11-03,2023-11-03 10:05:02 UTC,Dublin,8617359,lucgarcia,Luc Garcia Louro,2024-09-26 11:28:08 UTC,2025-03-11 16:15:38 UTC,research,CC-BY-NC,https://www.inaturalist.org/observations/244114245,https://inaturalist-open-data.s3.amazonaws.com/photos/435406644/medium.jpeg,,"",,4,0,false,2,European Starling,Sturnus vulgaris,Обыкновенный скворец,Aves,14850
245925370,f63e63bc-bc78-4983-a0b3-16db7ff2a434,2024/10/06 08:26,2024-10-06,2024-10-06 06:26:00 UTC,Warsaw,7554523,fenri,Fenri,2024-10-06 11:34:17 UTC,2024-10-06 17:43:25 UTC,research,CC-BY-NC,https://www.inaturalist.org/observations/245925370,https://inaturalist-open-data.s3.amazonaws.com/photos/438930148/medium.jpeg,,"","",2,0,false,,Szpak,Sturnus vulgaris,Обыкновенный скворец,Aves,14850
246199121,cd6984c6-32cb-4b7b-b0dd-58a8895102c6,2019/05/20 08:23,2019-05-20,2019-05-20 05:23:00 UTC,Tallinn,2265618,lesbectrotters,Zein et Carlo,2024-10-07 18:35:14 UTC,2024-10-22 06:38:18 UTC,research,CC-BY-NC,https://www.inaturalist.org/observations/246199121,https://inaturalist-open-data.s3.amazonaws.com/photos/439469254/medium.jpg,,"",,1,0,false,,Étourneau sansonnet,Sturnus vulgaris,Обыкновенный скворец,Aves,14850
246406933,44245c77-e273-41c9-b82b-631d987796f2,2024/10/07 1:56 PM,2024-10-07,2024-10-07 12:56:00 UTC,London,631947,jarvo,Jon J. Laysell,2024-10-09 01:15:59 UTC,2025-02-01 11:10:54 UTC,research,CC-BY,https://www.inaturalist.org/observations/246406933,https://inaturalist-open-data.s3.amazonaws.com/photos/439887450/medium.jpg,,"",,2,0,false,,Common Starling,Sturnus vulgaris,Обыкновенный скворец,Aves,14850
246651291,2cc0d271-7aba-4e77-bb4a-1898571eb162,2024/10/09 16:08,2024-10-09,2024-10-09 14:08:00 UTC,Rome,1094650,gianni_del_bufalo,Gianni Del Bufalo bygdb,2024-10-10 17:18:10 UTC,2025-04-05 14:01:50 UTC,research,CC-BY,https://www.inaturalist.org/observations/246651291,https://inaturalist-open-data.s3.amazonaws.com/photos/440366978/medium.jpeg,,"",,1,0,false,,Storno,Sturnus vulgaris,Обыкновенный скворец,Aves,14850
247969621,343bc3d0-219c-4e8e-89b4-2d8147fe89e0,2024/09/22 10:06,2024-09-22,2024-09-22 08:06:00 UTC,Warsaw,8524669,caxora,"",2024-10-18 21:10:13 UTC,2025-04-06 06:44:50 UTC,research,CC-BY-NC,https://www.inaturalist.org/observations/247969621,https://inaturalist-open-data.s3.amazonaws.com/photos/442978377/medium.jpg,,"","",1,0,false,,Szpak,Sturnus vulgaris,Обыкновенный скворец,Aves,14850
248930081,e8844cfa-b22a-41a9-bfde-cc2d7923c724,2024/10/24 14:20,2024-10-24,2024-10-24 12:20:00 UTC,Warsaw,8524669,caxora,"",2024-10-24 20:20:06 UTC,2024-10-25 06:43:05 UTC,research,CC-BY-NC,https://www.inaturalist.org/observations/248930081,https://inaturalist-open-data.s3.amazonaws.com/photos/444885691/medium.jpg,,"","",1,0,false,,Szpak,Sturnus vulgaris,Обыкновенный скворец,Aves,14850
250143711,5975d416-1915-4f5c-8766-7af21a0027e0,2024-10-16 11:32:23+02:00,2024-10-16,2024-10-16 09:32:23 UTC,Belgrade,1441483,karakaxa,Valia Pavlou,2024-11-02 14:45:00 UTC,2025-09-15 19:41:52 UTC,research,CC-BY-NC,https://www.inaturalist.org/observations/250143711,https://inaturalist-open-data.s3.amazonaws.com/photos/447303905/medium.jpeg,,"",Average starling experience,5,0,false,3,European Starling,Sturnus vulgaris,Обыкновенный скворец,Aves,14850
250154873,191a6a30-c79a-45ac-a4b7-cc35407d6563,2024-10-19 17:29:02+02:00,2024-10-19,2024-10-19 15:29:02 UTC,Belgrade,1441483,karakaxa,Valia Pavlou,2024-11-02 16:11:22 UTC,2025-12-02 16:58:53 UTC,research,CC-BY-NC,https://www.inaturalist.org/observations/250154873,https://inaturalist-open-data.s3.amazonaws.com/photos/447325461/medium.jpeg,,"","1cy F and 1cy M (???, F?)",5,0,false,3,European Starling,Sturnus vulgaris,Обыкновенный скворец,Aves,14850
250155132,cb0534fd-33fd-4acd-9bea-bbda96eb5220,2024-10-19 16:25:00+02:00,2024-10-19,2024-10-19 14:25:00 UTC,Belgrade,1441483,karakaxa,Valia Pavlou,2024-11-02 16:13:47 UTC,2025-12-02 16:58:44 UTC,research,CC-BY-NC,https://www.inaturalist.org/observations/250155132,https://inaturalist-open-data.s3.amazonaws.com/photos/447326103/medium.jpeg,,"","",6,0,false,3,European Starling,Sturnus vulgaris,Обыкновенный скворец,Aves,14850
251141383,18246416-e4ef-4082-9368-5d3301994bbc,2024-11-10 08:38:38Z,2024-11-10,2024-11-10 08:38:38 UTC,London,5648264,samuel945,Samuel Williams-Duncan,2024-11-10 08:42:58 UTC,2025-01-07 10:38:44 UTC,research,,https://www.inaturalist.org/observations/251141383,https://static.inaturalist.org/photos/449311099/medium.jpeg,,"","",3,0,false,3,European Starling,Sturnus vulgaris,Обыкновенный скворец,Aves,14850
254409794,fc8c7040-0858-4793-8c1c-97a351f6f8e2,2024/12/01 12:46,2024-12-01,2024-12-01 09:46:00 UTC,St. Petersburg,6570104,krasnoperovsn,Сергей Красноперов,2024-12-07 16:05:57 UTC,2025-03-27 07:04:49 UTC,research,CC-BY-NC,https://www.inaturalist.org/observations/254409794,https://inaturalist-open-data.s3.amazonaws.com/photos/455690325/medium.jpg,,"",,1,0,false,,Обыкновенный скворец,Sturnus vulgaris,Обыкновенный скворец,Aves,14850
254555361,194a5f29-71c3-4810-8c8c-d4dd12ce574d,2024/12/08 11:58,2024-12-08,2024-12-08 08:58:00 UTC,St. Petersburg,5226646,irina71anufrieva,,2024-12-08 21:51:06 UTC,2025-02-05 16:08:56 UTC,research,CC-BY-NC,https://www.inaturalist.org/observations/254555361,https://inaturalist-open-data.s3.amazonaws.com/photos/455973293/medium.jpg,,"",,2,0,false,,Обыкновенный скворец,Sturnus vulgaris,Обыкновенный скворец,Aves,14850
254826521,d57a8926-ecca-4048-88e2-2cbd3cfcb1ce,2024-12-08 12:28:44+01:00,2024-12-08,2024-12-08 11:28:44 UTC,Rome,5228194,jilllingnell,Jill Lingnell,2024-12-11 18:01:46 UTC,2024-12-28 01:04:41 UTC,research,CC-BY-NC,https://www.inaturalist.org/observations/254826521,https://inaturalist-open-data.s3.amazonaws.com/photos/456531537/medium.jpg,,"","",1,0,false,3,European Starling,Sturnus vulgaris,Обыкновенный скворец,Aves,14850
255070799,8de42a76-b3ba-4136-bb99-35d65abc5b59,2024-12-14 12:01:14,2024-12-14,2024-12-14 12:01:14 UTC,London,1158399,jrockhill,Jaime Rockhill,2024-12-14 12:58:34 UTC,2025-04-15 06:11:46 UTC,research,,https://www.inaturalist.org/observations/255070799,https://static.inaturalist.org/photos/457024938/medium.jpeg,,"","We had a Sparrowhawk attack, I didn't see what they prey was. A Starling maybe?",1,0,false,2,Common Starling,Sturnus vulgaris,Обыкновенный скворец,Aves,14850
255572457,c7571945-4bc5-411a-a491-c9f1f29a4555,2014/12/31 13:35,2014-12-31,2014-12-31 11:35:00 UTC,Athens,2265618,lesbectrotters,Zein et Carlo,2024-12-19 09:28:29 UTC,2024-12-19 11:58:14 UTC,research,CC-BY-NC,https://www.inaturalist.org/observations/255572457,https://inaturalist-open-data.s3.amazonaws.com/photos/458028836/medium.jpg,,"Grèce  noèl 2014, etourneau sansonnet",,1,0,false,,Étourneau sansonnet,Sturnus vulgaris,Обыкновенный скворец,Aves,14850
256075072,9d0fb2cb-c053-4ed5-998b-7cfc5afb615d,2024-12-23 16:58:29+01:00,2024-12-23,2024-12-23 15:58:29 UTC,Paris,6532310,baboulas,Baboulas,2024-12-24 12:06:11 UTC,2024-12-24 15:16:39 UTC,research,,https://www.inaturalist.org/observations/256075072,https://static.inaturalist.org/photos/459038305/medium.jpg,,"","",1,0,false,3,Étourneau sansonnet,Sturnus vulgaris,Обыкновенный скворец,Aves,14850
256500697,cea7705a-0515-497e-a0ba-10ae374e3b8c,2024/12/28 13:15,2024-12-28,2024-12-28 10:15:00 UTC,St. Petersburg,5350344,kokoreva46452,kokoreva46452,2024-12-28 14:12:58 UTC,2025-05-21 12:23:29 UTC,research,CC-BY-NC,https://www.inaturalist.org/observations/256500697,https://inaturalist-open-data.s3.amazonaws.com/photos/459901112/medium.jpeg,,"",,4,0,false,,Обыкновенный скворец,Sturnus vulgaris,Обыкновенный скворец,Aves,14850
256898516,d40e889d-b8a2-482f-ba3b-980f74ceae65,2024/12/30 09:52,2024-12-30,2024-12-30 08:52:00 UTC,Rome,1094650,gianni_del_bufalo,Gianni Del Bufalo bygdb,2024-12-31 17:02:32 UTC,2024-12-31 17:17:39 UTC,research,CC-BY,https://www.inaturalist.org/observations/256898516,https://inaturalist-open-data.s3.amazonaws.com/photos/460712248/medium.jpeg,,"",,1,0,false,,Storno,Sturnus vulgaris,Обыкновенный скворец,Aves,14850
256997499,e52fb434-5245-429c-ab6d-2279d25d8165,2024/12/30 14:16,2024-12-30,2024-12-30 13:16:00 UTC,Berlin,7212548,tobi-nature,Tobias Polzer,2025-01-01 13:14:44 UTC,2025-04-17 19:41:18 UTC,research,CC-BY-NC,https://www.inaturalist.org/observations/256997499,https://inaturalist-open-data.s3.amazonaws.com/photos/460923752/medium.jpg,,"",,1,0,false,,Star,Sturnus vulgaris,Обыкновенный скворец,Aves,14850
257126213,5279ed6c-6e52-4db9-b0e2-dcc8adf5bfa1,2025-01-02 14:08:03Z,2025-01-02,2025-01-02 14:08:03 UTC,London,5784705,fabiolasg,,2025-01-02 14:10:18 UTC,2025-03-01 11:26:00 UTC,research,CC-BY-NC,https://www.inaturalist.org/observations/257126213,https://inaturalist-open-data.s3.amazonaws.com/photos/461185725/medium.jpg,,"","",3,0,false,3,Estornino pinto eurasiático,Sturnus vulgaris,Обыкновенный скворец,Aves,14850
257687519,a7cd4bf8-1e1d-46a7-8429-646172d433b3,2023/08/09 7:20 PM,2023-08-09,2023-08-09 17:20:00 UTC,Paris,5274831,kakariki14,Pablo Pozo,2025-01-07 10:36:08 UTC,2025-02-02 05:08:00 UTC,research,CC-BY-NC,https://www.inaturalist.org/observations/257687519,https://inaturalist-open-data.s3.amazonaws.com/photos/462304723/medium.jpeg,,"","",6,0,false,,Estornino pinto eurasiático,Sturnus vulgaris,Обыкновенный скворец,Aves,14850
257687795,3f141f8b-c5e0-44ed-9f08-1bafaa3b0c17,2023/08/11 6:47 PM,2023-08-11,2023-08-11 16:47:00 UTC,Paris,5274831,kakariki14,Pablo Pozo,2025-01-07 10:41:26 UTC,2025-02-16 16:20:58 UTC,research,CC-BY-NC,https://www.inaturalist.org/observations/257687795,https://inaturalist-open-data.s3.amazonaws.com/photos/462306070/medium.jpeg,,"","",4,0,false,,Estornino pinto eurasiático,Sturnus vulgaris,Обыкновенный скворец,Aves,14850
258151200,1120ebef-2a4e-43b2-ab94-3d89cd14bae8,2025/01/11 13:39,2025-01-11,2025-01-11 12:39:00 UTC,Berlin,6003071,lil_crawler,Mo Hartmann,2025-01-11 17:05:27 UTC,2025-04-11 22:13:52 UTC,research,CC-BY-NC,https://www.inaturalist.org/observations/258151200,https://inaturalist-open-data.s3.amazonaws.com/photos/463120665/medium.jpeg,,"",,1,0,false,,Star,Sturnus vulgaris,Обыкновенный скворец,Aves,14850
258302990,1849da0c-faec-48c1-ba55-781b9ef1e251,2025/01/12 2:44 PM,2025-01-12,2025-01-12 14:44:00 UTC,London,8212079,alexswift,Alex Press,2025-01-12 21:31:18 UTC,2025-04-11 10:50:53 UTC,research,CC-BY,https://www.inaturalist.org/observations/258302990,https://inaturalist-open-data.s3.amazonaws.com/photos/463393845/medium.jpeg,,"",,1,0,false,,Common Starling,Sturnus vulgaris,Обыкновенный скворец,Aves,14850
258302995,07e79ea5-ec37-42c7-8524-80b5c4f892bb,2025/01/12 4:11 PM,2025-01-12,2025-01-12 16:11:00 UTC,London,8212079,alexswift,Alex Press,2025-01-12 21:31:19 UTC,2025-04-12 01:53:47 UTC,research,CC-BY,https://www.inaturalist.org/observations/258302995,https://inaturalist-open-data.s3.amazonaws.com/photos/463394088/medium.jpeg,,"",,1,0,false,,Common Starling,Sturnus vulgaris,Обыкновенный скворец,Aves,14850
258462633,d86429a1-1b54-4c33-a4e0-d486bb54ec31,2024/05/13 16:52,2024-05-13,2024-05-13 14:52:00 UTC,Prague,8876985,norgun11,Šebestián Koupil,2025-01-14 12:32:46 UTC,2025-02-21 07:51:20 UTC,research,CC-BY-NC,https://www.inaturalist.org/observations/258462633,https://inaturalist-open-data.s3.amazonaws.com/photos/463729485/medium.jpg,,"",,1,0,false,,špaček obecný,Sturnus vulgaris,Обыкновенный скворец,Aves,14850
258569305,a0d7af94-1a02-449a-a41d-b68de146eed0,2025-01-15 18:50:33,2025-01-15,2025-01-15 15:50:33 UTC,Europe/Simferopol,8038258,daria_tarasova,"",2025-01-15 15:58:35 UTC,2025-04-12 07:29:19 UTC,research,CC-BY-NC,https://www.inaturalist.org/observations/258569305,https://inaturalist-open-data.s3.amazonaws.com/photos/463949889/medium.jpeg,,"",,1,0,false,2,Обыкновенный скворец,Sturnus vulgaris,Обыкновенный скворец,Aves,14850
258850662,1e9821aa-1c7d-4f53-b0b4-fd92d2deae65,2025/01/12 4:29 PM,2025-01-12,2025-01-12 16:29:00 UTC,London,8885651,kingmerton,,2025-01-18 17:07:37 UTC,2025-04-12 13:15:17 UTC,research,CC-BY-NC,https://www.inaturalist.org/observations/258850662,https://inaturalist-open-data.s3.amazonaws.com/photos/464523188/medium.jpeg,,"",Huge murmuration of starlings!,1,0,false,,Common Starling,Sturnus vulgaris,Обыкновенный скворец,Aves,14850
259450715,896cead4-8f48-44c3-93c6-bd0080470c2f,2024/06/15 3:55 PM,2024-06-15,2024-06-15 14:55:00 UTC,Dublin,3097997,bitsnbirds,"",2025-01-24 18:40:43 UTC,2025-05-12 18:54:24 UTC,research,CC-BY-NC,https://www.inaturalist.org/observations/259450715,https://inaturalist-open-data.s3.amazonaws.com/photos/465739236/medium.jpeg,,dslr,"",2,0,false,,Common Starling,Sturnus vulgaris,Обыкновенный скворец,Aves,14850
259627444,b8556679-242b-46ff-99b1-c540abd82cb7,2024/07/27 11:58 AM,2024-07-27,2024-07-27 10:58:00 UTC,Dublin,814216,wellmaintainedhedge,"",2025-01-26 09:54:16 UTC,2025-04-01 00:36:43 UTC,research,CC-BY-NC,https://www.inaturalist.org/observations/259627444,https://inaturalist-open-data.s3.amazonaws.com/photos/466096146/medium.jpeg,,"","",2,0,false,,Starling,Sturnus vulgaris,Обыкновенный скворец,Aves,14850
259690105,cfde1cbc-12c3-447f-a53d-646230ad9de6,2025-01-25 12:30:00+01:00,2025-01-25,2025-01-25 11:30:00 UTC,Madrid,8903646,pepexn44,,2025-01-26 21:14:46 UTC,2025-04-13 09:20:38 UTC,research,CC-BY-NC,https://www.inaturalist.org/observations/259690105,https://inaturalist-open-data.s3.amazonaws.com/photos/466222631/medium.jpg,,"","",1,0,false,3,Estornino pinto eurasiático,Sturnus vulgaris,Обыкновенный скворец,Aves,14850
260147059,10156124-9a06-46f2-8981-98a0d5d711e9,2025-01-31 12:26:01,2025-01-31,2025-01-31 12:26:01 UTC,London,793347,bee-together,Bee Together,2025-01-31 12:27:34 UTC,2025-03-18 23:01:52 UTC,research,CC-BY,https://www.inaturalist.org/observations/260147059,https://inaturalist-open-data.s3.amazonaws.com/photos/467128566/medium.jpeg,https://static.inaturalist.org/sounds/1296555.mp3?1738326469,"",,2,0,false,2,European Starling,Sturnus vulgaris,Обыкновенный скворец,Aves,14850
260300004,bc2a07e9-b030-4a86-aef2-f1eb507e9636,2025/02/01 12:08,2025-02-01,2025-02-01 11:08:00 UTC,Europe/Luxembourg,6402003,tastyrna,Sam Schaack,2025-02-01 20:49:33 UTC,2025-02-13 13:53:22 UTC,research,CC-BY-NC,https://www.inaturalist.org/observations/260300004,https://static.inaturalist.org/photos/467432303/medium.jpg,,"",,1,0,false,,Star,Sturnus vulgaris,Обыкновенный скворец,Aves,14850
260374619,bbaf01e9-6f2b-40f5-a7ea-d8902e6e370e,2020-04-23 18:48:12,2020-04-23,2020-04-23 17:48:12 UTC,Dublin,8910816,ancatmara,Oksana,2025-02-02 13:00:50 UTC,2025-04-01 00:36:39 UTC,research,CC-BY-NC,https://www.inaturalist.org/observations/260374619,https://inaturalist-open-data.s3.amazonaws.com/photos/467581210/medium.jpeg,,"",,3,0,false,2,European Starling,Sturnus vulgaris,Обыкновенный скворец,Aves,14850
261119047,34197eea-0d97-43cf-8c55-43e1ad8cc758,2025/02/09 10:14,2025-02-09,2025-02-09 09:14:00 UTC,Paris,1775360,carlos2b,Carlos De Barros Araujo,2025-02-09 13:33:27 UTC,2025-02-11 19:04:11 UTC,research,,https://www.inaturalist.org/observations/261119047,https://static.inaturalist.org/photos/469053043/medium.jpeg,,"",,1,0,false,,Étourneau sansonnet,Sturnus vulgaris,Обыкновенный скворец,Aves,14850
261650532,875b6233-8de9-46b2-af36-ca631461a98d,2016/10/26 15:29,2016-10-26,2016-10-26 13:29:00 UTC,Paris,7204626,elisagaillard,Elisa,2025-02-14 19:16:10 UTC,2025-03-17 19:39:00 UTC,research,CC-BY-NC,https://www.inaturalist.org/observations/261650532,https://static.inaturalist.org/photos/470109136/medium.jpg,,"Etourneau sansonnet, Oiseau, Sturnus vulgaris",Les oiseaux de Champagne ;-),2,0,false,,Étourneau sansonnet,Sturnus vulgaris,Обыкновенный скворец,Aves,14850
261749540,f2228faf-c389-4708-93ab-d7c34fe8f0c9,2017/04/25 12:39,2017-04-25,2017-04-25 09:39:00 UTC,St. Petersburg,1538989,sova_llu,Ксения Соварцева,2025-02-15 18:30:41 UTC,2025-04-15 20:47:53 UTC,research,CC-BY-NC,https://www.inaturalist.org/observations/261749540,https://inaturalist-open-data.s3.amazonaws.com/photos/470302850/medium.jpg,,"",,1,0,false,,Обыкновенный скворец,Sturnus vulgaris,Обыкновенный скворец,Aves,14850
261754215,af7d0667-1606-4a77-b311-3ad4217a1486,2017/06/18 12:29,2017-06-18,2017-06-18 10:29:00 UTC,Paris,7204626,elisagaillard,Elisa,2025-02-15 19:15:48 UTC,2025-02-16 21:50:45 UTC,research,CC-BY-NC,https://www.inaturalist.org/observations/261754215,https://static.inaturalist.org/photos/470316856/medium.jpg,,"Etourneau sansonnet, Oiseau, Sturnus vulgaris, boeuf",Repas ;-),3,0,false,,Étourneau sansonnet,Sturnus vulgaris,Обыкновенный скворец,Aves,14850
261901044,903e6b42-51f1-4ac9-adca-3fe5a5152099,2025/02/16 3:19 PM,2025-02-16,2025-02-16 15:19:00 UTC,Lisbon,1097761,dincastro,Dinis Girão,2025-02-16 22:51:47 UTC,2025-03-03 07:31:36 UTC,research,CC-BY-NC,https://www.inaturalist.org/observations/261901044,https://static.inaturalist.org/photos/470611320/medium.jpeg,,"",,1,0,false,,European Starling,Sturnus vulgaris,Обыкновенный скворец,Aves,14850
262277143,f57be84d-94a6-4902-90e3-9a81f07b7443,2025-02-18 16:39:32+01:00,2025-02-18,2025-02-18 15:39:32 UTC,Berlin,4562078,hasenzahn,,2025-02-19 15:36:41 UTC,2025-04-09 20:24:01 UTC,research,CC-BY-NC,https://www.inaturalist.org/observations/262277143,https://inaturalist-open-data.s3.amazonaws.com/photos/471194607/medium.jpg,,"","",2,0,false,3,Star,Sturnus vulgaris,Обыкновенный скворец,Aves,14850
262946464,9693ecc1-fe38-42f2-b0cb-f48c8fbabcd9,2025/02/19 11:19,2025-02-19,2025-02-19 10:19:00 UTC,Berlin,6003071,lil_crawler,Mo Hartmann,2025-02-24 15:26:18 UTC,2025-03-29 05:35:01 UTC,research,CC-BY-NC,https://www.inaturalist.org/observations/262946464,https://inaturalist-open-data.s3.amazonaws.com/photos/472288515/medium.jpeg,,"","",2,0,false,,Star,Sturnus vulgaris,Обыкновенный скворец,Aves,14850
263271268,edc37c6a-4104-46dd-a808-5d4c925c236e,2025/02/27 11:23,2025-02-27,2025-02-27 08:23:00 UTC,St. Petersburg,8417553,mihailpp,Михаил,2025-02-27 14:10:22 UTC,2025-04-02 02:41:17 UTC,research,CC-BY-NC,https://www.inaturalist.org/observations/263271268,https://inaturalist-open-data.s3.amazonaws.com/photos/472934959/medium.jpg,,"",,3,0,false,,Обыкновенный скворец,Sturnus vulgaris,Обыкновенный скворец,Aves,14850
263486923,9a4a5719-4508-4e5d-a6a7-e34c2b151a8f,2025/03/01 14:42,2025-03-01,2025-03-01 11:42:00 UTC,St. Petersburg,1514573,tivanik,Иван Тисленко,2025-03-01 13:09:08 UTC,2025-04-02 02:32:56 UTC,research,CC-BY-NC,https://www.inaturalist.org/observations/263486923,https://inaturalist-open-data.s3.amazonaws.com/photos/473358237/medium.jpg,,"",,4,0,false,,Обыкновенный скворец,Sturnus vulgaris,Обыкновенный скворец,Aves,14850
263669342,6b954b1f-d9d4-4a32-9c93-70c2a153b618,2025/03/02 09:41,2025-03-02,2025-03-02 08:41:00 UTC,Berlin,4372458,drmichaelbraun,Dr. Michael P. Braun,2025-03-02 20:22:42 UTC,2025-04-16 12:03:30 UTC,research,,https://www.inaturalist.org/observations/263669342,https://static.inaturalist.org/photos/473701950/medium.jpeg,,"",nest in thermal insulation,2,0,false,,Star,Sturnus vulgaris,Обыкновенный скворец,Aves,14850
264481147,5db61e5f-3161-44bb-8b95-cdc5358b1275,2025/03/08 08:31,2025-03-08,2025-03-08 05:31:00 UTC,St. Petersburg,2962332,elenashvydun1,Elena Shvydun,2025-03-08 07:21:44 UTC,2025-03-08 19:23:06 UTC,research,,https://www.inaturalist.org/observations/264481147,https://static.inaturalist.org/photos/474916920/medium.jpg,,"",,4,0,false,,Обыкновенный скворец,Sturnus vulgaris,Обыкновенный скворец,Aves,14850
264503816,b6049881-87f7-4c67-b2bd-f8518faedcc3,2025/03/08 9:58 AM,2025-03-08,2025-03-08 08:58:00 UTC,Zagreb,3872767,leoiglesias,Leomar Iglesias,2025-03-08 12:53:18 UTC,2025-04-04 07:51:15 UTC,research,CC-BY-NC,https://www.inaturalist.org/observations/264503816,https://inaturalist-open-data.s3.amazonaws.com/photos/474957102/medium.jpg,,"",,1,0,false,,European Starling,Sturnus vulgaris,Обыкновенный скворец,Aves,14850
264896138,034e77c1-8a69-450e-b485-dd95ef817e0f,2024/03/02 4:21 PM,2024-03-02,2024-03-02 15:21:00 UTC,Rome,422985,ryanhodnett,Ryan Hodnett,2025-03-11 04:27:44 UTC,2025-04-16 22:36:02 UTC,research,CC-BY,https://www.inaturalist.org/observations/264896138,https://inaturalist-open-data.s3.amazonaws.com/photos/475717885/medium.jpg,,"","",3,0,false,,European Starling,Sturnus vulgaris,Обыкновенный скворец,Aves,14850
264918748,4258e1da-0d05-40cf-a029-762cfea31c2d,2025-03-06 12:40:05,2025-03-06,2025-03-06 12:40:05 UTC,London,9012750,gil61359,gil costa,2025-03-11 10:58:27 UTC,2025-03-29 05:27:58 UTC,research,CC-BY-NC,https://www.inaturalist.org/observations/264918748,https://inaturalist-open-data.s3.amazonaws.com/photos/475762690/medium.jpeg,,"",,3,0,false,2,Estorninho-malhado,Sturnus vulgaris,Обыкновенный скворец,Aves,14850
265610947,269fca8b-690b-4e1c-8c2d-82a6467279f8,2025/03/16 4:43 PM,2025-03-16,2025-03-16 14:43:00 UTC,Kyiv,5760868,olegrozhko,OlegRozhko,2025-03-16 21:42:41 UTC,2025-08-19 16:23:22 UTC,research,CC-BY-NC,https://www.inaturalist.org/observations/265610947,https://inaturalist-open-data.s3.amazonaws.com/photos/477119073/medium.jpg,,"",,3,0,false,,European Starling,Sturnus vulgaris,Обыкновенный скворец,Aves,14850
266269435,899fb56d-9378-4266-b6ad-07a8d45794a0,2025/03/21 14:40,2025-03-21,2025-03-21 13:40:00 UTC,Warsaw,4752960,maximion,Maksymilian Wojtkiewicz,2025-03-21 19:19:26 UTC,2025-03-23 20:39:44 UTC,research,CC-BY-NC,https://www.inaturalist.org/observations/266269435,https://inaturalist-open-data.s3.amazonaws.com/photos/478392080/medium.jpeg,,"",,3,0,false,,Szpak,Sturnus vulgaris,Обыкновенный скворец,Aves,14850
266544687,56aee078-281a-4dac-a9e8-fcdcb77de3b3,2025/03/16 11:29,2025-03-16,2025-03-16 10:29:00 UTC,Warsaw,6771687,s_nowosad,"",2025-03-23 12:40:50 UTC,2025-03-23 18:27:26 UTC,research,CC-BY-NC,https://www.inaturalist.org/observations/266544687,https://inaturalist-open-data.s3.amazonaws.com/photos/478926075/medium.jpg,,"male, torun, Sturnus Vulgaris, Birds, Sturnidae, Sturnus, Poland","📸 Panasonic Lumix GX80
🔭 Tair 3-phs 300/4.5",1,0,false,,Szpak,Sturnus vulgaris,Обыкновенный скворец,Aves,14850
266904463,9b948d7a-1683-4065-b9fd-424b45e61235,2025/03/22 17:30,2025-03-22,2025-03-22 16:30:00 UTC,Berlin,1960253,mias987654321,,2025-03-25 14:43:29 UTC,2025-03-26 08:36:10 UTC,research,,https://www.inaturalist.org/observations/266904463,https://inaturalist-open-data.s3.amazonaws.com/photos/479585609/medium.jpeg,,"",Pärchen beim Einzug in Buntspechtnistkasten,4,0,false,,Star,Sturnus vulgaris,Обыкновенный скворец,Aves,14850
267167231,5115972b-3254-4ca0-b5c3-4f43afe2ce78,2025/03/27 7:45 AM,2025-03-27,2025-03-27 05:45:00 UTC,Tallinn,8283617,kuldkollane,Hanna U.,2025-03-27 08:28:02 UTC,2025-04-16 06:00:06 UTC,research,CC-BY,https://www.inaturalist.org/observations/267167231,https://inaturalist-open-data.s3.amazonaws.com/photos/480094027/medium.jpeg,,"","",1,0,false,,Kuldnokk,Sturnus vulgaris,Обыкновенный скворец,Aves,14850
267959162,82a50a17-87c9-460f-98c5-e7db5a1c505b,2025-03-30 16:47:28,2025-03-30,2025-03-30 14:47:28 UTC,Zurich,8544658,valentin88695,Valentin Jamart,2025-03-31 20:29:47 UTC,2025-04-01 15:49:29 UTC,research,,https://www.inaturalist.org/observations/267959162,https://static.inaturalist.org/photos/481602040/medium.jpeg,,"",,4,0,false,2,Étourneau sansonnet,Sturnus vulgaris,Обыкновенный скворец,Aves,14850
267976379,49661216-98ff-4abf-a2fd-d4b7efc8b542,2025/03/30 15:40,2025-03-30,2025-03-30 12:40:00 UTC,St. Petersburg,1453678,marina_gorbunova,Марина Горбунова-Ëлкина,2025-03-31 22:36:14 UTC,2025-10-03 02:49:16 UTC,research,CC-BY-NC,https://www.inaturalist.org/observations/267976379,https://inaturalist-open-data.s3.amazonaws.com/photos/481635620/medium.jpg,,"",,2,0,false,,Обыкновенный скворец,Sturnus vulgaris,Обыкновенный скворец,Aves,14850
269442362,bad35735-86eb-46d4-9f44-9f0cc4b97dc2,2025/03/30 3:45 PM,2025-03-30,2025-03-30 13:45:00 UTC,Berlin,721199,tanjamh,Tanja,2025-04-09 12:30:16 UTC,2025-04-29 17:14:19 UTC,research,CC-BY-NC,https://www.inaturalist.org/observations/269442362,https://inaturalist-open-data.s3.amazonaws.com/photos/484449265/medium.jpg,,"",,1,0,false,,European Starling,Sturnus vulgaris,Обыкновенный скворец,Aves,14850
269923216,14c4a2bb-e454-4188-8394-d6722cbf0f28,2025-04-12 10:17:10+02:00,2025-04-12,2025-04-12 08:17:10 UTC,Kaliningrad,3281729,astromegalith,astromegalith,2025-04-12 08:20:13 UTC,2025-04-12 08:59:33 UTC,research,,https://www.inaturalist.org/observations/269923216,https://static.inaturalist.org/photos/485382003/medium.jpg,,"","",1,0,false,3,European Starling,Sturnus vulgaris,Обыкновенный скворец,Aves,14850
271419237,8a5f0eda-54d6-4e71-9b6b-9bfe6f2fd45d,2025-04-19 14:15:46,2025-04-19,2025-04-19 12:15:46 UTC,Paris,5975888,nathankold,Nathan Pinoy,2025-04-19 12:17:00 UTC,2025-04-20 12:49:15 UTC,research,,https://www.inaturalist.org/observations/271419237,https://static.inaturalist.org/photos/488224207/medium.jpeg,,"",,1,0,false,2,Étourneau sansonnet,Sturnus vulgaris,Обыкновенный скворец,Aves,14850
272237190,b675c71f-8ca8-4ff6-a399-55810aa3ae31,2025-04-19,2025-04-19,,Warsaw,9170085,magda-h,Magda-H,2025-04-22 16:56:34 UTC,2025-04-23 00:03:52 UTC,research,CC-BY-NC,https://www.inaturalist.org/observations/272237190,https://inaturalist-open-data.s3.amazonaws.com/photos/489764253/medium.jpg,,"szpaki, szpak, blok",Wiosną 2020 szpaki wykuły sobie gniazdo w styropianowej izolacji ściany bloki. I od tamtego momentu przylatują co rok na wiosnę.,3,0,false,,Szpak,Sturnus vulgaris,Обыкновенный скворец,Aves,14850
272277286,ea28eca6-bee4-455c-af8b-f2c182bc072e,2025/04/20 08:03,2025-04-20,2025-04-20 05:03:00 UTC,Minsk,6570104,krasnoperovsn,Сергей Красноперов,2025-04-22 19:56:43 UTC,2025-04-22 19:57:07 UTC,research,CC-BY-NC,https://www.inaturalist.org/observations/272277286,https://inaturalist-open-data.s3.amazonaws.com/photos/489832489/medium.jpg,,"",,1,0,false,,Обыкновенный скворец,Sturnus vulgaris,Обыкновенный скворец,Aves,14850
274107718,6a0a9bc1-d5f1-4b53-8f5f-1b1313208eb5,2025/04/26 9:58 AM,2025-04-26,2025-04-26 08:58:00 UTC,London,6751973,helenbhull,Helen Bovill,2025-04-26 20:16:03 UTC,2025-04-26 20:28:54 UTC,research,CC-BY,https://www.inaturalist.org/observations/274107718,https://inaturalist-open-data.s3.amazonaws.com/photos/492837806/medium.jpeg,,"",,2,0,false,,Common Starling,Sturnus vulgaris,Обыкновенный скворец,Aves,14850
274569330,e50faed1-57dd-43e3-a7c9-8840dae8f9c4,2025-04-04,2025-04-04,,Prague,7281671,fija,Fija,2025-04-27 11:12:38 UTC,2025-06-21 04:13:47 UTC,research,,https://www.inaturalist.org/observations/274569330,https://static.inaturalist.org/photos/493580519/medium.jpeg,,"",Date on the camera trao is invalid,1,0,false,2,špaček obecný,Sturnus vulgaris,Обыкновенный скворец,Aves,14850
274704822,074a90e7-304c-42da-9cc5-eb1d5f77f244,2025/04/18 9:45 AM,2025-04-18,2025-04-18 06:45:00 UTC,Helsinki,2719080,pmali,Pekka Malinen,2025-04-27 14:37:54 UTC,2025-04-28 05:09:33 UTC,research,CC-BY-NC-SA,https://www.inaturalist.org/observations/274704822,https://inaturalist-open-data.s3.amazonaws.com/photos/493786565/medium.jpg,,"Finland, Helsinki, Kottarainen, Linnut, Malminkartano, Varikset, Varpuslinnut","https://www.inaturalist.org/projects/vuoden-2025-lajit-suomessa

https://www.inaturalist.org/projects/huhtikuun-lajit-suomessa
",2,0,false,,Kottarainen,Sturnus vulgaris,Обыкновенный скворец,Aves,14850
275379514,2896e768-9457-43c8-a90a-a9565c248fe1,2025-04-27 12:47:03,2025-04-27,2025-04-27 10:47:03 UTC,Rome,5985119,malakofil,Jar Mac,2025-04-28 05:31:19 UTC,2025-04-28 19:39:03 UTC,research,,https://www.inaturalist.org/observations/275379514,https://static.inaturalist.org/photos/494864259/medium.jpeg,,"",,3,0,false,2,Szpak,Sturnus vulgaris,Обыкновенный скворец,Aves,14850
276471493,bb484bcf-4ddb-45a0-b323-7d4eac3b0eca,2025/04/29 07:25,2025-04-29,2025-04-29 05:25:00 UTC,Kaliningrad,8807010,anatoliy10942,Анатолий Стрила,2025-04-29 06:53:22 UTC,2025-05-09 11:26:09 UTC,research,,https://www.inaturalist.org/observations/276471493,https://static.inaturalist.org/photos/496488335/medium.jpeg,,"","",1,0,false,,Обыкновенный скворец,Sturnus vulgaris,Обыкновенный скворец,Aves,14850
277200147,0e90be2e-2548-469c-a174-f05bcc323a9d,2019/08/07 17:10,2019-08-07,2019-08-07 15:10:00 UTC,Kaliningrad,3955068,textman,,2025-05-01 00:21:09 UTC,2025-05-01 01:28:44 UTC,research,CC-BY-NC,https://www.inaturalist.org/observations/277200147,https://inaturalist-open-data.s3.amazonaws.com/photos/497751041/medium.jpg,,"",,1,0,false,,Обыкновенный скворец,Sturnus vulgaris,Обыкновенный скворец,Aves,14850
277432608,391c59d2-bda1-4d11-9cdf-3c083e4b726d,2025-05-01 09:41:13,2025-05-01,2025-05-01 07:41:13 UTC,Amsterdam,8454191,teddydolstra,,2025-05-01 17:06:47 UTC,2025-05-02 16:58:27 UTC,research,CC-BY-NC,https://www.inaturalist.org/observations/277432608,https://inaturalist-open-data.s3.amazonaws.com/photos/498153657/medium.jpeg,,"",,1,0,false,2,Spreeuw,Sturnus vulgaris,Обыкновенный скворец,Aves,14850
277623815,9e4187c2-6e0e-4119-9a24-74deecce2b9b,2025-05-02 07:38:58,2025-05-02,2025-05-02 05:38:58 UTC,Berlin,9019764,ruben4658,Ruben G.,2025-05-02 05:53:25 UTC,2025-06-06 06:53:42 UTC,research,CC-BY-NC,https://www.inaturalist.org/observations/277623815,https://inaturalist-open-data.s3.amazonaws.com/photos/498501313/medium.jpeg,,"",,1,0,false,2,Star,Sturnus vulgaris,Обыкновенный скворец,Aves,14850
278025599,b4ec0c57-eb0c-4066-a83f-435d9f5d796d,2025/05/03 12:29,2025-05-03,2025-05-03 10:29:00 UTC,Berlin,8878154,composition030,Maurice Bußkamp,2025-05-03 12:51:53 UTC,2025-05-04 19:37:06 UTC,research,CC-BY-NC,https://www.inaturalist.org/observations/278025599,https://inaturalist-open-data.s3.amazonaws.com/photos/499201190/medium.jpg,,"",,3,0,false,,Star,Sturnus vulgaris,Обыкновенный скворец,Aves,14850
280295177,112ce8a6-988d-4852-8dd8-9d07784b6319,2025-05-11 19:04:14,2025-05-11,2025-05-11 16:04:14 UTC,St. Petersburg,3962288,yan_adamson,Ян Адамсон,2025-05-11 17:58:07 UTC,2025-05-12 14:55:42 UTC,research,CC-BY-NC,https://www.inaturalist.org/observations/280295177,https://inaturalist-open-data.s3.amazonaws.com/photos/503404118/medium.jpeg,,"",,2,0,false,2,Обыкновенный скворец,Sturnus vulgaris,Обыкновенный скворец,Aves,14850
280525019,0585b7d9-5693-4e34-8394-ad5d9de69ed1,2025/05/11 08:20,2025-05-11,2025-05-11 06:20:00 UTC,Kaliningrad,8807010,anatoliy10942,Анатолий Стрила,2025-05-12 13:46:08 UTC,2025-05-13 07:33:38 UTC,research,,https://www.inaturalist.org/observations/280525019,https://static.inaturalist.org/photos/503841408/medium.jpeg,,"","",2,0,false,,Обыкновенный скворец,Sturnus vulgaris,Обыкновенный скворец,Aves,14850
282126384,cae4dced-21ab-4cab-a68f-6f96d6cb6414,2025/05/15 10:19,2025-05-15,2025-05-15 07:19:00 UTC,St. Petersburg,1453678,marina_gorbunova,Марина Горбунова-Ëлкина,2025-05-18 17:20:15 UTC,2025-10-03 02:49:16 UTC,research,CC-BY-NC,https://www.inaturalist.org/observations/282126384,https://inaturalist-open-data.s3.amazonaws.com/photos/506805078/medium.jpg,,"",,2,0,false,,Обыкновенный скворец,Sturnus vulgaris,Обыкновенный скворец,Aves,14850
282180167,59fdc139-63c4-4c20-90d5-69a334064039,2025/05/06 7:10 AM,2025-05-06,2025-05-06 05:10:00 UTC,Rome,670350,lauravb,Laura Veronica Bianchi,2025-05-18 20:11:41 UTC,2025-08-03 15:06:05 UTC,research,CC-BY-SA,https://www.inaturalist.org/observations/282180167,https://inaturalist-open-data.s3.amazonaws.com/photos/506948413/medium.jpg,,"","",3,0,false,,Estornino pinto eurasiático,Sturnus vulgaris,Обыкновенный скворец,Aves,14850
282397490,749b9318-2089-424f-9553-a5f69eb0bc00,2025-05-19 08:43:23,2025-05-19,2025-05-19 05:43:23 UTC,Athens,7736810,athan40170,Athan,2025-05-19 15:57:45 UTC,2025-05-22 13:46:13 UTC,research,CC0,https://www.inaturalist.org/observations/282397490,https://inaturalist-open-data.s3.amazonaws.com/photos/507359687/medium.jpg,,"",,3,0,false,2,Ψαρόνι,Sturnus vulgaris,Обыкновенный скворец,Aves,14850
282595575,940ab543-43d0-4c0b-872e-b98c17702d98,2025-05-20 12:47:58,2025-05-20,2025-05-20 09:47:58 UTC,St. Petersburg,9331512,oskarsr,,2025-05-20 10:11:39 UTC,2025-05-20 14:55:33 UTC,research,CC-BY-NC,https://www.inaturalist.org/observations/282595575,https://inaturalist-open-data.s3.amazonaws.com/photos/507730653/medium.jpg,,"",,2,0,false,2,European Starling,Sturnus vulgaris,Обыкновенный скворец,Aves,14850
282600095,320b22dd-d58b-43f9-87f6-bc68e9113efb,2025-05-20 09:12:34,2025-05-20,2025-05-20 06:12:34 UTC,St. Petersburg,9261313,forest_ghost,"",2025-05-20 10:48:13 UTC,2025-05-23 18:39:22 UTC,research,CC-BY-NC,https://www.inaturalist.org/observations/282600095,https://inaturalist-open-data.s3.amazonaws.com/photos/507738449/medium.jpg,,"",,1,0,false,2,Обыкновенный скворец,Sturnus vulgaris,Обыкновенный скворец,Aves,14850
283318181,6b3ad9be-4c60-4303-a680-f8fdc548af52,2025-05-21 12:45:35,2025-05-21,2025-05-21 10:45:35 UTC,Rome,9176871,daniela95828,Daniela Marchini,2025-05-23 07:13:59 UTC,2025-05-23 14:02:54 UTC,research,CC-BY-NC,https://www.inaturalist.org/observations/283318181,https://inaturalist-open-data.s3.amazonaws.com/photos/509075046/medium.jpg,,"",,2,0,false,2,Storno comune,Sturnus vulgaris,Обыкновенный скворец,Aves,14850
283889084,d0981d81-87cf-4740-92ff-19480f4630ee,2025-05-24 17:44:05,2025-05-24,2025-05-24 15:44:05 UTC,Budapest,7973024,aleksejkrstic,Aleksej Len Krstić,2025-05-25 09:26:18 UTC,2025-06-06 12:00:10 UTC,research,,https://www.inaturalist.org/observations/283889084,https://static.inaturalist.org/photos/510146836/medium.jpg,,"",,2,0,false,2,European Starling,Sturnus vulgaris,Обыкновенный скворец,Aves,14850
284644374,a7ba0daa-133b-4f12-8975-d807893fcddf,2025/05/18 16:39,2025-05-18,2025-05-18 13:39:00 UTC,St. Petersburg,2850771,irinamashina,Irina Mashina,2025-05-27 20:22:03 UTC,2025-05-27 20:40:17 UTC,research,CC-BY-NC,https://www.inaturalist.org/observations/284644374,https://inaturalist-open-data.s3.amazonaws.com/photos/511572919/medium.jpg,,"","",1,0,false,,Обыкновенный скворец,Sturnus vulgaris,Обыкновенный скворец,Aves,14850
287674113,adecfbb3-a136-471b-9b97-14138915d71f,2025/06/07 16:33,2025-06-07,2025-06-07 13:33:00 UTC,St. Petersburg,8842615,butterbird,Aleksandra B,2025-06-07 19:43:16 UTC,2025-06-07 19:52:42 UTC,research,CC-BY-NC,https://www.inaturalist.org/observations/287674113,https://inaturalist-open-data.s3.amazonaws.com/photos/517256684/medium.jpg,,"",,1,0,false,,Обыкновенный скворец,Sturnus vulgaris,Обыкновенный скворец,Aves,14850
290227311,ac302f6e-716b-4b08-b7d1-3fe39daf1d5e,2025/06/16 19:50,2025-06-16,2025-06-16 17:50:00 UTC,Paris,9171165,joanneschmbn,,2025-06-16 20:25:44 UTC,2025-06-20 13:53:10 UTC,research,CC-BY-NC,https://www.inaturalist.org/observations/290227311,https://inaturalist-open-data.s3.amazonaws.com/photos/522076784/medium.jpg,,"",,2,0,false,,Étourneau sansonnet,Sturnus vulgaris,Обыкновенный скворец,Aves,14850
290964373,3598765d-4f5a-4b6b-a61f-fb25dff31b63,2024/07/27 1:57 PM,2024-07-27,2024-07-27 12:57:00 UTC,London,7849353,pedrolucassousa,Pedro Sousa,2025-06-19 16:17:24 UTC,2025-06-29 15:20:35 UTC,research,,https://www.inaturalist.org/observations/290964373,https://static.inaturalist.org/photos/523467853/medium.jpg,,"",,3,0,false,,Estorninho-malhado,Sturnus vulgaris,Обыкновенный скворец,Aves,14850
295612732,d9eec5be-9430-4830-91d5-4528b7829c95,2025-02-28T11:38,2025-02-28,2025-02-28 08:38:00 UTC,Istanbul,9505762,anaclair,anastasia svetlaya,2025-07-06 06:30:56 UTC,2025-08-25 13:55:20 UTC,research,CC-BY-NC,https://www.inaturalist.org/observations/295612732,https://inaturalist-open-data.s3.amazonaws.com/photos/532192357/medium.jpg,,"",,2,0,false,843,Обыкновенный скворец,Sturnus vulgaris,Обыкновенный скворец,Aves,14850
296493206,c8294f0e-1793-493c-b50e-3b5f027355e0,2025-06-04 08:10:21,2025-06-04,2025-06-04 05:10:21 UTC,St. Petersburg,9515725,mihail73938,Михаил Рыбкин,2025-07-09 13:14:23 UTC,2025-07-09 18:42:50 UTC,research,CC-BY-NC,https://www.inaturalist.org/observations/296493206,https://inaturalist-open-data.s3.amazonaws.com/photos/533877165/medium.jpg,,"",Много особей.,1,0,false,2,Обыкновенный скворец,Sturnus vulgaris,Обыкновенный скворец,Aves,14850
298167845,b7944c73-8582-4195-a80c-c396c10806b4,2025-07-13 16:31:25,2025-07-13,2025-07-13 13:31:25 UTC,St. Petersburg,9515725,mihail73938,Михаил Рыбкин,2025-07-15 14:43:50 UTC,2025-07-25 10:11:45 UTC,research,CC-BY-NC,https://www.inaturalist.org/observations/298167845,https://inaturalist-open-data.s3.amazonaws.com/photos/537051315/medium.jpg,,"",,1,0,false,2,Обыкновенный скворец,Sturnus vulgaris,Обыкновенный скворец,Aves,14850
298735768,964fe347-3394-4eef-a05d-40e3c76be890,2025/05/10 16:18,2025-05-10,2025-05-10 14:18:00 UTC,Berlin,3580625,vinwin,Vincent W.,2025-07-17 18:43:11 UTC,2025-07-18 22:52:41 UTC,research,CC-BY,https://www.inaturalist.org/observations/298735768,https://static.inaturalist.org/photos/538135489/medium.jpg,,"","First breeding pair of the season with at least 4 chicks, which successfully fledged a few days later.
A second pair closely watched the process and even tried to look into the nest, but was chased away by the parents. The second pair took over the nest immediatly after the chicks had fledged.",1,0,false,,Star,Sturnus vulgaris,Обыкновенный скворец,Aves,14850
300149756,e453c524-cacf-4f40-a350-796f622bdc8a,2025/07/22 7:32 AM,2025-07-22,2025-07-22 04:32:00 UTC,Tallinn,8283617,kuldkollane,Hanna U.,2025-07-22 15:45:02 UTC,2025-07-23 13:29:07 UTC,research,CC-BY,https://www.inaturalist.org/observations/300149756,https://inaturalist-open-data.s3.amazonaws.com/photos/540781741/medium.jpg,,"","",2,0,false,,Kuldnokk,Sturnus vulgaris,Обыкновенный скворец,Aves,14850
301289422,1f77f4df-fea6-476c-812d-88d22bc7b11f,2025-07-23T15:06,2025-07-23,2025-07-23 14:06:00 UTC,London,8309598,bens073,,2025-07-26 19:07:03 UTC,2025-07-26 20:27:23 UTC,research,CC-BY-NC,https://www.inaturalist.org/observations/301289422,https://inaturalist-open-data.s3.amazonaws.com/photos/542907989/medium.jpg,,"",,2,0,false,843,European Starling,Sturnus vulgaris,Обыкновенный скворец,Aves,14850
303089607,6b3628bd-f13f-40cc-b433-3afd3e5916a7,2009/08/25 6:38 PM,2009-08-25,2009-08-25 15:38:00 UTC,Riga,8966714,krzysier,Krzysztof Kasprzyk,2025-08-02 11:22:13 UTC,2025-08-02 15:15:28 UTC,research,CC-BY-NC,https://www.inaturalist.org/observations/303089607,https://inaturalist-open-data.s3.amazonaws.com/photos/546270403/medium.jpg,,"Okrêg Valmiera, Rujiena, £otwa",,2,0,false,,European Starling,Sturnus vulgaris,Обыкновенный скворец,Aves,14850
306094763,61c9567e-8f4c-45c5-971f-e08e4a176553,2025-08-13 15:47:03,2025-08-13,2025-08-13 13:47:03 UTC,Paris,9171165,joanneschmbn,,2025-08-13 20:25:40 UTC,2025-12-18 14:23:34 UTC,research,CC-BY-NC,https://www.inaturalist.org/observations/306094763,https://inaturalist-open-data.s3.amazonaws.com/photos/558146952/medium.jpg,,"",,5,0,false,2,Étourneau sansonnet,Sturnus vulgaris,Обыкновенный скворец,Aves,14850
307310309,367b4373-1d8f-443d-91f2-b001c0b30d2a,Mon Aug 18 2025 16:56:36 GMT +0100 (GMT),2025-08-18,2025-08-18 15:56:36 UTC,London,9180914,theottergirl,,2025-08-18 16:50:23 UTC,2025-10-01 17:50:36 UTC,research,CC-BY-NC,https://www.inaturalist.org/observations/307310309,https://inaturalist-open-data.s3.amazonaws.com/photos/554286957/medium.jpg,,"",,3,0,false,333,European Starling,Sturnus vulgaris,Обыкновенный скворец,Aves,14850
308451598,ef7bc44a-6d10-4a14-8d18-b4eb429a5620,2025-08-23 17:30:37+02:00,2025-08-23,2025-08-23 15:30:37 UTC,Paris,9397579,cooldager,,2025-08-23 15:31:27 UTC,2025-12-12 22:45:22 UTC,research,CC-BY-NC,https://www.inaturalist.org/observations/308451598,https://inaturalist-open-data.s3.amazonaws.com/photos/556487008/medium.jpg,,"","",2,0,false,3,Étourneau sansonnet,Sturnus vulgaris,Обыкновенный скворец,Aves,14850
308803467,d7d574db-a936-4059-bd69-6a32cb4bf188,2025/08/24 5:37 PM,2025-08-24,2025-08-24 15:37:00 UTC,Zagreb,8013444,vedranap,Vedrana Perković,2025-08-24 19:23:11 UTC,2025-08-31 10:54:10 UTC,research,CC-BY-NC,https://www.inaturalist.org/observations/308803467,https://inaturalist-open-data.s3.amazonaws.com/photos/557162634/medium.jpg,,"",,1,0,false,,Čvorak,Sturnus vulgaris,Обыкновенный скворец,Aves,14850
311213480,ae48a968-5bf2-4102-bc02-b6f2c17e8ec9,2025/08/11 12:52 PM,2025-08-11,2025-08-11 10:52:00 UTC,Amsterdam,1275073,larswillighagen,Lars Willighagen,2025-09-03 09:51:04 UTC,2025-09-03 14:28:25 UTC,research,CC0,https://www.inaturalist.org/observations/311213480,https://inaturalist-open-data.s3.amazonaws.com/photos/561780291/medium.jpg,,"","",3,0,false,,European Starling,Sturnus vulgaris,Обыкновенный скворец,Aves,14850
312795991,6b1407bc-a6ca-45b9-96db-f30b0e4909b9,2025/09/09 17:27,2025-09-09,2025-09-09 14:27:00 UTC,St. Petersburg,1434599,prokhozhyj,Георгий Виноградов (Georgy Vinogradov),2025-09-09 23:35:17 UTC,2025-09-10 01:09:09 UTC,research,CC-BY,https://www.inaturalist.org/observations/312795991,https://inaturalist-open-data.s3.amazonaws.com/photos/564794520/medium.jpg,,"","Московский зоопарк, уличная кафешка. +20 °C.",1,0,false,,Обыкновенный скворец,Sturnus vulgaris,Обыкновенный скворец,Aves,14850
313054643,a221bb18-8c03-4d8b-a459-d4576c455660,Tue Sep 09 2025 12:23:42 GMT +0100 (GMT),2025-09-09,2025-09-09 11:23:42 UTC,London,4907876,sarginson,,2025-09-11 07:03:53 UTC,2025-09-11 20:27:18 UTC,research,CC-BY-NC,https://www.inaturalist.org/observations/313054643,https://inaturalist-open-data.s3.amazonaws.com/photos/565296922/medium.jpg,,"",,2,0,false,333,European Starling,Sturnus vulgaris,Обыкновенный скворец,Aves,14850
313935754,143a60a5-def4-4c67-8a70-10d3d68fac5f,2025/08/27 07:21,2025-08-27,2025-08-27 05:21:00 UTC,Vienna,4724645,lastovka,lastovka,2025-09-14 19:57:16 UTC,2025-09-14 22:01:31 UTC,research,CC-BY-NC,https://www.inaturalist.org/observations/313935754,https://inaturalist-open-data.s3.amazonaws.com/photos/566972209/medium.jpg,,"",,1,0,false,,Star,Sturnus vulgaris,Обыкновенный скворец,Aves,14850
314217361,ab02439d-ff67-4ab9-8826-dccb2c0fc870,2025/09/04 08:56,2025-09-04,2025-09-04 06:56:00 UTC,Vienna,6003071,lil_crawler,Mo Hartmann,2025-09-15 22:23:37 UTC,2025-09-17 20:16:08 UTC,research,CC-BY-NC,https://www.inaturalist.org/observations/314217361,https://inaturalist-open-data.s3.amazonaws.com/photos/567683669/medium.jpg,,"",,1,0,false,,Star,Sturnus vulgaris,Обыкновенный скворец,Aves,14850
315582777,372949bd-a01c-4e3e-a8c4-3c42b61f6c98,2025-09-21 18:44:47,2025-09-21,2025-09-21 17:44:47 UTC,London,4589156,nomsheep,"",2025-09-21 17:48:23 UTC,2025-10-09 11:31:16 UTC,needs_id,CC-BY-NC,https://www.inaturalist.org/observations/315582777,https://inaturalist-open-data.s3.amazonaws.com/photos/570102798/medium.jpg,,"",,0,0,false,2,Common Starling,Sturnus vulgaris,Обыкновенный скворец,Aves,14850
315763855,1b3509cf-e336-4b72-bff5-63d0cba4f6cc,2025-09-22 09:25:00,2025-09-22,2025-09-22 07:25:00 UTC,Berlin,9591762,nicandra711ph,"",2025-09-22 09:30:40 UTC,2025-10-14 13:59:16 UTC,research,CC-BY-NC,https://www.inaturalist.org/observations/315763855,https://inaturalist-open-data.s3.amazonaws.com/photos/570456424/medium.jpg,,"",Auf dieser Schafsweide war ein Schwarm Stare und diese saßen - zum Teil zu dritt - sehr gerne auf den Köpfen und Rücken der Schafe.,2,0,false,2,Star,Sturnus vulgaris,Обыкновенный скворец,Aves,14850
317781921,4ee0e647-709b-4c63-897e-e5c740bc494e,2025/09/30 14:06,2025-09-30,2025-09-30 12:06:00 UTC,Warsaw,8524669,caxora,"",2025-09-30 15:22:36 UTC,2025-10-01 07:13:56 UTC,research,CC-BY-NC,https://www.inaturalist.org/observations/317781921,https://inaturalist-open-data.s3.amazonaws.com/photos/574263972/medium.jpg,,"",,2,0,false,,Szpak,Sturnus vulgaris,Обыкновенный скворец,Aves,14850
318886265,307029aa-7ac0-48ab-9056-0ff1edfdc4d8,2025/09/30 11:44,2025-09-30,2025-09-30 09:44:00 UTC,Vienna,4724645,lastovka,lastovka,2025-10-05 14:25:12 UTC,2025-10-06 06:47:11 UTC,research,CC-BY-NC,https://www.inaturalist.org/observations/318886265,https://inaturalist-open-data.s3.amazonaws.com/photos/576378155/medium.jpg,,"",,3,0,false,,Star,Sturnus vulgaris,Обыкновенный скворец,Aves,14850
322712819,8af5ae49-d922-4c5a-b0ce-35f4ca294466,2025/10/09 08:40,2025-10-09,2025-10-09 06:40:00 UTC,Vienna,4724645,lastovka,lastovka,2025-10-24 06:48:23 UTC,2025-11-20 19:28:22 UTC,research,CC-BY-NC,https://www.inaturalist.org/observations/322712819,https://inaturalist-open-data.s3.amazonaws.com/photos/583846953/medium.jpg,,"",,2,0,false,,Star,Sturnus vulgaris,Обыкновенный скворец,Aves,14850
324029636,80f2e506-faa8-4acd-bd97-e85acfa3eeda,2020/10/28 14:33,2020-10-28,2020-10-28 13:33:00 UTC,Paris,7204626,elisagaillard,Elisa,2025-10-30 19:09:26 UTC,2025-12-06 18:49:04 UTC,research,CC-BY-NC,https://www.inaturalist.org/observations/324029636,https://static.inaturalist.org/photos/586404650/medium.jpg,,"Etourneau sansonnet, Paysage, Sacy, automne",,4,0,false,,Étourneau sansonnet,Sturnus vulgaris,Обыкновенный скворец,Aves,14850
324155978,7c1151aa-e16c-4336-a930-44845c728b37,2025/10/04 17:16,2025-10-04,2025-10-04 14:16:00 UTC,St. Petersburg,8992027,sofia2520,"",2025-10-31 14:15:50 UTC,2025-12-04 16:41:13 UTC,research,CC-BY-NC,https://www.inaturalist.org/observations/324155978,https://inaturalist-open-data.s3.amazonaws.com/photos/586659711/medium.jpg,,"","",2,0,false,,Обыкновенный скворец,Sturnus vulgaris,Обыкновенный скворец,Aves,14850
324169840,77a6ba85-9f69-4872-9e75-bb796cfbe785,2025-06-12,2025-06-12,,St. Petersburg,9922945,evgeniy4935,Евгений Темный,2025-10-31 15:38:37 UTC,2025-12-04 16:41:07 UTC,research,CC-BY-NC,https://www.inaturalist.org/observations/324169840,https://inaturalist-open-data.s3.amazonaws.com/photos/586685624/medium.jpg,,"",,3,0,false,2,Обыкновенный скворец,Sturnus vulgaris,Обыкновенный скворец,Aves,14850
324553165,41d34ac9-810e-489f-94ed-f2c7e3945232,2025/04/05 11:50,2025-04-05,2025-04-05 08:50:00 UTC,St. Petersburg,6025755,ya_sergey,Sergey Ya,2025-11-02 18:08:17 UTC,2025-12-04 16:41:02 UTC,research,CC-BY-NC,https://www.inaturalist.org/observations/324553165,https://inaturalist-open-data.s3.amazonaws.com/photos/587451924/medium.jpg,,"","",2,0,false,,Обыкновенный скворец,Sturnus vulgaris,Обыкновенный скворец,Aves,14850
324708763,b0cd3f13-0dc4-439f-b002-ae60d251ebda,2025-06-30 09:00:45,2025-06-30,2025-06-30 07:00:45 UTC,Kaliningrad,2883760,galina20,Galina Shapoval (Kuftina),2025-11-03 14:26:51 UTC,2025-11-07 09:33:20 UTC,research,,https://www.inaturalist.org/observations/324708763,https://static.inaturalist.org/photos/587767782/medium.jpg,,"",,2,0,false,843,Обыкновенный скворец,Sturnus vulgaris,Обыкновенный скворец,Aves,14850
324776241,2d0356ad-1c25-442a-b634-fc472d6f5651,2025/08/09 13:31,2025-08-09,2025-08-09 10:31:00 UTC,St. Petersburg,4415153,lynxieboo,Tanya Rysenko,2025-11-03 22:30:08 UTC,2025-12-04 16:40:56 UTC,research,CC-BY-NC,https://www.inaturalist.org/observations/324776241,https://inaturalist-open-data.s3.amazonaws.com/photos/587905421/medium.jpg,,"",,2,0,false,,Обыкновенный скворец,Sturnus vulgaris,Обыкновенный скворец,Aves,14850
325000065,962e5f19-d5a8-420f-9329-63fd902add49,2025/11/04 12:54 PM,2025-11-04,2025-11-04 12:54:00 UTC,London,8576216,cliveholmes,Clive Holmes,2025-11-05 08:44:36 UTC,2025-11-14 13:51:03 UTC,research,CC-BY-NC,https://www.inaturalist.org/observations/325000065,https://inaturalist-open-data.s3.amazonaws.com/photos/588355264/medium.jpg,,"",Albino seen in flock of starlings,2,0,false,,European Starling,Sturnus vulgaris,Обыкновенный скворец,Aves,14850
325052450,7b81f467-c1f2-49c9-a215-c8422a956391,2025/05/22 17:07,2025-05-22,2025-05-22 14:07:00 UTC,St. Petersburg,4029507,yushenkojulia,,2025-11-05 17:02:08 UTC,2025-12-04 16:40:51 UTC,research,CC-BY-NC,https://www.inaturalist.org/observations/325052450,https://inaturalist-open-data.s3.amazonaws.com/photos/588457659/medium.jpg,,"",,4,0,false,,Обыкновенный скворец,Sturnus vulgaris,Обыкновенный скворец,Aves,14850
325085658,068f7b97-a18a-491a-9c84-bf21879cfbc3,2025/05/28 17:57,2025-05-28,2025-05-28 14:57:00 UTC,St. Petersburg,7263027,nocturnal_darkness,Евгения,2025-11-05 21:03:22 UTC,2025-12-04 16:40:44 UTC,research,CC-BY-NC,https://www.inaturalist.org/observations/325085658,https://inaturalist-open-data.s3.amazonaws.com/photos/588521476/medium.jpg,,"",,2,0,false,,Обыкновенный скворец,Sturnus vulgaris,Обыкновенный скворец,Aves,14850
325214094,37d0afd9-9b84-4259-8440-9854dd48f8b0,2025/11/06 11:35,2025-11-06,2025-11-06 10:35:00 UTC,Paris,3245272,berzou,Bernard Noguès,2025-11-06 17:52:35 UTC,2025-12-03 20:42:20 UTC,research,CC-BY-NC,https://www.inaturalist.org/observations/325214094,https://inaturalist-open-data.s3.amazonaws.com/photos/588776542/medium.jpg,,Topfoto,,1,0,false,,Étourneau sansonnet,Sturnus vulgaris,Обыкновенный скворец,Aves,14850
325732669,60c4bb6b-76fc-4d4c-bf1f-e549f75fa57a,2025/10/31 17:36,2025-10-31,2025-10-31 16:36:00 UTC,Paris,7857034,bilaltgd,Bilal Trigaud,2025-11-09 19:00:53 UTC,2025-12-08 12:32:22 UTC,research,CC-BY-NC,https://www.inaturalist.org/observations/325732669,https://inaturalist-open-data.s3.amazonaws.com/photos/589811635/medium.jpg,,"",,2,0,false,,Étourneau sansonnet,Sturnus vulgaris,Обыкновенный скворец,Aves,14850
326018317,e4435cbc-e618-430f-a01d-7113e7f1c259,2025/11/10 13:11,2025-11-10,2025-11-10 12:11:00 UTC,Paris,6315824,huguettedu06,Huguette Claude,2025-11-11 13:01:35 UTC,2025-12-01 14:44:04 UTC,research,,https://www.inaturalist.org/observations/326018317,https://static.inaturalist.org/photos/590382314/medium.jpg,,"",,5,0,false,,Étourneau sansonnet,Sturnus vulgaris,Обыкновенный скворец,Aves,14850
326472684,762d47b3-3618-46c0-bdf7-6790eae1fcf9,2025-11-14 14:40:29,2025-11-14,2025-11-14 14:40:29 UTC,London,8542139,reevehart,,2025-11-14 14:42:17 UTC,2025-11-14 19:00:28 UTC,research,CC-BY-NC,https://www.inaturalist.org/observations/326472684,https://inaturalist-open-data.s3.amazonaws.com/photos/591285362/medium.jpg,,"",,2,0,false,843,European Starling,Sturnus vulgaris,Обыкновенный скворец,Aves,14850
326812623,bd8852a0-0266-4cd6-8635-7cbad314d178,2025-09-22 17:30:27,2025-09-22,2025-09-22 16:30:27 UTC,London,7915783,meritdeutschmann,Merit Deutschmann,2025-11-16 16:51:47 UTC,2025-11-16 17:08:58 UTC,research,CC-BY-NC,https://www.inaturalist.org/observations/326812623,https://inaturalist-open-data.s3.amazonaws.com/photos/591964823/medium.jpg,,"",,1,0,false,843,Star,Sturnus vulgaris,Обыкновенный скворец,Aves,14850
326823137,4596645b-e103-4b84-b26f-6cf0062c90f9,2025/11/15 11:28,2025-11-15,2025-11-15 08:28:00 UTC,St. Petersburg,7771678,kseniiask,Ксения Катраева,2025-11-16 17:58:39 UTC,2025-11-16 19:44:45 UTC,research,CC-BY-NC,https://www.inaturalist.org/observations/326823137,https://inaturalist-open-data.s3.amazonaws.com/photos/591982567/medium.jpg,,"",,2,0,false,,Обыкновенный скворец,Sturnus vulgaris,Обыкновенный скворец,Aves,14850
327080522,ae9b7ecc-e218-4f08-b943-ec4f69a6d181,2025/04/27 16:43,2025-04-27,2025-04-27 13:43:00 UTC,St. Petersburg,7263027,nocturnal_darkness,Евгения,2025-11-18 07:26:32 UTC,2025-12-04 16:40:41 UTC,research,CC-BY-NC,https://www.inaturalist.org/observations/327080522,https://inaturalist-open-data.s3.amazonaws.com/photos/592496827/medium.jpg,,"",,2,0,false,,Обыкновенный скворец,Sturnus vulgaris,Обыкновенный скворец,Aves,14850
327182124,ca51c9fe-4680-4f33-ba3c-b7aca66fbc62,2025-10-26 16:26:08,2025-10-26,2025-10-26 13:26:08 UTC,St. Petersburg,8017425,alinalala,alina hramova,2025-11-19 00:04:55 UTC,2025-11-19 11:00:48 UTC,research,CC-BY-NC,https://www.inaturalist.org/observations/327182124,https://inaturalist-open-data.s3.amazonaws.com/photos/592694204/medium.jpg,,"",,2,0,false,2,Обыкновенный скворец,Sturnus vulgaris,Обыкновенный скворец,Aves,14850
327464599,b31d62bf-4307-4328-a118-2de4c888b834,2024-08-03,2024-08-03,,St. Petersburg,9416381,oksanavishnya,Вишнякова Оксана,2025-11-21 04:04:35 UTC,2025-12-04 16:40:33 UTC,research,CC-BY-NC,https://www.inaturalist.org/observations/327464599,https://inaturalist-open-data.s3.amazonaws.com/photos/593268243/medium.jpg,,"",На Казанском вокзале толпами ходят и выпрашивают еду,4,0,false,2,Обыкновенный скворец,Sturnus vulgaris,Обыкновенный скворец,Aves,14850
327919269,dd294c0e-0a68-4db9-a64a-3ffa93d436f4,2025/11/23 11:15,2025-11-23,2025-11-23 08:15:00 UTC,St. Petersburg,4966577,natairon79,Наталья Бондарева,2025-11-23 20:49:23 UTC,2025-12-04 16:40:29 UTC,research,CC-BY-NC,https://www.inaturalist.org/observations/327919269,https://inaturalist-open-data.s3.amazonaws.com/photos/594125916/medium.jpg,,"",,2,0,false,,Обыкновенный скворец,Sturnus vulgaris,Обыкновенный скворец,Aves,14850
328198252,e6339d08-5402-41c3-9c52-2a1373752c11,2025-04-01 09:10:35+02:00,2025-04-01,2025-04-01 07:10:35 UTC,Kaliningrad,4332798,viktoriya_korneva,Виктория Корнева,2025-11-25 13:54:16 UTC,2025-11-25 13:57:19 UTC,research,,https://www.inaturalist.org/observations/328198252,https://static.inaturalist.org/photos/594670695/medium.jpg,,"","",1,0,false,3,Обыкновенный скворец,Sturnus vulgaris,Обыкновенный скворец,Aves,14850
328351345,e8920505-3969-4291-be6b-2d2b2b204c2b,2025-10-03 13:35:42,2025-10-03,2025-10-03 12:35:42 UTC,London,9984174,seandoyle14,,2025-11-26 15:11:19 UTC,2025-11-27 22:07:24 UTC,research,CC-BY-NC,https://www.inaturalist.org/observations/328351345,https://inaturalist-open-data.s3.amazonaws.com/photos/594975518/medium.jpg,,"",,4,0,false,843,European Starling,Sturnus vulgaris,Обыкновенный скворец,Aves,14850
328952124,580ded59-7bb0-4c80-8cc3-36c71be526f0,2025-10-30 13:45:25,2025-10-30,2025-10-30 10:45:25 UTC,St. Petersburg,5579542,lizardcrystall,"",2025-11-30 18:59:02 UTC,2025-12-04 16:40:22 UTC,research,CC-BY-NC,https://www.inaturalist.org/observations/328952124,https://inaturalist-open-data.s3.amazonaws.com/photos/596191938/medium.jpg,,"",,2,0,false,2,Обыкновенный скворец,Sturnus vulgaris,Обыкновенный скворец,Aves,14850
330103511,ba1e20b5-b80f-4dc9-929d-84898f02e779,2025/12/03 1:29 PM,2025-12-03,2025-12-03 12:29:00 UTC,Madrid,3771288,faluke,"",2025-12-09 14:05:56 UTC,2025-12-09 16:57:37 UTC,research,CC-BY-NC,https://www.inaturalist.org/observations/330103511,https://inaturalist-open-data.s3.amazonaws.com/photos/598511500/medium.jpg,,"",Hunter Camera,1,0,false,,Sturnus vulgaris,Sturnus vulgaris,Обыкновенный скворец,Aves,14850
330442056,7dc08bd7-6be5-42f3-ba20-43953f7c488a,2025/12/05 11:50 AM,2025-12-05,2025-12-05 10:50:00 UTC,Madrid,7712671,novo1961-,Novomig,2025-12-12 08:50:39 UTC,2025-12-15 12:19:49 UTC,research,CC-BY-NC,https://www.inaturalist.org/observations/330442056,https://inaturalist-open-data.s3.amazonaws.com/photos/599203817/medium.jpg,,"",,3,0,false,,Estornino pinto eurasiático,Sturnus vulgaris,Обыкновенный скворец,Aves,14850
330855801,0a58185e-2e5a-4ed2-b36e-a82671a8dfad,2025/12/15 12:05,2025-12-15,2025-12-15 09:05:00 UTC,St. Petersburg,8900100,annagrib,Анна Мазур,2025-12-15 14:54:48 UTC,2025-12-15 16:03:00 UTC,research,CC-BY-NC,https://www.inaturalist.org/observations/330855801,https://inaturalist-open-data.s3.amazonaws.com/photos/600058113/medium.jpg,,"",,2,0,false,,Обыкновенный скворец,Sturnus vulgaris,Обыкновенный скворец,Aves,14850
