id,uuid,observed_on_string,observed_on,time_observed_at,time_zone,user_id,user_login,user_name,created_at,updated_at,quality_grade,license,url,image_url,sound_url,tag_list,description,num_identification_agreements,num_identification_disagreements,captive_cultivated,oauth_application_id,species_guess,scientific_name,common_name,iconic_taxon_name,taxon_id
1087796,3d78411f-a9f7-4569-9c7c-2c43ea7d6ce7,2014-11-19 17:04:24,2014-11-19,2014-11-19 22:04:24 UTC,Eastern Time (US & Canada),43807,keimwj,Bill Keim,2014-11-22 11:25:12 UTC,2024-09-22 06:01:00 UTC,research,CC-BY,http://www.inaturalist.org/observations/1087796,https://inaturalist-open-data.s3.amazonaws.com/photos/1366446/medium.jpg,,"","19 Nov 2014.
Buckingham Springs, Bucks Co, PA.
Bird # 1--this appears to be either a Black-capped or a hybrid. Cold weather has arrived, and we seemed to have had some movement in our chickadee population. The hybrid zone of Black-capped and Carolina Chickadees lies a few miles north at the moment, so our breeders are Carolina. Some winters, we see flocks of Black-capped irrupting from the north. We also may see movement of hybrids below their breeding grounds.
",2,0,false,,Chickadees and relatives,Poecile,Гаички,Aves,144351
2284291,7c0984b3-b53c-4a1b-bb77-ece5eb08ab30,2015-10-22,2015-10-22,,Eastern Time (US & Canada),122485,sandycutting,Sandy Cutting,2015-10-22 20:16:09 UTC,2020-05-04 18:22:46 UTC,research,CC-BY-NC,http://www.inaturalist.org/observations/2284291,https://inaturalist-open-data.s3.amazonaws.com/photos/2557493/medium.jpg,,"","",4,0,false,,Black-capped Chickadee,Poecile atricapillus,Черношапочная гаичка,Aves,144815
2412370,2684e089-fcda-4275-8d01-afa00b6b505e,2015-11-17,2015-11-17,,Eastern Time (US & Canada),18303,marvelliott,Marv Elliott,2015-11-23 23:49:11 UTC,2025-01-02 01:35:23 UTC,research,CC-BY-NC,http://www.inaturalist.org/observations/2412370,https://inaturalist-open-data.s3.amazonaws.com/photos/2693324/medium.jpg,,"","",4,0,false,,Black-capped Chickadee,Poecile atricapillus,Черношапочная гаичка,Aves,144815
2719870,345b6c07-f2d0-4ecd-a12e-0ffaf9afe4e3,2016-02-26,2016-02-26,,Eastern Time (US & Canada),18303,marvelliott,Marv Elliott,2016-02-27 01:36:32 UTC,2025-01-02 01:30:43 UTC,research,CC-BY-NC,http://www.inaturalist.org/observations/2719870,https://inaturalist-open-data.s3.amazonaws.com/photos/3067989/medium.jpg,,"","",3,0,false,,Black-capped Chickadee,Poecile atricapillus,Черношапочная гаичка,Aves,144815
3116452,afe98dc9-640b-4463-8b8b-0cf0bdc17a4f,2016-04-20,2016-04-20,,Eastern Time (US & Canada),67685,sdz456,Shirley Zundell,2016-05-07 02:42:46 UTC,2018-01-19 16:07:19 UTC,research,CC-BY,http://www.inaturalist.org/observations/3116452,https://inaturalist-open-data.s3.amazonaws.com/photos/3603509/medium.JPG,,"",Excavating nest cavity,3,0,false,,Black-capped Chickadee,Poecile atricapillus,Черношапочная гаичка,Aves,144815
3345388,fcce3b39-3878-4b15-8e4d-cd201bd5607a,Mon May 30 2016 11:12:01 GMT-0400 (EDT),2016-05-30,2016-05-30 15:12:01 UTC,Eastern Time (US & Canada),53860,berkshirenaturalist,Jason M Crockwell,2016-05-31 04:20:45 UTC,2019-06-26 13:27:21 UTC,research,CC-BY-NC-ND,http://www.inaturalist.org/observations/3345388,https://inaturalist-open-data.s3.amazonaws.com/photos/5522408/medium.jpeg,,"","",1,0,false,3,Black-capped Chickadee,Poecile atricapillus,Черношапочная гаичка,Aves,144815
4826639,cacac363-19f6-4251-b834-f1fe8a3841ea,2016/12/20 2:47 AM HST,2016-12-20,2016-12-20 12:47:00 UTC,Hawaii,347031,darontansley,"",2016-12-21 12:50:18 UTC,2017-04-24 20:41:34 UTC,research,CC-BY-NC,https://www.inaturalist.org/observations/4826639,https://inaturalist-open-data.s3.amazonaws.com/photos/5856262/medium.jpg,,"",,4,0,false,,Black-capped Chickadee,Poecile atricapillus,Черношапочная гаичка,Aves,144815
5098657,4282bfad-7041-4281-980f-9c6d17d49a56,2017/02/12 3:59 PM EST,2017-02-12,2017-02-12 20:59:00 UTC,Eastern Time (US & Canada),179426,robbuckbirder,Robert G. Buckert,2017-02-12 22:53:50 UTC,2017-02-17 20:23:32 UTC,research,CC-BY-NC-ND,https://www.inaturalist.org/observations/5098657,https://inaturalist-open-data.s3.amazonaws.com/photos/6266100/medium.jpeg,,"",Rochester Young BIrders monthly meeting. We set mist nets and ground traps to capture birds. We banded them and released them unharmed.,2,0,false,,Black-capped Chickadee,Poecile atricapillus,Черношапочная гаичка,Aves,144815
9610333,bdcf68af-4233-4b9a-a832-10f7010500d3,2014/03/31 1:45 PM EDT,2014-03-31,2014-03-31 17:45:00 UTC,Eastern Time (US & Canada),513112,jasonjdking,Jason King,2018-01-25 15:08:40 UTC,2018-02-01 01:10:09 UTC,research,CC-BY-NC,https://www.inaturalist.org/observations/9610333,https://inaturalist-open-data.s3.amazonaws.com/photos/13113489/medium.jpg,,"",,5,0,false,,Black-capped Chickadee,Poecile atricapillus,Черношапочная гаичка,Aves,144815
9679842,ec1c2ded-5134-4744-8417-8fdc24974c58,2018/01/25 2:20 PM EST,2018-01-25,2018-01-25 19:20:00 UTC,Eastern Time (US & Canada),67685,sdz456,Shirley Zundell,2018-01-31 14:22:04 UTC,2018-03-01 02:19:15 UTC,research,CC-BY,https://www.inaturalist.org/observations/9679842,https://inaturalist-open-data.s3.amazonaws.com/photos/13231141/medium.jpeg,,"","",4,0,false,,Black-capped Chickadee,Poecile atricapillus,Черношапочная гаичка,Aves,144815
9898209,6440c2c8-612b-49c5-ba4f-83d37a18d2de,2018/02/17 11:51 AM EST,2018-02-17,2018-02-17 16:51:00 UTC,Eastern Time (US & Canada),12610,susanelliott,Susan Elliott,2018-02-17 22:58:59 UTC,2018-02-18 12:20:15 UTC,research,CC-BY-NC,https://www.inaturalist.org/observations/9898209,https://inaturalist-open-data.s3.amazonaws.com/photos/13571611/medium.jpg,,"",,2,0,false,,Black-capped Chickadee,Poecile atricapillus,Черношапочная гаичка,Aves,144815
10295447,afc9261f-d26f-46c8-84fe-139e561486c3,Sun Mar 18 2018 11:18:12 GMT-0400 (EDT),2018-03-18,2018-03-18 15:18:12 UTC,Eastern Time (US & Canada),548560,briannavalot,,2018-03-18 19:28:56 UTC,2018-05-04 01:12:35 UTC,research,,https://www.inaturalist.org/observations/10295447,https://static.inaturalist.org/photos/14258301/medium.jpg,,"","",2,0,false,3,Black-capped Chickadee,Poecile atricapillus,Черношапочная гаичка,Aves,144815
15136563,c561a02d-8469-481a-b402-6fe6d2c43c9a,2016/11/02 1:51 PM EDT,2016-11-02,2016-11-02 17:51:00 UTC,Eastern Time (US & Canada),1125250,dannh03755,,2018-08-05 15:38:06 UTC,2024-10-20 19:21:49 UTC,research,CC-BY-NC,https://www.inaturalist.org/observations/15136563,https://inaturalist-open-data.s3.amazonaws.com/photos/22622992/medium.jpeg,,"",Dead bird on side of road,4,0,false,,Black-capped Chickadee,Poecile atricapillus,Черношапочная гаичка,Aves,144815
16072113,f72738df-2743-4740-8e32-16be53b8ffba,2018/08/31 12:18 PM EDT,2018-08-31,2018-08-31 16:18:00 UTC,Eastern Time (US & Canada),749717,kyletansley,Kyle Tansley,2018-08-31 16:19:28 UTC,2019-02-17 14:43:23 UTC,research,CC-BY-NC,https://www.inaturalist.org/observations/16072113,https://inaturalist-open-data.s3.amazonaws.com/photos/24068365/medium.jpg,,"",,2,0,false,,Black-capped Chickadee,Poecile atricapillus,Черношапочная гаичка,Aves,144815
17408499,7e792f45-af9f-4ff5-bed2-ea501e061792,2018/06/17 12:17 PM EDT,2018-06-17,2018-06-17 16:17:00 UTC,Eastern Time (US & Canada),1269248,wlcook,"",2018-10-11 16:19:05 UTC,2019-01-10 04:30:29 UTC,research,CC-BY-NC,https://www.inaturalist.org/observations/17408499,https://inaturalist-open-data.s3.amazonaws.com/photos/26451445/medium.jpg,,"",A chickadee flew out of the trees and ate out of our hands.  As did a friendly chipmunk.,2,0,false,,Black-capped Chickadee,Poecile atricapillus,Черношапочная гаичка,Aves,144815
17799835,65fc7797-1d71-4b30-be80-2c77894f8896,2017/03/13 12:52 PM EDT,2017-03-13,2017-03-13 16:52:00 UTC,Eastern Time (US & Canada),389353,cesarcastillo,César Andrés Castillo,2018-10-24 16:58:03 UTC,2019-09-11 14:11:26 UTC,research,,https://www.inaturalist.org/observations/17799835,https://static.inaturalist.org/photos/27159808/medium.jpeg,,"",,1,0,false,,Black-capped Chickadee,Poecile atricapillus,Черношапочная гаичка,Aves,144815
18329814,37c9501f-1d4d-42d2-8623-97ac20a522d8,2018/11/11 8:35 AM EST,2018-11-11,2018-11-11 13:35:00 UTC,Eastern Time (US & Canada),1096226,brushdk,Doug Brush,2018-11-11 16:41:15 UTC,2019-09-07 15:26:01 UTC,research,CC-BY,https://www.inaturalist.org/observations/18329814,https://inaturalist-open-data.s3.amazonaws.com/photos/28009951/medium.jpeg,,"","",2,0,false,,Black-capped Chickadee,Poecile atricapillus,Черношапочная гаичка,Aves,144815
18336497,a7917896-dfe8-4c09-be7f-accb4f7fb6dd,Sun Nov 11 2018 16:18:22 GMT-0500 (EST),2018-11-11,2018-11-11 21:18:22 UTC,Eastern Time (US & Canada),1043172,candidlykatey,Katey McGarr,2018-11-11 21:19:35 UTC,2023-06-09 18:49:12 UTC,research,,https://www.inaturalist.org/observations/18336497,https://static.inaturalist.org/photos/28020779/medium.jpg,,"",,1,0,false,3,Black-capped Chickadee,Poecile atricapillus,Черношапочная гаичка,Aves,144815
18902872,541c975f-df68-4a9b-b437-6156a0ceb3b3,2018/12/08 10:17 AM EST,2018-12-08,2018-12-08 15:17:00 UTC,Eastern Time (US & Canada),1096226,brushdk,Doug Brush,2018-12-08 20:40:31 UTC,2019-01-26 22:06:43 UTC,research,CC-BY,https://www.inaturalist.org/observations/18902872,https://inaturalist-open-data.s3.amazonaws.com/photos/28969704/medium.jpeg,,"","",3,0,false,,Black-capped Chickadee,Poecile atricapillus,Черношапочная гаичка,Aves,144815
19032764,291b5340-f757-4de2-a789-368e7173ae9b,2018/12/15 10:33 AM EST,2018-12-15,2018-12-15 15:33:00 UTC,Eastern Time (US & Canada),1096226,brushdk,Doug Brush,2018-12-15 18:51:54 UTC,2019-08-11 04:47:33 UTC,research,CC-BY,https://www.inaturalist.org/observations/19032764,https://inaturalist-open-data.s3.amazonaws.com/photos/29191005/medium.jpeg,,"","",3,0,false,,Black-capped Chickadee,Poecile atricapillus,Черношапочная гаичка,Aves,144815
19617951,fcc3a07b-a826-4fc6-9bc7-f9b4b36c1bb9,2019/01/13 9:38 AM EST,2019-01-13,2019-01-13 14:38:00 UTC,Eastern Time (US & Canada),12610,susanelliott,Susan Elliott,2019-01-13 17:47:07 UTC,2019-01-14 02:17:52 UTC,research,CC-BY-NC,https://www.inaturalist.org/observations/19617951,https://inaturalist-open-data.s3.amazonaws.com/photos/30205068/medium.jpg,,"",,4,0,false,,Black-capped Chickadee,Poecile atricapillus,Черношапочная гаичка,Aves,144815
19913636,5d0f734a-04d8-4cf5-9ab5-ae3d93cbb708,Sun Jan 27 2019 15:17:07 GMT-0500 (EST),2019-01-27,2019-01-27 20:17:07 UTC,Eastern Time (US & Canada),1346486,antonalyona,Антон Чучкалов,2019-01-27 21:53:20 UTC,2019-02-11 04:16:49 UTC,research,,https://www.inaturalist.org/observations/19913636,https://static.inaturalist.org/photos/30715647/medium.jpg,,"","We didn't have food but they always tried to seat on our hands, even when our hands were behind the back. Maybe someone knows why?",1,0,false,3,Black-capped Chickadee,Poecile atricapillus,Черношапочная гаичка,Aves,144815
20014242,57f5fb77-c2b6-4ea6-ac2e-69afe145673a,Fri Feb 01 2019 13:37:12 GMT-0500 (EST),2019-02-01,2019-02-01 18:37:12 UTC,Eastern Time (US & Canada),1432965,miakosel,Mia Kosel,2019-02-01 19:00:49 UTC,2019-02-09 14:24:44 UTC,research,CC-BY-NC,https://www.inaturalist.org/observations/20014242,https://inaturalist-open-data.s3.amazonaws.com/photos/30892150/medium.jpg,,"",,4,0,false,3,Black-capped Chickadee,Poecile atricapillus,Черношапочная гаичка,Aves,144815
20267837,3d9d3b2f-0dac-490b-8389-0f833bc6fdce,2019/02/09 2:25 PM EST,2019-02-09,2019-02-09 19:25:00 UTC,Eastern Time (US & Canada),317,kpmcfarland,Kent P. McFarland,2019-02-11 00:33:02 UTC,2022-11-28 22:16:11 UTC,research,CC0,https://www.inaturalist.org/observations/20267837,https://inaturalist-open-data.s3.amazonaws.com/photos/31285020/medium.jpg,,"accipiter, bird, raptor",eating Black-capped Chickadee at a bird feeder station,6,0,false,,Sharp-shinned Hawk,Accipiter striatus,Полосатый ястреб,Aves,5097
20388569,e21bc626-ab4a-474c-aecf-8769833db2d7,2019/02/16 8:59 AM EST,2019-02-16,2019-02-16 13:59:00 UTC,Eastern Time (US & Canada),749717,kyletansley,Kyle Tansley,2019-02-16 16:01:37 UTC,2025-11-06 05:38:19 UTC,research,CC-BY-NC,https://www.inaturalist.org/observations/20388569,https://inaturalist-open-data.s3.amazonaws.com/photos/31484412/medium.jpg,,"",,12,0,false,,Black-capped Chickadee,Poecile atricapillus,Черношапочная гаичка,Aves,144815
20435895,fb3eba65-4f66-4da9-800e-f0e667f3780e,Sun Feb 17 2019 13:38:12 GMT-0500 (EST),2019-02-17,2019-02-17 18:38:12 UTC,Eastern Time (US & Canada),572980,sadawolk,Sandy Wolkenberg,2019-02-18 00:03:24 UTC,2019-02-18 14:27:43 UTC,research,CC-BY,https://www.inaturalist.org/observations/20435895,https://inaturalist-open-data.s3.amazonaws.com/photos/31551274/medium.jpg,,"",,2,0,false,3,Black-capped Chickadee,Poecile atricapillus,Черношапочная гаичка,Aves,144815
20745720,d86c91e1-7058-4177-92f9-bf4554387d07,2019/02/23 3:09 PM PST,2019-02-23,2019-02-23 23:09:00 UTC,Pacific Time (US & Canada),113206,dblanco,Diego Blanco,2019-02-25 02:31:40 UTC,2025-03-08 05:05:37 UTC,research,CC0,https://www.inaturalist.org/observations/20745720,https://inaturalist-open-data.s3.amazonaws.com/photos/31987842/medium.jpg,,"",,2,0,false,,Black-capped Chickadee,Poecile atricapillus,Черношапочная гаичка,Aves,144815
22180276,71a7b879-d80b-425d-a2c6-1c74d8b6154e,2019/02/07 11:07 AM EST,2019-02-07,2019-02-07 16:07:00 UTC,Eastern Time (US & Canada),1557299,birdnbone,K. Wolf,2019-04-08 03:50:12 UTC,2019-12-25 21:45:40 UTC,research,,https://www.inaturalist.org/observations/22180276,https://static.inaturalist.org/photos/34340022/medium.jpg,,"",,2,0,false,,Black-capped Chickadee,Poecile atricapillus,Черношапочная гаичка,Aves,144815
23082518,88bd9aa6-a0f8-4ef0-a923-b254eba82285,2019/04/24 2:33 PM EDT,2019-04-24,2019-04-24 18:33:00 UTC,Eastern Time (US & Canada),90556,matt-ratcliffe,"",2019-04-26 00:06:01 UTC,2019-04-27 03:17:36 UTC,research,,https://www.inaturalist.org/observations/23082518,https://static.inaturalist.org/photos/35784507/medium.jpeg,,"",,1,0,false,,Black-capped Chickadee,Poecile atricapillus,Черношапочная гаичка,Aves,144815
23762477,f0a8b0fc-aa0b-4434-9a1e-bd45e6740b25,2019-04-28 1:07:47 PM EDT,2019-04-28,2019-04-28 17:07:47 UTC,Eastern Time (US & Canada),171529,nsharp,Nathaniel Sharp,2019-04-28 22:36:32 UTC,2019-05-06 15:17:12 UTC,research,CC-BY-NC,https://www.inaturalist.org/observations/23762477,https://inaturalist-open-data.s3.amazonaws.com/photos/36770447/medium.jpeg,,"",Excavating a nest hole in a pretty neat little spot! ,3,0,false,2,Black-capped Chickadee,Poecile atricapillus,Черношапочная гаичка,Aves,144815
24962591,ec40683d-bd50-40ee-a26f-c5a463e7699e,2019-05-10 5:07:10 PM EDT,2019-05-10,2019-05-10 21:07:10 UTC,Eastern Time (US & Canada),1269836,joseph_l,Joseph Langlois,2019-05-11 22:35:40 UTC,2024-06-19 13:25:18 UTC,research,CC-BY-NC,https://www.inaturalist.org/observations/24962591,https://inaturalist-open-data.s3.amazonaws.com/photos/38618017/medium.jpeg,,"",,1,0,false,2,Black-capped Chickadee,Poecile atricapillus,Черношапочная гаичка,Aves,144815
33725067,824a4a0c-5246-4348-9645-ac898d9a30cb,2017/11/04 8:55 AM CDT,2017-11-04,2017-11-04 13:55:00 UTC,Central Time (US & Canada),1154385,sam727,Sam,2019-10-01 22:16:42 UTC,2019-10-01 22:39:33 UTC,research,,https://www.inaturalist.org/observations/33725067,https://static.inaturalist.org/photos/52996973/medium.jpg,,"",backlog,2,0,false,,Black-capped Chickadee,Poecile atricapillus,Черношапочная гаичка,Aves,144815
34381288,29c978b0-a788-4d8e-9506-b327d19935f2,2017/03/16 1:11 PM EDT,2017-03-16,2017-03-16 17:11:00 UTC,Eastern Time (US & Canada),20400,matthew_wills,"",2019-10-14 21:48:00 UTC,2025-12-11 03:25:16 UTC,research,CC-BY-NC,https://www.inaturalist.org/observations/34381288,https://inaturalist-open-data.s3.amazonaws.com/photos/54103035/medium.jpg,,"",Picking at squirrel meat atop the deep snow.,2,0,false,,Black-capped Chickadee,Poecile atricapillus,Черношапочная гаичка,Aves,144815
34917181,005ddd48-62bb-47c3-a65a-c7649c8e515f,2019/10/26 10:17 AM EDT,2019-10-26,2019-10-26 14:17:00 UTC,Eastern Time (US & Canada),12610,susanelliott,Susan Elliott,2019-10-26 16:08:23 UTC,2019-11-03 00:56:34 UTC,research,CC-BY-NC,https://www.inaturalist.org/observations/34917181,https://inaturalist-open-data.s3.amazonaws.com/photos/55014501/medium.jpg,,"",,3,0,false,,Black-capped Chickadee,Poecile atricapillus,Черношапочная гаичка,Aves,144815
35091345,ad7c43c8-b7de-4b5f-b56b-fdb28b9f01fb,2019-10-30 9:22:02 AM EDT,2019-10-30,2019-10-30 13:22:02 UTC,Eastern Time (US & Canada),19242,saricker,Stephen Ricker,2019-10-30 16:51:44 UTC,2020-03-27 15:28:06 UTC,research,CC-BY,https://www.inaturalist.org/observations/35091345,https://static.inaturalist.org/photos/55313324/medium.jpeg,,"",,2,0,false,2,Black-capped Chickadee,Poecile atricapillus,Черношапочная гаичка,Aves,144815
35093497,3417166e-a26b-4d2b-b16c-cfcc00eaf354,2019/10/30 10:08 AM EDT,2019-10-30,2019-10-30 14:08:00 UTC,Eastern Time (US & Canada),12610,susanelliott,Susan Elliott,2019-10-30 17:48:53 UTC,2019-11-03 00:38:49 UTC,research,CC-BY-NC,https://www.inaturalist.org/observations/35093497,https://inaturalist-open-data.s3.amazonaws.com/photos/55316929/medium.jpg,,"",,4,0,false,,Black-capped Chickadee,Poecile atricapillus,Черношапочная гаичка,Aves,144815
35217801,c60450a9-d206-4931-910f-463d3940e6a8,Sat Nov 02 2019 14:23:56 GMT-0400 (EDT),2019-11-02,2019-11-02 18:23:56 UTC,Eastern Time (US & Canada),314738,vireosylva,Phoebe Barnes,2019-11-02 23:21:21 UTC,2025-03-10 22:46:46 UTC,research,CC-BY-NC,https://www.inaturalist.org/observations/35217801,https://inaturalist-open-data.s3.amazonaws.com/photos/55510114/medium.jpg,,"",Caught in a mist net and subsequently banded and released. ,1,0,false,3,Black-capped Chickadee,Poecile atricapillus,Черношапочная гаичка,Aves,144815
36454333,e86ee84a-45e1-4182-8388-0900f20007d4,2019/12/07 2:21 PM EST,2019-12-07,2019-12-07 19:21:00 UTC,Eastern Time (US & Canada),749717,kyletansley,Kyle Tansley,2019-12-08 02:04:16 UTC,2021-01-02 14:53:12 UTC,research,CC-BY-NC,https://www.inaturalist.org/observations/36454333,https://inaturalist-open-data.s3.amazonaws.com/photos/57625068/medium.jpg,,"",,5,0,false,,Black-capped Chickadee,Poecile atricapillus,Черношапочная гаичка,Aves,144815
37079629,17b13de2-54b5-4405-aff9-bf989f3abb1f,2019/12/29 12:30 PM EST,2019-12-29,2019-12-29 17:30:00 UTC,Eastern Time (US & Canada),1484785,coleen61,Coleen Lawlor,2019-12-29 23:02:42 UTC,2022-11-01 15:11:43 UTC,research,CC-BY-NC,https://www.inaturalist.org/observations/37079629,https://inaturalist-open-data.s3.amazonaws.com/photos/58722287/medium.jpeg,,"",,5,0,false,,Black-capped Chickadee,Poecile atricapillus,Черношапочная гаичка,Aves,144815
37095158,4e1e54c8-1259-4a84-8f46-f65f7f480532,Sat Dec 28 2019 15:13:04 GMT-0500 (EST),2019-12-28,2019-12-28 20:13:04 UTC,Eastern Time (US & Canada),2092154,rockpuppy22,,2019-12-30 11:56:42 UTC,2019-12-30 12:15:52 UTC,research,CC-BY-NC,https://www.inaturalist.org/observations/37095158,https://inaturalist-open-data.s3.amazonaws.com/photos/58750433/medium.jpg,,"",,1,0,false,3,Black-capped Chickadee,Poecile atricapillus,Черношапочная гаичка,Aves,144815
37301716,b86d4039-878b-4c1a-bfeb-501466df6ae0,Sun Jan 05 2020 10:25:16 GMT-0500 (EST),2020-01-05,2020-01-05 15:25:16 UTC,Eastern Time (US & Canada),1796963,laurabrn,,2020-01-05 15:31:21 UTC,2020-01-06 18:54:00 UTC,research,CC-BY-NC,https://www.inaturalist.org/observations/37301716,https://inaturalist-open-data.s3.amazonaws.com/photos/59109702/medium.jpg,,"",,2,0,false,3,Black-capped Chickadee,Poecile atricapillus,Черношапочная гаичка,Aves,144815
37489621,a686b9e2-6448-46e7-9fc5-9a7b24981da7,2011/01/08 2:02 PM EST,2011-01-08,2011-01-08 19:02:00 UTC,Eastern Time (US & Canada),2479574,rodneyv,Rodney Lee,2020-01-11 17:20:43 UTC,2021-11-21 00:26:48 UTC,research,CC-BY-NC,https://www.inaturalist.org/observations/37489621,https://inaturalist-open-data.s3.amazonaws.com/photos/59440948/medium.jpg,,CHICKADEE,Food fight,3,0,false,,Black-capped Chickadee,Poecile atricapillus,Черношапочная гаичка,Aves,144815
37952180,99de7b35-5b38-4984-a1a1-4617c3a58d0a,Fri Jan 24 2020 15:58:17 GMT-0500 (EST),2020-01-24,2020-01-24 20:58:17 UTC,Eastern Time (US & Canada),799964,syvwlch,"",2020-01-25 17:37:00 UTC,2025-04-03 02:27:25 UTC,research,CC-BY,https://www.inaturalist.org/observations/37952180,https://inaturalist-open-data.s3.amazonaws.com/photos/60244729/medium.jpg,,"",,1,0,false,3,Black-capped Chickadee,Poecile atricapillus,Черношапочная гаичка,Aves,144815
38045299,1052de23-25c4-406b-9b54-ebbe5ab98fc5,2020/01/26 3:00 PM,2020-01-26,2020-01-26 20:00:00 UTC,Eastern Time (US & Canada),13406,hobiecat,"",2020-01-28 01:13:14 UTC,2020-01-29 19:56:19 UTC,research,CC-BY-NC,https://www.inaturalist.org/observations/38045299,https://inaturalist-open-data.s3.amazonaws.com/photos/60408750/medium.jpg,,"",Black-capped Chickadee,2,0,false,,Black-capped Chickadee,Poecile atricapillus,Черношапочная гаичка,Aves,144815
39125775,54f9f91e-ed53-43cd-ae8b-b1db815bd0c9,2020/02/23 7:40 AM EST,2020-02-23,2020-02-23 12:40:00 UTC,Eastern Time (US & Canada),171171,ntepper,Nick Tepper,2020-02-24 01:11:16 UTC,2025-12-18 03:07:59 UTC,research,CC-BY-NC,https://www.inaturalist.org/observations/39125775,https://inaturalist-open-data.s3.amazonaws.com/photos/62065921/medium.jpg,,"",,6,0,false,,Black-capped Chickadee,Poecile atricapillus,Черношапочная гаичка,Aves,144815
39435957,156c87d4-2ad2-4640-9c16-0f9ecda4ec58,2020/02/29 1:11 PM EST,2020-02-29,2020-02-29 18:11:00 UTC,Eastern Time (US & Canada),171529,nsharp,Nathaniel Sharp,2020-03-02 03:07:12 UTC,2020-03-02 16:06:38 UTC,research,CC-BY-NC,https://www.inaturalist.org/observations/39435957,https://inaturalist-open-data.s3.amazonaws.com/photos/62565455/medium.jpg,,"",,5,0,false,,Black-capped Chickadee,Poecile atricapillus,Черношапочная гаичка,Aves,144815
39893858,539c356e-5ac7-4f72-88eb-638b6ecaa9c9,2020/03/12 10:48 AM EDT,2020-03-12,2020-03-12 14:48:00 UTC,Eastern Time (US & Canada),584526,joebartok,Joe Bartok,2020-03-12 19:15:48 UTC,2020-03-12 20:16:03 UTC,research,CC-BY-NC,https://www.inaturalist.org/observations/39893858,https://inaturalist-open-data.s3.amazonaws.com/photos/63339630/medium.jpg,,"",Predating what might be a Black-capped Chickadee.,2,0,false,,Merlin,Falco columbarius,Дербник,Aves,4672
40924257,3463d964-a98b-4211-8a9d-4161024c5d6a,Sat Mar 28 2020 16:53:00 GMT-0400 (EDT),2020-03-28,2020-03-28 20:53:00 UTC,Eastern Time (US & Canada),572980,sadawolk,Sandy Wolkenberg,2020-03-28 23:16:27 UTC,2020-05-04 00:21:09 UTC,research,CC-BY,https://www.inaturalist.org/observations/40924257,https://inaturalist-open-data.s3.amazonaws.com/photos/64882678/medium.jpg,,"",,2,0,false,3,Black-capped Chickadee,Poecile atricapillus,Черношапочная гаичка,Aves,144815
41262364,d67b5010-8f93-4938-9073-9c8b1ee03218,2020-04-02 11:45:00 AM EDT,2020-04-02,2020-04-02 15:45:00 UTC,Eastern Time (US & Canada),2536163,vanessaleeannemctaggart,Vanessa Leeanne Mctaggart,2020-04-02 22:57:40 UTC,2020-04-23 02:15:28 UTC,research,CC-BY-NC,https://www.inaturalist.org/observations/41262364,https://inaturalist-open-data.s3.amazonaws.com/photos/65441562/medium.jpg,,"",,3,0,false,2,Black-capped Chickadee,Poecile atricapillus,Черношапочная гаичка,Aves,144815
41468486,b18ed787-6baf-451a-9d75-5f730c6e0146,2020/04/05 12:56 PM EDT,2020-04-05,2020-04-05 16:56:00 UTC,Eastern Time (US & Canada),12610,susanelliott,Susan Elliott,2020-04-05 19:14:42 UTC,2020-04-05 23:34:23 UTC,research,CC-BY-NC,https://www.inaturalist.org/observations/41468486,https://inaturalist-open-data.s3.amazonaws.com/photos/65786704/medium.jpg,,"",,3,0,false,,Black-capped Chickadee,Poecile atricapillus,Черношапочная гаичка,Aves,144815
42246474,a8ee6f2b-c2a9-4775-9399-044eab39549a,Sun Apr 12 2020 17:03:45 GMT-0400 (EDT),2020-04-12,2020-04-12 21:03:45 UTC,Eastern Time (US & Canada),1896177,raycama,Ray G. Cama,2020-04-15 17:15:22 UTC,2020-04-16 13:51:15 UTC,research,CC-BY-NC,https://www.inaturalist.org/observations/42246474,https://inaturalist-open-data.s3.amazonaws.com/photos/67068922/medium.jpg,,"",,2,0,false,3,Black-capped Chickadee,Poecile atricapillus,Черношапочная гаичка,Aves,144815
42505952,f68147b1-e35a-4670-a047-dde2f2fed6e0,2020/04/17 12:14 PM EDT,2020-04-17,2020-04-17 16:14:00 UTC,Eastern Time (US & Canada),2044860,ckhunt,Craig K. Hunt,2020-04-18 20:17:51 UTC,2024-12-10 14:48:53 UTC,research,CC-BY-NC,https://www.inaturalist.org/observations/42505952,https://inaturalist-open-data.s3.amazonaws.com/photos/67492761/medium.jpeg,,"",,1,0,false,,Black-capped Chickadee,Poecile atricapillus,Черношапочная гаичка,Aves,144815
42722372,0311e99c-78b0-4b69-80f8-2ef3e621ffa8,2020/04/20 7:01 AM EDT,2020-04-20,2020-04-20 11:01:00 UTC,Eastern Time (US & Canada),12158,erikamitchell,Erika Mitchell,2020-04-21 01:13:55 UTC,2020-04-21 15:21:11 UTC,research,CC-BY-NC,https://www.inaturalist.org/observations/42722372,https://inaturalist-open-data.s3.amazonaws.com/photos/67844813/medium.jpg,,"Animalia, Aves, Birds, CalaisVT, Chordata, Life, Nature, New England, North America, Paridae, Passeriformes, Pekin Brook Rd, Places, Poecile, Poecile atricapillus, United States of America, Vermont, animal, animals, bird, black-capped chickadee, chordate, chordates",,2,0,false,,Black-capped Chickadee,Poecile atricapillus,Черношапочная гаичка,Aves,144815
42792357,e65d293d-18fd-4585-b3a0-f62ee84ddd9a,2020/04/20 12:59 PM EDT,2020-04-20,2020-04-20 16:59:00 UTC,Eastern Time (US & Canada),2044860,ckhunt,Craig K. Hunt,2020-04-21 21:47:51 UTC,2024-12-10 14:48:53 UTC,research,CC-BY-NC,https://www.inaturalist.org/observations/42792357,https://inaturalist-open-data.s3.amazonaws.com/photos/67956477/medium.jpeg,,"",,2,0,false,,Black-capped Chickadee,Poecile atricapillus,Черношапочная гаичка,Aves,144815
43884718,f5d2428a-b791-4a91-9f43-28405c653a11,2020-04-27T09:26:33-04:00,2020-04-27,2020-04-27 13:26:33 UTC,Eastern Time (US & Canada),2801652,mor13fam,,2020-04-27 13:26:45 UTC,2020-04-28 05:17:36 UTC,research,CC-BY-NC,https://www.inaturalist.org/observations/43884718,https://inaturalist-open-data.s3.amazonaws.com/photos/69595372/medium.jpeg,,"",,3,0,false,333,Black-capped Chickadee,Poecile atricapillus,Черношапочная гаичка,Aves,144815
44427855,e36cd4d3-9704-43af-8319-f4c2ead0af8f,2020/04/23 9:53 AM EDT,2020-04-23,2020-04-23 13:53:00 UTC,Eastern Time (US & Canada),12036,zaccota,Zac Cota,2020-05-01 00:45:08 UTC,2023-01-08 19:42:14 UTC,research,CC-BY-NC,https://www.inaturalist.org/observations/44427855,https://inaturalist-open-data.s3.amazonaws.com/photos/70439491/medium.jpeg,,"",,2,0,false,,Black-capped Chickadee,Poecile atricapillus,Черношапочная гаичка,Aves,144815
46692746,2835ca74-b84b-4139-9e80-3a8b48fc42a5,Wed May 20 2020 18:04:11 GMT-0400 (EDT),2020-05-20,2020-05-20 22:04:11 UTC,Eastern Time (US & Canada),217094,johndrhodes,,2020-05-21 05:58:30 UTC,2020-05-22 21:19:30 UTC,research,CC-BY-NC,https://www.inaturalist.org/observations/46692746,https://inaturalist-open-data.s3.amazonaws.com/photos/74056705/medium.jpg,,"",,2,0,false,3,Black-capped Chickadee,Poecile atricapillus,Черношапочная гаичка,Aves,144815
47781940,3ff06873-ed4e-4a7d-836d-319643f8b388,Fri May 29 2020 12:37:36 GMT-0400 (EDT),2020-05-29,2020-05-29 16:37:36 UTC,Eastern Time (US & Canada),2892724,youngscientist13,,2020-05-29 22:23:39 UTC,2020-05-30 23:54:53 UTC,research,CC-BY-NC,https://www.inaturalist.org/observations/47781940,https://inaturalist-open-data.s3.amazonaws.com/photos/75794414/medium.jpg,,"",,1,0,false,3,Black-capped Chickadee,Poecile atricapillus,Черношапочная гаичка,Aves,144815
49836081,6a6d1c8d-4733-4885-988d-641cbbfee08c,Tue Jun 16 2020 10:03:15 GMT-0400 (EDT),2020-06-16,2020-06-16 14:03:15 UTC,Eastern Time (US & Canada),2304414,manichols,Monica Anne,2020-06-16 14:12:41 UTC,2020-11-12 18:00:41 UTC,research,,https://www.inaturalist.org/observations/49836081,https://static.inaturalist.org/photos/79124887/medium.jpg,,"",,2,0,false,3,Black-capped Chickadee,Poecile atricapillus,Черношапочная гаичка,Aves,144815
49989626,f93bfe91-ef31-4afe-b823-784be0ca2bf1,Wed Jun 17 2020 18:09:26 GMT-0400 (EDT),2020-06-17,2020-06-17 22:09:26 UTC,Eastern Time (US & Canada),2928255,yayemaster,Robert Levy,2020-06-17 22:09:43 UTC,2025-02-16 13:27:16 UTC,research,CC-BY-NC,https://www.inaturalist.org/observations/49989626,https://inaturalist-open-data.s3.amazonaws.com/photos/79371280/medium.jpg,,"","",1,0,false,3,Eastern Black-capped Chickadee,Poecile atricapillus atricapillus,,Aves,728850
55417349,9e76c12c-4f43-48e5-9c56-aa46fba9abce,2020/08/03 11:18 AM EDT,2020-08-03,2020-08-03 15:18:00 UTC,Eastern Time (US & Canada),1685890,adventurehiker,"",2020-08-04 19:25:27 UTC,2021-01-25 05:35:48 UTC,research,,https://www.inaturalist.org/observations/55417349,https://static.inaturalist.org/photos/88241175/medium.jpg,,"",,2,0,false,,Black-capped Chickadee,Poecile atricapillus,Черношапочная гаичка,Aves,144815
55873237,8fdc8b1a-5b3b-4639-9040-e3752fe129fb,2020/07/23 10:11 AM EDT,2020-07-23,2020-07-23 14:11:00 UTC,Eastern Time (US & Canada),746964,ifreedman,"",2020-08-09 02:56:43 UTC,2023-02-27 07:47:35 UTC,research,CC-BY-NC,https://www.inaturalist.org/observations/55873237,https://inaturalist-open-data.s3.amazonaws.com/photos/88995850/medium.jpeg,,"",Long Trail - Day 20,2,0,false,,Black-capped Chickadee,Poecile atricapillus,Черношапочная гаичка,Aves,144815
57966930,1f2620e8-8770-460d-921c-4d28b0d69aa6,2020/08/28 9:59 AM EDT,2020-08-28,2020-08-28 13:59:00 UTC,Eastern Time (US & Canada),18303,marvelliott,Marv Elliott,2020-08-29 21:34:08 UTC,2020-08-29 23:39:26 UTC,research,CC-BY-NC,https://www.inaturalist.org/observations/57966930,https://inaturalist-open-data.s3.amazonaws.com/photos/92505978/medium.jpg,,"",,2,0,false,,Black-capped Chickadee,Poecile atricapillus,Черношапочная гаичка,Aves,144815
59129242,11d67c58-4a6e-49e8-821f-887e3e0d7503,2020/09/09 10:37 PM EDT,2020-09-09,2020-09-10 02:37:00 UTC,Eastern Time (US & Canada),2556281,brynna_bean,Brynna Swift-Herzog,2020-09-10 14:42:29 UTC,2020-11-02 22:01:03 UTC,research,CC-BY-NC,https://www.inaturalist.org/observations/59129242,https://inaturalist-open-data.s3.amazonaws.com/photos/94458082/medium.jpeg,,"",,2,0,false,,Black-capped Chickadee,Poecile atricapillus,Черношапочная гаичка,Aves,144815
59440556,6ac47e54-ec65-4db6-9743-02b041ca5515,2020/09/12 9:28 PM EDT,2020-09-12,2020-09-13 01:28:00 UTC,Eastern Time (US & Canada),2556281,brynna_bean,Brynna Swift-Herzog,2020-09-13 13:34:21 UTC,2020-11-02 22:01:05 UTC,research,CC-BY-NC,https://www.inaturalist.org/observations/59440556,https://inaturalist-open-data.s3.amazonaws.com/photos/94976403/medium.jpeg,,"",,1,0,false,,Black-capped Chickadee,Poecile atricapillus,Черношапочная гаичка,Aves,144815
59750168,516ef63c-6089-41a4-bfc4-9a8a141698c8,2020/09/15 2:14 PM EDT,2020-09-15,2020-09-15 18:14:00 UTC,America/New_York,3251367,cgb25,"",2020-09-16 03:43:52 UTC,2020-09-16 04:05:53 UTC,research,,https://www.inaturalist.org/observations/59750168,https://static.inaturalist.org/photos/95492155/medium.jpeg,,"","",2,0,false,,Black-capped Chickadee,Poecile atricapillus,Черношапочная гаичка,Aves,144815
59750285,680c5471-c52b-4318-8df8-47c84503d4bd,2020/09/15 2:20 PM EDT,2020-09-15,2020-09-15 18:20:00 UTC,America/New_York,3251367,cgb25,"",2020-09-16 03:47:23 UTC,2020-09-16 04:05:47 UTC,research,,https://www.inaturalist.org/observations/59750285,https://static.inaturalist.org/photos/95492468/medium.jpeg,,"","",1,0,false,,Black-capped Chickadee,Poecile atricapillus,Черношапочная гаичка,Aves,144815
60481214,54610749-9d50-4cd3-a0fc-6d85b452d247,2020/09/20 6:18 PM EDT,2020-09-20,2020-09-20 22:18:00 UTC,America/New_York,3251367,cgb25,"",2020-09-23 01:45:19 UTC,2020-09-23 02:49:25 UTC,research,,https://www.inaturalist.org/observations/60481214,https://static.inaturalist.org/photos/96715941/medium.jpeg,,"","",1,0,false,,Black-capped Chickadee,Poecile atricapillus,Черношапочная гаичка,Aves,144815
60771246,d7bf8090-b8da-4ff7-a739-b8d0f5b200cd,2020-09-25 10:16:03 AM EDT,2020-09-25,2020-09-25 14:16:03 UTC,Eastern Time (US & Canada),171529,nsharp,Nathaniel Sharp,2020-09-26 00:03:24 UTC,2022-03-22 16:16:50 UTC,research,CC-BY-NC,https://www.inaturalist.org/observations/60771246,https://inaturalist-open-data.s3.amazonaws.com/photos/97194971/medium.jpeg,,"",,2,0,false,2,Black-capped Chickadee,Poecile atricapillus,Черношапочная гаичка,Aves,144815
63281071,0dd173a2-06bd-4ab2-b8dd-061424a3d423,2020-10-22,2020-10-22,,Eastern Time (US & Canada),1450549,kayley-j-dillon,Kayley Dillon,2020-10-22 23:21:59 UTC,2020-10-23 01:57:25 UTC,research,CC-BY-NC,https://www.inaturalist.org/observations/63281071,https://inaturalist-open-data.s3.amazonaws.com/photos/101533007/medium.jpeg,,"",A few birds heard and one particularly friendly individual seen,1,0,false,,Black-capped Chickadee,Poecile atricapillus,Черношапочная гаичка,Aves,144815
63345473,336fefac-6263-4c47-96b9-7c48b44fd6c2,2020/10/23 3:21 PM EDT,2020-10-23,2020-10-23 19:21:00 UTC,Eastern Time (US & Canada),698218,suegregoire,"",2020-10-23 21:22:27 UTC,2020-10-24 12:20:33 UTC,research,CC-BY-NC,https://www.inaturalist.org/observations/63345473,https://inaturalist-open-data.s3.amazonaws.com/photos/101644217/medium.jpeg,,"",Black-capped Chickadee 23 Oct 2020,1,0,false,,Black-capped Chickadee,Poecile atricapillus,Черношапочная гаичка,Aves,144815
63549476,b270f65f-144c-4368-89a1-e6e737c70081,2020/10/25 1:29 PM EDT,2020-10-25,2020-10-25 21:29:00 UTC,Eastern Time (US & Canada),3251367,cgb25,"",2020-10-26 04:41:27 UTC,2021-08-16 02:18:20 UTC,research,,https://www.inaturalist.org/observations/63549476,https://static.inaturalist.org/photos/102006972/medium.jpeg,,"","",1,0,false,,Black-capped Chickadee,Poecile atricapillus,Черношапочная гаичка,Aves,144815
64387681,f5a9efce-9857-4e7c-98fb-3e2df278509a,Sat Nov 07 2020 14:09:32 GMT-0500 (EST),2020-11-07,2020-11-07 19:09:32 UTC,Eastern Time (US & Canada),1042148,robertsorenson,Robert Sorenson,2020-11-07 20:57:07 UTC,2025-11-18 03:48:23 UTC,research,,https://www.inaturalist.org/observations/64387681,https://static.inaturalist.org/photos/103506669/medium.jpg,,"",Picnic in East River Park,2,0,false,3,Black-capped Chickadee,Poecile atricapillus,Черношапочная гаичка,Aves,144815
64512886,378649a7-f9ec-48d0-910f-fed8ced52f18,2020/07/01 6:48 AM EDT,2020-07-01,2020-07-01 10:48:00 UTC,Eastern Time (US & Canada),12158,erikamitchell,Erika Mitchell,2020-11-09 11:20:46 UTC,2023-12-12 01:22:30 UTC,research,CC-BY-NC,https://www.inaturalist.org/observations/64512886,https://inaturalist-open-data.s3.amazonaws.com/photos/103730853/medium.jpg,,"0Miscellaneous, Animalia, Aves, Birds, CalaisVT, Chordata, July, Life, Miscellaneous, Nature, New England, North America, Paridae, Passeriformes, Pekin Brook Rd, Places, Poecile, Poecile atricapillus, United States of America, Vermont, animal, animals, bird, black-capped chickadee, chordate, chordates",,2,1,false,,Black-capped Chickadee,Poecile atricapillus,Черношапочная гаичка,Aves,144815
65572786,768f9bfc-89dd-46f5-a493-592067b936fc,Tue Nov 24 2020 12:45:26 GMT-0500 (EST),2020-11-24,2020-11-24 17:45:26 UTC,Eastern Time (US & Canada),3628832,rashahamid,Rasha Hamid,2020-11-25 06:28:58 UTC,2020-12-15 22:06:04 UTC,research,,https://www.inaturalist.org/observations/65572786,https://static.inaturalist.org/photos/105563847/medium.jpg,,"",,3,0,false,3,Black-capped Chickadee,Poecile atricapillus,Черношапочная гаичка,Aves,144815
66744248,1f647be8-2e6c-4a32-b9f9-193af66675dc,2020/12/18 11:37 AM EST,2020-12-18,2020-12-18 16:37:00 UTC,Eastern Time (US & Canada),3463463,nancynm,Nancy,2020-12-18 18:57:57 UTC,2020-12-18 20:39:27 UTC,research,CC-BY-NC,https://www.inaturalist.org/observations/66744248,https://inaturalist-open-data.s3.amazonaws.com/photos/107665427/medium.jpg,,"Weathersfield, Weathersfield VT, Winter Storm Gail, historic snow fall, winter storm 2020, noreaster 2020, bird feeder, chickadee","Around Weathersfield
Weathersfield, VT December, 2020
Copyright Â©2020 Nancy Nutile-McMenemy
http://www.photosbynanci.com
More Images http://photosbynanci.smugmug.com",2,0,false,,Black-capped Chickadee,Poecile atricapillus,Черношапочная гаичка,Aves,144815
67220044,aad8aadb-7d38-4eb9-b66b-aa1773b96a6f,Mon Dec 28 2020 17:52:27 GMT-0500 (EST),2020-12-28,2020-12-28 22:52:27 UTC,Eastern Time (US & Canada),372233,hey_ash,Ash Kerby-Miller,2020-12-28 23:49:28 UTC,2022-05-14 19:06:49 UTC,research,CC-BY-NC-ND,https://www.inaturalist.org/observations/67220044,https://inaturalist-open-data.s3.amazonaws.com/photos/108550356/medium.jpg,,"","",1,0,false,3,Black-capped Chickadee,Poecile atricapillus,Черношапочная гаичка,Aves,144815
67514424,b268beee-44c2-439e-8ca0-6e3a59298ef8,2021-01-03 09:14:20-05:00,2021-01-03,2021-01-03 14:14:20 UTC,Eastern Time (US & Canada),3927950,asmith1228,,2021-01-03 14:14:41 UTC,2023-11-10 01:19:24 UTC,research,CC-BY-NC,https://www.inaturalist.org/observations/67514424,https://inaturalist-open-data.s3.amazonaws.com/photos/109097608/medium.jpeg,,"",,2,0,false,333,Black-capped Chickadee,Poecile atricapillus,Черношапочная гаичка,Aves,144815
67594225,8ee3c5b3-9a1e-4867-8433-ae87770a9022,2018/11/11 12:43 PM EST,2018-11-11,2018-11-11 17:43:00 UTC,Eastern Time (US & Canada),2425461,tessbattad,Tess Battad,2021-01-05 00:00:37 UTC,2021-01-05 13:51:11 UTC,research,,https://www.inaturalist.org/observations/67594225,https://inaturalist-open-data.s3.amazonaws.com/photos/109246912/medium.jpg,,"",,1,0,false,,Black-capped Chickadee,Poecile atricapillus,Черношапочная гаичка,Aves,144815
67880307,3633d0e3-51af-44c9-ad11-7017283927cb,2021/01/09 1:38 PM EST,2021-01-09,2021-01-09 18:38:00 UTC,Eastern Time (US & Canada),20147,sarahbirdwebb,Sarah Webb,2021-01-10 23:31:02 UTC,2021-01-23 14:34:23 UTC,research,CC-BY-NC-ND,https://www.inaturalist.org/observations/67880307,https://inaturalist-open-data.s3.amazonaws.com/photos/109784757/medium.jpg,,"",,3,0,false,,Black-capped Chickadee,Poecile atricapillus,Черношапочная гаичка,Aves,144815
68669009,5c211642-79f0-4f8f-930d-0756a779959d,2021/01/26 8:37 AM EST,2021-01-26,2021-01-26 13:37:00 UTC,Eastern Time (US & Canada),1438340,zahnerphoto,terence zahner,2021-01-27 02:33:59 UTC,2023-01-14 04:32:07 UTC,research,CC-BY-NC,https://www.inaturalist.org/observations/68669009,https://inaturalist-open-data.s3.amazonaws.com/photos/111251000/medium.jpg,,"",,3,0,false,,Black-capped Chickadee,Poecile atricapillus,Черношапочная гаичка,Aves,144815
68778365,2b1856fa-50a9-4e7f-adc6-61727d8679df,2021/01/29 8:41 AM EST,2021-01-29,2021-01-29 13:41:00 UTC,Eastern Time (US & Canada),2044860,ckhunt,Craig K. Hunt,2021-01-29 22:38:10 UTC,2024-12-10 14:48:53 UTC,research,CC-BY-NC,https://www.inaturalist.org/observations/68778365,https://inaturalist-open-data.s3.amazonaws.com/photos/111452409/medium.jpeg,,"",,2,0,false,,Black-capped Chickadee,Poecile atricapillus,Черношапочная гаичка,Aves,144815
68928064,04b2db92-d000-4443-9fa0-570f20ba9343,2020/01/21 12:32 PM EST,2020-01-21,2020-01-21 17:32:00 UTC,America/New_York,3989981,abbyks,Abby Sesselberg,2021-02-01 19:40:35 UTC,2021-02-15 20:30:33 UTC,research,CC-BY-NC,https://www.inaturalist.org/observations/68928064,https://inaturalist-open-data.s3.amazonaws.com/photos/111731854/medium.jpg,,"Black-capped Chickadee, Chickadees, Passerines",,2,0,false,,Black-capped Chickadee,Poecile atricapillus,Черношапочная гаичка,Aves,144815
68943525,773f0e72-53dc-4320-a4d0-7a0a62801620,2021/02/01 8:43 AM EST,2021-02-01,2021-02-01 13:43:00 UTC,Eastern Time (US & Canada),2044860,ckhunt,Craig K. Hunt,2021-02-02 02:20:04 UTC,2024-12-10 14:48:53 UTC,research,CC-BY-NC,https://www.inaturalist.org/observations/68943525,https://inaturalist-open-data.s3.amazonaws.com/photos/111760815/medium.jpg,,"",,2,0,false,,Black-capped Chickadee,Poecile atricapillus,Черношапочная гаичка,Aves,144815
68989464,3d9fa406-43b8-40db-81aa-d9ab07aee8ba,2021/02/01 7:17 AM EST,2021-02-01,2021-02-01 12:17:00 UTC,Eastern Time (US & Canada),1513074,richardlitt,Richard Littauer,2021-02-03 03:45:08 UTC,2025-01-22 18:42:47 UTC,research,CC-BY,https://www.inaturalist.org/observations/68989464,https://inaturalist-open-data.s3.amazonaws.com/photos/111845002/medium.jpg,https://static.inaturalist.org/sounds/336851.wav?1639271510,"","",2,0,false,,Black-capped Chickadee,Poecile atricapillus,Черношапочная гаичка,Aves,144815
69387725,027f121a-c88a-4283-b11a-00f2b3544164,2021/02/10 9:13 AM EST,2021-02-10,2021-02-10 14:13:00 UTC,Eastern Time (US & Canada),6624,joannerusso,"",2021-02-11 00:04:50 UTC,2021-03-16 17:32:24 UTC,research,CC-BY-NC,https://www.inaturalist.org/observations/69387725,https://inaturalist-open-data.s3.amazonaws.com/photos/112569476/medium.jpeg,,bird,"",5,0,false,,Black-capped Chickadee,Poecile atricapillus,Черношапочная гаичка,Aves,144815
70017558,f3247bc9-7f22-4583-bb37-b4b3185c4041,2021-02-12,2021-02-12,,Eastern Time (US & Canada),1659382,cloverkoval,Chloe Koval,2021-02-23 02:06:14 UTC,2025-12-03 20:48:32 UTC,research,CC-BY-NC,https://www.inaturalist.org/observations/70017558,https://inaturalist-open-data.s3.amazonaws.com/photos/113745026/medium.png,,"","I spotted this adorable Cedar Waxwing while on a morning dog-walking excursion outside an apartment complex in the New North End of Burlington, Vermont. This individual was seen popping in and out of tall juniper shrubs planted in the courtyard of the apartments, and moving up to the small saplings around the building as well. I didn’t see this individual fly very far, for it just popped up and down these small distances, calling to another nearby and then descending into the upper parts of the shrubs. Although I didn’t see it fly far, it flew very quickly for such a little bird and was quite difficult to capture from a far distance, for I couldn’t get extremely close since it was very wary of me and the little French bulldog that I walk (hence the awful quality and distant image). 
	Although quick, I was definitely able to observe the cedar waxwings wing shape each time it took flight. While I believe it is classified as an elliptical wing shape, I thought it looked quite different from a nearby Black-capped Chickadee flying around that also has elliptical wings; the Cedar Waxwing had slightly more elongated and pointed wings while the Chickadee’s seemed rounder. I watched it move up and down these little trees and flap its wings faster than I could blink. The movements were short and sharp, yet efficient and purposeful. 
When I think of the birds I see on almost a daily basis at my home and my place of work in Charlotte (i.e. American Crow, House Sparrow, Red-tailed Hawk), none of them have wings that are anything like the Cedar Waxwing. While the American Crow and House Sparrow both also have elliptical wings, which are good for flying short distances in crowded areas (i.e. Burlington or a nearby forest), they are both much shorter and rounder. Red-tailed Hawks have passive-soaring wings, which allows for them to circle and hover above large landscapes, which makes sense given that I see Red-tailed hawks very often at the very open farm I work at in Charlotte. 
While we couldn’t get too close to each other, I was very excited to meet this Cedar Waxwing. I have a special place in my heart for any little songbird with a crest, for the Tufted Titmouse and Northern Cardinal were always among my favorite backyard birds as a kid. I feel honored that I was able to hang out with it and watch it bounce around this rather urban and busy part of Burlington, even if it was just for a couple minutes. 
",2,0,false,,Cedar Waxwing,Bombycilla cedrorum,Кедровый свиристель,Aves,7428
70061509,66fead8c-869c-44d7-a00f-2b7b5271616f,2021/02/23 2:48 PM EST,2021-02-23,2021-02-23 19:48:00 UTC,Eastern Time (US & Canada),720577,mhalsted,,2021-02-23 23:15:55 UTC,2021-02-28 17:12:55 UTC,research,CC-BY-NC,https://www.inaturalist.org/observations/70061509,https://inaturalist-open-data.s3.amazonaws.com/photos/113824919/medium.jpeg,,PANASONIC-J-2 FEB 23 2021,,1,0,false,,Black-capped Chickadee,Poecile atricapillus,Черношапочная гаичка,Aves,144815
70209052,aedd76fd-19a3-4eb3-a348-28aee10407bf,2021-02-26 13:53:09-05:00,2021-02-26,2021-02-26 18:53:09 UTC,Eastern Time (US & Canada),3691192,lakeside_liu,Kailyn Liu,2021-02-26 19:07:27 UTC,2023-08-01 22:14:18 UTC,research,CC-BY-NC,https://www.inaturalist.org/observations/70209052,https://inaturalist-open-data.s3.amazonaws.com/photos/114087802/medium.jpeg,,"",Round fluffers,1,0,false,2,Black-capped Chickadee,Poecile atricapillus,Черношапочная гаичка,Aves,144815
70337217,585355cd-4fb7-4bbc-a05c-8082b8baea69,2021-02-28 1:46:41 PM EST,2021-02-28,2021-02-28 18:46:41 UTC,Eastern Time (US & Canada),1692764,dvdcrn,David Crane,2021-02-28 18:53:13 UTC,2023-01-13 21:30:06 UTC,research,CC-BY-NC,https://www.inaturalist.org/observations/70337217,https://inaturalist-open-data.s3.amazonaws.com/photos/114323122/medium.jpeg,,"",About four of them at our striped sunflower seed feeder. They are calling to each other with a single high pitched short chirp. ,2,0,false,2,Black-capped Chickadee,Poecile atricapillus,Черношапочная гаичка,Aves,144815
70577790,7be5b5cb-1afd-46b3-89f3-29f7c3409e5a,2021/03/04 12:36 PM EST,2021-03-04,2021-03-04 17:36:00 UTC,Eastern Time (US & Canada),20400,matthew_wills,"",2021-03-04 22:45:21 UTC,2023-01-13 21:27:50 UTC,research,CC-BY-NC,https://www.inaturalist.org/observations/70577790,https://inaturalist-open-data.s3.amazonaws.com/photos/114764058/medium.jpeg,,"","Breaking and entering, that is, eating, a black willow bud.",1,0,false,,Black-capped Chickadee,Poecile atricapillus,Черношапочная гаичка,Aves,144815
70995880,b70c4358-62fc-496c-ae43-b8d17d28fb86,Tue Mar 09 2021 12:17:58 GMT-0500 (EST),2021-03-09,2021-03-09 17:17:58 UTC,Eastern Time (US & Canada),3974680,allison_fix,Allison Fix,2021-03-11 12:43:36 UTC,2021-08-16 02:17:15 UTC,research,,https://www.inaturalist.org/observations/70995880,https://static.inaturalist.org/photos/115516467/medium.jpg,,"","",2,0,false,3,Black-capped Chickadee,Poecile atricapillus,Черношапочная гаичка,Aves,144815
71108067,8d70ba38-8527-4614-9ba1-c5e25ea4aa64,2021/03/12 12:38 PM ,2021-03-12,2021-03-12 12:38:00 UTC,UTC,1427015,sjsherman,Susan Sherman,2021-03-13 03:43:26 UTC,2021-11-29 22:13:48 UTC,research,CC-BY-NC,https://www.inaturalist.org/observations/71108067,https://inaturalist-open-data.s3.amazonaws.com/photos/115717677/medium.jpg,,"",,3,0,false,,Black-capped Chickadee,Poecile atricapillus,Черношапочная гаичка,Aves,144815
71122878,6ed1e015-0b46-436a-b984-d57486718b4a,2021/03/05 2:17 PM EST,2021-03-05,2021-03-05 19:17:00 UTC,Eastern Time (US & Canada),12158,erikamitchell,Erika Mitchell,2021-03-13 11:25:19 UTC,2021-03-13 15:45:29 UTC,research,CC-BY-NC,https://www.inaturalist.org/observations/71122878,https://inaturalist-open-data.s3.amazonaws.com/photos/115744507/medium.jpg,,"Animalia, Aves, Birds, CalaisVT, Chordata, Frizzle Mountain, Life, Nature, New England, North America, Paridae, Passeriformes, Places, Poecile, Poecile atricapillus, United States of America, Vermont, animal, animals, bird, black-capped chickadee, chordate, chordates",,1,0,false,,Black-capped Chickadee,Poecile atricapillus,Черношапочная гаичка,Aves,144815
71171336,fa62c910-dedc-47d4-b6ae-4a084c4a38fa,2021/03/13 2:52 PM EST,2021-03-13,2021-03-13 19:52:00 UTC,Eastern Time (US & Canada),748237,riskindan,Dan Riskin,2021-03-13 23:40:49 UTC,2021-03-14 14:51:19 UTC,research,CC-BY,https://www.inaturalist.org/observations/71171336,https://inaturalist-open-data.s3.amazonaws.com/photos/115831162/medium.jpg,,Black-capped Chickadee,,2,0,false,,Black-capped Chickadee,Poecile atricapillus,Черношапочная гаичка,Aves,144815
72251743,f17327f0-7772-4f40-b1e9-0cec06d3c38d,2021/03/27 1:32 PM EDT,2021-03-27,2021-03-27 17:32:00 UTC,Eastern Time (US & Canada),12158,erikamitchell,Erika Mitchell,2021-03-28 10:03:01 UTC,2021-03-28 12:34:02 UTC,research,CC-BY-NC,https://www.inaturalist.org/observations/72251743,https://inaturalist-open-data.s3.amazonaws.com/photos/117768140/medium.jpg,,"Animalia, Aves, Birds, CalaisVT, Chordata, Frizzle Mountain, Life, Nature, New England, North America, Paridae, Passeriformes, Places, Poecile, Poecile atricapillus, United States of America, Vermont, animal, animals, bird, black-capped chickadee, chordate, chordates",,3,0,false,,Black-capped Chickadee,Poecile atricapillus,Черношапочная гаичка,Aves,144815
73037997,4e3528a9-befe-4ee6-9125-f13dcbb9eee4,Mon Apr 05 2021 11:26:31 GMT-0400 (EDT),2021-04-05,2021-04-05 15:26:31 UTC,Eastern Time (US & Canada),264861,brandonwoo,Brandon Woo,2021-04-05 19:15:12 UTC,2023-05-24 12:50:41 UTC,research,,https://www.inaturalist.org/observations/73037997,https://static.inaturalist.org/photos/119190296/medium.jpg,,"",Excavating nest cavity,1,0,false,3,Black-capped Chickadee,Poecile atricapillus,Черношапочная гаичка,Aves,144815
73160324,26e2f3ce-8dd7-4075-b89f-4e5d3d5c319c,2020/12/26 12:05 PM EST,2020-12-26,2020-12-26 17:05:00 UTC,Eastern Time (US & Canada),18303,marvelliott,Marv Elliott,2021-04-07 00:30:54 UTC,2021-04-07 00:39:24 UTC,research,CC-BY-NC,https://www.inaturalist.org/observations/73160324,https://inaturalist-open-data.s3.amazonaws.com/photos/119407457/medium.jpg,,"",,1,0,false,,Black-capped Chickadee,Poecile atricapillus,Черношапочная гаичка,Aves,144815
73976969,5ac6395a-75d3-467e-b7d2-c9c2bfe4f8c1,Wed Apr 14 2021 16:32:13 GMT-0400 (EDT),2021-04-14,2021-04-14 20:32:13 UTC,Eastern Time (US & Canada),2600703,jennaceraso,Jenna Ceraso,2021-04-14 20:33:25 UTC,2023-01-13 21:11:30 UTC,research,,https://www.inaturalist.org/observations/73976969,https://static.inaturalist.org/photos/120849644/medium.jpg,,"","",3,0,false,3,Black-capped Chickadee,Poecile atricapillus,Черношапочная гаичка,Aves,144815
75920353,d2b4557c-2463-4beb-9ef7-20dda59a827f,Fri Apr 30 2021 16:12:21 GMT-0400 (EDT),2021-04-30,2021-04-30 20:12:21 UTC,Eastern Time (US & Canada),767224,deluca125,,2021-04-30 20:22:09 UTC,2021-05-01 20:14:57 UTC,research,,https://www.inaturalist.org/observations/75920353,https://static.inaturalist.org/photos/124224328/medium.jpg,,"",Found in a sign,2,0,false,3,Black-capped Chickadee,Poecile atricapillus,Черношапочная гаичка,Aves,144815
76312890,00821f66-8fbd-471b-bd25-6f61c2a8f29a,Sat May 01 2021 08:43:13 GMT-0400 (EDT),2021-05-01,2021-05-01 12:43:13 UTC,Eastern Time (US & Canada),3099893,doloresr,Dolores R.,2021-05-01 22:06:43 UTC,2021-05-01 22:32:32 UTC,research,,https://www.inaturalist.org/observations/76312890,https://static.inaturalist.org/photos/124834060/medium.jpg,,"","",2,0,false,3,Black-capped Chickadee,Poecile atricapillus,Черношапочная гаичка,Aves,144815
77889373,6f2f8a5b-c553-4c9f-8d71-6d9e61ae548b,Sat May 01 2021 15:47:42 GMT-0700 (PDT),2021-05-01,2021-05-01 22:47:42 UTC,Pacific Time (US & Canada),196930,lkfreidenburg,"",2021-05-08 13:29:06 UTC,2024-10-20 16:41:05 UTC,research,CC-BY-NC,https://www.inaturalist.org/observations/77889373,https://inaturalist-open-data.s3.amazonaws.com/photos/127415822/medium.jpg,,"",Dead on road,2,0,false,3,Black-capped Chickadee,Poecile atricapillus,Черношапочная гаичка,Aves,144815
86073050,0f08c4ce-e43b-4a34-bc74-52424a8105ad,Wed Jul 07 2021 15:13:18 GMT-0400 (EDT),2021-07-07,2021-07-07 19:13:18 UTC,Eastern Time (US & Canada),50920,susanhewitt,Susan J. Hewitt,2021-07-07 19:17:22 UTC,2023-01-13 21:07:07 UTC,research,CC-BY-NC,https://www.inaturalist.org/observations/86073050,https://inaturalist-open-data.s3.amazonaws.com/photos/141730315/medium.jpg,,"","",2,0,false,3,Black-capped Chickadee,Poecile atricapillus,Черношапочная гаичка,Aves,144815
88313127,e4a6b08f-19a6-4c63-94ce-58607a2f38c7,Fri Jul 23 2021 04:10:35 GMT-0400 (EDT),2021-07-23,2021-07-23 08:10:35 UTC,Eastern Time (US & Canada),2065756,richx915,RichX 915,2021-07-23 21:53:26 UTC,2023-07-08 05:48:37 UTC,research,CC0,https://www.inaturalist.org/observations/88313127,https://inaturalist-open-data.s3.amazonaws.com/photos/145694763/medium.jpg,,"","",1,0,false,3,Black-capped Chickadee,Poecile atricapillus,Черношапочная гаичка,Aves,144815
88434048,9ee7ac7b-9602-4d7c-b345-ee281e018784,Sat Jul 24 2021 01:08:38 GMT-0400 (EDT),2021-07-24,2021-07-24 05:08:38 UTC,Eastern Time (US & Canada),2065756,richx915,RichX 915,2021-07-24 19:23:11 UTC,2023-07-08 05:04:14 UTC,research,CC0,https://www.inaturalist.org/observations/88434048,https://inaturalist-open-data.s3.amazonaws.com/photos/145906708/medium.jpg,,"","",1,0,false,3,Black-capped Chickadee,Poecile atricapillus,Черношапочная гаичка,Aves,144815
89755114,4c129953-3cc1-4bbe-8453-7dcfaa903042,2021-07-15 08:14:05,2021-07-15,2021-07-15 12:14:05 UTC,Eastern Time (US & Canada),1243759,arthur-windsor,Arthur Windsor,2021-08-03 09:27:14 UTC,2023-03-14 10:22:14 UTC,research,CC-BY,https://www.inaturalist.org/observations/89755114,https://inaturalist-open-data.s3.amazonaws.com/photos/148254417/medium.jpg,,"Norwich, Favorite, Black Capped Chickadee","Pharsalia Woods State Forest, NY
Nearby Norwich, NY",1,0,false,,Black-capped Chickadee,Poecile atricapillus,Черношапочная гаичка,Aves,144815
90520904,344f505e-98bb-41e8-bb19-8564bfb06eab,2021/02/07 10:23 AM EST,2021-02-07,2021-02-07 15:23:00 UTC,Eastern Time (US & Canada),4671900,shmugrizzle,,2021-08-09 11:53:16 UTC,2023-05-13 15:05:12 UTC,research,CC-BY-NC,https://www.inaturalist.org/observations/90520904,https://inaturalist-open-data.s3.amazonaws.com/photos/149620199/medium.jpeg,,"","",1,0,false,,Black-capped Chickadee,Poecile atricapillus,Черношапочная гаичка,Aves,144815
93040153,7e5857d9-09e8-4de8-b676-175f6636e4a9,2021-08-28 3:00:28 PM EDT,2021-08-28,2021-08-28 19:00:28 UTC,Eastern Time (US & Canada),2855498,vtmonarch,"",2021-08-30 14:24:16 UTC,2021-08-30 17:17:23 UTC,research,CC-BY-NC,https://www.inaturalist.org/observations/93040153,https://inaturalist-open-data.s3.amazonaws.com/photos/154142773/medium.jpeg,,"",,2,0,false,2,Black-capped Chickadee,Poecile atricapillus,Черношапочная гаичка,Aves,144815
93379631,c2acf5f4-2ea7-4ee5-bab7-800cd92f07fe,2021-09-02 10:28:12,2021-09-02,2021-09-02 14:28:12 UTC,Eastern Time (US & Canada),2907253,bugthusiast,Cuno,2021-09-02 17:02:50 UTC,2024-03-11 04:00:49 UTC,research,CC-BY-NC,https://www.inaturalist.org/observations/93379631,https://inaturalist-open-data.s3.amazonaws.com/photos/154761608/medium.jpeg,,"","Measured, weighed, banded, and released",1,0,false,2,Black-capped Chickadee,Poecile atricapillus,Черношапочная гаичка,Aves,144815
99830204,48a07b1f-8b9f-4d16-a616-23d6e8c87b00,2007/01/27 5:33 PM EST,2007-01-27,2007-01-27 22:33:00 UTC,Eastern Time (US & Canada),1745520,louc33,"",2021-10-30 23:11:03 UTC,2023-01-13 21:03:11 UTC,research,,https://www.inaturalist.org/observations/99830204,https://static.inaturalist.org/photos/166504202/medium.jpeg,,"", ,2,0,false,,Black-capped Chickadee,Poecile atricapillus,Черношапочная гаичка,Aves,144815
99920290,7a6b334b-4c98-4c3d-8b79-216e07c97060,Sun Oct 31 2021 14:28:24 GMT-0400 (EDT),2021-10-31,2021-10-31 18:28:24 UTC,Eastern Time (US & Canada),572980,sadawolk,Sandy Wolkenberg,2021-10-31 22:02:19 UTC,2021-11-01 03:29:02 UTC,research,CC-BY,https://www.inaturalist.org/observations/99920290,https://inaturalist-open-data.s3.amazonaws.com/photos/166678371/medium.jpg,,"","",2,0,false,3,Black-capped Chickadee,Poecile atricapillus,Черношапочная гаичка,Aves,144815
100197169,a38a6dd9-6c86-4371-8ab7-e1742dcbde67,2021/11/03 10:32 AM EDT,2021-11-03,2021-11-03 14:32:00 UTC,Eastern Time (US & Canada),3755992,chrisekholm1,Chris Ekholm,2021-11-04 01:44:08 UTC,2021-12-04 02:48:12 UTC,research,CC-BY-NC,https://www.inaturalist.org/observations/100197169,https://inaturalist-open-data.s3.amazonaws.com/photos/167196229/medium.jpg,,"",,3,0,false,,Black-capped Chickadee,Poecile atricapillus,Черношапочная гаичка,Aves,144815
100467128,6eec392e-e1e8-4335-b5ff-33489a38c257,2021/11/06 4:23 PM EDT,2021-11-06,2021-11-06 20:23:00 UTC,Eastern Time (US & Canada),720577,mhalsted,,2021-11-07 05:20:01 UTC,2021-11-08 13:27:53 UTC,research,CC-BY-NC,https://www.inaturalist.org/observations/100467128,https://inaturalist-open-data.s3.amazonaws.com/photos/167687885/medium.jpeg,,PANASONIC-J2-NOV 06 2021,,5,0,false,,Black-capped Chickadee,Poecile atricapillus,Черношапочная гаичка,Aves,144815
101224978,7a4b9f19-7d5e-49bf-80f9-159cd60e1c6d,Mon Nov 15 2021 16:27:05 GMT-0500 (EST),2021-11-15,2021-11-15 21:27:05 UTC,Eastern Time (US & Canada),13364,wakingtobeauty,Ned Swanberg,2021-11-15 22:34:48 UTC,2024-10-20 15:44:10 UTC,research,,https://www.inaturalist.org/observations/101224978,https://static.inaturalist.org/photos/169020610/medium.jpg,,"","I picked ki up - cold and soaked but I cradled ki anyway in May cupped hands. A bird called nearby. Only one and ki didn’t become visible.  The call was a short strident stridulation-like sound.  The call continued for perhaps two minutes.  

I placed the dead chickadee on leaves just off the road.",1,0,false,3,Black-capped Chickadee,Poecile atricapillus,Черношапочная гаичка,Aves,144815
101427993,49d1a150-2fb0-4f3e-8f3c-e581b38d1914,2019/04/10 8:15 AM EDT,2019-04-10,2019-04-10 12:15:00 UTC,Eastern Time (US & Canada),716226,smaturin,Smaturin,2021-11-18 22:28:03 UTC,2021-11-18 22:28:54 UTC,research,CC-BY-NC-SA,https://www.inaturalist.org/observations/101427993,https://inaturalist-open-data.s3.amazonaws.com/photos/169389182/medium.jpeg,,"Lucier Rd, Black-capped Chickadee",,1,0,false,,Black-capped Chickadee,Poecile atricapillus,Черношапочная гаичка,Aves,144815
102578025,f446ee6e-a96b-4fa6-aceb-e4c37832ddf5,2021/12/05 11:48 AM EST,2021-12-05,2021-12-05 16:48:00 UTC,Eastern Time (US & Canada),720577,mhalsted,,2021-12-06 02:06:20 UTC,2021-12-07 13:43:22 UTC,research,CC-BY-NC,https://www.inaturalist.org/observations/102578025,https://inaturalist-open-data.s3.amazonaws.com/photos/171502518/medium.jpeg,,PANASONIC-J2-DEC 05 2021,,4,0,false,,Black-capped Chickadee,Poecile atricapillus,Черношапочная гаичка,Aves,144815
104752164,f5440128-a39f-4fc2-9042-bfab50dff4c0,2022/01/10 3:12 PM EST,2022-01-10,2022-01-10 20:12:00 UTC,Eastern Time (US & Canada),803687,ellenjones6,"",2022-01-11 09:12:21 UTC,2023-01-13 20:49:10 UTC,research,CC-BY-ND,https://www.inaturalist.org/observations/104752164,https://static.inaturalist.org/photos/175595383/medium.jpg,,"",,5,0,false,,Black-capped Chickadee,Poecile atricapillus,Черношапочная гаичка,Aves,144815
104773849,907f960a-b645-40d2-aa9d-97c38ec7a546,2022/01/11 3:25 PM EST,2022-01-11,2022-01-11 20:25:00 UTC,Eastern Time (US & Canada),3871917,raffib128,Bruce Cook,2022-01-11 19:41:32 UTC,2023-01-28 23:44:32 UTC,research,CC0,https://www.inaturalist.org/observations/104773849,https://inaturalist-open-data.s3.amazonaws.com/photos/175636775/medium.jpeg,,"",,1,0,false,,Black-capped Chickadee,Poecile atricapillus,Черношапочная гаичка,Aves,144815
104883015,6fbe0760-7a2e-4bd7-987e-0475f6303284,2022/01/13 10:28 AM EST,2022-01-13,2022-01-13 15:28:00 UTC,Eastern Time (US & Canada),1376373,tomdudones,Tom Dudones,2022-01-13 21:34:15 UTC,2023-01-13 20:49:13 UTC,research,CC-BY-NC,https://www.inaturalist.org/observations/104883015,https://inaturalist-open-data.s3.amazonaws.com/photos/175844173/medium.jpeg,,"","individual #2, 1028am",2,0,false,,Black-capped Chickadee,Poecile atricapillus,Черношапочная гаичка,Aves,144815
105446161,00fe6693-1862-439f-b067-e375629ee2ba,2022-01-15 12:29:57 PM EST,2022-01-15,2022-01-15 17:29:57 UTC,Eastern Time (US & Canada),2855498,vtmonarch,"",2022-01-23 18:53:19 UTC,2022-01-30 02:33:03 UTC,research,CC-BY-NC,https://www.inaturalist.org/observations/105446161,https://inaturalist-open-data.s3.amazonaws.com/photos/176925392/medium.jpeg,,"",,3,0,false,2,Black-capped Chickadee,Poecile atricapillus,Черношапочная гаичка,Aves,144815
105746393,70f34776-5e36-4ef4-b332-4decf8794880,2022/01/28 8:30 AM ,2022-01-28,2022-01-28 13:30:00 UTC,Eastern Time (US & Canada),302377,liliumtbn,Lily M,2022-01-29 01:35:28 UTC,2025-11-04 17:29:39 UTC,research,CC-BY-NC-ND,https://www.inaturalist.org/observations/105746393,https://inaturalist-open-data.s3.amazonaws.com/photos/177497315/medium.jpeg,,"",Details here: https://ebird.org/checklist/S101609290,3,1,false,,Carolina × Black-capped Chickadee,Poecile carolinensis × atricapillus,,Aves,518175
106127267,a1df5769-33b7-4f04-9f67-9d9a7bdf6a8d,2022-02-03 10:40:55 AM EST,2022-02-03,2022-02-03 15:40:55 UTC,Eastern Time (US & Canada),2855498,vtmonarch,"",2022-02-04 17:23:01 UTC,2022-02-04 17:28:58 UTC,research,CC-BY-NC,https://www.inaturalist.org/observations/106127267,https://inaturalist-open-data.s3.amazonaws.com/photos/178223628/medium.jpeg,,"",,1,0,false,2,Black-capped Chickadee,Poecile atricapillus,Черношапочная гаичка,Aves,144815
106169087,c918f8c2-2afe-4eef-85e1-c3da6e8ff977,2022/01/30 2:41 PM EST,2022-01-30,2022-01-30 19:41:00 UTC,Eastern Time (US & Canada),164735,belyykit,"",2022-02-05 12:32:25 UTC,2022-06-19 11:13:07 UTC,research,CC-BY-NC,https://www.inaturalist.org/observations/106169087,https://inaturalist-open-data.s3.amazonaws.com/photos/178304300/medium.jpg,,"",,1,0,false,,Black-capped Chickadee,Poecile atricapillus,Черношапочная гаичка,Aves,144815
106835828,c7e2d52b-9bed-4000-b3e9-5cce42267a21,2022/02/15 6:02 PM EST,2022-02-15,2022-02-15 23:02:00 UTC,Eastern Time (US & Canada),720577,mhalsted,,2022-02-16 02:49:09 UTC,2022-02-17 05:24:01 UTC,research,CC-BY-NC,https://www.inaturalist.org/observations/106835828,https://inaturalist-open-data.s3.amazonaws.com/photos/179560064/medium.jpeg,,PANASONIC-J2 FEB 15 2022,,4,0,false,,Black-capped Chickadee,Poecile atricapillus,Черношапочная гаичка,Aves,144815
107353829,c3b0bc13-62b5-4cc6-9613-9c3356f07de0,2022/02/23 11:14 AM EST,2022-02-23,2022-02-23 16:14:00 UTC,Eastern Time (US & Canada),720577,mhalsted,,2022-02-24 03:04:09 UTC,2022-02-25 15:22:19 UTC,research,CC-BY-NC,https://www.inaturalist.org/observations/107353829,https://inaturalist-open-data.s3.amazonaws.com/photos/180537188/medium.jpeg,,PANASONIC-J2-FEB 23 2022,"FINALLY, one of them sat still long enough for the camera to focus in on!",3,0,false,,Black-capped Chickadee,Poecile atricapillus,Черношапочная гаичка,Aves,144815
108282652,b9e8226b-380a-4fe7-a6e0-c9ff60e9def6,2022/03/09 6:12 PM EST,2022-03-09,2022-03-09 23:12:00 UTC,Eastern Time (US & Canada),720577,mhalsted,,2022-03-10 04:03:25 UTC,2022-03-11 02:33:48 UTC,research,CC-BY-NC,https://www.inaturalist.org/observations/108282652,https://inaturalist-open-data.s3.amazonaws.com/photos/182283771/medium.jpeg,,PANASONIC-J2-MARCH 09 2022,,4,0,false,,Black-capped Chickadee,Poecile atricapillus,Черношапочная гаичка,Aves,144815
108455804,3fb04708-8356-40a8-8f5f-fac20ba4660e,2022/03/11 8:27 AM EST,2022-03-11,2022-03-11 13:27:00 UTC,Eastern Time (US & Canada),5046335,nflicker101,Violet T.,2022-03-12 20:46:06 UTC,2022-03-14 17:42:49 UTC,research,CC-BY,https://www.inaturalist.org/observations/108455804,https://inaturalist-open-data.s3.amazonaws.com/photos/182602896/medium.jpeg,,"",,4,0,false,,Black-capped Chickadee,Poecile atricapillus,Черношапочная гаичка,Aves,144815
108519201,68a11d7d-047e-4621-85de-79fa33fe0fda,2022-03-13 13:23:52,2022-03-13,2022-03-13 17:23:52 UTC,Eastern Time (US & Canada),2637528,cgmayers,cgmayers,2022-03-13 17:27:34 UTC,2023-01-13 20:13:29 UTC,research,CC0,https://www.inaturalist.org/observations/108519201,https://inaturalist-open-data.s3.amazonaws.com/photos/182724320/medium.jpeg,,"",They move so dang fast,3,0,false,2,Black-capped Chickadee,Poecile atricapillus,Черношапочная гаичка,Aves,144815
108562834,86c6bd99-8bc7-4a7c-8c74-5d963da4207b,2022/03/13 2:49 PM EDT,2022-03-13,2022-03-13 18:49:00 UTC,Eastern Time (US & Canada),720577,mhalsted,,2022-03-14 03:51:44 UTC,2022-03-14 12:48:39 UTC,research,CC-BY-NC,https://www.inaturalist.org/observations/108562834,https://inaturalist-open-data.s3.amazonaws.com/photos/182804019/medium.jpeg,,PANASONIC-J2-MARCH 13 2022,First time I've seen a tail first landing....,2,0,false,,Black-capped Chickadee,Poecile atricapillus,Черношапочная гаичка,Aves,144815
108562838,3e4c6ba0-5289-4508-9c21-a2bda1e04b82,2022/03/13 2:50 PM EDT,2022-03-13,2022-03-13 18:50:00 UTC,Eastern Time (US & Canada),720577,mhalsted,,2022-03-14 03:51:46 UTC,2022-03-14 12:48:32 UTC,research,CC-BY-NC,https://www.inaturalist.org/observations/108562838,https://inaturalist-open-data.s3.amazonaws.com/photos/182805466/medium.jpeg,,PANASONIC-J2-MARCH 13 2022,Whew! I made it....,2,0,false,,Black-capped Chickadee,Poecile atricapillus,Черношапочная гаичка,Aves,144815
108562842,703904a2-555b-4e6b-a9ad-496bc7572fa1,2022/03/13 2:51 PM EDT,2022-03-13,2022-03-13 18:51:00 UTC,Eastern Time (US & Canada),720577,mhalsted,,2022-03-14 03:51:47 UTC,2022-03-15 11:52:08 UTC,research,CC-BY-NC,https://www.inaturalist.org/observations/108562842,https://inaturalist-open-data.s3.amazonaws.com/photos/182805880/medium.jpeg,,PANASONIC-J2-MARCH 13 2022,,3,0,false,,Black-capped Chickadee,Poecile atricapillus,Черношапочная гаичка,Aves,144815
108777865,5d734f75-e7f4-4d86-9d67-0cdbfabb98ee,2022/03/15 5:12 PM EDT,2022-03-15,2022-03-15 21:12:00 UTC,Eastern Time (US & Canada),720577,mhalsted,,2022-03-17 03:50:21 UTC,2022-03-17 14:36:08 UTC,research,CC-BY-NC,https://www.inaturalist.org/observations/108777865,https://inaturalist-open-data.s3.amazonaws.com/photos/183213589/medium.jpeg,,PANASONIC-J2 MARCH 16 2022,"Late afternoon...Dee Dee's everywhere, wanting a hand out.",2,0,false,,Black-capped Chickadee,Poecile atricapillus,Черношапочная гаичка,Aves,144815
108852927,1e496db1-1126-4090-8af3-81a85e7226b1,2022/03/17 2:24 PM EDT,2022-03-17,2022-03-17 18:24:00 UTC,Eastern Time (US & Canada),720577,mhalsted,,2022-03-18 04:42:45 UTC,2022-03-18 23:12:18 UTC,research,CC-BY-NC,https://www.inaturalist.org/observations/108852927,https://inaturalist-open-data.s3.amazonaws.com/photos/183351554/medium.jpeg,,PANASONIC-J2-MARCH 17TH 2022,,5,0,false,,Black-capped Chickadee,Poecile atricapillus,Черношапочная гаичка,Aves,144815
108957143,5822a9f0-3a05-4010-be68-19600e4599a9,Mon Mar 14 2022 14:26:54 GMT-0400 (EDT),2022-03-14,2022-03-14 18:26:54 UTC,Eastern Time (US & Canada),1565809,echughes,Emily,2022-03-19 15:58:27 UTC,2023-01-13 20:05:53 UTC,research,CC-BY-NC,https://www.inaturalist.org/observations/108957143,https://inaturalist-open-data.s3.amazonaws.com/photos/183548939/medium.jpg,,"","",1,0,false,3,Black-capped Chickadee,Poecile atricapillus,Черношапочная гаичка,Aves,144815
108998484,66adecf2-dac6-40ce-96a9-3276be3aa9f7,Sat Mar 19 2022 15:59:19 GMT -0400 (EDT),2022-03-19,2022-03-19 19:59:19 UTC,Eastern Time (US & Canada),1450059,drewdlestrudel,,2022-03-19 23:23:30 UTC,2022-05-16 15:22:57 UTC,research,CC-BY-NC,https://www.inaturalist.org/observations/108998484,https://inaturalist-open-data.s3.amazonaws.com/photos/183626191/medium.jpeg,,"",Don’t know how or when it died. Was on the side of the ride :(,2,0,false,333,Black-capped Chickadee,Poecile atricapillus,Черношапочная гаичка,Aves,144815
109311024,0e3fdf7c-649c-4041-bb60-633bc64f2038,2022/03/22 7:47 AM EDT,2022-03-22,2022-03-22 11:47:00 UTC,Eastern Time (US & Canada),5046335,nflicker101,Violet T.,2022-03-23 19:35:58 UTC,2025-10-26 10:51:54 UTC,research,CC-BY,https://www.inaturalist.org/observations/109311024,https://inaturalist-open-data.s3.amazonaws.com/photos/184210251/medium.jpeg,,"",,7,0,false,,Black-capped Chickadee,Poecile atricapillus,Черношапочная гаичка,Aves,144815
109338415,71d2be5d-0058-4b20-8c40-9eabf1ab3e6e,2022/03/23 11:29 AM EDT,2022-03-23,2022-03-23 15:29:00 UTC,Eastern Time (US & Canada),720577,mhalsted,,2022-03-24 01:14:15 UTC,2022-03-24 14:29:47 UTC,research,CC-BY-NC,https://www.inaturalist.org/observations/109338415,https://inaturalist-open-data.s3.amazonaws.com/photos/184262069/medium.jpeg,,PANASONIC-J2-MARCH 23 2022,Yes....he simply HAD to supervise me as I removed the decorations from the little trees out front!,5,0,false,,Black-capped Chickadee,Poecile atricapillus,Черношапочная гаичка,Aves,144815
109422351,a80a6ca5-98d7-482d-8305-c7f51790deb5,2022/03/24 5:03 PM EDT,2022-03-24,2022-03-24 21:03:00 UTC,Eastern Time (US & Canada),720577,mhalsted,,2022-03-25 01:42:07 UTC,2022-03-25 14:38:18 UTC,research,CC-BY-NC,https://www.inaturalist.org/observations/109422351,https://inaturalist-open-data.s3.amazonaws.com/photos/184418355/medium.jpeg,,PANASONIC-J2-MARCH 24 2022,,5,0,false,,Black-capped Chickadee,Poecile atricapillus,Черношапочная гаичка,Aves,144815
109511317,605866f3-c0e3-422a-9734-1cf4372baee0,2022/03/25 5:09 PM EDT,2022-03-25,2022-03-25 21:09:00 UTC,Eastern Time (US & Canada),720577,mhalsted,,2022-03-26 02:50:36 UTC,2022-03-26 15:24:19 UTC,research,CC-BY-NC,https://www.inaturalist.org/observations/109511317,https://inaturalist-open-data.s3.amazonaws.com/photos/184581849/medium.jpeg,,PANASONIC-J2-2 MARCH 25 2022,"If you're feeling down, these cheerful little guys are bound to cheer you up!",4,0,false,,Black-capped Chickadee,Poecile atricapillus,Черношапочная гаичка,Aves,144815
109511323,0f8f2f48-8929-4585-838a-56f6d1e20204,2022/03/25 5:09 PM EDT,2022-03-25,2022-03-25 21:09:00 UTC,Eastern Time (US & Canada),720577,mhalsted,,2022-03-26 02:50:37 UTC,2022-03-26 12:09:08 UTC,research,CC-BY-NC,https://www.inaturalist.org/observations/109511323,https://inaturalist-open-data.s3.amazonaws.com/photos/184582832/medium.jpeg,,PANASONIC-J2-2 MARCH 25 2022,I'm back....I think I'll start calling him Buddy....,4,0,false,,Black-capped Chickadee,Poecile atricapillus,Черношапочная гаичка,Aves,144815
109612401,02c9f086-0d1c-4588-b37c-af1e6cdf52b3,2022/03/26 4:01 PM EDT,2022-03-26,2022-03-26 20:01:00 UTC,Eastern Time (US & Canada),720577,mhalsted,,2022-03-27 03:18:25 UTC,2022-03-27 12:05:37 UTC,research,CC-BY-NC,https://www.inaturalist.org/observations/109612401,https://inaturalist-open-data.s3.amazonaws.com/photos/184770710/medium.jpeg,,PANASONIC-J2-MARCH 26 2022,,4,0,false,,Black-capped Chickadee,Poecile atricapillus,Черношапочная гаичка,Aves,144815
109612406,a66ecc2b-272d-4c96-a97b-457e56e0fe6e,2022/03/26 6:01 PM EDT,2022-03-26,2022-03-26 22:01:00 UTC,Eastern Time (US & Canada),720577,mhalsted,,2022-03-27 03:18:26 UTC,2022-03-27 12:05:33 UTC,research,CC-BY-NC,https://www.inaturalist.org/observations/109612406,https://inaturalist-open-data.s3.amazonaws.com/photos/184771663/medium.jpeg,,PANASONIC-J2-MARCH 26 2022,,4,0,false,,Black-capped Chickadee,Poecile atricapillus,Черношапочная гаичка,Aves,144815
109615157,d7c1ebb1-2b6f-4d5d-8467-13171a4c7de0,2022/03/26 6:01 PM EDT,2022-03-26,2022-03-26 22:01:00 UTC,Eastern Time (US & Canada),720577,mhalsted,,2022-03-27 04:02:36 UTC,2022-03-29 04:19:45 UTC,research,CC-BY-NC,https://www.inaturalist.org/observations/109615157,https://inaturalist-open-data.s3.amazonaws.com/photos/184779401/medium.jpeg,,PANASONIC-J2-MARCH 26 2022,Buddy I presume...,5,0,false,,Black-capped Chickadee,Poecile atricapillus,Черношапочная гаичка,Aves,144815
109731538,081ae618-02bd-48b0-935d-9baa01976172,2022/03/27 5:43 PM EDT,2022-03-27,2022-03-27 21:43:00 UTC,Eastern Time (US & Canada),720577,mhalsted,,2022-03-28 04:57:24 UTC,2022-03-29 04:42:34 UTC,research,CC-BY-NC,https://www.inaturalist.org/observations/109731538,https://inaturalist-open-data.s3.amazonaws.com/photos/184993855/medium.jpeg,,PANASONIC-J2 MARCH 27 2022,,4,0,false,,Black-capped Chickadee,Poecile atricapillus,Черношапочная гаичка,Aves,144815
109810134,479b510a-c9ef-45f6-b05d-e30da276d81f,2022/03/28 5:22 PM EDT,2022-03-28,2022-03-28 21:22:00 UTC,Eastern Time (US & Canada),720577,mhalsted,,2022-03-29 03:48:27 UTC,2022-05-29 21:14:14 UTC,research,CC-BY-NC,https://www.inaturalist.org/observations/109810134,https://inaturalist-open-data.s3.amazonaws.com/photos/185139535/medium.jpeg,,PANASONIC-J2-MARCH 28 2022,Must be Buddy...he actually came over & grabbed a seed from my hand tonight!,3,0,false,,Black-capped Chickadee,Poecile atricapillus,Черношапочная гаичка,Aves,144815
109810139,f2faa533-c868-4e6b-802b-0a8d8eb87d43,2022/03/28 5:19 PM EDT,2022-03-28,2022-03-28 21:19:00 UTC,Eastern Time (US & Canada),720577,mhalsted,,2022-03-29 03:48:29 UTC,2022-03-29 11:27:42 UTC,research,CC-BY-NC,https://www.inaturalist.org/observations/109810139,https://inaturalist-open-data.s3.amazonaws.com/photos/185140818/medium.jpeg,,PANASONIC-J2-MARCH 28 2022,"Yup...We're under foot again....I'm going to have to put a bell on him. People feet are not dangerous as far as he is concerned...
He's soooo darn cute & soft & cuddly looking!!!",3,0,false,,Black-capped Chickadee,Poecile atricapillus,Черношапочная гаичка,Aves,144815
109893205,441a3f90-4ea7-4df2-ac6d-fe8aff3f49e3,2022/03/29 5:28 PM EDT,2022-03-29,2022-03-29 21:28:00 UTC,Eastern Time (US & Canada),720577,mhalsted,,2022-03-30 02:58:51 UTC,2022-03-30 18:19:07 UTC,research,CC-BY-NC,https://www.inaturalist.org/observations/109893205,https://inaturalist-open-data.s3.amazonaws.com/photos/185297789/medium.jpeg,,PANASONIC-J2-MARCH 29 2022,Buddy is always close by...and or under foot.,4,0,false,,Black-capped Chickadee,Poecile atricapillus,Черношапочная гаичка,Aves,144815
109895589,25f91141-e428-4503-a241-e3756bb1f5a1,2022/03/29 5:28 PM EDT,2022-03-29,2022-03-29 21:28:00 UTC,Eastern Time (US & Canada),720577,mhalsted,,2022-03-30 03:41:32 UTC,2022-03-30 14:09:29 UTC,research,CC-BY-NC,https://www.inaturalist.org/observations/109895589,https://inaturalist-open-data.s3.amazonaws.com/photos/185302717/medium.jpeg,,PANASONIC-J2-MARCH 29 2022,One of the 6 waiting for me to come home with more bird seed..At least this time they didn't help themselves....,3,0,false,,Black-capped Chickadee,Poecile atricapillus,Черношапочная гаичка,Aves,144815
109971421,48e7fe79-46be-4e30-ac45-47f40a377e5e,2022/03/30 1:23 PM EDT,2022-03-30,2022-03-30 17:23:00 UTC,Eastern Time (US & Canada),720577,mhalsted,,2022-03-31 01:00:34 UTC,2022-03-31 13:29:39 UTC,research,CC-BY-NC,https://www.inaturalist.org/observations/109971421,https://inaturalist-open-data.s3.amazonaws.com/photos/185438706/medium.jpeg,,PANASONIC-J2-MARCH 30 2022,"Close enough to touch...probably Buddy, ",4,0,false,,Black-capped Chickadee,Poecile atricapillus,Черношапочная гаичка,Aves,144815
109976457,90376bcb-1e82-4f9c-bbf5-76e5078fcf2f,2022/03/30 1:24 PM EDT,2022-03-30,2022-03-30 17:24:00 UTC,Eastern Time (US & Canada),720577,mhalsted,,2022-03-31 02:14:35 UTC,2022-03-31 20:49:52 UTC,research,CC-BY-NC,https://www.inaturalist.org/observations/109976457,https://inaturalist-open-data.s3.amazonaws.com/photos/185450041/medium.jpeg,,PANASONIC-J2-MARCH 30 2022,Buddy saying hello.....or maybe he was saying where's lunch....,4,0,false,,Black-capped Chickadee,Poecile atricapillus,Черношапочная гаичка,Aves,144815
110139299,fefea523-47d0-4048-9a9f-7d527171b77f,2022/04/01 6:08 PM EDT,2022-04-01,2022-04-01 22:08:00 UTC,Eastern Time (US & Canada),720577,mhalsted,,2022-04-02 00:57:02 UTC,2022-04-02 18:06:35 UTC,research,CC-BY-NC,https://www.inaturalist.org/observations/110139299,https://inaturalist-open-data.s3.amazonaws.com/photos/185747165/medium.jpeg,,PANASONIC-J2 APR 01 2022,"Snuggling in close & posing...gotta be Buddy.  :)
The other do not come in that close",4,0,false,,Black-capped Chickadee,Poecile atricapillus,Черношапочная гаичка,Aves,144815
110290035,37cac344-d373-46b7-aef8-5c7ccd5f8eaf,2022/04/03 9:54 AM EDT,2022-04-03,2022-04-03 13:54:00 UTC,Eastern Time (US & Canada),720577,mhalsted,,2022-04-03 15:16:02 UTC,2023-08-05 17:36:35 UTC,research,CC-BY-NC,https://www.inaturalist.org/observations/110290035,https://inaturalist-open-data.s3.amazonaws.com/photos/186024936/medium.jpeg,,PANASONIC J2- APRIL 03 2022,"Obviously Buddy, he was the first one to come over immediately as soon as i had moved the crows away. He thanked my by coming & taking another seed from my hand. He had his friend (BudDeeDee) with him.",2,0,false,,Black-capped Chickadee,Poecile atricapillus,Черношапочная гаичка,Aves,144815
110631680,00748005-c051-41da-90db-d44cae12fecf,2022/04/06 4:36 PM EDT,2022-04-06,2022-04-06 20:36:00 UTC,Eastern Time (US & Canada),720577,mhalsted,,2022-04-07 02:37:35 UTC,2022-04-07 13:44:22 UTC,research,CC-BY-NC,https://www.inaturalist.org/observations/110631680,https://inaturalist-open-data.s3.amazonaws.com/photos/186657851/medium.jpeg,,PANASONIC-J2-APRIL 06 2022,Buddy was alone this time.,4,0,false,,Black-capped Chickadee,Poecile atricapillus,Черношапочная гаичка,Aves,144815
111059992,a219359a-b65f-4c36-983a-4136169c2279,2022/04/10 6:01 PM EDT,2022-04-10,2022-04-10 22:01:00 UTC,Eastern Time (US & Canada),720577,mhalsted,,2022-04-11 03:41:42 UTC,2022-04-11 16:36:31 UTC,research,CC-BY-NC,https://www.inaturalist.org/observations/111059992,https://inaturalist-open-data.s3.amazonaws.com/photos/187430444/medium.jpeg,,PANASONIC-J2-APRIL 10 2022,"Any doubt as to who this might be??? Buddy saying hello.
Tonight he brought over two extra friends.....",2,0,false,,Black-capped Chickadee,Poecile atricapillus,Черношапочная гаичка,Aves,144815
111205470,79194230-a0e9-4778-916b-f7ec4850ca56,2022-04-04 00:24:17-04:00,2022-04-04,2022-04-04 04:24:17 UTC,Atlantic Time (Canada),217094,johndrhodes,,2022-04-12 15:45:31 UTC,2024-07-27 05:58:26 UTC,research,CC-BY-NC,https://www.inaturalist.org/observations/111205470,https://inaturalist-open-data.s3.amazonaws.com/photos/187701687/medium.jpg,,"","",2,0,false,3,Black-capped Chickadee,Poecile atricapillus,Черношапочная гаичка,Aves,144815
111388928,4785ab25-a43e-4fa2-a342-1de51e2ff5ac,2022/04/13 5:54 PM EDT,2022-04-13,2022-04-13 21:54:00 UTC,Eastern Time (US & Canada),720577,mhalsted,,2022-04-14 06:41:22 UTC,2022-04-15 04:38:34 UTC,research,CC-BY-NC,https://www.inaturalist.org/observations/111388928,https://inaturalist-open-data.s3.amazonaws.com/photos/188028138/medium.jpeg,,PANASONIC-J2-2 APRIL 13-14 2022,Hmmm. think this pretty Dee Dee is a new one..It appears to have a distinct white fringe on its lower black bib. Buddy doesn't have that.Plus it only sat for one quick photo.,3,0,false,,Black-capped Chickadee,Poecile atricapillus,Черношапочная гаичка,Aves,144815
111891643,068d0b37-943c-4b1d-956f-a8784805e7e8,2022/04/17 5:56 PM EDT,2022-04-17,2022-04-17 21:56:00 UTC,Eastern Time (US & Canada),720577,mhalsted,,2022-04-18 05:48:46 UTC,2022-04-18 18:40:33 UTC,research,CC-BY-NC,https://www.inaturalist.org/observations/111891643,https://inaturalist-open-data.s3.amazonaws.com/photos/188943963/medium.jpeg,,PANASONIC-J2 APRIL 17 2022,And our Buddy,6,0,false,,Black-capped Chickadee,Poecile atricapillus,Черношапочная гаичка,Aves,144815
112003505,18b27a78-a6e6-47dc-9c55-c52cc68c8d39,2022/04/18 1:58 PM EDT,2022-04-18,2022-04-18 17:58:00 UTC,Eastern Time (US & Canada),720577,mhalsted,,2022-04-19 02:50:13 UTC,2025-01-02 08:26:22 UTC,research,CC-BY-NC,https://www.inaturalist.org/observations/112003505,https://inaturalist-open-data.s3.amazonaws.com/photos/189142989/medium.jpeg,,PANASONIC-J2-APRIL 18 2022,"Who do you suppose this is???
Is it just me or is he getting cuter?",3,0,false,,Black-capped Chickadee,Poecile atricapillus,Черношапочная гаичка,Aves,144815
112115115,2aee3260-6a71-4894-9598-399b990353e3,2022/04/19 6:25 PM,2022-04-19,2022-04-19 22:25:00 UTC,America/Nipigon,720577,mhalsted,,2022-04-20 02:50:06 UTC,2022-04-20 14:11:21 UTC,research,CC-BY-NC,https://www.inaturalist.org/observations/112115115,https://inaturalist-open-data.s3.amazonaws.com/photos/189350965/medium.jpeg,,PANASONIC-J2-2 APRIL 19 2022,"Y E S !!!! FINALLY!!!!
I think the camera startled him, but he did grab a seed before leaving!!!",4,0,false,,Black-capped Chickadee,Poecile atricapillus,Черношапочная гаичка,Aves,144815
112232500,f17fbbd9-e2a2-4829-8190-0e72d78b54e1,2022/04/20 5:43 PM,2022-04-20,2022-04-20 21:43:00 UTC,America/Nipigon,720577,mhalsted,,2022-04-21 03:54:04 UTC,2022-04-21 11:36:46 UTC,research,CC-BY-NC,https://www.inaturalist.org/observations/112232500,https://inaturalist-open-data.s3.amazonaws.com/photos/189556180/medium.jpeg,,PANASONIC-J2-APRIL 20-2022,"This was Buddy, but he was concerned I think because the truck was parked so close (I was trying to unload it). Buddy has brown around his nostrils so I know it was him. He also had 4 others flitting around & they were not helping matters any!",3,0,false,,Black-capped Chickadee,Poecile atricapillus,Черношапочная гаичка,Aves,144815
112620149,3f8cae91-c6b4-4d26-82ee-e3a5bf94161a,2022/04/23 12:23 PM,2022-04-23,2022-04-23 16:23:00 UTC,America/Nipigon,720577,mhalsted,,2022-04-24 02:54:11 UTC,2022-04-24 12:04:27 UTC,research,CC-BY-NC,https://www.inaturalist.org/observations/112620149,https://inaturalist-open-data.s3.amazonaws.com/photos/190227470/medium.jpeg,,PANASONIC-J2-APRIL 23 2022,It's Buddy...note the brown nose.,3,0,false,,Black-capped Chickadee,Poecile atricapillus,Черношапочная гаичка,Aves,144815
112626821,f3310bd4-5dad-4a2a-8612-98df8cd9671f,2022/04/23 4:54 PM,2022-04-23,2022-04-23 20:54:00 UTC,America/Nipigon,720577,mhalsted,,2022-04-24 04:06:05 UTC,2022-04-24 11:53:45 UTC,research,CC-BY-NC,https://www.inaturalist.org/observations/112626821,https://inaturalist-open-data.s3.amazonaws.com/photos/190237942/medium.jpeg,,PANASONIC-J2-APRIL 23 2022,Buddy FINALLY sits on my hand for more than a second & I can't get the dang camera to focus!!! :(,4,0,false,,Black-capped Chickadee,Poecile atricapillus,Черношапочная гаичка,Aves,144815
113178458,7ad0c0e7-92e7-4515-899c-d1ba9c47697a,2022/04/27 5:11 PM,2022-04-27,2022-04-27 21:11:00 UTC,America/Nipigon,720577,mhalsted,,2022-04-28 03:30:26 UTC,2023-03-08 06:52:01 UTC,research,CC-BY-NC,https://www.inaturalist.org/observations/113178458,https://inaturalist-open-data.s3.amazonaws.com/photos/191227785/medium.jpeg,,PANASONIC-J2-2 APRIL 27 2022,"Our Buddy! Brown nose and all..He didn't just grab & run today, sat there for almost 30 seconds. :)",4,0,false,,Black-capped Chickadee,Poecile atricapillus,Черношапочная гаичка,Aves,144815
113308321,c3c4e611-7d03-4137-acd1-216949499210,2022/04/28 10:49 AM,2022-04-28,2022-04-28 14:49:00 UTC,America/Nipigon,720577,mhalsted,,2022-04-29 03:07:42 UTC,2022-04-30 00:41:32 UTC,research,CC-BY-NC,https://www.inaturalist.org/observations/113308321,https://inaturalist-open-data.s3.amazonaws.com/photos/191452217/medium.jpeg,,PANASONIC-J2 APRIL 28 2022,One of three flitting around ,3,0,false,,Black-capped Chickadee,Poecile atricapillus,Черношапочная гаичка,Aves,144815
113308325,ef1b744a-6325-44af-a68d-12f238debfe2,2022/04/28 10:54 AM,2022-04-28,2022-04-28 14:54:00 UTC,America/Nipigon,720577,mhalsted,,2022-04-29 03:07:42 UTC,2022-04-30 00:41:15 UTC,research,CC-BY-NC,https://www.inaturalist.org/observations/113308325,https://inaturalist-open-data.s3.amazonaws.com/photos/191454488/medium.jpeg,,PANASONIC-J2 APRIL 28 2022,Buddy having a suet snack for a change...I forgot to buy suet last time I was out...(How could I forget THAT). My non paying boarders were NOT happy.,2,0,false,,Black-capped Chickadee,Poecile atricapillus,Черношапочная гаичка,Aves,144815
113313832,e2a6a0ff-7c3e-4315-bf70-b362549322c8,2022/04/28 6:09 PM,2022-04-28,2022-04-28 22:09:00 UTC,America/Nipigon,720577,mhalsted,,2022-04-29 03:57:24 UTC,2022-04-29 21:51:02 UTC,research,CC-BY-NC,https://www.inaturalist.org/observations/113313832,https://inaturalist-open-data.s3.amazonaws.com/photos/191462031/medium.jpeg,,PANASONIC-J2 APRIL 28 2022,And it's Buddy Time.....A peanut this time.,3,0,false,,Black-capped Chickadee,Poecile atricapillus,Черношапочная гаичка,Aves,144815
113384197,85e540f1-2030-440d-8522-92c9d47ff840,2022/04/28 4:17 PM,2022-04-28,2022-04-28 20:17:00 UTC,Eastern Time (US & Canada),1956393,mamiles,"",2022-04-29 13:04:13 UTC,2022-05-01 16:54:59 UTC,research,CC-BY-NC-ND,https://www.inaturalist.org/observations/113384197,https://inaturalist-open-data.s3.amazonaws.com/photos/191574836/medium.jpeg,,"","",1,0,false,,Black-capped Chickadee,Poecile atricapillus,Черношапочная гаичка,Aves,144815
113888121,e42bcc34-7c61-473b-b4ef-d811d6d37db4,2022-04-30 10:48:15,2022-04-30,2022-04-30 14:48:15 UTC,Eastern Time (US & Canada),2788422,chickenparmesan24,Tyler Ekholm,2022-04-30 17:55:44 UTC,2022-05-01 18:31:41 UTC,research,CC-BY,https://www.inaturalist.org/observations/113888121,https://inaturalist-open-data.s3.amazonaws.com/photos/192365029/medium.jpeg,,"",,3,0,false,2,Black-capped Chickadee,Poecile atricapillus,Черношапочная гаичка,Aves,144815
114794108,9ac1844c-7663-4042-9686-61aa335149f8,2022/05/01 12:12 PM,2022-05-01,2022-05-01 16:12:00 UTC,America/Nipigon,720577,mhalsted,,2022-05-02 18:21:58 UTC,2022-05-03 16:01:01 UTC,research,CC-BY-NC,https://www.inaturalist.org/observations/114794108,https://inaturalist-open-data.s3.amazonaws.com/photos/193790862/medium.jpeg,,PANASONIC-J2-MAY 1ST 2022,Our Buddy has such warm little feet!!,2,0,false,,Black-capped Chickadee,Poecile atricapillus,Черношапочная гаичка,Aves,144815
114794124,bcb8fb57-3eed-4c8f-8bb5-7e46fa7d466c,2022/05/01 6:20 PM,2022-05-01,2022-05-01 22:20:00 UTC,America/Nipigon,720577,mhalsted,,2022-05-02 18:22:01 UTC,2022-05-03 16:01:59 UTC,research,CC-BY-NC,https://www.inaturalist.org/observations/114794124,https://inaturalist-open-data.s3.amazonaws.com/photos/193800525/medium.jpeg,,PANASONIC-J2-MAY 1ST 2022,Buddy's evening snack.....,2,0,false,,Black-capped Chickadee,Poecile atricapillus,Черношапочная гаичка,Aves,144815
115503423,6203e293-4c32-4d97-ae5c-358e43cb6955,2022/05/04 6:05 PM,2022-05-04,2022-05-04 22:05:00 UTC,America/Nipigon,720577,mhalsted,,2022-05-05 03:45:58 UTC,2022-05-06 02:46:04 UTC,research,CC-BY-NC,https://www.inaturalist.org/observations/115503423,https://inaturalist-open-data.s3.amazonaws.com/photos/194934329/medium.jpeg,,PANASONIC-J2-2 MAY 4TH 2022,"He ain't heavy, he's our Buddy....",3,0,false,,Black-capped Chickadee,Poecile atricapillus,Черношапочная гаичка,Aves,144815
115679440,541e1ee9-5b39-44e1-b53d-b0a0d612f4a4,2022/05/05 11:04 AM,2022-05-05,2022-05-05 15:04:00 UTC,America/Nipigon,720577,mhalsted,,2022-05-06 04:03:55 UTC,2022-05-07 10:17:47 UTC,research,CC-BY-NC,https://www.inaturalist.org/observations/115679440,https://inaturalist-open-data.s3.amazonaws.com/photos/195236924/medium.jpeg,,PANASONIC-J2- MAY 5TH 2022,"Can 'wild' birds be spoiled???? Buddy followed me down & back from the lake...wouldn't leave me alone until I got him/her sun flower seeds!I just posted the photos all in sequence. His/her friend still won't land on my hand. It's photo is separate.
First photo taken at 11:04am and the last one at 11:09am, when I said that was enough!!",5,0,false,,Black-capped Chickadee,Poecile atricapillus,Черношапочная гаичка,Aves,144815
116507381,61de464e-f997-4dfa-b75f-60e97cbc5533,2022/05/09 3:56 PM,2022-05-09,2022-05-09 19:56:00 UTC,Eastern Time (US & Canada),5659992,dianaprintsev,,2022-05-11 02:08:24 UTC,2022-05-16 14:26:29 UTC,research,CC-BY-NC,https://www.inaturalist.org/observations/116507381,https://inaturalist-open-data.s3.amazonaws.com/photos/196673300/medium.jpg,,"",,3,0,false,,Black-capped Chickadee,Poecile atricapillus,Черношапочная гаичка,Aves,144815
119602538,215e774b-f82e-43bd-8f70-08418132ae8d,2022/05/31 7:30 AM,2022-05-31,2022-05-31 11:30:00 UTC,Eastern Time (US & Canada),2076745,cmcrae,Calista McRae,2022-05-31 16:13:32 UTC,2025-11-26 21:05:05 UTC,research,CC-BY-NC,https://www.inaturalist.org/observations/119602538,https://inaturalist-open-data.s3.amazonaws.com/photos/202203056/medium.jpg,,"",(observation is for bird),1,0,false,,Black-capped Chickadee,Poecile atricapillus,Черношапочная гаичка,Aves,144815
120975810,6f1f3b3b-203b-4471-83ac-6a76e027cdf1,2021/12/23 11:40 PM,2021-12-23,2021-12-24 04:40:00 UTC,Eastern Time (US & Canada),4573864,jsparks,,2022-06-09 16:47:25 UTC,2025-02-15 07:47:16 UTC,research,CC-BY-NC,https://www.inaturalist.org/observations/120975810,https://inaturalist-open-data.s3.amazonaws.com/photos/204663859/medium.jpeg,,"",Leucistic Black-capped Chickadee that has been coming to feeder for several years. She was seen carrying nesting material in 2020,2,0,false,,Black-capped Chickadee,Poecile atricapillus,Черношапочная гаичка,Aves,144815
122001774,20d25ed1-ef02-4a18-964d-deb7e9164456,2022-06-15 14:27:00-04:00,2022-06-15,2022-06-15 18:27:00 UTC,Eastern Time (US & Canada),4444892,eastcoastnerds,Natalie Thomson,2022-06-16 11:36:56 UTC,2022-08-17 06:14:57 UTC,research,CC-BY-NC,https://www.inaturalist.org/observations/122001774,https://inaturalist-open-data.s3.amazonaws.com/photos/206515615/medium.jpg,,"",Five chicks fledged within an hour of these photos.,2,0,false,3,Black-capped Chickadee,Poecile atricapillus,Черношапочная гаичка,Aves,144815
127373662,287808f6-760d-414f-ac92-041cac603d8d,2022-07-22 11:56:04-04:00,2022-07-22,2022-07-22 15:56:04 UTC,Eastern Time (US & Canada),3521518,sarahjohnson12,Sarah Johnson,2022-07-22 16:01:45 UTC,2022-10-13 01:48:05 UTC,research,,https://www.inaturalist.org/observations/127373662,https://static.inaturalist.org/photos/216237124/medium.jpg,,"","",2,0,false,3,Black-capped Chickadee,Poecile atricapillus,Черношапочная гаичка,Aves,144815
128690906,137fb7b9-943d-453d-a5c0-8fd8cb0f6802,2022-07-30 16:56:15,2022-07-30,2022-07-30 20:56:15 UTC,Eastern Time (US & Canada),5964788,quintejem,"",2022-07-30 22:01:45 UTC,2022-08-08 04:07:31 UTC,research,CC-BY-NC,https://www.inaturalist.org/observations/128690906,https://inaturalist-open-data.s3.amazonaws.com/photos/218614604/medium.jpeg,,"",,2,0,false,2,Black-capped Chickadee,Poecile atricapillus,Черношапочная гаичка,Aves,144815
131484551,4cba2c3c-f172-467e-8493-cff5cb797747,2022-08-16 10:38:18-04:00,2022-08-16,2022-08-16 14:38:18 UTC,Eastern Time (US & Canada),78119,olistr,Oliver Stringham,2022-08-19 18:49:36 UTC,2024-11-08 13:36:26 UTC,research,CC-BY,https://www.inaturalist.org/observations/131484551,https://inaturalist-open-data.s3.amazonaws.com/photos/223765490/medium.jpg,,"","",1,0,false,3,Black-capped Chickadee,Poecile atricapillus,Черношапочная гаичка,Aves,144815
132777738,41154736-49a0-4e63-930f-2b706b7e51bf,2022/08/21 6:02 PM,2022-08-21,2022-08-21 22:02:00 UTC,America/Nipigon,720577,mhalsted,,2022-08-29 05:25:31 UTC,2022-08-29 15:53:25 UTC,research,CC-BY-NC,https://www.inaturalist.org/observations/132777738,https://inaturalist-open-data.s3.amazonaws.com/photos/226060554/medium.jpeg,,PANASONIC-J2-AUG 21ST 2022,,2,0,false,,Black-capped Chickadee,Poecile atricapillus,Черношапочная гаичка,Aves,144815
132973918,4811a7e5-5383-4eb9-8801-2f264f3da278,2022/08/21 7:17 PM,2022-08-21,2022-08-21 23:17:00 UTC,America/Nipigon,720577,mhalsted,,2022-08-30 17:36:24 UTC,2022-08-30 18:21:26 UTC,research,CC-BY-NC,https://www.inaturalist.org/observations/132973918,https://inaturalist-open-data.s3.amazonaws.com/photos/226424886/medium.jpeg,,PANASONIC-J2-AUG 21ST 2022,"This has to be Buddy....he follows me everywhere...I was on my knees taking photos & he was right down there on the ground with me! He had lots to say, unfortunately I didn't have my bird talk dictionary with me.",3,0,false,,Black-capped Chickadee,Poecile atricapillus,Черношапочная гаичка,Aves,144815
133173032,15c2b4b8-b9a8-4cff-a7e9-5b0017e55df3,2022/08/23 7:24 PM,2022-08-23,2022-08-23 23:24:00 UTC,America/Nipigon,720577,mhalsted,,2022-09-01 05:13:59 UTC,2022-09-01 14:21:29 UTC,research,CC-BY-NC,https://www.inaturalist.org/observations/133173032,https://inaturalist-open-data.s3.amazonaws.com/photos/226797870/medium.jpeg,,PANASONIC-J2-AUG 23RD 2022,"this one was soo fluffy, & quite happy to pose ",2,0,false,,Black-capped Chickadee,Poecile atricapillus,Черношапочная гаичка,Aves,144815
133297188,b74fe1b1-5deb-4cf5-88f4-c70c7a7ae9b7,2022/08/31 11:23 AM,2022-08-31,2022-08-31 15:23:00 UTC,America/Nipigon,720577,mhalsted,,2022-09-02 04:21:17 UTC,2022-09-02 04:34:22 UTC,research,CC-BY-NC,https://www.inaturalist.org/observations/133297188,https://inaturalist-open-data.s3.amazonaws.com/photos/227030833/medium.jpeg,,PANASONIC-J2-AUG 31 2022,Photo op cut short....those dang bugs!!!,1,0,false,,Black-capped Chickadee,Poecile atricapillus,Черношапочная гаичка,Aves,144815
135249582,6168f173-b7e9-4e59-8f61-9847e8bff84a,2022-09-16 06:36:00-04:00,2022-09-16,2022-09-16 10:36:00 UTC,Eastern Time (US & Canada),1450059,drewdlestrudel,,2022-09-16 14:57:15 UTC,2022-09-17 09:55:57 UTC,research,CC-BY-NC,https://www.inaturalist.org/observations/135249582,https://inaturalist-open-data.s3.amazonaws.com/photos/230655005/medium.jpg,,"","",2,0,false,3,Black-capped Chickadee,Poecile atricapillus,Черношапочная гаичка,Aves,144815
135729536,03b2fa4c-fffd-457f-87f4-c547232221b3,2022/09/17 3:03 PM,2022-09-17,2022-09-17 19:03:00 UTC,America/Nipigon,720577,mhalsted,,2022-09-20 00:13:50 UTC,2023-03-12 04:45:02 UTC,research,CC-BY-NC,https://www.inaturalist.org/observations/135729536,https://inaturalist-open-data.s3.amazonaws.com/photos/231539571/medium.jpeg,,PANASONIC-J SEPT 16-17TH 2022,"Soooo..how do you work this thing??? Oh look, I see a bird...it's what? A reflection of me? My how handsome... (sigh).",1,0,false,,Black-capped Chickadee,Poecile atricapillus,Черношапочная гаичка,Aves,144815
136295817,f53dfe8f-29ca-46e4-abf3-1330dab65a4f,2022/09/24 9:53 AM,2022-09-24,2022-09-24 13:53:00 UTC,Eastern Time (US & Canada),4706830,tz_nh,"",2022-09-24 16:22:43 UTC,2022-10-15 14:51:14 UTC,research,CC-BY-NC,https://www.inaturalist.org/observations/136295817,https://inaturalist-open-data.s3.amazonaws.com/photos/232588072/medium.jpeg,,NRH,,2,0,false,,Black-capped Chickadee,Poecile atricapillus,Черношапочная гаичка,Aves,144815
136758617,eadd775c-85b4-47ea-a554-3306e65ca185,2022/09/20 4:15 PM,2022-09-20,2022-09-20 20:15:00 UTC,Eastern Time (US & Canada),498837,rj_scott,Rebecca Scott,2022-09-28 01:11:33 UTC,2024-08-19 20:37:58 UTC,research,CC-BY-NC,https://www.inaturalist.org/observations/136758617,https://inaturalist-open-data.s3.amazonaws.com/photos/233454492/medium.jpeg,,"","Lovely rainy day at a black spruce tamarack forest and peatland bog with so many birds; 5+ Canada Jays were all about with several Black-capped Chickadees, Red-breasted Nuthatches, 3 Palm Warblers and a fewYellow-bellied Sapsuckers and a solo Blue Jay taking in all of the activity from a distance.

",4,0,false,,Canada Jay,Perisoreus canadensis,Канадская кукша,Aves,8335
136997101,ab612f46-7ab9-4206-ae3d-f80c055a9363,2022/09/29 10:38 AM,2022-09-29,2022-09-29 14:38:00 UTC,America/Nipigon,720577,mhalsted,,2022-09-30 05:54:29 UTC,2022-10-01 06:08:26 UTC,research,CC-BY-NC,https://www.inaturalist.org/observations/136997101,https://inaturalist-open-data.s3.amazonaws.com/photos/233898883/medium.jpeg,,PANASONIC-J2-SEPT 29TH 2022,,3,0,false,,Black-capped Chickadee,Poecile atricapillus,Черношапочная гаичка,Aves,144815
137238954,83df67b4-f94c-48cf-b5e9-37f9b0950516,2022/10/01 5:32 PM,2022-10-01,2022-10-01 21:32:00 UTC,America/Nipigon,720577,mhalsted,,2022-10-02 03:58:02 UTC,2022-10-02 06:31:35 UTC,research,CC-BY-NC,https://www.inaturalist.org/observations/137238954,https://inaturalist-open-data.s3.amazonaws.com/photos/234351047/medium.jpeg,,PANASONIC-J2-OCT 1ST 2022, 1 of 4 ,1,0,false,,Black-capped Chickadee,Poecile atricapillus,Черношапочная гаичка,Aves,144815
138343876,0754e9ce-9774-4119-b7c1-6b084d1c9fe8,2022/10/10 11:50 AM,2022-10-10,2022-10-10 15:50:00 UTC,America/Nipigon,720577,mhalsted,,2022-10-11 02:36:53 UTC,2023-01-05 03:55:19 UTC,research,CC-BY-NC,https://www.inaturalist.org/observations/138343876,https://inaturalist-open-data.s3.amazonaws.com/photos/236432595/medium.jpeg,,PANASONIC-J2 OCT 10TH 2022,,1,0,false,,Black-capped Chickadee,Poecile atricapillus,Черношапочная гаичка,Aves,144815
138458689,4fd71690-d9c9-4502-b1a9-c0e001d63026,2022/10/11 12:24 PM,2022-10-11,2022-10-11 16:24:00 UTC,America/Nipigon,720577,mhalsted,,2022-10-12 02:20:19 UTC,2023-03-08 06:52:06 UTC,research,CC-BY-NC,https://www.inaturalist.org/observations/138458689,https://inaturalist-open-data.s3.amazonaws.com/photos/236654787/medium.jpeg,,PANASONIC-J2-OCT 11TH 2022,"Incoming...hey why isn't the bag open??? He finally started pecking at my finger,(last frame).",3,0,false,,Black-capped Chickadee,Poecile atricapillus,Черношапочная гаичка,Aves,144815
138458696,95ff3255-05db-4f13-8ab9-bf6492883550,2022/10/11 2:10 PM,2022-10-11,2022-10-11 18:10:00 UTC,America/Nipigon,720577,mhalsted,,2022-10-12 02:20:21 UTC,2022-10-12 08:07:12 UTC,research,CC-BY-NC,https://www.inaturalist.org/observations/138458696,https://inaturalist-open-data.s3.amazonaws.com/photos/236657417/medium.jpeg,,PANASONIC-J2-OCT 11TH 2022,"I think this one must bee Buddy, he has a scruffy bib & likes to sit a while & look around.",2,0,false,,Black-capped Chickadee,Poecile atricapillus,Черношапочная гаичка,Aves,144815
139441142,395d019c-2042-48b4-8ae8-7922f060c7da,2022/10/20 10:57 AM,2022-10-20,2022-10-20 14:57:00 UTC,Eastern Time (US & Canada),12610,susanelliott,Susan Elliott,2022-10-20 16:42:24 UTC,2022-10-21 10:03:24 UTC,research,CC-BY-NC,https://www.inaturalist.org/observations/139441142,https://inaturalist-open-data.s3.amazonaws.com/photos/238496407/medium.jpg,,"",,2,0,false,,Black-capped Chickadee,Poecile atricapillus,Черношапочная гаичка,Aves,144815
139593046,be4af666-44a1-4fa7-9bd5-4d465aaf5898,2022/10/21 5:41 PM,2022-10-21,2022-10-21 21:41:00 UTC,America/Nipigon,720577,mhalsted,,2022-10-22 03:49:34 UTC,2022-10-22 11:59:40 UTC,research,CC-BY-NC,https://www.inaturalist.org/observations/139593046,https://inaturalist-open-data.s3.amazonaws.com/photos/238787493/medium.jpeg,,PANASONIC-J2-OCT 21ST 2022,(2) There were 6 of them...only 2 in this frame. the 2nd one is on a branch near the window...There had been originally 4 of them on the pillar!! Didn't sit long enough for photo op though,3,0,false,,Black-capped Chickadee,Poecile atricapillus,Черношапочная гаичка,Aves,144815
139710198,17922d16-ee6e-4732-9ed6-c5dbcff06402,2022/10/22 1:04 PM,2022-10-22,2022-10-22 17:04:00 UTC,America/Nipigon,720577,mhalsted,,2022-10-23 04:03:53 UTC,2023-04-10 01:53:21 UTC,research,CC-BY-NC,https://www.inaturalist.org/observations/139710198,https://inaturalist-open-data.s3.amazonaws.com/photos/239011062/medium.jpeg,,PANASONIC-J2-OCT 22ND 2022,"Sooo how do you use this thing?...Oh my, what a handsome bird in there....Hello there!",1,0,false,,Black-capped Chickadee,Poecile atricapillus,Черношапочная гаичка,Aves,144815
139838919,cb7ae68c-c41a-4df5-957e-f03d41870887,2022/10/23 10:59 AM,2022-10-23,2022-10-23 14:59:00 UTC,America/Nipigon,720577,mhalsted,,2022-10-24 04:39:23 UTC,2022-10-24 14:08:15 UTC,research,CC-BY-NC,https://www.inaturalist.org/observations/139838919,https://inaturalist-open-data.s3.amazonaws.com/photos/239254879/medium.jpeg,,PANASONIC-J2-OCT 23RD 2022,,2,0,false,,Black-capped Chickadee,Poecile atricapillus,Черношапочная гаичка,Aves,144815
140216827,62c08a61-7e3d-4299-b898-c56f924113be,2022/10/26 3:20 PM,2022-10-26,2022-10-26 19:20:00 UTC,America/Nipigon,720577,mhalsted,,2022-10-28 02:50:51 UTC,2023-01-05 01:07:40 UTC,research,CC-BY-NC,https://www.inaturalist.org/observations/140216827,https://inaturalist-open-data.s3.amazonaws.com/photos/239983852/medium.jpeg,,PANASONIC-J2-OCT 26TH 2022,,2,0,false,,Black-capped Chickadee,Poecile atricapillus,Черношапочная гаичка,Aves,144815
140221047,919c5732-defc-4608-98ce-e9203e4f578f,2022/10/26 3:41 PM,2022-10-26,2022-10-26 19:41:00 UTC,America/Nipigon,720577,mhalsted,,2022-10-28 03:59:05 UTC,2022-11-24 07:34:12 UTC,research,CC-BY-NC,https://www.inaturalist.org/observations/140221047,https://inaturalist-open-data.s3.amazonaws.com/photos/239988548/medium.jpeg,,PANASONIC-J2-OCT 26TH 2022,Xcuse me...but your hand is EMPTY!!!. I actually thought he was going to fly in my face...he was NOT impressed...But in the end he managed to find one seed left between my fingers....Yeah...I still have all fingers....,1,0,false,,Black-capped Chickadee,Poecile atricapillus,Черношапочная гаичка,Aves,144815
140221050,31c8b4e7-2745-41ce-b031-411557da57b9,2022/10/26 3:41 PM,2022-10-26,2022-10-26 19:41:00 UTC,America/Nipigon,720577,mhalsted,,2022-10-28 03:59:06 UTC,2022-11-24 07:33:33 UTC,research,CC-BY-NC,https://www.inaturalist.org/observations/140221050,https://inaturalist-open-data.s3.amazonaws.com/photos/239989612/medium.jpeg,,PANASONIC-J2-OCT 26TH 2022,THIS one was miffed because he couldn't get them all into his bill...and was quite vocal about it too.... Good Lord..I've turned them into little monsters...,1,0,false,,Black-capped Chickadee,Poecile atricapillus,Черношапочная гаичка,Aves,144815
140221068,39e6476f-1145-49ff-8c3f-e23d92d6cc9e,2022/10/26 3:45 PM,2022-10-26,2022-10-26 19:45:00 UTC,America/Nipigon,720577,mhalsted,,2022-10-28 03:59:09 UTC,2022-11-24 07:31:55 UTC,research,CC-BY-NC,https://www.inaturalist.org/observations/140221068,https://inaturalist-open-data.s3.amazonaws.com/photos/239991859/medium.jpeg,,PANASONIC-J2-OCT 26TH 2022,Well I have 'twooney who takes 2 at a time...this one has mastered 3 at a time...I call him 'trio'...wonder what he will do with the striped sun flower seeds.....,2,0,false,,Black-capped Chickadee,Poecile atricapillus,Черношапочная гаичка,Aves,144815
140263769,25281edb-663e-498f-ab74-745be4f40b1e,2022/10/27 11:02 AM,2022-10-27,2022-10-27 15:02:00 UTC,America/Nipigon,720577,mhalsted,,2022-10-28 15:13:39 UTC,2022-10-28 15:29:31 UTC,research,CC-BY-NC,https://www.inaturalist.org/observations/140263769,https://inaturalist-open-data.s3.amazonaws.com/photos/239997291/medium.jpeg,,PANASONIC-J2-OCT 27TH 2022,Now THAT'S a graceful exit...(Must be a lady),2,0,false,,Black-capped Chickadee,Poecile atricapillus,Черношапочная гаичка,Aves,144815
140263778,40b24a0e-1c31-4966-896d-f589f48e2539,2022/10/27 11:09 AM,2022-10-27,2022-10-27 15:09:00 UTC,America/Nipigon,720577,mhalsted,,2022-10-28 15:13:42 UTC,2022-10-28 21:43:08 UTC,research,CC-BY-NC,https://www.inaturalist.org/observations/140263778,https://inaturalist-open-data.s3.amazonaws.com/photos/239997607/medium.jpeg,,PANASONIC-J2-OCT 27TH 2022,(2),4,0,false,,Black-capped Chickadee,Poecile atricapillus,Черношапочная гаичка,Aves,144815
140455480,8a94813c-06f2-4215-8da7-3de698237584,2022/10/29 11:30 AM,2022-10-29,2022-10-29 15:30:00 UTC,America/Nipigon,720577,mhalsted,,2022-10-30 01:34:51 UTC,2022-10-30 14:10:19 UTC,research,CC-BY-NC,https://www.inaturalist.org/observations/140455480,https://inaturalist-open-data.s3.amazonaws.com/photos/240428557/medium.jpeg,,PANASONIC-J2 OCT 29TH 2022,,4,0,false,,Black-capped Chickadee,Poecile atricapillus,Черношапочная гаичка,Aves,144815
140458775,54616034-9a27-4eb6-8d8f-8ad5e2cae5cf,2022/10/29 2:55 PM,2022-10-29,2022-10-29 18:55:00 UTC,America/Nipigon,720577,mhalsted,,2022-10-30 02:18:40 UTC,2022-11-02 05:59:19 UTC,research,CC-BY-NC,https://www.inaturalist.org/observations/140458775,https://inaturalist-open-data.s3.amazonaws.com/photos/240432785/medium.jpeg,,PANASONIC-J2 OCT 29TH 2022,"Sooo, I'm trying to get a photo of the cedar branch the beaver cut, but the kid here just HAD to have his pic taken...THEN he landed on the camera.... Kids...(sigh).",4,0,false,,Black-capped Chickadee,Poecile atricapillus,Черношапочная гаичка,Aves,144815
140537749,5d81bfc7-1df7-4959-a9c9-4fdb0a30a823,2022/10/30 11:14 AM,2022-10-30,2022-10-30 15:14:00 UTC,America/Nipigon,720577,mhalsted,,2022-10-30 17:02:16 UTC,2022-11-24 07:19:45 UTC,research,CC-BY-NC,https://www.inaturalist.org/observations/140537749,https://inaturalist-open-data.s3.amazonaws.com/photos/240578351/medium.jpeg,,PANASONIC-J2-OCT 30TH 2022,"Ok...so I'm starting to wonder just WHAT is in those seeds....there were actually 3 of them fighting,3rd moved just out of frame. The one with the outstretched wings, actually has a seed in his mouth, but was refusing to leave.",3,0,false,,Black-capped Chickadee,Poecile atricapillus,Черношапочная гаичка,Aves,144815
140574712,7dfb94c8-39aa-4583-897d-188edb316a3e,2022/10/30 2:31 PM,2022-10-30,2022-10-30 18:31:00 UTC,Eastern Time (US & Canada),5647533,kevin_ackerman,Kevin Ackerman,2022-10-30 21:31:25 UTC,2023-01-13 16:50:55 UTC,research,CC-BY-NC,https://www.inaturalist.org/observations/140574712,https://inaturalist-open-data.s3.amazonaws.com/photos/240647557/medium.jpeg,,"",,1,0,false,,Black-capped Chickadee,Poecile atricapillus,Черношапочная гаичка,Aves,144815
140606836,373852eb-a728-4185-92d2-6bd9cba5945a,2022/10/30 11:04 AM,2022-10-30,2022-10-30 15:04:00 UTC,America/Nipigon,720577,mhalsted,,2022-10-31 02:35:30 UTC,2022-11-24 07:18:43 UTC,research,CC-BY-NC,https://www.inaturalist.org/observations/140606836,https://inaturalist-open-data.s3.amazonaws.com/photos/240698407/medium.jpeg,,PANASONIC-J2-OCT 30TH 2022,Hurry up...I'm next....,3,0,false,,Black-capped Chickadee,Poecile atricapillus,Черношапочная гаичка,Aves,144815
140606837,a80c8323-807f-4d2b-a651-08616ad2611a,2022/10/30 11:05 AM,2022-10-30,2022-10-30 15:05:00 UTC,America/Nipigon,720577,mhalsted,,2022-10-31 02:35:30 UTC,2022-10-31 23:09:15 UTC,research,CC-BY-NC,https://www.inaturalist.org/observations/140606837,https://inaturalist-open-data.s3.amazonaws.com/photos/240699044/medium.jpeg,,PANASONIC-J2-OCT 30TH 2022,Wheee.....I think I remember how to land....let's see...landing gear down...check...,2,0,false,,Black-capped Chickadee,Poecile atricapillus,Черношапочная гаичка,Aves,144815
140606847,27314981-182d-4caa-9155-91766df44ea0,2022/10/30 11:21 AM,2022-10-30,2022-10-30 15:21:00 UTC,America/Nipigon,720577,mhalsted,,2022-10-31 02:35:33 UTC,2023-06-23 05:38:57 UTC,research,CC-BY-NC,https://www.inaturalist.org/observations/140606847,https://inaturalist-open-data.s3.amazonaws.com/photos/240703879/medium.jpeg,,PANASONIC-J2-OCT 30TH 2022,Dog? what dog...oh him...,2,0,false,,Black-capped Chickadee,Poecile atricapillus,Черношапочная гаичка,Aves,144815
140612297,8647449f-917a-44b4-8b59-48d11b05d9b1,2022/10/30 11:40 AM,2022-10-30,2022-10-30 15:40:00 UTC,America/Nipigon,720577,mhalsted,,2022-10-31 03:36:17 UTC,2022-11-24 07:15:07 UTC,research,CC-BY-NC,https://www.inaturalist.org/observations/140612297,https://inaturalist-open-data.s3.amazonaws.com/photos/240712087/medium.jpeg,,PANASONIC-J2-OCT 30TH 2022,"Wow!  I wonder if this is Buddy from last year...He followed me down to the lake, alone..and was quite content to pose prettily.
Then he came back a 2nd time, (last 2 pics).",4,0,false,,Black-capped Chickadee,Poecile atricapillus,Черношапочная гаичка,Aves,144815
140612304,7a14f6b7-efd2-4b10-8dbe-308adb6b0525,2022/10/30 11:44 AM,2022-10-30,2022-10-30 15:44:00 UTC,America/Nipigon,720577,mhalsted,,2022-10-31 03:36:18 UTC,2022-11-24 07:13:52 UTC,research,CC-BY-NC,https://www.inaturalist.org/observations/140612304,https://inaturalist-open-data.s3.amazonaws.com/photos/240715358/medium.jpeg,,PANASONIC-J2-OCT 30TH 2022,Buddy again? Looks like the same ruff,4,0,false,,Black-capped Chickadee,Poecile atricapillus,Черношапочная гаичка,Aves,144815
140621622,4ed375d3-a441-47be-bde2-148776eea0de,2022/10/30 2:34 PM,2022-10-30,2022-10-30 18:34:00 UTC,America/Nipigon,720577,mhalsted,,2022-10-31 05:40:14 UTC,2022-11-24 07:12:43 UTC,research,CC-BY-NC,https://www.inaturalist.org/observations/140621622,https://inaturalist-open-data.s3.amazonaws.com/photos/240725154/medium.jpeg,,PANASONIC-J2-2 OCT 30 2022,2 separate individuals,3,0,false,,Black-capped Chickadee,Poecile atricapillus,Черношапочная гаичка,Aves,144815
140737780,e7b184af-e184-4ea5-8772-d9b1b00833ba,2022/10/31 5:05 PM,2022-10-31,2022-10-31 21:05:00 UTC,America/Nipigon,720577,mhalsted,,2022-11-01 04:03:19 UTC,2022-11-01 23:24:18 UTC,research,CC-BY-NC,https://www.inaturalist.org/observations/140737780,https://inaturalist-open-data.s3.amazonaws.com/photos/240949351/medium.jpeg,,PANASONIC-J2-OCT 31ST 2022,,3,0,false,,Black-capped Chickadee,Poecile atricapillus,Черношапочная гаичка,Aves,144815
140942406,6c64ab77-e0ad-4371-ac20-27132cd128ca,2022/11/02 11:39 AM,2022-11-02,2022-11-02 15:39:00 UTC,America/Nipigon,720577,mhalsted,,2022-11-03 03:09:43 UTC,2023-04-10 02:15:08 UTC,research,CC-BY-NC,https://www.inaturalist.org/observations/140942406,https://inaturalist-open-data.s3.amazonaws.com/photos/241334817/medium.jpeg,,PANASONIC-J2-NOV 2ND 2022,"Thought I was going to have to be a referee with these two..
Open beaks, both of them",2,0,false,,Black-capped Chickadee,Poecile atricapillus,Черношапочная гаичка,Aves,144815
140942416,09c575fb-b5f6-40a9-9bed-c7e9c4ad35bf,2022/11/02 11:49 AM,2022-11-02,2022-11-02 15:49:00 UTC,America/Nipigon,720577,mhalsted,,2022-11-03 03:09:44 UTC,2023-01-05 00:51:08 UTC,research,CC-BY-NC,https://www.inaturalist.org/observations/140942416,https://inaturalist-open-data.s3.amazonaws.com/photos/241336882/medium.jpeg,,PANASONIC-J2-NOV 2ND 2022,Ok...SOME times I wonder about these guys...Look at the wild eyes on this one!! (when enlarged)..And totally unconcerned about the dog laying there.,1,0,false,,Black-capped Chickadee,Poecile atricapillus,Черношапочная гаичка,Aves,144815
140942429,28210e64-a0c9-45b5-bbc0-cf47febd7d4d,2022/11/02 3:51 PM,2022-11-02,2022-11-02 19:51:00 UTC,America/Nipigon,720577,mhalsted,,2022-11-03 03:09:46 UTC,2023-01-05 02:25:06 UTC,research,CC-BY-NC,https://www.inaturalist.org/observations/140942429,https://inaturalist-open-data.s3.amazonaws.com/photos/241339280/medium.jpeg,,PANASONIC-J2-NOV 2ND 2022,"Ahhh...now for a nice quiet drink, & read the flyers....",3,0,false,,mésange à tête noire,Poecile atricapillus,Черношапочная гаичка,Aves,144815
140942434,9a6445ab-b4a8-4cf0-92d9-a2675584fe9b,2022/11/02 3:53 PM,2022-11-02,2022-11-02 19:53:00 UTC,America/Nipigon,720577,mhalsted,,2022-11-03 03:09:47 UTC,2023-04-10 01:48:01 UTC,research,CC-BY-NC,https://www.inaturalist.org/observations/140942434,https://inaturalist-open-data.s3.amazonaws.com/photos/241340846/medium.jpeg,,PANASONIC-J2-NOV 2ND 2022,Whatcha drinking??? Well at least they didn't fall into it...or anything else...(hopefully).,2,0,false,,Black-capped Chickadee,Poecile atricapillus,Черношапочная гаичка,Aves,144815
140995956,c38974c5-b7f0-44af-9531-3b37848fc31e,2022-11-03 13:36:18-04:00,2022-11-03,2022-11-03 17:36:18 UTC,Eastern Time (US & Canada),1233532,duwe18,"",2022-11-03 17:38:07 UTC,2023-01-13 16:51:08 UTC,research,CC-BY-NC,https://www.inaturalist.org/observations/140995956,https://inaturalist-open-data.s3.amazonaws.com/photos/241440963/medium.jpg,,"","Chickadee found next to building with large glass windows, possibly died from bird strikes ",1,0,false,3,Black-capped Chickadee,Poecile atricapillus,Черношапочная гаичка,Aves,144815
141013825,7db2bcde-ef40-4fc0-8da6-ca2aa8721ce1,2022/11/03 8:01 AM,2022-11-03,2022-11-03 12:01:00 UTC,Eastern Time (US & Canada),83313,kristofz,Kristof Zyskowski,2022-11-03 21:26:41 UTC,2022-11-03 21:43:59 UTC,research,CC-BY,https://www.inaturalist.org/observations/141013825,https://inaturalist-open-data.s3.amazonaws.com/photos/241474238/medium.jpg,,"","window kill at Yale University West Campus, School of Nursing, connector between bldgs. 400 and 410",1,0,false,,Black-capped Chickadee,Poecile atricapillus,Черношапочная гаичка,Aves,144815
141219493,d70c6b3d-1e7d-4b7f-9637-330305315961,2022/11/05 11:00 AM,2022-11-05,2022-11-05 15:00:00 UTC,America/Nipigon,720577,mhalsted,,2022-11-06 01:36:10 UTC,2022-11-06 13:45:50 UTC,research,CC-BY-NC,https://www.inaturalist.org/observations/141219493,https://inaturalist-open-data.s3.amazonaws.com/photos/241874914/medium.jpeg,,PANASONIC-J2-NOV 5TH 2022,Where did that seed go....I know I dropped one...,3,0,false,,Black-capped Chickadee,Poecile atricapillus,Черношапочная гаичка,Aves,144815
141341629,ace7c637-80aa-4c3a-ad3d-c47470d906ae,2022/11/06 11:50 AM,2022-11-06,2022-11-06 16:50:00 UTC,America/Nipigon,720577,mhalsted,,2022-11-07 04:06:20 UTC,2022-11-24 07:04:43 UTC,research,CC-BY-NC,https://www.inaturalist.org/observations/141341629,https://inaturalist-open-data.s3.amazonaws.com/photos/242116825/medium.jpeg,,PANASONIC-J2-NOV 6TH 2022, 2 Dee Dee's not playing nice.,4,0,false,,Black-capped Chickadee,Poecile atricapillus,Черношапочная гаичка,Aves,144815
142794183,fa574ea8-b555-4386-b743-1e2578a85ab6,2022/11/24 5:10 PM,2022-11-24,2022-11-24 22:10:00 UTC,America/Nipigon,720577,mhalsted,,2022-11-25 03:23:16 UTC,2022-11-26 00:32:11 UTC,research,CC-BY-NC,https://www.inaturalist.org/observations/142794183,https://inaturalist-open-data.s3.amazonaws.com/photos/244874079/medium.jpeg,,PANASONIC-J2-NOV 24TH 2022,,3,0,false,,Black-capped Chickadee,Poecile atricapillus,Черношапочная гаичка,Aves,144815
142794189,64c275b3-98e4-46ed-9756-3dc6bff81c29,2022/11/24 5:10 PM,2022-11-24,2022-11-24 22:10:00 UTC,America/Nipigon,720577,mhalsted,,2022-11-25 03:23:18 UTC,2022-11-26 00:31:57 UTC,research,CC-BY-NC,https://www.inaturalist.org/observations/142794189,https://inaturalist-open-data.s3.amazonaws.com/photos/244874771/medium.jpeg,,PANASONIC-J2-NOV 24TH 2022,"Two-Nee is happy I had time to spend with them today....there were TEN of them landing on my hand one after the other! Two-Nee likes to share his seeds....he throws 5-6 of them on the ground for the others, then chooses 2 for himself!! ",3,0,false,,Black-capped Chickadee,Poecile atricapillus,Черношапочная гаичка,Aves,144815
142794196,c7857267-d9ac-48dc-80ef-2c96a480c06e,2022/11/24 5:11 PM,2022-11-24,2022-11-24 22:11:00 UTC,America/Nipigon,720577,mhalsted,,2022-11-25 03:23:20 UTC,2022-11-26 00:31:28 UTC,research,CC-BY-NC,https://www.inaturalist.org/observations/142794196,https://inaturalist-open-data.s3.amazonaws.com/photos/244875504/medium.jpeg,,PANASONIC-J2-NOV 24TH 2022,There were 10 of them one after another...At least as many more in the trees that aren't brave enough yet!,3,0,false,,Black-capped Chickadee,Poecile atricapillus,Черношапочная гаичка,Aves,144815
143150769,90552af0-7b46-44a3-9496-e3effa246de8,2022/11/22 11:51 AM,2022-11-22,2022-11-22 16:51:00 UTC,Eastern Time (US & Canada),3449271,tuesday_,Alli,2022-11-28 04:48:04 UTC,2025-11-04 17:29:58 UTC,research,CC-BY-NC,https://www.inaturalist.org/observations/143150769,https://inaturalist-open-data.s3.amazonaws.com/photos/245473377/medium.jpeg,,"","",2,0,false,,Carolina × Black-capped Chickadee,Poecile carolinensis × atricapillus,,Aves,518175
143202696,79c458b8-eaee-4585-8a43-9ebc86525d0a,2022-11-28 13:17:06-05:00,2022-11-28,2022-11-28 18:17:06 UTC,Eastern Time (US & Canada),904705,lovisalden,Louis Burns,2022-11-28 19:57:51 UTC,2023-01-13 16:08:51 UTC,research,CC-BY-NC,https://www.inaturalist.org/observations/143202696,https://inaturalist-open-data.s3.amazonaws.com/photos/245569048/medium.jpg,,"","",3,0,false,3,Black-capped Chickadee,Poecile atricapillus,Черношапочная гаичка,Aves,144815
143238575,139b318f-9e94-43ef-b167-6e8f64f339b9,2022/11/27 11:27 AM,2022-11-27,2022-11-27 16:27:00 UTC,America/Nipigon,720577,mhalsted,,2022-11-29 03:35:52 UTC,2022-11-29 23:05:24 UTC,research,CC-BY-NC,https://www.inaturalist.org/observations/143238575,https://inaturalist-open-data.s3.amazonaws.com/photos/245435034/medium.jpeg,,PANASONIC-J2-NOV 27 2022,Yahooo!!! Think I'm jus gonna help myself......(Fearless Fred).,3,0,false,,Black-capped Chickadee,Poecile atricapillus,Черношапочная гаичка,Aves,144815
143238883,081d1bd1-a6e8-4386-bff4-0ff62cfb7d07,2022/09/01 6:23 AM,2022-09-01,2022-09-01 10:23:00 UTC,Eastern Time (US & Canada),4529851,brianhof,,2022-11-29 03:40:37 UTC,2023-01-13 16:08:52 UTC,research,CC-BY-NC,https://www.inaturalist.org/observations/143238883,https://inaturalist-open-data.s3.amazonaws.com/photos/245631516/medium.jpeg,,"","",2,0,false,,Black-capped Chickadee,Poecile atricapillus,Черношапочная гаичка,Aves,144815
143241824,95447f00-fc3b-49b1-941b-338971a6ce99,2022/11/28 1:04 PM,2022-11-28,2022-11-28 18:04:00 UTC,America/Nipigon,720577,mhalsted,,2022-11-29 04:33:03 UTC,2022-12-02 22:38:37 UTC,research,CC-BY-NC,https://www.inaturalist.org/observations/143241824,https://inaturalist-open-data.s3.amazonaws.com/photos/245634366/medium.jpeg,,PANASONIC-J2-NOV 28TH 2022,,5,0,false,,Black-capped Chickadee,Poecile atricapillus,Черношапочная гаичка,Aves,144815
143241833,a3f50d7c-7d73-4a3d-bb95-4fe0e89be43c,2022/11/28 1:04 PM,2022-11-28,2022-11-28 18:04:00 UTC,America/Nipigon,720577,mhalsted,,2022-11-29 04:33:06 UTC,2022-11-30 21:23:29 UTC,research,CC-BY-NC,https://www.inaturalist.org/observations/143241833,https://inaturalist-open-data.s3.amazonaws.com/photos/245635690/medium.jpeg,,PANASONIC-J2-NOV 28TH 2022,,5,0,false,,Black-capped Chickadee,Poecile atricapillus,Черношапочная гаичка,Aves,144815
143241836,ff2ff4b7-02f3-44c5-9840-5ec66a0db8b4,2022/11/28 1:04 PM,2022-11-28,2022-11-28 18:04:00 UTC,America/Nipigon,720577,mhalsted,,2022-11-29 04:33:07 UTC,2022-12-01 02:20:06 UTC,research,CC-BY-NC,https://www.inaturalist.org/observations/143241836,https://inaturalist-open-data.s3.amazonaws.com/photos/245636039/medium.jpeg,,PANASONIC-J2-NOV 28TH 2022,,4,0,false,,Black-capped Chickadee,Poecile atricapillus,Черношапочная гаичка,Aves,144815
143538741,6b295244-8106-400b-9e40-acba04551d04,2022/12/02 1:31 PM,2022-12-02,2022-12-02 18:31:00 UTC,Eastern Time (US & Canada),2512214,lori308,Lori Borthwick,2022-12-03 03:18:43 UTC,2022-12-03 03:37:37 UTC,research,,https://www.inaturalist.org/observations/143538741,https://static.inaturalist.org/photos/246181310/medium.jpeg,,"",,3,0,false,,Black-capped Chickadee,Poecile atricapillus,Черношапочная гаичка,Aves,144815
143769423,431cdd70-f13a-4059-88a6-900b4e71155c,2022/12/04 5:03 PM,2022-12-04,2022-12-04 22:03:00 UTC,America/Nipigon,720577,mhalsted,,2022-12-06 03:00:00 UTC,2022-12-07 00:42:48 UTC,research,CC-BY-NC,https://www.inaturalist.org/observations/143769423,https://inaturalist-open-data.s3.amazonaws.com/photos/246622460/medium.jpeg,,PANASONIC-J2-DEC 4TH-5TH 2022,3 OF 3  (The shy one sitting on the branch),3,0,false,,Black-capped Chickadee,Poecile atricapillus,Черношапочная гаичка,Aves,144815
143838092,9c1b9344-3595-4080-984c-15a21e91a018,2022/12/06 12:03 PM,2022-12-06,2022-12-06 17:03:00 UTC,America/Nipigon,720577,mhalsted,,2022-12-07 02:49:25 UTC,2022-12-07 18:08:42 UTC,research,CC-BY-NC,https://www.inaturalist.org/observations/143838092,https://inaturalist-open-data.s3.amazonaws.com/photos/246752089/medium.jpeg,,PANASONIC-J2-DEC 6TH 2022,,2,0,false,,mésange à tête noire,Poecile atricapillus,Черношапочная гаичка,Aves,144815
143983302,f40cdc6f-eeab-49ee-bddf-71e145b00e63,2022/12/08 12:20 PM,2022-12-08,2022-12-08 17:20:00 UTC,America/Nipigon,720577,mhalsted,,2022-12-09 04:30:19 UTC,2022-12-09 19:32:41 UTC,research,CC-BY-NC,https://www.inaturalist.org/observations/143983302,https://inaturalist-open-data.s3.amazonaws.com/photos/247028453/medium.jpeg,,PANASONIC-J2-DEC 8TH 2022,,3,0,false,,Black-capped Chickadee,Poecile atricapillus,Черношапочная гаичка,Aves,144815
144049711,2e6befeb-069f-4388-8ed6-c68925eccba8,2022/12/09 1:20 PM,2022-12-09,2022-12-09 18:20:00 UTC,America/Nipigon,720577,mhalsted,,2022-12-10 04:02:56 UTC,2022-12-10 12:21:27 UTC,research,CC-BY-NC,https://www.inaturalist.org/observations/144049711,https://inaturalist-open-data.s3.amazonaws.com/photos/247154452/medium.jpeg,,PANASONIC-J2-DEC 9TH 2022,Ummm. there are NO sun flower seeds here...smarten up will ya?!! (Well I think that's what he was saying....).,2,0,false,,Black-capped Chickadee,Poecile atricapillus,Черношапочная гаичка,Aves,144815
144049715,40a1437e-fbcb-4317-8323-fe3b7a851af0,2022/12/09 1:20 PM,2022-12-09,2022-12-09 18:20:00 UTC,America/Nipigon,720577,mhalsted,,2022-12-10 04:02:57 UTC,2022-12-10 12:21:06 UTC,research,CC-BY-NC,https://www.inaturalist.org/observations/144049715,https://inaturalist-open-data.s3.amazonaws.com/photos/247155275/medium.jpeg,,PANASONIC-J2-DEC 9TH 2022,I love it when they look at you with such adoration....well as long as the seeds hold out anyways!! :),2,0,false,,Black-capped Chickadee,Poecile atricapillus,Черношапочная гаичка,Aves,144815
144049721,44b1bdb4-23a3-4810-85d6-12b19fbcddb9,2022/12/09 1:20 PM,2022-12-09,2022-12-09 18:20:00 UTC,America/Nipigon,720577,mhalsted,,2022-12-10 04:03:00 UTC,2022-12-10 12:20:37 UTC,research,CC-BY-NC,https://www.inaturalist.org/observations/144049721,https://inaturalist-open-data.s3.amazonaws.com/photos/247156117/medium.jpeg,,PANASONIC-J2-DEC 9TH 2022,Oh my...soooo dainty....(Must be a lady).,2,0,false,,Black-capped Chickadee,Poecile atricapillus,Черношапочная гаичка,Aves,144815
144703071,6df7c731-0e0b-4e7c-a03d-5bfe973ba021,2022/12/19 12:24 PM,2022-12-19,2022-12-19 17:24:00 UTC,America/Nipigon,720577,mhalsted,,2022-12-20 02:10:36 UTC,2022-12-22 13:43:51 UTC,research,CC-BY-NC,https://www.inaturalist.org/observations/144703071,https://inaturalist-open-data.s3.amazonaws.com/photos/248415400/medium.jpeg,,PANASONIC-J2-DEC 19TH 2022,,5,0,false,,Black-capped Chickadee,Poecile atricapillus,Черношапочная гаичка,Aves,144815
144703479,e6e6a0a0-d477-4dc1-8a3e-de551aaef8f3,2022/12/19 12:24 PM,2022-12-19,2022-12-19 17:24:00 UTC,America/Nipigon,720577,mhalsted,,2022-12-20 02:19:14 UTC,2022-12-23 00:10:33 UTC,research,CC-BY-NC,https://www.inaturalist.org/observations/144703479,https://inaturalist-open-data.s3.amazonaws.com/photos/248416773/medium.jpeg,,PANASONIC-J2-DEC 19TH 2022,,5,0,false,,Black-capped Chickadee,Poecile atricapillus,Черношапочная гаичка,Aves,144815
144703480,a126f19b-4b68-4ab0-8dfd-ccd6677beddb,2022/12/19 12:24 PM,2022-12-19,2022-12-19 17:24:00 UTC,America/Nipigon,720577,mhalsted,,2022-12-20 02:19:14 UTC,2022-12-20 21:23:42 UTC,research,CC-BY-NC,https://www.inaturalist.org/observations/144703480,https://inaturalist-open-data.s3.amazonaws.com/photos/248416862/medium.jpeg,,PANASONIC-J2-DEC 19TH 2022,,3,0,false,,Black-capped Chickadee,Poecile atricapillus,Черношапочная гаичка,Aves,144815
144704424,68f78f63-515a-4936-9952-c39efa838252,2022/12/19 12:43 PM,2022-12-19,2022-12-19 17:43:00 UTC,America/Nipigon,720577,mhalsted,,2022-12-20 02:33:42 UTC,2022-12-23 00:37:56 UTC,research,CC-BY-NC,https://www.inaturalist.org/observations/144704424,https://inaturalist-open-data.s3.amazonaws.com/photos/248418305/medium.jpeg,,PANASONIC-J2-DEC 19TH 2022,This Dee Dee chased the nuthatch away.,4,0,false,,Black-capped Chickadee,Poecile atricapillus,Черношапочная гаичка,Aves,144815
144731954,9ed703e7-7566-4427-8bc4-dbeffab5fa68,2022/12/19 2:56 PM,2022-12-19,2022-12-19 19:56:00 UTC,Eastern Time (US & Canada),2044860,ckhunt,Craig K. Hunt,2022-12-20 14:40:55 UTC,2024-12-10 14:48:53 UTC,research,CC-BY-NC,https://www.inaturalist.org/observations/144731954,https://inaturalist-open-data.s3.amazonaws.com/photos/248471828/medium.jpeg,,"",,4,0,false,,Black-capped Chickadee,Poecile atricapillus,Черношапочная гаичка,Aves,144815
144870570,1738a131-6fd7-43b1-bb7d-d699110afaf5,2022-12-22 14:04:37-05:00,2022-12-22,2022-12-22 19:04:37 UTC,Eastern Time (US & Canada),6002371,bernadette_markey,Bernadette Markey,2022-12-22 19:04:47 UTC,2022-12-22 19:50:47 UTC,research,,https://www.inaturalist.org/observations/144870570,https://static.inaturalist.org/photos/248741732/medium.jpg,,"","",1,0,false,3,Black-capped Chickadee,Poecile atricapillus,Черношапочная гаичка,Aves,144815
144879582,9b0ddc0a-bffc-472f-8d89-efaf7a146361,2022-12-22 16:57:13-05:00,2022-12-22,2022-12-22 21:57:13 UTC,Eastern Time (US & Canada),3564162,zitserm,Misha Zitser,2022-12-22 22:03:19 UTC,2025-09-10 14:22:10 UTC,research,CC-BY-NC,https://www.inaturalist.org/observations/144879582,https://inaturalist-open-data.s3.amazonaws.com/photos/248760812/medium.jpg,,"",Feeding some unsalted sunflower seeds to this little chickadee ,1,0,false,3,Black-capped Chickadee,Poecile atricapillus,Черношапочная гаичка,Aves,144815
144884043,9d99d59e-8da9-4ffd-8f29-dcea9ad32e8b,2022/12/22 1:41 PM,2022-12-22,2022-12-22 18:41:00 UTC,Eastern Time (US & Canada),1059434,cbuelow45,chris buelow,2022-12-22 23:26:16 UTC,2025-12-16 00:04:57 UTC,research,CC-BY-NC,https://www.inaturalist.org/observations/144884043,https://inaturalist-open-data.s3.amazonaws.com/photos/248769713/medium.jpeg,,"",Feeding on a deer carcass.,1,0,false,,Black-capped Chickadee,Poecile atricapillus,Черношапочная гаичка,Aves,144815
145017308,12215134-91b2-498f-9c7f-10dfb9bf96f8,2022/12/24 12:17 PM,2022-12-24,2022-12-24 17:17:00 UTC,America/Nipigon,720577,mhalsted,,2022-12-25 00:54:12 UTC,2022-12-25 02:22:05 UTC,research,CC-BY-NC,https://www.inaturalist.org/observations/145017308,https://inaturalist-open-data.s3.amazonaws.com/photos/249025716/medium.jpeg,,PANASONIC-J2-DEC 24TH 2022,,2,0,false,,Black-capped Chickadee,Poecile atricapillus,Черношапочная гаичка,Aves,144815
145019091,a7a501d3-36f6-417d-bb12-12437ceca62f,2022/12/24 1:31 PM,2022-12-24,2022-12-24 18:31:00 UTC,America/Nipigon,720577,mhalsted,,2022-12-25 01:44:15 UTC,2022-12-25 05:10:47 UTC,research,CC-BY-NC,https://www.inaturalist.org/observations/145019091,https://inaturalist-open-data.s3.amazonaws.com/photos/249029993/medium.jpeg,,PANASONIC-J2-DEC 24TH 2022,How can he fly when he's all puffed up like that? But fly he did...one shot deal...,2,0,false,,Black-capped Chickadee,Poecile atricapillus,Черношапочная гаичка,Aves,144815
145068912,1fdae5e7-023c-48a4-954d-64f4346bfc47,2022/12/25 2:59 PM,2022-12-25,2022-12-25 19:59:00 UTC,Eastern Time (US & Canada),1059434,cbuelow45,chris buelow,2022-12-25 22:01:58 UTC,2025-12-16 00:04:57 UTC,research,CC-BY-NC,https://www.inaturalist.org/observations/145068912,https://inaturalist-open-data.s3.amazonaws.com/photos/249126372/medium.jpeg,,"","",1,0,false,,Black-capped Chickadee,Poecile atricapillus,Черношапочная гаичка,Aves,144815
145200378,dbb5788a-a14b-4de2-ae8c-32f7efa44155,2022-12-27 13:14:02-05:00,2022-12-27,2022-12-27 18:14:02 UTC,Eastern Time (US & Canada),6002371,bernadette_markey,Bernadette Markey,2022-12-27 18:14:31 UTC,2022-12-27 18:37:21 UTC,research,,https://www.inaturalist.org/observations/145200378,https://static.inaturalist.org/photos/249376904/medium.jpg,,"","",1,0,false,3,Black-capped Chickadee,Poecile atricapillus,Черношапочная гаичка,Aves,144815
145301666,7333385a-0060-4b29-83ea-7a721004d7f9,2022/12/28 11:40 AM,2022-12-28,2022-12-28 16:40:00 UTC,America/Nipigon,720577,mhalsted,,2022-12-29 00:57:06 UTC,2023-01-04 12:26:08 UTC,research,CC-BY-NC,https://www.inaturalist.org/observations/145301666,https://inaturalist-open-data.s3.amazonaws.com/photos/249574166/medium.jpeg,,PANASONIC-J2-DEC 28TH 2022,,8,0,false,,Black-capped Chickadee,Poecile atricapillus,Черношапочная гаичка,Aves,144815
145303458,650c2dbb-d8ea-4e42-a2aa-b677f8717dbd,2022/12/28 11:40 AM,2022-12-28,2022-12-28 16:40:00 UTC,America/Nipigon,720577,mhalsted,,2022-12-29 01:23:28 UTC,2023-01-01 02:38:40 UTC,research,CC-BY-NC,https://www.inaturalist.org/observations/145303458,https://inaturalist-open-data.s3.amazonaws.com/photos/249577632/medium.jpeg,,PANASONIC-J2-DEC 28TH 2022,I'm just a little cutie......,6,0,false,,Black-capped Chickadee,Poecile atricapillus,Черношапочная гаичка,Aves,144815
145583335,74632b8b-78f6-44a4-b43a-92fd5a014acb,2022/10/02 5:51 PM,2022-10-02,2022-10-02 21:51:00 UTC,Eastern Time (US & Canada),1899313,nick2524,Nick Kleinschmidt,2023-01-01 15:45:55 UTC,2023-01-18 17:53:53 UTC,research,CC-BY,https://www.inaturalist.org/observations/145583335,https://inaturalist-open-data.s3.amazonaws.com/photos/250094212/medium.jpg,,"",,1,0,false,,Black-capped Chickadee,Poecile atricapillus,Черношапочная гаичка,Aves,144815
145621622,d5b725ad-6a27-483f-bd85-5f323f99a31f,2023-01-01 15:14:25,2023-01-01,2023-01-01 20:14:25 UTC,Eastern Time (US & Canada),2504363,origamilevi,Levi smith,2023-01-01 23:51:21 UTC,2023-01-18 21:14:01 UTC,research,CC-BY-NC,https://www.inaturalist.org/observations/145621622,https://inaturalist-open-data.s3.amazonaws.com/photos/252567161/medium.jpg,,"",,3,0,false,2,Black-capped Chickadee,Poecile atricapillus,Черношапочная гаичка,Aves,144815
146009068,ef29cd52-d778-442e-a582-fafafaed3a31,2023/01/01 11:35,2023-01-01,2023-01-01 16:35:00 UTC,Eastern Time (US & Canada),4379636,pluvierdodu,Jean-Guy Papineau,2023-01-07 02:55:16 UTC,2023-01-07 07:42:10 UTC,research,CC-BY-NC,https://www.inaturalist.org/observations/146009068,https://inaturalist-open-data.s3.amazonaws.com/photos/250926156/medium.jpg,,"",,3,0,false,,Black-capped Chickadee,Poecile atricapillus,Черношапочная гаичка,Aves,144815
146171672,83d98ede-5a9d-48c6-b016-c1545e397ab1,2023-01-01 04:12:27-05:00,2023-01-01,2023-01-01 09:12:27 UTC,Eastern Time (US & Canada),6420499,pepcicle,,2023-01-09 01:42:12 UTC,2023-01-09 20:28:38 UTC,research,CC-BY-NC,https://www.inaturalist.org/observations/146171672,https://inaturalist-open-data.s3.amazonaws.com/photos/251245177/medium.jpg,,"","",1,0,false,3,Black-capped Chickadee,Poecile atricapillus,Черношапочная гаичка,Aves,144815
146174347,6cb4c1fe-daa2-4bfd-9062-1021bf17acf1,2023/01/08 3:11 PM,2023-01-08,2023-01-08 20:11:00 UTC,America/Nipigon,720577,mhalsted,,2023-01-09 02:18:45 UTC,2023-01-11 20:03:36 UTC,research,CC-BY-NC,https://www.inaturalist.org/observations/146174347,https://inaturalist-open-data.s3.amazonaws.com/photos/251249653/medium.jpeg,,PANASONIC-J2-JAN 8TH 2023,"His friend playing hide & seek in the 2nd pic
(2)",4,0,false,,mésange à tête noire,Poecile atricapillus,Черношапочная гаичка,Aves,144815
146578190,cee940e2-1b7b-4ea9-b011-f126b3344fd7,2023/01/03 1:27 PM,2023-01-03,2023-01-03 18:27:00 UTC,Eastern Time (US & Canada),18701,apgarm,Mark Apgar,2023-01-15 02:06:11 UTC,2023-01-16 06:18:27 UTC,research,CC-BY-NC,https://www.inaturalist.org/observations/146578190,https://inaturalist-open-data.s3.amazonaws.com/photos/252032509/medium.jpeg,,"",,3,0,false,,Black-capped Chickadee,Poecile atricapillus,Черношапочная гаичка,Aves,144815
147084846,2c71d630-0ef2-40b6-bba6-78c404c605da,2023/01/21 5:03 PM,2023-01-21,2023-01-21 22:03:00 UTC,America/Nipigon,720577,mhalsted,,2023-01-22 04:50:28 UTC,2023-01-23 02:27:00 UTC,research,CC-BY-NC,https://www.inaturalist.org/observations/147084846,https://inaturalist-open-data.s3.amazonaws.com/photos/253027150/medium.jpeg,,PANASONIC-J-JAN 21ST 2023,"Yeah, you're welcome little man...Bon appetite...
I think this scruffy little bib belongs to our Buddy from last year. And he would always stop & look at me.",4,0,false,,Black-capped Chickadee,Poecile atricapillus,Черношапочная гаичка,Aves,144815
147244231,24bbee56-e18d-4633-8ae7-f05851a521fe,2023/01/23 4:03 PM,2023-01-23,2023-01-23 21:03:00 UTC,America/Nipigon,720577,mhalsted,,2023-01-24 04:51:13 UTC,2023-01-25 02:43:18 UTC,research,CC-BY-NC,https://www.inaturalist.org/observations/147244231,https://inaturalist-open-data.s3.amazonaws.com/photos/253333143/medium.jpeg,,PANASONIC-J2-JAN 23RD 2023,This would be our Buddy from last year (scruffy bib).,5,0,false,,Black-capped Chickadee,Poecile atricapillus,Черношапочная гаичка,Aves,144815
147679595,fc5489e0-0775-4e51-a3c0-a8e217193b29,2023/01/29 12:43 PM,2023-01-29,2023-01-29 17:43:00 UTC,America/Nipigon,720577,mhalsted,,2023-01-30 05:31:31 UTC,2023-01-31 00:58:25 UTC,research,CC-BY-NC,https://www.inaturalist.org/observations/147679595,https://inaturalist-open-data.s3.amazonaws.com/photos/254158717/medium.jpeg,,PANASONIC-J2-JAN 29TH 2023,"I love pic #3...right up near the eaves you can see the first guy leaving! Levitating...look Ma, no wings or feet....  (2 dee dees) ",2,0,false,,Black-capped Chickadee,Poecile atricapillus,Черношапочная гаичка,Aves,144815
147745553,45ebf7cf-1280-4478-bced-1dc9a5cfdcb7,2023/01/30 2:33 PM,2023-01-30,2023-01-30 19:33:00 UTC,America/Nipigon,720577,mhalsted,,2023-01-31 05:03:40 UTC,2023-02-02 12:23:39 UTC,research,CC-BY-NC,https://www.inaturalist.org/observations/147745553,https://inaturalist-open-data.s3.amazonaws.com/photos/254282693/medium.jpeg,,PANASONIC-J2-JAN 30TH 2023,"Scram, I was here first....(sigh).
(2)",5,0,false,,Black-capped Chickadee,Poecile atricapillus,Черношапочная гаичка,Aves,144815
147774626,486254c6-fc72-4721-a8a6-1fc1b89e8060,Tue Jan 31 2023 10:22:44 GMT -0500 (EST),2023-01-31,2023-01-31 15:22:44 UTC,Eastern Time (US & Canada),3282697,wildflwr34,,2023-01-31 17:32:55 UTC,2023-01-31 17:37:21 UTC,research,CC-BY-NC,https://www.inaturalist.org/observations/147774626,https://inaturalist-open-data.s3.amazonaws.com/photos/254341012/medium.jpeg,,"",,2,0,false,333,Black-capped Chickadee,Poecile atricapillus,Черношапочная гаичка,Aves,144815
148079501,1d5606a1-b9c4-4fae-834f-305585158ef1,2023/02/04 5:27 PM,2023-02-04,2023-02-04 22:27:00 UTC,America/Nipigon,720577,mhalsted,,2023-02-05 06:08:18 UTC,2023-02-06 21:08:22 UTC,research,CC-BY-NC,https://www.inaturalist.org/observations/148079501,https://inaturalist-open-data.s3.amazonaws.com/photos/254929773/medium.jpeg,,PANASONIC-J2-FEB 4TH 2023,You know it's cold & they're really tanking up for the night when the Chickadee's sit & eat the seeds right there on the feeder!,4,0,false,,Black-capped Chickadee,Poecile atricapillus,Черношапочная гаичка,Aves,144815
148214536,c5ae5c5e-8c51-4086-8a1f-4ad252da84ae,2023-01-16 12:58:28-05:00,2023-01-16,2023-01-16 17:58:28 UTC,Eastern Time (US & Canada),6325869,vcsmsolo,"",2023-02-07 00:02:42 UTC,2023-02-07 07:04:34 UTC,research,CC-BY-NC,https://www.inaturalist.org/observations/148214536,https://inaturalist-open-data.s3.amazonaws.com/photos/255189868/medium.jpg,,"","",1,0,false,3,Black-capped Chickadee,Poecile atricapillus,Черношапочная гаичка,Aves,144815
148228641,05ea108e-3600-46ee-b02b-2c4dd59a2f7b,2023/02/06 4:28 PM,2023-02-06,2023-02-06 21:28:00 UTC,America/Nipigon,720577,mhalsted,,2023-02-07 04:21:07 UTC,2023-03-14 12:05:49 UTC,research,CC-BY-NC,https://www.inaturalist.org/observations/148228641,https://inaturalist-open-data.s3.amazonaws.com/photos/255214163/medium.jpeg,,PANASONIC-J2-FEB 6TH 2023,Bright eyed little soul,3,0,false,,Black-capped Chickadee,Poecile atricapillus,Черношапочная гаичка,Aves,144815
148228642,18f76ae9-0086-4d9f-8cd6-76d5ac7c4197,2023/02/06 4:29 PM,2023-02-06,2023-02-06 21:29:00 UTC,America/Nipigon,720577,mhalsted,,2023-02-07 04:21:08 UTC,2023-03-14 12:05:45 UTC,research,CC-BY-NC,https://www.inaturalist.org/observations/148228642,https://inaturalist-open-data.s3.amazonaws.com/photos/255214442/medium.jpeg,,PANASONIC-J2-FEB 6TH 2023,"This is ""Buddy"" (scruffy bib)",3,0,false,,Black-capped Chickadee,Poecile atricapillus,Черношапочная гаичка,Aves,144815
148303145,08530a8a-29f6-4b69-8d1b-cb90ef393c09,2023/02/07 2:39 PM,2023-02-07,2023-02-07 19:39:00 UTC,America/Nipigon,720577,mhalsted,,2023-02-08 06:44:23 UTC,2023-02-10 20:02:20 UTC,research,CC-BY-NC,https://www.inaturalist.org/observations/148303145,https://inaturalist-open-data.s3.amazonaws.com/photos/255359484/medium.jpeg,,PANASONIC-J2-FEB 7TH 2023,I just love this little guy...he's leaning into the wind as the feeder swings.,5,0,false,,Black-capped Chickadee,Poecile atricapillus,Черношапочная гаичка,Aves,144815
148342178,d79ecfc1-4234-48c5-8968-3cef17e4b695,2023/02/08 1:06 AM,2023-02-08,2023-02-08 06:06:00 UTC,Eastern Time (US & Canada),5920309,penelope-anne,Penelope,2023-02-08 21:38:50 UTC,2023-08-03 23:54:24 UTC,research,CC-BY-NC,https://www.inaturalist.org/observations/148342178,https://inaturalist-open-data.s3.amazonaws.com/photos/255433497/medium.jpg,,"","Loud, dirty-cottonball resembling birds rocketing around the feeder and yelling at each other. I'm very fond of Chickadees, and vice versa. Or at least I think so, because they like to sit on my head and sing.",4,0,false,,Black-capped Chickadee,Poecile atricapillus,Черношапочная гаичка,Aves,144815
148580093,e89af972-0327-46fb-a473-b360b4a7daae,2023/02/11 1:02 PM,2023-02-11,2023-02-11 18:02:00 UTC,America/Nipigon,720577,mhalsted,,2023-02-12 04:44:50 UTC,2023-02-12 12:20:34 UTC,research,CC-BY-NC,https://www.inaturalist.org/observations/148580093,https://inaturalist-open-data.s3.amazonaws.com/photos/255890200/medium.jpeg,,PANASONIC-J2-FEB 11TH 2023,Fancy take off flying in last pic.,2,0,false,,Black-capped Chickadee,Poecile atricapillus,Черношапочная гаичка,Aves,144815
148582589,570cedad-c8ad-438d-a034-7b56502105da,2023/02/11 1:07 PM,2023-02-11,2023-02-11 18:07:00 UTC,America/Nipigon,720577,mhalsted,,2023-02-12 05:35:04 UTC,2023-02-12 12:18:37 UTC,research,CC-BY-NC,https://www.inaturalist.org/observations/148582589,https://inaturalist-open-data.s3.amazonaws.com/photos/255896167/medium.jpeg,,PANASONIC-J2-FEB 11TH 2023,,2,0,false,,Black-capped Chickadee,Poecile atricapillus,Черношапочная гаичка,Aves,144815
148670171,66b5a45c-da59-407b-b422-20f75e169aa4,2023/02/12 4:23 PM,2023-02-12,2023-02-12 21:23:00 UTC,America/Nipigon,720577,mhalsted,,2023-02-13 04:40:15 UTC,2023-02-14 07:44:20 UTC,research,CC-BY-NC,https://www.inaturalist.org/observations/148670171,https://inaturalist-open-data.s3.amazonaws.com/photos/256060145/medium.jpeg,,PANASONIC-J2-FEB 12TH 2023,"Eeek...No brakes, no brakes!!! No wings either...",3,0,false,,Black-capped Chickadee,Poecile atricapillus,Черношапочная гаичка,Aves,144815
148742141,c35acdf6-387f-4149-b3a4-0611e953baa7,2023/02/12 4:26 PM,2023-02-12,2023-02-12 21:26:00 UTC,America/Nipigon,720577,mhalsted,,2023-02-14 05:02:48 UTC,2023-02-16 01:48:07 UTC,research,CC-BY-NC,https://www.inaturalist.org/observations/148742141,https://inaturalist-open-data.s3.amazonaws.com/photos/256198099/medium.jpeg,,PANASONIC-J2-FEB 12TH 2023,"I'm just gonna help myself here....Yup, he went right in....Has to be one of the regulars...Fearless..
The dog is squirrel watching...",4,0,false,,Black-capped Chickadee,Poecile atricapillus,Черношапочная гаичка,Aves,144815
148743998,0ba83f46-8e3d-4510-9b14-ba17d9b48c90,2023/02/12 4:38 PM,2023-02-12,2023-02-12 21:38:00 UTC,America/Nipigon,720577,mhalsted,,2023-02-14 06:00:18 UTC,2023-02-16 01:46:26 UTC,research,CC-BY-NC,https://www.inaturalist.org/observations/148743998,https://inaturalist-open-data.s3.amazonaws.com/photos/256200445/medium.jpeg,,PANASONIC-J2-FEB 12TH 2023,,4,0,false,,Black-capped Chickadee,Poecile atricapillus,Черношапочная гаичка,Aves,144815
148744004,bb7fef7c-bb33-46b4-ac8f-25c246d5d0bf,2023/02/12 4:39 PM,2023-02-12,2023-02-12 21:39:00 UTC,America/Nipigon,720577,mhalsted,,2023-02-14 06:00:20 UTC,2023-02-16 01:46:04 UTC,research,CC-BY-NC,https://www.inaturalist.org/observations/148744004,https://inaturalist-open-data.s3.amazonaws.com/photos/256201161/medium.jpeg,,PANASONIC-J2-FEB 12TH 2023,,5,0,false,,Black-capped Chickadee,Poecile atricapillus,Черношапочная гаичка,Aves,144815
148744010,3cf50ea3-6169-492a-8e75-7cd730783800,2023/02/12 4:49 PM,2023-02-12,2023-02-12 21:49:00 UTC,America/Nipigon,720577,mhalsted,,2023-02-14 06:00:23 UTC,2023-02-17 02:48:48 UTC,research,CC-BY-NC,https://www.inaturalist.org/observations/148744010,https://inaturalist-open-data.s3.amazonaws.com/photos/256202155/medium.jpeg,,PANASONIC-J2-FEB 12TH 2023,Happy to pose for me!! :),5,0,false,,Black-capped Chickadee,Poecile atricapillus,Черношапочная гаичка,Aves,144815
148918555,989a700e-ac2e-4699-9025-402aded14c1c,2023/02/16 12:28 AM,2023-02-16,2023-02-16 05:28:00 UTC,Eastern Time (US & Canada),5920309,penelope-anne,Penelope,2023-02-16 19:42:58 UTC,2023-08-03 23:53:31 UTC,research,CC-BY-NC,https://www.inaturalist.org/observations/148918555,https://inaturalist-open-data.s3.amazonaws.com/photos/256532583/medium.jpg,,"",Three or four irresistible menaces.,3,0,false,,Chapim-de-cabeça-preta,Poecile atricapillus,Черношапочная гаичка,Aves,144815
148947880,a6b5f4de-d00d-41d9-873c-00c4d3c6f549,2023/02/14 6:24 PM,2023-02-14,2023-02-14 23:24:00 UTC,America/Nipigon,720577,mhalsted,,2023-02-17 04:42:06 UTC,2023-02-18 12:18:25 UTC,research,CC-BY-NC,https://www.inaturalist.org/observations/148947880,https://inaturalist-open-data.s3.amazonaws.com/photos/256587652/medium.jpeg,,PANASONIC-J2-FEB 14TH 2023,"This is ""Buddy"", he watched while the other ate, now it's his turn for his before dark snack.",4,0,false,,Black-capped Chickadee,Poecile atricapillus,Черношапочная гаичка,Aves,144815
149295715,be6e7412-e783-411a-9dab-a715743676f6,2023/02/20 12:34 PM,2023-02-20,2023-02-20 17:34:00 UTC,America/Nipigon,720577,mhalsted,,2023-02-21 04:08:58 UTC,2023-04-22 23:22:20 UTC,research,CC-BY-NC,https://www.inaturalist.org/observations/149295715,https://inaturalist-open-data.s3.amazonaws.com/photos/257233744/medium.jpeg,,PANASONIC-J2-FEB 20TH 2023,"Here's ""Clinger"" ",2,0,false,,Black-capped Chickadee,Poecile atricapillus,Черношапочная гаичка,Aves,144815
149299414,5d009450-c403-4a34-84b6-4eb9903151d4,2023/02/20 4:43 PM,2023-02-20,2023-02-20 21:43:00 UTC,America/Nipigon,720577,mhalsted,,2023-02-21 05:14:53 UTC,2023-02-23 19:17:17 UTC,research,CC-BY-NC,https://www.inaturalist.org/observations/149299414,https://inaturalist-open-data.s3.amazonaws.com/photos/257243572/medium.jpeg,,PANASONIC-J2-FEB 20TH 2023,What a sweetie.,2,0,false,,Black-capped Chickadee,Poecile atricapillus,Черношапочная гаичка,Aves,144815
149493491,28c306de-1115-4ac1-b80c-287886288852,2023/02/20 4:54 PM,2023-02-20,2023-02-20 21:54:00 UTC,America/Nipigon,720577,mhalsted,,2023-02-23 18:45:29 UTC,2023-02-24 16:32:07 UTC,research,CC-BY-NC,https://www.inaturalist.org/observations/149493491,https://inaturalist-open-data.s3.amazonaws.com/photos/257605473/medium.jpeg,,PANASONIC-J2-FEB 20TH 2023,,4,0,false,,Black-capped Chickadee,Poecile atricapillus,Черношапочная гаичка,Aves,144815
149493502,b3396e9c-c4e3-45d7-b129-3cfade3fb1b7,2023/02/20 5:00 PM,2023-02-20,2023-02-20 22:00:00 UTC,America/Nipigon,720577,mhalsted,,2023-02-23 18:45:33 UTC,2023-02-23 21:17:41 UTC,research,CC-BY-NC,https://www.inaturalist.org/observations/149493502,https://inaturalist-open-data.s3.amazonaws.com/photos/257608019/medium.jpeg,,PANASONIC-J2-FEB 20TH 2023,"This is our ""Buddy""...he's much more laid back than the others.",2,0,false,,Black-capped Chickadee,Poecile atricapillus,Черношапочная гаичка,Aves,144815
149534968,0a0ab985-cc12-4c93-bae2-6275694bd272,2023/02/23 3:08 PM,2023-02-23,2023-02-23 20:08:00 UTC,America/Nipigon,720577,mhalsted,,2023-02-24 05:57:45 UTC,2023-02-26 03:09:59 UTC,research,CC-BY-NC,https://www.inaturalist.org/observations/149534968,https://inaturalist-open-data.s3.amazonaws.com/photos/257689337/medium.jpeg,,PANASONIC-J2-FEB 23RD 2023,"This is our ""Buddy"" ",2,0,false,,Black-capped Chickadee,Poecile atricapillus,Черношапочная гаичка,Aves,144815
149700843,4758a791-d571-4933-8e7c-fbc921f2e9c5,2023/02/25 3:09 PM,2023-02-25,2023-02-25 20:09:00 UTC,America/Nipigon,720577,mhalsted,,2023-02-26 05:18:45 UTC,2023-03-08 20:27:59 UTC,research,CC-BY-NC,https://www.inaturalist.org/observations/149700843,https://inaturalist-open-data.s3.amazonaws.com/photos/257997459/medium.jpeg,,PANASONIC-J2-FEB 25TH 2023,,5,0,false,,Black-capped Chickadee,Poecile atricapillus,Черношапочная гаичка,Aves,144815
149960815,b309b222-13ad-41c0-8cb8-5166b087e673,2023/02/27 3:51 PM,2023-02-27,2023-02-27 20:51:00 UTC,America/Nipigon,720577,mhalsted,,2023-03-01 05:56:04 UTC,2023-03-02 01:46:38 UTC,research,CC-BY-NC,https://www.inaturalist.org/observations/149960815,https://inaturalist-open-data.s3.amazonaws.com/photos/258490781/medium.jpeg,,PANASONIC-J2-FEB 27TH 2023,"You've heard the saying Beer Belly....well this is 'Seed Belly' !!!  
Auto suggestion was 'Pumpkinseed'!!!! LOL!!!",2,0,false,,Black-capped Chickadee,Poecile atricapillus,Черношапочная гаичка,Aves,144815
150074853,3aad2e76-04d9-4f0f-adf7-b009349288a5,2023/03/01 6:08 PM,2023-03-01,2023-03-01 23:08:00 UTC,America/Nipigon,720577,mhalsted,,2023-03-02 19:34:25 UTC,2023-03-05 03:26:34 UTC,research,CC-BY-NC,https://www.inaturalist.org/observations/150074853,https://inaturalist-open-data.s3.amazonaws.com/photos/258704086/medium.jpeg,,PANASONIC-J2-MAR 1ST 2023,At last....a willing subject.,5,0,false,,Black-capped Chickadee,Poecile atricapillus,Черношапочная гаичка,Aves,144815
150206360,8b1912c7-d09b-43c6-b44e-00d03378aa87,2023-03-04 08:14:10,2023-03-04,2023-03-04 13:14:10 UTC,Eastern Time (US & Canada),6084616,elwuo,Elwuo Neline,2023-03-04 13:16:10 UTC,2023-03-04 14:09:42 UTC,research,,https://www.inaturalist.org/observations/150206360,https://static.inaturalist.org/photos/258955356/medium.jpeg,,"",,1,0,false,2,Black-capped Chickadee,Poecile atricapillus,Черношапочная гаичка,Aves,144815
150386628,256a626f-77d5-4f2b-a5c3-6e3a3cfc601a,2023/03/04 11:48 AM,2023-03-04,2023-03-04 16:48:00 UTC,America/Nipigon,720577,mhalsted,,2023-03-06 05:23:58 UTC,2023-04-23 00:34:47 UTC,research,CC-BY-NC,https://www.inaturalist.org/observations/150386628,https://inaturalist-open-data.s3.amazonaws.com/photos/259298285/medium.jpeg,,PANASONIC-J2-MAR 4TH 2023,,3,0,false,,Black-capped Chickadee,Poecile atricapillus,Черношапочная гаичка,Aves,144815
150386648,e0be5837-9d77-478d-87d6-67c653ff9155,2023/03/04 4:22 PM,2023-03-04,2023-03-04 21:22:00 UTC,America/Nipigon,720577,mhalsted,,2023-03-06 05:24:03 UTC,2023-03-07 00:01:54 UTC,research,CC-BY-NC,https://www.inaturalist.org/observations/150386648,https://inaturalist-open-data.s3.amazonaws.com/photos/259301684/medium.jpeg,,PANASONIC-J2-MAR 4TH 2023,"Here's our darling ""Buddy"" still missing those feathers on his side.",3,0,false,,Black-capped Chickadee,Poecile atricapillus,Черношапочная гаичка,Aves,144815
150388054,67d70804-c9f6-43b6-a873-c25572f7c980,2023/03/04 6:20 PM,2023-03-04,2023-03-04 23:20:00 UTC,America/Nipigon,720577,mhalsted,,2023-03-06 05:52:25 UTC,2023-03-07 00:01:21 UTC,research,CC-BY-NC,https://www.inaturalist.org/observations/150388054,https://inaturalist-open-data.s3.amazonaws.com/photos/259304486/medium.jpeg,,PANASONIC-J2-MAR 4TH 2023,,3,0,false,,Black-capped Chickadee,Poecile atricapillus,Черношапочная гаичка,Aves,144815
150471546,1111d2bc-dbd4-4f19-93f6-caaa1a247458,2023/03/05 4:40 PM,2023-03-05,2023-03-05 21:40:00 UTC,America/Nipigon,720577,mhalsted,,2023-03-07 05:55:54 UTC,2023-03-07 11:53:16 UTC,research,CC-BY-NC,https://www.inaturalist.org/observations/150471546,https://inaturalist-open-data.s3.amazonaws.com/photos/259469197/medium.jpeg,,PANASONIC-J2-MAR 5TH 2023,Hey...the feeders are empty.....,3,0,false,,Black-capped Chickadee,Poecile atricapillus,Черношапочная гаичка,Aves,144815
150742824,6a2bde24-c9bc-4735-b76d-5fa8f77e4489,2023/03/02 12:23 PM,2023-03-02,2023-03-02 17:23:00 UTC,America/Nipigon,720577,mhalsted,,2023-03-10 17:00:29 UTC,2023-03-12 17:22:36 UTC,research,CC-BY-NC,https://www.inaturalist.org/observations/150742824,https://inaturalist-open-data.s3.amazonaws.com/photos/259984992/medium.jpeg,,CANON MAR 9TH 2023,"",3,0,false,,Black-capped Chickadee,Poecile atricapillus,Черношапочная гаичка,Aves,144815
150945824,7596a436-6c1b-4a31-a77d-f28d7dfbd9c4,2023/03/11 2:32 PM,2023-03-11,2023-03-11 19:32:00 UTC,America/Nipigon,720577,mhalsted,,2023-03-12 17:28:42 UTC,2023-03-14 11:51:40 UTC,research,CC-BY-NC,https://www.inaturalist.org/observations/150945824,https://inaturalist-open-data.s3.amazonaws.com/photos/260358881/medium.jpeg,,CANON MAR 11TH 2023,"",3,0,false,,Black-capped Chickadee,Poecile atricapillus,Черношапочная гаичка,Aves,144815
150945830,b5adfbe8-2fe9-4080-9f30-028cd89dbaa5,2023/03/11 2:33 PM,2023-03-11,2023-03-11 19:33:00 UTC,America/Nipigon,720577,mhalsted,,2023-03-12 17:28:43 UTC,2023-03-14 11:51:32 UTC,research,CC-BY-NC,https://www.inaturalist.org/observations/150945830,https://inaturalist-open-data.s3.amazonaws.com/photos/260359343/medium.jpeg,,CANON MAR 11TH 2023,"",2,0,false,,Black-capped Chickadee,Poecile atricapillus,Черношапочная гаичка,Aves,144815
150945854,730e5495-a39d-4402-b5a0-2c4a142e6cfb,2023/03/11 3:06 PM,2023-03-11,2023-03-11 20:06:00 UTC,America/Nipigon,720577,mhalsted,,2023-03-12 17:28:47 UTC,2023-03-14 11:50:30 UTC,research,CC-BY-NC,https://www.inaturalist.org/observations/150945854,https://inaturalist-open-data.s3.amazonaws.com/photos/260365030/medium.jpeg,,CANON MAR 11TH 2023,This had to have been the tastiest seed ever...no way was this little guy letting go of it!,2,0,false,,Black-capped Chickadee,Poecile atricapillus,Черношапочная гаичка,Aves,144815
150949588,44fe9fa0-d519-4d91-92c1-3ec01a8c0a9c,2023/03/11 3:11 PM,2023-03-11,2023-03-11 20:11:00 UTC,America/Nipigon,720577,mhalsted,,2023-03-12 18:05:13 UTC,2023-03-15 13:09:53 UTC,research,CC-BY-NC,https://www.inaturalist.org/observations/150949588,https://inaturalist-open-data.s3.amazonaws.com/photos/260372050/medium.jpeg,,CANON MAR 11TH 2023,"",5,0,false,,Black-capped Chickadee,Poecile atricapillus,Черношапочная гаичка,Aves,144815
151317315,64cc7db1-2120-47dc-b0cc-d55d75141958,2023/03/16 12:42 AM,2023-03-16,2023-03-16 04:42:00 UTC,Eastern Time (US & Canada),5920309,penelope-anne,Penelope,2023-03-16 18:22:27 UTC,2023-08-03 23:50:32 UTC,research,CC-BY-NC,https://www.inaturalist.org/observations/151317315,https://inaturalist-open-data.s3.amazonaws.com/photos/261066723/medium.jpg,,"",DON'T MIND IF I DO....,2,0,false,,Black-capped Chickadee,Poecile atricapillus,Черношапочная гаичка,Aves,144815
151800426,b042c8c2-6ddb-4e21-8ee2-a4d97d27b71d,2023/03/20 3:09 PM,2023-03-20,2023-03-20 19:09:00 UTC,America/Nipigon,720577,mhalsted,,2023-03-21 04:28:13 UTC,2023-04-23 00:32:31 UTC,research,CC-BY-NC,https://www.inaturalist.org/observations/151800426,https://inaturalist-open-data.s3.amazonaws.com/photos/261974763/medium.jpeg,,PANASONIC-J2-MAR 20TH 2023,"Here's ""Clinger""....in a hurry, gone in the next pic!",3,0,false,,Black-capped Chickadee,Poecile atricapillus,Черношапочная гаичка,Aves,144815
151996600,c8ad128f-178a-4c1e-b056-82a80bafcc6b,2023/03/22 5:49 PM,2023-03-22,2023-03-22 21:49:00 UTC,America/Nipigon,720577,mhalsted,,2023-03-23 03:56:27 UTC,2023-03-26 02:54:12 UTC,research,CC-BY-NC,https://www.inaturalist.org/observations/151996600,https://inaturalist-open-data.s3.amazonaws.com/photos/262341770/medium.jpeg,,PANASONIC-J2-MAR 22 2023,One shot deal...in a hurry & even Buddy wouldn't come over tonight,4,0,false,,Black-capped Chickadee,Poecile atricapillus,Черношапочная гаичка,Aves,144815
152695447,5da1700c-c348-4643-9875-82fa2218fac2,2023/03/26 4:14 PM,2023-03-26,2023-03-26 20:14:00 UTC,America/Nipigon,720577,mhalsted,,2023-03-29 04:06:41 UTC,2023-03-29 05:45:35 UTC,research,CC-BY-NC,https://www.inaturalist.org/observations/152695447,https://inaturalist-open-data.s3.amazonaws.com/photos/263626491/medium.jpeg,,PANASONIC-J2-MAR 26TH 2023,Looks as if he has a tick on his neck in pic #3,1,0,false,,Black-capped Chickadee,Poecile atricapillus,Черношапочная гаичка,Aves,144815
154298442,18eb4860-8bea-4747-9b7c-2bebdacdda39,2023/03/28 5:13 PM,2023-03-28,2023-03-28 21:13:00 UTC,America/Nipigon,720577,mhalsted,,2023-04-10 17:24:35 UTC,2023-04-13 14:00:19 UTC,research,CC-BY-NC,https://www.inaturalist.org/observations/154298442,https://inaturalist-open-data.s3.amazonaws.com/photos/266589617/medium.jpeg,,PANASONIC-J2-MAR 28TH 2023,"You want photos???? I give you photos!!!
I think he was disappointed when I finally turned to other birds!!!",4,0,false,,Black-capped Chickadee,Poecile atricapillus,Черношапочная гаичка,Aves,144815
154663392,9b9b13a5-1957-4f9f-a853-ff5105026809,2023/04/01 12:19 PM,2023-04-01,2023-04-01 16:19:00 UTC,America/Nipigon,720577,mhalsted,,2023-04-13 05:15:29 UTC,2023-04-14 00:56:23 UTC,research,CC-BY-NC,https://www.inaturalist.org/observations/154663392,https://inaturalist-open-data.s3.amazonaws.com/photos/267261095/medium.jpeg,,PANASONIC-J2-APR 1ST 2023,,3,0,false,,Black-capped Chickadee,Poecile atricapillus,Черношапочная гаичка,Aves,144815
154924265,e1513341-63cb-4231-9750-a575994a7215,2023/04/01 3:04 PM,2023-04-01,2023-04-01 19:04:00 UTC,America/Nipigon,720577,mhalsted,,2023-04-15 04:39:03 UTC,2023-04-15 14:22:39 UTC,research,CC-BY-NC,https://www.inaturalist.org/observations/154924265,https://inaturalist-open-data.s3.amazonaws.com/photos/267740607/medium.jpeg,,PANASONIC-J2-APR 1ST 2023,"Incoming.....Kind of a weird landing approach, but what do I know....",2,0,false,,Black-capped Chickadee,Poecile atricapillus,Черношапочная гаичка,Aves,144815
154926856,4e2ddab1-0a78-4c45-b9e0-72574cc019f1,2023/04/02 11:12 AM,2023-04-02,2023-04-02 15:12:00 UTC,America/Nipigon,720577,mhalsted,,2023-04-15 05:11:42 UTC,2023-04-15 14:21:34 UTC,research,CC-BY-NC,https://www.inaturalist.org/observations/154926856,https://inaturalist-open-data.s3.amazonaws.com/photos/267742185/medium.jpeg,,PANASONIC-J2-APR 2ND 2023,,2,0,false,,Black-capped Chickadee,Poecile atricapillus,Черношапочная гаичка,Aves,144815
156181611,c0e16045-fc61-4b22-82b2-55e74781494c,2023/04/12 5:57 PM,2023-04-12,2023-04-12 21:57:00 UTC,America/Nipigon,720577,mhalsted,,2023-04-23 04:34:59 UTC,2023-04-24 04:02:37 UTC,research,CC-BY-NC,https://www.inaturalist.org/observations/156181611,https://inaturalist-open-data.s3.amazonaws.com/photos/270030258/medium.jpeg,,PANASONIC-J2-APR 12TH 2023,"You mean I get to help myself???? BONUS!!!!!
 Note the size of the chosen peanut, AFTER he threw out the skin (#2 pic).....",4,0,false,,Black-capped Chickadee,Poecile atricapillus,Черношапочная гаичка,Aves,144815
158475894,816485bc-0e54-43f2-acec-1e0a6a95ad76,2023/04/21 10:54 AM,2023-04-21,2023-04-21 14:54:00 UTC,America/Nipigon,720577,mhalsted,,2023-05-01 03:57:29 UTC,2023-05-02 20:17:44 UTC,research,CC-BY-NC,https://www.inaturalist.org/observations/158475894,https://inaturalist-open-data.s3.amazonaws.com/photos/273001461/medium.jpeg,,CANON APR 21ST 2023,"Well... the cover blew off the porch light & I found all these dead moths, my friend came along, thought he'd check 'em out....Chose one, then carefully placed it back in  my hand (that's it on the very edge of my hand) & chose a better looking one...(Pic #5) Obviously better tasting than peanuts!!!  He came back until they were all gone.....Hope he doesn't expect this extra treat from now on!!! Separate post for the dead moth. ",4,0,false,,Black-capped Chickadee,Poecile atricapillus,Черношапочная гаичка,Aves,144815
158475896,fa5ecfb6-16cd-47e1-a60e-712bf60f2560,2023/04/21 10:55 AM,2023-04-21,2023-04-21 14:55:00 UTC,America/Nipigon,720577,mhalsted,,2023-05-01 03:57:29 UTC,2023-05-17 00:47:41 UTC,research,CC-BY-NC,https://www.inaturalist.org/observations/158475896,https://inaturalist-open-data.s3.amazonaws.com/photos/273007510/medium.jpeg,,CANON APR 21ST 2023,"This one is sooo cute...She comes over calling in a soft little voice ""feed dee feed dee"" fluttering her little wings as she lands on my hand & carefully takes a peanut! Maybe she lost her mate, I don't know but she is always fluttering her wings & using the soft little voice. She comes to my hand with no hesitation,so has to be a regular. She chose a peanut over the moth ",4,0,false,,Black-capped Chickadee,Poecile atricapillus,Черношапочная гаичка,Aves,144815
160375639,793f754c-533c-40e6-8a81-b496ff16df4c,2023/04/27 11:34 AM,2023-04-27,2023-04-27 15:34:00 UTC,Eastern Time (US & Canada),5370387,little_blue_heron,,2023-05-07 18:28:03 UTC,2023-10-30 05:42:31 UTC,research,CC-BY-NC,https://www.inaturalist.org/observations/160375639,https://inaturalist-open-data.s3.amazonaws.com/photos/277011651/medium.jpeg,,"",,2,0,false,,Black-capped Chickadee,Poecile atricapillus,Черношапочная гаичка,Aves,144815
161926147,4a359c3a-42fd-47fb-a7c3-bf43cb07fc15,2023/05/09 11:20 AM,2023-05-09,2023-05-09 15:20:00 UTC,America/Nipigon,720577,mhalsted,,2023-05-16 04:21:42 UTC,2023-05-17 01:09:01 UTC,research,CC-BY-NC,https://www.inaturalist.org/observations/161926147,https://inaturalist-open-data.s3.amazonaws.com/photos/279928255/medium.jpeg,,CANON MAY 9TH 2023,"Well here's ""Feed Dee"" - came down to the lake looking for me...Yup, I had the peanuts handy....",2,0,false,,Black-capped Chickadee,Poecile atricapillus,Черношапочная гаичка,Aves,144815
161926152,98aa4da5-63db-40b8-ac6d-8b2f0fa1afae,2023/05/09 11:23 AM,2023-05-09,2023-05-09 15:23:00 UTC,America/Nipigon,720577,mhalsted,,2023-05-16 04:21:43 UTC,2023-05-17 06:08:47 UTC,research,CC-BY-NC,https://www.inaturalist.org/observations/161926152,https://inaturalist-open-data.s3.amazonaws.com/photos/279929646/medium.jpeg,,CANON MAY 9TH 2023,"Yes, it's 'Feed Dee' again....came back for seconds... She was busy mouthing off at me in pic #2..Maybe she wanted Sunflower seeds instead..",2,0,false,,Black-capped Chickadee,Poecile atricapillus,Черношапочная гаичка,Aves,144815
162812325,eec0baad-c4e9-493d-877f-bb551a7c98ac,2023/05/13 2:35 PM,2023-05-13,2023-05-13 18:35:00 UTC,America/Nipigon,720577,mhalsted,,2023-05-21 04:13:43 UTC,2023-05-21 12:01:29 UTC,research,CC-BY-NC,https://www.inaturalist.org/observations/162812325,https://inaturalist-open-data.s3.amazonaws.com/photos/281540283/medium.jpeg,,CANON MAY 13TH 2023,"Now that's better little 'Feed Dee'!! She has very scruffy feathers on her tummy, & the only one that still comes to me, now that winter is over....Well at least until they start bringing over their young 'uns!!.",2,0,false,,Black-capped Chickadee,Poecile atricapillus,Черношапочная гаичка,Aves,144815
163765512,1e5c0c13-0f6e-4f6f-8536-3ebf05598659,2023/05/19 10:46 AM,2023-05-19,2023-05-19 14:46:00 UTC,America/Nipigon,720577,mhalsted,,2023-05-26 04:51:15 UTC,2023-10-14 03:36:26 UTC,research,CC-BY-NC,https://www.inaturalist.org/observations/163765512,https://inaturalist-open-data.s3.amazonaws.com/photos/283282153/medium.jpeg,,CANON MAY 19 2023,"Here's 'Feed Dee'...she landed on the camera,so these were the only decent shots I got of her.",4,0,false,,Black-capped Chickadee,Poecile atricapillus,Черношапочная гаичка,Aves,144815
164357931,97109d92-9fa8-44dc-93f7-828eda86128b,2023/05/22 9:59 AM,2023-05-22,2023-05-22 13:59:00 UTC,America/Nipigon,720577,mhalsted,,2023-05-29 03:58:16 UTC,2023-05-30 01:49:16 UTC,research,CC-BY-NC,https://www.inaturalist.org/observations/164357931,https://inaturalist-open-data.s3.amazonaws.com/photos/284362306/medium.jpeg,,CANON-MAY 22ND 2023,Here's 'Feed Dee' ,3,0,false,,Black-capped Chickadee,Poecile atricapillus,Черношапочная гаичка,Aves,144815
167693590,5d682a94-6a8c-488f-96ee-f9ee7b069874,2023/06/16 7:07 AM,2023-06-16,2023-06-16 11:07:00 UTC,Eastern Time (US & Canada),6942171,josiah_reed,,2023-06-16 13:42:02 UTC,2023-06-16 13:46:59 UTC,research,CC-BY-NC,https://www.inaturalist.org/observations/167693590,https://inaturalist-open-data.s3.amazonaws.com/photos/290532058/medium.jpeg,,"",,1,0,false,,Black-capped Chickadee,Poecile atricapillus,Черношапочная гаичка,Aves,144815
168235308,a37ebcaf-f4c1-4cf2-a269-be479ea6b778,2023/06/18 3:25 PM,2023-06-18,2023-06-18 19:25:00 UTC,America/Nipigon,720577,mhalsted,,2023-06-19 03:36:01 UTC,2023-06-22 21:53:21 UTC,research,CC-BY-NC,https://www.inaturalist.org/observations/168235308,https://inaturalist-open-data.s3.amazonaws.com/photos/291533294/medium.jpeg,,PANASONIC-J2-JUN 18TH 2023,Hey Mama....we're back.....!!! One of three that ambushed me in the front yard looking for peanuts! ,4,0,false,,Black-capped Chickadee,Poecile atricapillus,Черношапочная гаичка,Aves,144815
169541469,4e64c148-175a-477c-a879-864a3ea31ccf,2023/06/25 12:18 PM,2023-06-25,2023-06-25 16:18:00 UTC,America/Nipigon,720577,mhalsted,,2023-06-26 06:14:55 UTC,2023-06-27 23:01:45 UTC,research,CC-BY-NC,https://www.inaturalist.org/observations/169541469,https://inaturalist-open-data.s3.amazonaws.com/photos/293936051/medium.jpeg,,PANASONIC-J2-JUN 25TH 2023,"BUDDY!! I know it's him/her because of the missing patch of feathers on its' rt side.Whatever happened to him/her, the feathers never grew back in. Had not seen him for a couple of months, then saw him/her near end of May (photo not uploaded yet). Sooo happy he's back! And as per usual, he had a min to sit & look around like he always does!    :). ",3,0,false,,Black-capped Chickadee,Poecile atricapillus,Черношапочная гаичка,Aves,144815
171196548,8ecc5a6e-a9b6-433b-ac09-a4570164572d,2023-07-03 12:52:20-04:00,2023-07-03,2023-07-03 16:52:20 UTC,Eastern Time (US & Canada),5632778,wakk4457,,2023-07-05 13:03:55 UTC,2023-07-10 18:33:08 UTC,research,CC-BY-NC,https://www.inaturalist.org/observations/171196548,https://inaturalist-open-data.s3.amazonaws.com/photos/297043350/medium.jpg,,"","",1,0,false,3,Black-capped Chickadee,Poecile atricapillus,Черношапочная гаичка,Aves,144815
172497873,d424b569-729e-4dc7-a0cf-6915158b2705,2023/07/11 12:48 PM,2023-07-11,2023-07-11 16:48:00 UTC,Eastern Time (US & Canada),2044860,ckhunt,Craig K. Hunt,2023-07-12 12:58:06 UTC,2024-12-10 14:48:53 UTC,research,CC-BY-NC,https://www.inaturalist.org/observations/172497873,https://inaturalist-open-data.s3.amazonaws.com/photos/299463267/medium.jpeg,,"",taking advantage of dog-brushing resources ...,2,0,false,,Black-capped Chickadee,Poecile atricapillus,Черношапочная гаичка,Aves,144815
173998400,5b590883-d6a9-4021-8737-5fdfc1a0bcb5,2023/07/17 3:48 PM,2023-07-17,2023-07-17 19:48:00 UTC,America/Nipigon,720577,mhalsted,,2023-07-20 20:53:31 UTC,2023-07-22 05:52:11 UTC,research,CC-BY-NC,https://www.inaturalist.org/observations/173998400,https://inaturalist-open-data.s3.amazonaws.com/photos/302178691/medium.jpeg,,CANON JUL 17TH 2023,"Our ""Buddy!""  He came readily for his hand feeding, brought his little mate with him too. His feathers that have been missing since late winter are finally growing back in....only now they are dark colored. At least he survived whatever happened to him.",3,0,false,,Black-capped Chickadee,Poecile atricapillus,Черношапочная гаичка,Aves,144815
174086337,eab8ec16-7e37-48b8-9d0f-9d79b7ea54c1,2023-07-20 17:55:27-04:00,2023-07-20,2023-07-20 21:55:27 UTC,Eastern Time (US & Canada),5584963,donnad20,,2023-07-21 12:43:16 UTC,2025-12-17 18:25:20 UTC,needs_id,,https://www.inaturalist.org/observations/174086337,https://static.inaturalist.org/photos/303475987/medium.jpg,,"","",1,0,false,3,Black-capped Chickadee,Poecile atricapillus,Черношапочная гаичка,Aves,144815
174152767,64b80dd6-b021-4cc2-b148-bc631f548533,2023-07-21 15:51:00,2023-07-21,2023-07-21 19:51:00 UTC,America/Nipigon,4011812,mathieu_belanger,Mathieu Bélanger,2023-07-21 19:52:02 UTC,2024-03-11 04:00:42 UTC,research,,https://www.inaturalist.org/observations/174152767,https://static.inaturalist.org/photos/302521742/medium.jpeg,,"",,2,0,false,2,Black-capped Chickadee,Poecile atricapillus,Черношапочная гаичка,Aves,144815
176655169,0485a95c-3515-4167-8bbd-b31ef70d33c5,2023-04-11 15:51:21,2023-04-11,2023-04-11 19:51:21 UTC,Eastern Time (US & Canada),5927797,batiiix,"",2023-08-04 20:03:37 UTC,2023-08-04 21:59:35 UTC,research,CC-BY-NC,https://www.inaturalist.org/observations/176655169,https://inaturalist-open-data.s3.amazonaws.com/photos/307150148/medium.jpeg,,"",,2,0,false,2,Black-capped Chickadee,Poecile atricapillus,Черношапочная гаичка,Aves,144815
176906735,553454e9-b373-4788-a844-ff049876064c,2023/08/04 10:36 AM,2023-08-04,2023-08-04 14:36:00 UTC,America/Nipigon,720577,mhalsted,,2023-08-06 04:10:53 UTC,2023-08-06 05:17:23 UTC,research,CC-BY-NC,https://www.inaturalist.org/observations/176906735,https://inaturalist-open-data.s3.amazonaws.com/photos/307615615/medium.jpeg,,CANON AUG 4TH 2023,He has a seed held firmly in his feet.,3,0,false,,Black-capped Chickadee,Poecile atricapillus,Черношапочная гаичка,Aves,144815
176907021,f0f6468e-065c-4038-af50-631fac95e23e,2023/08/04 10:37 AM,2023-08-04,2023-08-04 14:37:00 UTC,America/Nipigon,720577,mhalsted,,2023-08-06 04:14:28 UTC,2023-08-06 05:30:05 UTC,research,CC-BY-NC,https://www.inaturalist.org/observations/176907021,https://inaturalist-open-data.s3.amazonaws.com/photos/307616517/medium.jpeg,,CANON AUG 4TH 2023,"This is our 'Buddy' and we are celebrating my 25,000 observations!",3,0,false,,Black-capped Chickadee,Poecile atricapillus,Черношапочная гаичка,Aves,144815
176916352,f8a98925-7efe-495b-8037-923d7c2291ba,2023/08/04 10:50 AM,2023-08-04,2023-08-04 14:50:00 UTC,America/Nipigon,720577,mhalsted,,2023-08-06 06:00:22 UTC,2023-08-06 22:45:22 UTC,research,CC-BY-NC,https://www.inaturalist.org/observations/176916352,https://inaturalist-open-data.s3.amazonaws.com/photos/307629576/medium.jpeg,,CANON AUG 4TH 2023,"Pic #2 show him on a nearby banch...they're not storing the seeds, they are eating them.. And no signs of any babies this year... :(",2,0,false,,Black-capped Chickadee,Poecile atricapillus,Черношапочная гаичка,Aves,144815
177030684,a535edd4-432b-40db-8ac6-71d89402598f,2023-08-06 15:39:43-04:00,2023-08-06,2023-08-06 19:39:43 UTC,Eastern Time (US & Canada),5584963,donnad20,,2023-08-06 19:42:48 UTC,2024-12-17 10:42:33 UTC,research,,https://www.inaturalist.org/observations/177030684,https://static.inaturalist.org/photos/307849972/medium.jpg,,"","",3,0,false,3,Black-capped Chickadee,Poecile atricapillus,Черношапочная гаичка,Aves,144815
177936670,e6f45db5-f94e-4840-8e95-a2ab06ccc145,2023/08/09 5:05 PM,2023-08-09,2023-08-09 21:05:00 UTC,America/Nipigon,720577,mhalsted,,2023-08-12 03:32:29 UTC,2023-08-13 03:19:00 UTC,research,CC-BY-NC,https://www.inaturalist.org/observations/177936670,https://inaturalist-open-data.s3.amazonaws.com/photos/309536904/medium.jpeg,,PANASONIC-J2-AUG 9TH 2023,,2,0,false,,Black-capped Chickadee,Poecile atricapillus,Черношапочная гаичка,Aves,144815
177943832,c48861fc-10ea-4029-ab07-b1a0b74e62d2,2023/08/09 5:20 PM,2023-08-09,2023-08-09 21:20:00 UTC,America/Nipigon,720577,mhalsted,,2023-08-12 04:52:49 UTC,2023-08-13 05:57:18 UTC,research,CC-BY-NC,https://www.inaturalist.org/observations/177943832,https://inaturalist-open-data.s3.amazonaws.com/photos/309545615/medium.jpeg,,PANASONIC-J2-AUG 9TH 2023,Wow...a multicolored Chickadee!!,2,0,false,,Black-capped Chickadee,Poecile atricapillus,Черношапочная гаичка,Aves,144815
178118129,804934d1-7313-4d01-a9c3-9a3e2c297a12,2023/08/11 4:44 PM,2023-08-11,2023-08-11 20:44:00 UTC,America/Nipigon,720577,mhalsted,,2023-08-13 04:11:21 UTC,2023-08-13 12:33:47 UTC,research,CC-BY-NC,https://www.inaturalist.org/observations/178118129,https://inaturalist-open-data.s3.amazonaws.com/photos/309879423/medium.jpeg,,PANASONIC-J2-AUG 11TH 2023,Let's see...which one do I want.....,1,0,false,,Black-capped Chickadee,Poecile atricapillus,Черношапочная гаичка,Aves,144815
178161691,a1ad94e8-97ec-42c9-b5c1-88cfc86d5dfe,2023/08/12 11:57 AM,2023-08-12,2023-08-12 15:57:00 UTC,America/Nipigon,720577,mhalsted,,2023-08-13 12:25:37 UTC,2023-08-14 13:03:50 UTC,research,CC-BY-NC,https://www.inaturalist.org/observations/178161691,https://inaturalist-open-data.s3.amazonaws.com/photos/309891401/medium.jpeg,,PANASONIC-J2-AUG 12TH 2023,"There were two of them, this one arrived without warning, out of nowhere, I was waiting for the one sitting on a branch.",2,0,false,,Black-capped Chickadee,Poecile atricapillus,Черношапочная гаичка,Aves,144815
178316555,dd42a821-b229-4638-8659-8a6a7274cd66,2023/08/13 12:35 PM,2023-08-13,2023-08-13 16:35:00 UTC,America/Nipigon,720577,mhalsted,,2023-08-14 04:29:54 UTC,2023-08-14 04:32:07 UTC,research,CC-BY-NC,https://www.inaturalist.org/observations/178316555,https://inaturalist-open-data.s3.amazonaws.com/photos/310268176/medium.jpeg,,CANON AUG 13TH 2023,"",1,0,false,,Black-capped Chickadee,Poecile atricapillus,Черношапочная гаичка,Aves,144815
178320063,57480197-584c-46f3-81d6-42b333fa82b2,2023/08/13 12:48 PM,2023-08-13,2023-08-13 16:48:00 UTC,America/Nipigon,720577,mhalsted,,2023-08-14 05:09:37 UTC,2023-08-15 12:19:27 UTC,research,CC-BY-NC,https://www.inaturalist.org/observations/178320063,https://inaturalist-open-data.s3.amazonaws.com/photos/310273982/medium.jpeg,,CANON AUG 13TH 2023,Excuse me...but in case YOU don't know it....these are NOT peanuts....and they are VERY SMALL sunflower seeds...(picky picky). Little brats...they just packed/hid them away in branches....followed me home & demanded peanuts...which they ate on the spot...,2,0,false,,Black-capped Chickadee,Poecile atricapillus,Черношапочная гаичка,Aves,144815
178478574,c12aaf87-3298-40e5-bd10-20817702ec2c,2023/08/13 1:01 PM,2023-08-13,2023-08-13 17:01:00 UTC,America/Nipigon,720577,mhalsted,,2023-08-15 03:53:00 UTC,2023-08-15 15:04:20 UTC,research,CC-BY-NC,https://www.inaturalist.org/observations/178478574,https://inaturalist-open-data.s3.amazonaws.com/photos/310565571/medium.jpeg,,CANON AUG 13TH 2023,"What do you mean, you were taking photos of a hummingbird moth??? What about me...I want treats.... (sigh)",4,0,false,,Black-capped Chickadee,Poecile atricapillus,Черношапочная гаичка,Aves,144815
178478577,cab0772f-79f1-4da7-8b33-6296bc2d8901,2023/08/13 1:05 PM,2023-08-13,2023-08-13 17:05:00 UTC,America/Nipigon,720577,mhalsted,,2023-08-15 03:53:02 UTC,2023-08-15 12:17:52 UTC,research,CC-BY-NC,https://www.inaturalist.org/observations/178478577,https://inaturalist-open-data.s3.amazonaws.com/photos/310568866/medium.jpeg,,CANON AUG 13TH 2023,"Trouble is he knows when he looks at me like that, he can have anything he wants...He changed his mind twice & in the end chose a much larger seed.... 2 of several following me on my 'peaceful' walk......",3,0,false,,Black-capped Chickadee,Poecile atricapillus,Черношапочная гаичка,Aves,144815
178478581,4e6596e7-01a4-4923-b3f6-46986624ea1a,2023/08/13 1:11 PM,2023-08-13,2023-08-13 17:11:00 UTC,America/Nipigon,720577,mhalsted,,2023-08-15 03:53:02 UTC,2023-08-15 12:17:37 UTC,research,CC-BY-NC,https://www.inaturalist.org/observations/178478581,https://inaturalist-open-data.s3.amazonaws.com/photos/310570414/medium.jpeg,,CANON AUG 13TH 2023,"See how prettily I pose for you,.....(sigh...what are you going to do....you go get more treats, that's what you do....).    :)",4,0,false,,Black-capped Chickadee,Poecile atricapillus,Черношапочная гаичка,Aves,144815
178749859,b00f25ca-e2d3-4347-a00f-14b0e24a921a,2023/08/15 3:43 PM,2023-08-15,2023-08-15 19:43:00 UTC,America/Nipigon,720577,mhalsted,,2023-08-16 21:37:19 UTC,2023-08-17 13:51:57 UTC,research,CC-BY-NC,https://www.inaturalist.org/observations/178749859,https://inaturalist-open-data.s3.amazonaws.com/photos/311084935/medium.jpeg,,PANASONIC-J2-AUG 15TH 2023,"Ooops...I think I dropped a seed on the dog's head (#4), oh well.....",2,0,false,,Black-capped Chickadee,Poecile atricapillus,Черношапочная гаичка,Aves,144815
178921458,0bd93691-c7e8-48af-a9f1-435c382f6a3a,2023/08/16 9:54 AM,2023-08-16,2023-08-16 13:54:00 UTC,America/Nipigon,720577,mhalsted,,2023-08-18 00:38:12 UTC,2023-08-18 00:48:39 UTC,research,CC-BY-NC,https://www.inaturalist.org/observations/178921458,https://inaturalist-open-data.s3.amazonaws.com/photos/311417248/medium.jpeg,,CANON AUG 16TH 2023,He really wanted to grab a 2nd...but decided not to.,2,0,false,,Black-capped Chickadee,Poecile atricapillus,Черношапочная гаичка,Aves,144815
178937785,b3ff876a-4c24-40ce-89c1-87361d7bf6c1,2023/08/16 10:45 AM,2023-08-16,2023-08-16 14:45:00 UTC,America/Nipigon,720577,mhalsted,,2023-08-18 03:08:33 UTC,2023-08-18 04:32:14 UTC,research,CC-BY-NC,https://www.inaturalist.org/observations/178937785,https://inaturalist-open-data.s3.amazonaws.com/photos/311450698/medium.jpeg,,CANON AUG 16TH 2023,I love this one. Sooo darn cute!!!,1,0,false,,Black-capped Chickadee,Poecile atricapillus,Черношапочная гаичка,Aves,144815
180020236,f902c689-05a4-4069-9530-e201d922af38,2023-08-24 15:50:29-04:00,2023-08-24,2023-08-24 19:50:29 UTC,Eastern Time (US & Canada),16147,declanmccabe,Declan McCabe,2023-08-24 19:58:50 UTC,2025-01-02 15:09:05 UTC,research,CC-BY,https://www.inaturalist.org/observations/180020236,https://inaturalist-open-data.s3.amazonaws.com/photos/313506319/medium.jpg,,"",A bit gruesome. Nature I guess. Ants and yellow jackets were recycling ,1,0,false,3,Black-capped Chickadee,Poecile atricapillus,Черношапочная гаичка,Aves,144815
180224785,02bfc269-2956-4186-9f99-8a0cd62e0a7b,2023/08/24 10:28 AM,2023-08-24,2023-08-24 14:28:00 UTC,America/Nipigon,720577,mhalsted,,2023-08-26 05:04:22 UTC,2023-08-26 06:42:59 UTC,research,CC-BY-NC,https://www.inaturalist.org/observations/180224785,https://inaturalist-open-data.s3.amazonaws.com/photos/313896526/medium.jpeg,,CANON-AUG 24TH 2023,"",1,0,false,,Black-capped Chickadee,Poecile atricapillus,Черношапочная гаичка,Aves,144815
180224786,38c94ed0-10d0-48ae-8792-dc3b25e39a9e,2023/08/24 10:30 AM,2023-08-24,2023-08-24 14:30:00 UTC,America/Nipigon,720577,mhalsted,,2023-08-26 05:04:23 UTC,2023-08-26 06:42:53 UTC,research,CC-BY-NC,https://www.inaturalist.org/observations/180224786,https://inaturalist-open-data.s3.amazonaws.com/photos/313896936/medium.jpeg,,CANON-AUG 24TH 2023,"Hmmm...I wonder what he was saying....there was a hawk calling nearby, I was surprised this little guy came out of the woods, but he did remain very close to me all the way back to the house.",1,0,false,,Black-capped Chickadee,Poecile atricapillus,Черношапочная гаичка,Aves,144815
180224789,2f0d10d9-1d44-4d42-b054-bad8f23d40ba,2023/08/24 10:32 AM,2023-08-24,2023-08-24 14:32:00 UTC,America/Nipigon,720577,mhalsted,,2023-08-26 05:04:23 UTC,2023-09-10 17:15:26 UTC,research,CC-BY-NC,https://www.inaturalist.org/observations/180224789,https://inaturalist-open-data.s3.amazonaws.com/photos/313897811/medium.jpeg,,CANON-AUG 24TH 2023,Our 'buddy' looking much better these days!,3,0,false,,Black-capped Chickadee,Poecile atricapillus,Черношапочная гаичка,Aves,144815
180261274,1b17df45-8ace-4515-8eaa-3fd2ab1b979e,2023/08/25 11:46 AM,2023-08-25,2023-08-25 15:46:00 UTC,America/Nipigon,720577,mhalsted,,2023-08-26 13:08:36 UTC,2023-12-20 18:07:20 UTC,research,CC-BY-NC,https://www.inaturalist.org/observations/180261274,https://inaturalist-open-data.s3.amazonaws.com/photos/313958178/medium.jpeg,,CANON-AUG 25TH 2023,No comment..... (And no he didn't leave empty handed!!),3,0,false,,Black-capped Chickadee,Poecile atricapillus,Черношапочная гаичка,Aves,144815
180560924,327c1dc0-eb21-48db-8f95-d4c71ea04e99,2023/08/25 3:24 PM,2023-08-25,2023-08-25 19:24:00 UTC,America/Nipigon,720577,mhalsted,,2023-08-28 02:30:39 UTC,2023-09-10 17:14:27 UTC,research,CC-BY-NC,https://www.inaturalist.org/observations/180560924,https://inaturalist-open-data.s3.amazonaws.com/photos/314543211/medium.jpg,,PANASONIC-J2-AUG 25TH 2023,,2,0,false,,Black-capped Chickadee,Poecile atricapillus,Черношапочная гаичка,Aves,144815
180583915,a66ab70c-24e9-4bee-9cd8-f8ec0844503b,2023/08/26 11:18 AM,2023-08-26,2023-08-26 15:18:00 UTC,America/Nipigon,720577,mhalsted,,2023-08-28 07:15:18 UTC,2023-09-10 17:14:20 UTC,research,CC-BY-NC,https://www.inaturalist.org/observations/180583915,https://inaturalist-open-data.s3.amazonaws.com/photos/314583716/medium.jpeg,,CANON-AUG 26TH 2023,He was showing off in the 2nd photo.,2,0,false,,Black-capped Chickadee,Poecile atricapillus,Черношапочная гаичка,Aves,144815
180583916,7169b2d1-2cd6-4eb4-b60b-c21b61ec21c8,2023/08/26 11:18 AM,2023-08-26,2023-08-26 15:18:00 UTC,America/Nipigon,720577,mhalsted,,2023-08-28 07:15:19 UTC,2023-09-10 17:14:20 UTC,research,CC-BY-NC,https://www.inaturalist.org/observations/180583916,https://inaturalist-open-data.s3.amazonaws.com/photos/314584498/medium.jpeg,,CANON-AUG 26TH 2023,"Well, at least I'm not alone...my devoted followers are always with me!!! I have no idea what he was saying though.....Maybe he was telling the other one to stop acting like a clown!!",2,0,false,,Black-capped Chickadee,Poecile atricapillus,Черношапочная гаичка,Aves,144815
180613030,ffe532f5-d3ad-4798-b49a-c593713f9e15,2023/08/26 2:35 PM,2023-08-26,2023-08-26 18:35:00 UTC,America/Nipigon,720577,mhalsted,,2023-08-28 13:28:17 UTC,2023-12-20 18:07:03 UTC,research,CC-BY-NC,https://www.inaturalist.org/observations/180613030,https://inaturalist-open-data.s3.amazonaws.com/photos/314636232/medium.jpeg,,CANON-AUG 26TH 2023,"SERIOUSLY????  I've named this one 'Silly Dee'...I love the way he turns to look at me in the last frame,like he's saying ""Are you getting all this?!""  It brings a smile to my face...Hope it brings one to yours as well  :)",3,0,false,,Black-capped Chickadee,Poecile atricapillus,Черношапочная гаичка,Aves,144815
180613036,e099c4aa-7480-4744-842c-d7fb2cf92ef5,2023/08/26 3:23 PM,2023-08-26,2023-08-26 19:23:00 UTC,America/Nipigon,720577,mhalsted,,2023-08-28 13:28:19 UTC,2023-09-10 17:14:08 UTC,research,CC-BY-NC,https://www.inaturalist.org/observations/180613036,https://inaturalist-open-data.s3.amazonaws.com/photos/314642415/medium.jpeg,,CANON-AUG 26TH 2023,"",2,0,false,,Black-capped Chickadee,Poecile atricapillus,Черношапочная гаичка,Aves,144815
180613042,6283b246-a777-4a85-90a1-8227a11af5c0,2023/08/26 3:21 PM,2023-08-26,2023-08-26 19:21:00 UTC,America/Nipigon,720577,mhalsted,,2023-08-28 13:28:20 UTC,2023-09-10 17:14:07 UTC,research,CC-BY-NC,https://www.inaturalist.org/observations/180613042,https://inaturalist-open-data.s3.amazonaws.com/photos/314644828/medium.jpeg,,CANON-AUG 26TH 2023,"",2,0,false,,Black-capped Chickadee,Poecile atricapillus,Черношапочная гаичка,Aves,144815
181114739,a41c0c2d-371a-4a5f-bb16-2129f910c84d,2023/08/31 10:55 AM,2023-08-31,2023-08-31 14:55:00 UTC,America/Nipigon,720577,mhalsted,,2023-08-31 21:27:20 UTC,2023-09-13 15:52:34 UTC,research,CC-BY-NC,https://www.inaturalist.org/observations/181114739,https://inaturalist-open-data.s3.amazonaws.com/photos/315598196/medium.jpeg,,CANON AUG 31ST 2023,"Our ""Buddy'...(Scruffy bib!)",3,0,false,,Black-capped Chickadee,Poecile atricapillus,Черношапочная гаичка,Aves,144815
181309170,a45c8991-8a01-4a11-95ef-d7b1a282ee8b,2023/09/01 12:49 PM,2023-09-01,2023-09-01 16:49:00 UTC,America/Nipigon,720577,mhalsted,,2023-09-02 04:17:58 UTC,2023-09-03 04:14:01 UTC,research,CC-BY-NC,https://www.inaturalist.org/observations/181309170,https://inaturalist-open-data.s3.amazonaws.com/photos/315961787/medium.jpeg,,PANASONIC-J2-SEPT 1 2023,YAHOOOO....Here I come.....(sigh)....,3,0,false,,Black-capped Chickadee,Poecile atricapillus,Черношапочная гаичка,Aves,144815
185845051,d9cf0ebc-cbda-4c22-88ac-bae898c19b90,2023/10/01 12:32 PM,2023-10-01,2023-10-01 16:32:00 UTC,America/Nipigon,720577,mhalsted,,2023-10-02 01:57:43 UTC,2023-10-02 12:57:22 UTC,research,CC-BY-NC,https://www.inaturalist.org/observations/185845051,https://inaturalist-open-data.s3.amazonaws.com/photos/324639972/medium.jpeg,,PANASONIC-J2-OCT 1ST 2023,"Well Hello 'Clinger'...haven't seen you in a long while!! (Dee Dee from last year, this is how he always lands, & the only one of my bunch that does land on the very tips of my fingers).
I was down by the lake & 2 of my 'Fids' (that's bird people's name for 'kids'). found me & demanded food like NOW!!",2,0,false,,Black-capped Chickadee,Poecile atricapillus,Черношапочная гаичка,Aves,144815
187316685,cfb740ba-9d4b-4010-80c6-879ec1bae53b,2023/10/12 12:37 PM,2023-10-12,2023-10-12 16:37:00 UTC,America/Nipigon,720577,mhalsted,,2023-10-13 01:23:43 UTC,2023-10-14 11:18:57 UTC,research,CC-BY-NC,https://www.inaturalist.org/observations/187316685,https://inaturalist-open-data.s3.amazonaws.com/photos/327538945/medium.jpeg,,PANASONIC-J2-OCT 12TH 2023,"This is our  long time 'Buddy' 
(he has a scruffy bib, & always sits & looks at me for a min before taking a seed).",3,0,false,,Black-capped Chickadee,Poecile atricapillus,Черношапочная гаичка,Aves,144815
187316695,55211cb3-01f2-40a6-a100-9f97b64dcffe,2023/10/12 12:46 PM,2023-10-12,2023-10-12 16:46:00 UTC,America/Nipigon,720577,mhalsted,,2023-10-13 01:23:46 UTC,2023-10-14 11:17:53 UTC,research,CC-BY-NC,https://www.inaturalist.org/observations/187316695,https://inaturalist-open-data.s3.amazonaws.com/photos/327542582/medium.jpeg,,PANASONIC-J2-OCT 12TH 2023,"I have no idea what this was all about....(A one winged wind up, take off exercise???)",3,0,false,,Black-capped Chickadee,Poecile atricapillus,Черношапочная гаичка,Aves,144815
187580228,664774df-736e-4e06-82e9-c38f2102b7bb,2023/10/14 6:38 PM,2023-10-14,2023-10-14 22:38:00 UTC,America/Nipigon,720577,mhalsted,,2023-10-15 02:22:07 UTC,2023-10-16 18:42:44 UTC,research,CC-BY-NC,https://www.inaturalist.org/observations/187580228,https://inaturalist-open-data.s3.amazonaws.com/photos/328068730/medium.jpeg,,PANASONIC-J2-OCT 14TH 2023,"'Buddy' he actually stopped for a quick 2 second visit, before grabbing his supper & taking off.",5,0,false,,Black-capped Chickadee,Poecile atricapillus,Черношапочная гаичка,Aves,144815
188335323,7c930138-e89b-4772-9733-45be5fb8eb8f,2023/10/19 10:31 AM,2023-10-19,2023-10-19 14:31:00 UTC,America/Nipigon,720577,mhalsted,,2023-10-21 03:09:48 UTC,2023-10-21 11:50:47 UTC,research,CC-BY-NC,https://www.inaturalist.org/observations/188335323,https://inaturalist-open-data.s3.amazonaws.com/photos/329592608/medium.jpeg,,PANASONIC-J2-OCT 19TH 2023,Our 'Buddy' found me down by the lake ,2,0,false,,Black-capped Chickadee,Poecile atricapillus,Черношапочная гаичка,Aves,144815
188472534,03126929-ee05-4ae6-9c1e-1f991f276b22,2023/10/21 3:43 PM,2023-10-21,2023-10-21 19:43:00 UTC,America/Nipigon,720577,mhalsted,,2023-10-22 03:41:49 UTC,2023-10-23 20:58:04 UTC,research,CC-BY-NC,https://www.inaturalist.org/observations/188472534,https://inaturalist-open-data.s3.amazonaws.com/photos/329873961/medium.jpeg,,PANASONIC-J2-OCT 21ST 2023,"Here's 'TwoNee'..chose one peanut piece, was about to leave, paused, swung around, checked out the supply & yup there's 2 in his mouth when he left!! (He ate them too....didnt stash them.",4,0,false,,Black-capped Chickadee,Poecile atricapillus,Черношапочная гаичка,Aves,144815
188472536,4af8f2bb-ef86-4570-bd01-af0f4d340c31,2023/10/21 3:44 PM,2023-10-21,2023-10-21 19:44:00 UTC,America/Nipigon,720577,mhalsted,,2023-10-22 03:41:50 UTC,2023-10-23 20:57:58 UTC,research,CC-BY-NC,https://www.inaturalist.org/observations/188472536,https://inaturalist-open-data.s3.amazonaws.com/photos/329875630/medium.jpeg,,PANASONIC-J2-OCT 21ST 2023,Here;s our 'Buddy'...his usual sit & stare at me before taking a treat,4,0,false,,Black-capped Chickadee,Poecile atricapillus,Черношапочная гаичка,Aves,144815
189626383,04418322-2266-4a5a-b0ec-3fc3756b54d7,2023/10/31 1:09 PM,2023-10-31,2023-10-31 17:09:00 UTC,America/Nipigon,720577,mhalsted,,2023-11-01 02:48:36 UTC,2023-11-01 03:02:03 UTC,research,CC-BY-NC,https://www.inaturalist.org/observations/189626383,https://inaturalist-open-data.s3.amazonaws.com/photos/332237573/medium.jpeg,,PANASONIC-J2-OCT 31ST 2023,"Here's 'Clinger' in his classic landing pose!!  Sunflower seed was on his menu...
Note the tidy black/white fringe on his bib.",2,0,false,,Black-capped Chickadee,Poecile atricapillus,Черношапочная гаичка,Aves,144815
189687861,40e4bd31-d1d5-4b3d-9dfa-b9b2c5e030a1,2023-07-20 1:02pm,2023-07-20,2023-07-20 17:02:00 UTC,Eastern Time (US & Canada),70841,conuropsis,Andrew Block,2023-11-01 18:45:24 UTC,2023-12-06 12:48:28 UTC,research,CC-BY-NC,https://www.inaturalist.org/observations/189687861,https://inaturalist-open-data.s3.amazonaws.com/photos/332361814/medium.jpeg,,"",Seen along the road at south end of Benedict Lake.,1,0,false,,Black-capped Chickadee,Poecile atricapillus,Черношапочная гаичка,Aves,144815
190097229,44c70983-c5f1-40c6-8667-2d544291eb21,2023/11/01 5:15 PM,2023-11-01,2023-11-01 21:15:00 UTC,America/Nipigon,720577,mhalsted,,2023-11-05 18:11:14 UTC,2023-11-06 14:27:57 UTC,research,CC-BY-NC,https://www.inaturalist.org/observations/190097229,https://inaturalist-open-data.s3.amazonaws.com/photos/333166205/medium.jpeg,,PANASONIC-J2-NOV 1ST 2023,Yup they were waiting for me....din din time....there were about 10 of them landing one after another!,1,0,false,,Black-capped Chickadee,Poecile atricapillus,Черношапочная гаичка,Aves,144815
190272917,846382f0-c219-4149-8321-815aef601aab,2023/11/06 1:01 PM,2023-11-06,2023-11-06 18:01:00 UTC,America/Nipigon,720577,mhalsted,,2023-11-07 03:29:34 UTC,2023-11-07 12:46:10 UTC,research,CC-BY-NC,https://www.inaturalist.org/observations/190272917,https://inaturalist-open-data.s3.amazonaws.com/photos/333497637/medium.jpeg,,PANASONIC-J2-NOV 6TH 2023,Here's our 'Buddy',2,0,false,,Black-capped Chickadee,Poecile atricapillus,Черношапочная гаичка,Aves,144815
191334264,bed39465-bffd-4c05-9593-9847fd94770a,2023/11/14 1:37 PM,2023-11-14,2023-11-14 18:37:00 UTC,Eastern Time (US & Canada),5276538,peterselmayr,"",2023-11-18 04:35:15 UTC,2023-11-18 04:46:26 UTC,research,CC-BY-NC,https://www.inaturalist.org/observations/191334264,https://inaturalist-open-data.s3.amazonaws.com/photos/335631527/medium.jpg,,"",,1,0,false,,Black-capped Chickadee,Poecile atricapillus,Черношапочная гаичка,Aves,144815
191538474,92910993-e778-446c-b1d1-84efa58179eb,2023/11/16 11:03 AM,2023-11-16,2023-11-16 16:03:00 UTC,America/Nipigon,720577,mhalsted,,2023-11-20 01:33:01 UTC,2023-11-21 15:42:31 UTC,research,CC-BY-NC,https://www.inaturalist.org/observations/191538474,https://inaturalist-open-data.s3.amazonaws.com/photos/336038927/medium.jpeg,,CANON-NOV 16TH 2023,Here's 'Smoothie' ( has a smooth lined bib). He has gotten very good at choosing the largest peanut piece too!!!,3,0,false,,Black-capped Chickadee,Poecile atricapillus,Черношапочная гаичка,Aves,144815
191777967,70722380-21d5-452c-bf0c-1598860befa9,2023/09/02 10:23 AM,2023-09-02,2023-09-02 14:23:00 UTC,Eastern Time (US & Canada),1013209,riverahlquist,River Ahlquist,2023-11-22 18:35:37 UTC,2024-09-03 08:31:32 UTC,research,CC-BY,https://www.inaturalist.org/observations/191777967,https://inaturalist-open-data.s3.amazonaws.com/photos/336517788/medium.jpeg,,"",,1,0,false,,Black-capped Chickadee,Poecile atricapillus,Черношапочная гаичка,Aves,144815
191812144,efff4044-e2a3-4504-938b-750b096ecc4a,2023/11/19 9:27 AM EST,2023-11-19,2023-11-19 14:27:00 UTC,Eastern Time (US & Canada),2608343,altspen,"",2023-11-23 02:15:44 UTC,2023-11-23 02:18:22 UTC,research,CC-BY-NC,https://www.inaturalist.org/observations/191812144,https://inaturalist-open-data.s3.amazonaws.com/photos/336589478/medium.jpg,,"",,2,0,false,,Black-capped Chickadee,Poecile atricapillus,Черношапочная гаичка,Aves,144815
192796404,88bfeee3-d387-4ae4-9ef2-1b100d5a8c66,2023/12/01 2:06 PM,2023-12-01,2023-12-01 19:06:00 UTC,America/Nipigon,720577,mhalsted,,2023-12-02 07:48:03 UTC,2025-10-26 05:03:30 UTC,research,CC-BY-NC,https://www.inaturalist.org/observations/192796404,https://inaturalist-open-data.s3.amazonaws.com/photos/338531378/medium.jpeg,,PANASONIC-J2-DEC 1ST 2023,"Good Heavens!!!! Ok, so for some unknown reason, (lol!!!), I have no idea which one this was, (since I can't see the bib), however I suspect it was 'Buddy', since he is the only one likely to dive right on in there.....& yes...he did find a peanut, (you can just see that through the glass jar,where he has the peaunut in his beak),which he left with!!!  Like I said, I haven't been spending much time with them lately....(& it kinda shows??!!)",3,0,false,,Black-capped Chickadee,Poecile atricapillus,Черношапочная гаичка,Aves,144815
192796408,c3823002-4cf6-44d6-971f-c4a099a497dd,2023/12/01 2:29 PM,2023-12-01,2023-12-01 19:29:00 UTC,America/Nipigon,720577,mhalsted,,2023-12-02 07:48:04 UTC,2023-12-06 06:31:55 UTC,research,CC-BY-NC,https://www.inaturalist.org/observations/192796408,https://inaturalist-open-data.s3.amazonaws.com/photos/338532331/medium.jpeg,,PANASONIC-J2-DEC 1ST 2023," Our 'Buddy', finally stopping long enough to do his usual stare at me! 
(And this marks my 13,000th Black Capped chickadee ID!)",5,0,false,,Black-capped Chickadee,Poecile atricapillus,Черношапочная гаичка,Aves,144815
192814418,9a32ff93-7f2e-41cc-bc4c-48a6b6a68ecf,2023-12-02 08:26:07,2023-12-02,2023-12-02 13:26:07 UTC,Eastern Time (US & Canada),2127702,takeacloserlook,Jon,2023-12-02 13:27:30 UTC,2023-12-06 04:36:42 UTC,research,,https://www.inaturalist.org/observations/192814418,https://static.inaturalist.org/photos/338571683/medium.jpeg,,"","Very unique coloring, can anyone explain this?",2,0,false,2,Black-capped Chickadee,Poecile atricapillus,Черношапочная гаичка,Aves,144815
192888214,10d05466-9f56-4c46-b01e-f448e9cbd484,2023/12/02 2:32 PM,2023-12-02,2023-12-02 19:32:00 UTC,America/Nipigon,720577,mhalsted,,2023-12-03 03:39:09 UTC,2023-12-06 06:28:00 UTC,research,CC-BY-NC,https://www.inaturalist.org/observations/192888214,https://inaturalist-open-data.s3.amazonaws.com/photos/338705436/medium.jpeg,,PANASONIC-J2-DEC 2ND 2023,Our 'Buddy',2,0,false,,Black-capped Chickadee,Poecile atricapillus,Черношапочная гаичка,Aves,144815
192888218,010cf403-8ee0-4e0e-b7ed-3b0ce707e1dc,2023/12/02 2:34 PM,2023-12-02,2023-12-02 19:34:00 UTC,America/Nipigon,720577,mhalsted,,2023-12-03 03:39:10 UTC,2023-12-06 06:22:59 UTC,research,CC-BY-NC,https://www.inaturalist.org/observations/192888218,https://inaturalist-open-data.s3.amazonaws.com/photos/338707126/medium.jpeg,,PANASONIC-J2-DEC 2ND 2023,Just call me 'Cape Man'.....,2,0,false,,Black-capped Chickadee,Poecile atricapillus,Черношапочная гаичка,Aves,144815
192888224,2c929a68-0613-450d-b369-cbf67c1e6565,2023/12/02 2:35 PM,2023-12-02,2023-12-02 19:35:00 UTC,America/Nipigon,720577,mhalsted,,2023-12-03 03:39:12 UTC,2023-12-08 03:28:27 UTC,research,CC-BY-NC,https://www.inaturalist.org/observations/192888224,https://inaturalist-open-data.s3.amazonaws.com/photos/338708710/medium.jpeg,,PANASONIC-J2-DEC 2ND 2023,This is 'smoothie',4,0,false,,Black-capped Chickadee,Poecile atricapillus,Черношапочная гаичка,Aves,144815
192888241,ea8cbf23-ed2b-43a0-ab4c-a4f945b17256,2023/12/02 2:38 PM,2023-12-02,2023-12-02 19:38:00 UTC,America/Nipigon,720577,mhalsted,,2023-12-03 03:39:17 UTC,2024-10-22 11:27:19 UTC,research,CC-BY-NC,https://www.inaturalist.org/observations/192888241,https://inaturalist-open-data.s3.amazonaws.com/photos/338713677/medium.jpeg,,PANASONIC-J2-DEC 2ND 2023,"'Just call me angel,.of the morning'...er...afternoon (Roberta Flack). This one with a more delicate approach.... 2nd one is sitting quietly on a branch behind, & slightly to the left.",4,0,false,,Black-capped Chickadee,Poecile atricapillus,Черношапочная гаичка,Aves,144815
193554429,393e5dd9-c11d-4a17-9696-e9ecc7b7a0e0,2023/12/09 1:19 PM,2023-12-09,2023-12-09 18:19:00 UTC,America/Nipigon,1949086,johnslowry,,2023-12-10 01:48:31 UTC,2023-12-11 05:35:15 UTC,research,CC-BY-NC,https://www.inaturalist.org/observations/193554429,https://inaturalist-open-data.s3.amazonaws.com/photos/340018717/medium.jpeg,,"",,2,0,false,,Black-capped Chickadee,Poecile atricapillus,Черношапочная гаичка,Aves,144815
193723921,01295c1f-c6ef-45c0-8259-086cfbf1fdec,2023-12-11 09:40:23,2023-12-11,2023-12-11 14:40:23 UTC,Eastern Time (US & Canada),2155848,c_burns802,Chris Burns,2023-12-11 18:08:57 UTC,2025-12-17 23:01:17 UTC,research,CC-BY-NC,https://www.inaturalist.org/observations/193723921,https://inaturalist-open-data.s3.amazonaws.com/photos/340338295/medium.jpeg,,"",First ever pic of piebald/leucistic!!!,2,0,false,2,Black-capped Chickadee,Poecile atricapillus,Черношапочная гаичка,Aves,144815
193772078,168f403b-db54-4168-aa98-f5d82d8c2180,2023/12/06 2:02 PM,2023-12-06,2023-12-06 19:02:00 UTC,America/Nipigon,720577,mhalsted,,2023-12-12 06:25:45 UTC,2023-12-12 21:45:52 UTC,research,CC-BY-NC,https://www.inaturalist.org/observations/193772078,https://inaturalist-open-data.s3.amazonaws.com/photos/340433153/medium.jpeg,,PANASONIC-J2-DEC 6TH 2023,"Ready or not...Here I come....
oh it's our ""Buddy'...
Hi Buddy! Haven't seen you for a while.",3,0,false,,Black-capped Chickadee,Poecile atricapillus,Черношапочная гаичка,Aves,144815
193772081,566378b3-ba9a-4008-820e-d92224754143,2023/12/06 2:03 PM,2023-12-06,2023-12-06 19:03:00 UTC,America/Nipigon,720577,mhalsted,,2023-12-12 06:25:46 UTC,2023-12-12 21:45:37 UTC,research,CC-BY-NC,https://www.inaturalist.org/observations/193772081,https://inaturalist-open-data.s3.amazonaws.com/photos/340433604/medium.jpeg,,PANASONIC-J2-DEC 6TH 2023,"Here come ""Cape Man""...(His standard approach!!) there's another one waiting to the left on a branch.",3,0,false,,Black-capped Chickadee,Poecile atricapillus,Черношапочная гаичка,Aves,144815
193774358,ab131d34-2635-48e3-9f46-26c5f33ece21,2023/12/06 2:03 PM,2023-12-06,2023-12-06 19:03:00 UTC,America/Nipigon,720577,mhalsted,,2023-12-12 07:12:40 UTC,2023-12-13 00:41:18 UTC,research,CC-BY-NC,https://www.inaturalist.org/observations/193774358,https://inaturalist-open-data.s3.amazonaws.com/photos/340436653/medium.jpeg,,PANASONIC-J2-DEC 6TH 2023,,4,0,false,,Black-capped Chickadee,Poecile atricapillus,Черношапочная гаичка,Aves,144815
193801500,0bef0f65-3487-47d7-a02c-3db13beeaa96,2023-12-12 09:28:11,2023-12-12,2023-12-12 14:28:11 UTC,Eastern Time (US & Canada),2155848,c_burns802,Chris Burns,2023-12-12 16:24:13 UTC,2025-06-04 23:15:06 UTC,research,CC-BY-NC,https://www.inaturalist.org/observations/193801500,https://inaturalist-open-data.s3.amazonaws.com/photos/340496245/medium.jpeg,,"",,8,0,false,2,Black-capped Chickadee,Poecile atricapillus,Черношапочная гаичка,Aves,144815
193818854,9e0f6ad6-0134-4273-b534-3b33a941f4e6,2023/12/09 12:30 PM,2023-12-09,2023-12-09 17:30:00 UTC,America/Nipigon,2912925,farmtarna,Jim Panchuk,2023-12-12 20:48:50 UTC,2024-03-07 01:54:22 UTC,research,CC-BY-NC,https://www.inaturalist.org/observations/193818854,https://inaturalist-open-data.s3.amazonaws.com/photos/340531940/medium.jpg,,"",,3,0,false,,Black-capped Chickadee,Poecile atricapillus,Черношапочная гаичка,Aves,144815
193920088,a994b5b7-5aea-42ae-9545-ad25c352bc6f,2023/12/13 2:39 PM,2023-12-13,2023-12-13 19:39:00 UTC,Eastern Time (US & Canada),1949086,johnslowry,,2023-12-14 02:46:16 UTC,2023-12-14 17:17:38 UTC,research,CC-BY-NC,https://www.inaturalist.org/observations/193920088,https://inaturalist-open-data.s3.amazonaws.com/photos/340733114/medium.jpeg,,"",,2,0,false,,Black-capped Chickadee,Poecile atricapillus,Черношапочная гаичка,Aves,144815
193920090,a9505159-58cb-4e11-bf13-7e69a4403d68,2023/12/13 2:40 PM,2023-12-13,2023-12-13 19:40:00 UTC,Eastern Time (US & Canada),1949086,johnslowry,,2023-12-14 02:46:17 UTC,2023-12-14 17:17:32 UTC,research,CC-BY-NC,https://www.inaturalist.org/observations/193920090,https://inaturalist-open-data.s3.amazonaws.com/photos/340733148/medium.jpeg,,"",,3,0,false,,Black-capped Chickadee,Poecile atricapillus,Черношапочная гаичка,Aves,144815
194434405,34b1bb85-28f8-4c35-8625-ef6b81edd7f3,2023/12/19 12:35 PM,2023-12-19,2023-12-19 17:35:00 UTC,America/Nipigon,808725,pamelaweston,Pamela Weston,2023-12-20 15:19:53 UTC,2023-12-31 09:41:04 UTC,research,CC-BY-NC,https://www.inaturalist.org/observations/194434405,https://inaturalist-open-data.s3.amazonaws.com/photos/341772162/medium.jpg,,"",,2,0,false,,Black-capped Chickadee,Poecile atricapillus,Черношапочная гаичка,Aves,144815
194457066,76e429e0-44b3-469d-ab5d-2a1c0a907147,2023-12-20 11:11:14-05:00,2023-12-20,2023-12-20 16:11:14 UTC,Eastern Time (US & Canada),4124838,walterjimenez,,2023-12-20 21:26:55 UTC,2023-12-20 23:21:36 UTC,research,CC-BY-NC,https://www.inaturalist.org/observations/194457066,https://inaturalist-open-data.s3.amazonaws.com/photos/341817262/medium.jpg,,"",Definitely one of my favorites!,1,0,false,3,Black-capped Chickadee,Poecile atricapillus,Черношапочная гаичка,Aves,144815
194667023,cc4af187-3df7-452a-b400-eb65dd44fc17,2023-06-07 17:49:07,2023-06-07,2023-06-07 21:49:07 UTC,Eastern Time (US & Canada),7609278,noblink,,2023-12-23 17:41:03 UTC,2023-12-23 17:57:14 UTC,research,CC-BY-NC,https://www.inaturalist.org/observations/194667023,https://inaturalist-open-data.s3.amazonaws.com/photos/342243589/medium.jpeg,,"",In a nest box at the cabin,1,0,false,2,Black-capped Chickadee,Poecile atricapillus,Черношапочная гаичка,Aves,144815
194845973,c4fd7c21-c32f-4fd8-abc3-f8abb01a38c8,2023/12/25  4:44 PM,2023-12-25,2023-12-25 21:44:00 UTC,America/Nipigon,720577,mhalsted,,2023-12-25 22:36:19 UTC,2024-12-29 01:13:20 UTC,research,CC-BY-NC,https://www.inaturalist.org/observations/194845973,https://inaturalist-open-data.s3.amazonaws.com/photos/342609788/medium.jpeg,,PANASONIC-J2-DEC 25TH 2023,"'Buddy' wishing everyone a Merry Christmas! 
(What the heck is going on with the system tonight!!! The times are all incorrect! all my photos are indicating I saw them AFTER I submitted them!! ). I'm going to have to edit every one of them....(sigh).",9,0,false,,Black-capped Chickadee,Poecile atricapillus,Черношапочная гаичка,Aves,144815
195143241,114ac2d6-994a-4efd-84de-49393a1aed0a,2023/12/28 5:41 PM,2023-12-28,2023-12-28 22:41:00 UTC,America/Nipigon,720577,mhalsted,,2023-12-29 05:13:44 UTC,2023-12-31 03:22:48 UTC,research,CC-BY-NC,https://www.inaturalist.org/observations/195143241,https://inaturalist-open-data.s3.amazonaws.com/photos/343220882/medium.jpeg,,PANASONIC-J2-DEC 28TH 2023,"Our ""Buddy""...doing his usual sit & stare at me routine before choosing a seed!",3,0,false,,Black-capped Chickadee,Poecile atricapillus,Черношапочная гаичка,Aves,144815
195506081,69b156dd-372e-4703-82e6-f4247838fe56,2024/01/01 3:42 PM,2024-01-01,2024-01-01 20:42:00 UTC,Eastern Time (US & Canada),610199,sehoran,"",2024-01-01 21:55:06 UTC,2024-01-01 22:06:50 UTC,research,,https://www.inaturalist.org/observations/195506081,https://static.inaturalist.org/photos/343963309/medium.jpeg,,"","",1,0,false,,Black-capped Chickadee,Poecile atricapillus,Черношапочная гаичка,Aves,144815
195526382,9bbd1cb9-2d1a-455a-b24c-d01822c28b0b,2024/01/01 1:55 PM,2024-01-01,2024-01-01 18:55:00 UTC,America/Nipigon,720577,mhalsted,,2024-01-02 01:24:56 UTC,2024-08-08 22:34:59 UTC,research,CC-BY-NC,https://www.inaturalist.org/observations/195526382,https://inaturalist-open-data.s3.amazonaws.com/photos/343996021/medium.jpeg,,PANASONIC-J2-JAN 1ST 2024,"Our 'Buddy'. (the last frame was actually the first).
Celebrating New Year,,,,",2,0,false,,Black-capped Chickadee,Poecile atricapillus,Черношапочная гаичка,Aves,144815
195526397,a3405272-dbea-4f08-8121-4a1e7bc37df2,2024/01/01 1:50 PM,2024-01-01,2024-01-01 18:50:00 UTC,America/Nipigon,720577,mhalsted,,2024-01-02 01:24:59 UTC,2024-01-04 15:00:34 UTC,research,CC-BY-NC,https://www.inaturalist.org/observations/195526397,https://inaturalist-open-data.s3.amazonaws.com/photos/343999129/medium.jpeg,,PANASONIC-J2-JAN 1ST 2024,2 more waiting in the upper right branches,4,0,false,,Black-capped Chickadee,Poecile atricapillus,Черношапочная гаичка,Aves,144815
195526403,27aa2cd4-1fb2-441d-9adf-bb0748b20c32,2024/01/01 1:52 PM,2024-01-01,2024-01-01 18:52:00 UTC,America/Nipigon,720577,mhalsted,,2024-01-02 01:25:00 UTC,2024-01-03 12:29:39 UTC,research,CC-BY-NC,https://www.inaturalist.org/observations/195526403,https://inaturalist-open-data.s3.amazonaws.com/photos/344000104/medium.jpeg,,PANASONIC-J2-JAN 1ST 2024,"I was standing right next to the feeder, 'Smoothie' landed on my camera, my head, dive bombed me, he couldn't figure out why I didn't have anything in my hand for him!! He finally landed on the feeder giving me this questioning look. Geepers little guy...I wasn't ready yet, ok?????!!!",3,0,false,,Black-capped Chickadee,Poecile atricapillus,Черношапочная гаичка,Aves,144815
195526405,05dd1d15-2469-45a1-9000-fca95eb78819,2024/01/01 1:53 PM,2024-01-01,2024-01-01 18:53:00 UTC,America/Nipigon,720577,mhalsted,,2024-01-02 01:25:00 UTC,2024-01-03 12:29:36 UTC,research,CC-BY-NC,https://www.inaturalist.org/observations/195526405,https://inaturalist-open-data.s3.amazonaws.com/photos/344000507/medium.jpeg,,PANASONIC-J2-JAN 1ST 2024,,3,0,false,,Black-capped Chickadee,Poecile atricapillus,Черношапочная гаичка,Aves,144815
195543844,b0b047ad-b377-4343-91e5-2466ed2a78f5,2024/01/01 2:07 PM,2024-01-01,2024-01-01 19:07:00 UTC,America/Nipigon,720577,mhalsted,,2024-01-02 05:16:37 UTC,2024-01-03 12:28:33 UTC,research,CC-BY-NC,https://www.inaturalist.org/observations/195543844,https://inaturalist-open-data.s3.amazonaws.com/photos/344037333/medium.jpeg,,PANASONIC-J2-JAN 1ST 2024,,5,0,false,,Black-capped Chickadee,Poecile atricapillus,Черношапочная гаичка,Aves,144815
195616532,9299749d-e5bf-4a82-bbc7-54d584dbaf55,2024-01-02 15:44:08,2024-01-02,2024-01-02 20:44:08 UTC,Eastern Time (US & Canada),6116633,sameer27,Sameer Gauria,2024-01-03 00:25:01 UTC,2024-01-03 00:33:33 UTC,research,CC-BY,https://www.inaturalist.org/observations/195616532,https://inaturalist-open-data.s3.amazonaws.com/photos/344186970/medium.jpeg,,"",,1,0,false,2,Black-capped Chickadee,Poecile atricapillus,Черношапочная гаичка,Aves,144815
195633143,17e4d571-d475-47c1-97c8-7d647bf67d58,2023/11/05 11:11 PM,2023-11-05,2023-11-05 16:11:00 UTC,America/Nipigon,7326664,noooodledog,finch,2024-01-03 04:13:11 UTC,2025-10-07 07:28:36 UTC,research,CC-BY-NC,https://www.inaturalist.org/observations/195633143,https://inaturalist-open-data.s3.amazonaws.com/photos/344220027/medium.png,,"",One crashed into the other - got a pretty cool shot of it,3,0,false,,Black-capped Chickadee,Poecile atricapillus,Черношапочная гаичка,Aves,144815
195915088,19764d2c-6b71-4622-b440-20c2c3bfd227,2024/01/05 11:55 AM,2024-01-05,2024-01-05 16:55:00 UTC,America/Nipigon,720577,mhalsted,,2024-01-06 11:01:56 UTC,2024-01-07 01:39:10 UTC,research,CC-BY-NC,https://www.inaturalist.org/observations/195915088,https://inaturalist-open-data.s3.amazonaws.com/photos/344789621/medium.jpeg,,PANASONIC-J2-JAN 5TH 2024,"Here's our 'Buddy', pic #3 was actually the first in sequence, showing him sitting in the tree,waiting for the other to leave...(sooo polite.....sometimes!!! lol).",3,0,false,,Black-capped Chickadee,Poecile atricapillus,Черношапочная гаичка,Aves,144815
195946343,d4cbf11d-5c20-435b-8a7c-2d2babc87cc5,2024/01/06 12:07 PM,2024-01-06,2024-01-06 17:07:00 UTC,Eastern Time (US & Canada),11792,kylejones,Kyle Jones,2024-01-06 18:45:57 UTC,2024-12-18 08:51:57 UTC,research,CC-BY-NC,https://www.inaturalist.org/observations/195946343,https://inaturalist-open-data.s3.amazonaws.com/photos/344852920/medium.jpeg,,"",,2,0,false,,Black-capped Chickadee,Poecile atricapillus,Черношапочная гаичка,Aves,144815
196203524,8a092833-3ccc-4c1f-8402-23fd6f0167c6,2024-01-08,2024-01-08,,Eastern Time (US & Canada),2155848,c_burns802,Chris Burns,2024-01-09 14:02:09 UTC,2024-01-12 15:17:53 UTC,research,CC-BY-NC,https://www.inaturalist.org/observations/196203524,https://inaturalist-open-data.s3.amazonaws.com/photos/345368112/medium.jpeg,,"",,1,0,false,2,Black-capped Chickadee,Poecile atricapillus,Черношапочная гаичка,Aves,144815
196437109,9b458e0e-71b5-462a-80c0-2785c810f1da,2024/01/12 11:57 AM,2024-01-12,2024-01-12 16:57:00 UTC,Eastern Time (US & Canada),6090159,jfpetit,Jean-François Petit,2024-01-12 17:25:23 UTC,2024-03-03 03:00:49 UTC,research,CC-BY-NC,https://www.inaturalist.org/observations/196437109,https://inaturalist-open-data.s3.amazonaws.com/photos/345845049/medium.jpg,,"",,5,0,false,,Black-capped Chickadee,Poecile atricapillus,Черношапочная гаичка,Aves,144815
196611156,c203494a-de0f-4668-a18e-0f7ce65794ef,2024/01/13 1:53 PM,2024-01-13,2024-01-13 18:53:00 UTC,America/Nipigon,1949086,johnslowry,,2024-01-14 00:58:23 UTC,2024-01-14 17:03:05 UTC,research,CC-BY-NC,https://www.inaturalist.org/observations/196611156,https://inaturalist-open-data.s3.amazonaws.com/photos/346087568/medium.jpeg,,"",,2,0,false,,Black-capped Chickadee,Poecile atricapillus,Черношапочная гаичка,Aves,144815
196771047,3e1b7b3f-63da-43ec-81a2-fae536d0ab11,2024/01/13 11:24 AM,2024-01-13,2024-01-13 16:24:00 UTC,America/Nipigon,720577,mhalsted,,2024-01-15 17:57:27 UTC,2024-01-16 12:31:04 UTC,research,CC-BY-NC,https://www.inaturalist.org/observations/196771047,https://inaturalist-open-data.s3.amazonaws.com/photos/346388876/medium.jpeg,,PANASONIC-J2-JAN 13TH 2024,"Me next....(he's waiting on the vines).  
One disgusted dog sitting at the top of the steps.....",2,0,false,,Black-capped Chickadee,Poecile atricapillus,Черношапочная гаичка,Aves,144815
196771050,617d7fbc-1e3e-42d6-a15b-8d291e636832,2024/01/13 11:28 AM,2024-01-13,2024-01-13 16:28:00 UTC,America/Nipigon,720577,mhalsted,,2024-01-15 17:57:28 UTC,2024-01-16 12:31:13 UTC,research,CC-BY-NC,https://www.inaturalist.org/observations/196771050,https://inaturalist-open-data.s3.amazonaws.com/photos/346389714/medium.jpeg,,PANASONIC-J2-JAN 13TH 2024,"Where are the peanuts??? 
I WANT PEANUTS!!! (Sorry you only get peanuts in my hand...& my hands are frozen). He wasn't a happy camper.....Geepers!!
This is 'Buddy'",2,0,false,,Black-capped Chickadee,Poecile atricapillus,Черношапочная гаичка,Aves,144815
196795156,cdb679ef-d212-4df2-8b2b-f6e69816d664,2024/01/14 11:04 AM,2024-01-14,2024-01-14 16:04:00 UTC,America/Nipigon,720577,mhalsted,,2024-01-15 23:25:18 UTC,2024-01-16 23:11:36 UTC,research,CC-BY-NC,https://www.inaturalist.org/observations/196795156,https://inaturalist-open-data.s3.amazonaws.com/photos/346436969/medium.jpeg,,PANASONIC-J2-JAN 14TH 2024,Here's our 'Buddy'...with the stare....,4,0,false,,Black-capped Chickadee,Poecile atricapillus,Черношапочная гаичка,Aves,144815
196802366,e5d040e5-592a-4348-8a6d-ca72825f770c,2024/01/14 11:06 AM,2024-01-14,2024-01-14 16:06:00 UTC,America/Nipigon,720577,mhalsted,,2024-01-16 01:07:30 UTC,2024-02-29 12:32:22 UTC,research,CC-BY-NC,https://www.inaturalist.org/observations/196802366,https://inaturalist-open-data.s3.amazonaws.com/photos/346442674/medium.jpeg,,PANASONIC-J2-JAN 14TH 2024,"Just doin' my own thing....
I never noticed before how pretty their markings are on their wings/tail feathers.",4,0,false,,Black-capped Chickadee,Poecile atricapillus,Черношапочная гаичка,Aves,144815
196969980,3a49589e-5174-4ae4-8a45-82c0e54dc541,2024/01/16 5:45 PM,2024-01-16,2024-01-16 22:45:00 UTC,America/Nipigon,720577,mhalsted,,2024-01-18 05:38:20 UTC,2024-01-28 11:15:14 UTC,research,CC-BY-NC,https://www.inaturalist.org/observations/196969980,https://inaturalist-open-data.s3.amazonaws.com/photos/346793537/medium.jpeg,,PANASONIC-J2-JAN 16TH 2024,"""Buddy"" back again...no time for his stare....getting late....
(The dog still staring at something on the roof).",2,0,false,,Black-capped Chickadee,Poecile atricapillus,Черношапочная гаичка,Aves,144815
197854456,a809e9f7-8723-49b7-b31a-a496f5ce6d28,2024/01/22 5:51 PM,2024-01-22,2024-01-22 22:51:00 UTC,America/Nipigon,720577,mhalsted,,2024-01-29 02:19:07 UTC,2024-01-29 02:21:12 UTC,research,CC-BY-NC,https://www.inaturalist.org/observations/197854456,https://inaturalist-open-data.s3.amazonaws.com/photos/348578850/medium.jpeg,,PANASONIC-J2-JAN 22ND 2024,"Evening meal...(2) - one on the vines watching the dog playing in the snow....(He's the only one happy to see the foot of snow!!!!!!),",1,0,false,,Black-capped Chickadee,Poecile atricapillus,Черношапочная гаичка,Aves,144815
197862230,0a227007-08bc-4e3e-b374-beeefac3af7d,2024/01/23 12:57 PM,2024-01-23,2024-01-23 17:57:00 UTC,America/Nipigon,720577,mhalsted,,2024-01-29 04:04:33 UTC,2024-01-29 05:51:33 UTC,research,CC-BY-NC,https://www.inaturalist.org/observations/197862230,https://inaturalist-open-data.s3.amazonaws.com/photos/348593066/medium.jpeg,,PANASONIC-J2-JAN 23RD 2024,Well hello 'Clinger'...havent seen you for a while....,2,0,false,,Black-capped Chickadee,Poecile atricapillus,Черношапочная гаичка,Aves,144815
198333754,4e55ceff-726f-4fe0-9939-99f4fa405e3e,2024-02-03 17:23:02,2024-02-03,2024-02-03 22:23:02 UTC,Eastern Time (US & Canada),4060932,t0adprince,"",2024-02-03 22:27:48 UTC,2025-12-09 06:41:30 UTC,needs_id,CC-BY-NC,https://www.inaturalist.org/observations/198333754,https://inaturalist-open-data.s3.amazonaws.com/photos/349545700/medium.jpeg,,"","Based on the color I'm assuming it's from one of the goldfinches at the feeder.  There were also black capped chickadees, juncos, and titmice around. ",1,0,false,2,Pied woodpeckers and allies,Melanerpini,,Aves,1653311
198362945,4e2a97ed-0875-42ea-b464-12f2d894a2c4,2024-01-28 15:24:36-05:00,2024-01-28,2024-01-28 20:24:36 UTC,Eastern Time (US & Canada),115026,macmarzo,Mac Marzolini,2024-02-04 04:51:35 UTC,2024-03-01 04:47:40 UTC,research,,https://www.inaturalist.org/observations/198362945,https://static.inaturalist.org/photos/349607040/medium.jpg,,"","",3,0,false,3,Black-capped Chickadee,Poecile atricapillus,Черношапочная гаичка,Aves,144815
199057466,fbfa7423-67f6-4744-8532-b9329e9a5308,2024/02/11 9:40 AM,2024-02-11,2024-02-11 14:40:00 UTC,Eastern Time (US & Canada),4671900,shmugrizzle,,2024-02-12 00:50:19 UTC,2024-02-17 12:18:21 UTC,research,CC-BY-NC,https://www.inaturalist.org/observations/199057466,https://inaturalist-open-data.s3.amazonaws.com/photos/350968792/medium.jpeg,,"",,1,0,false,,Black-capped Chickadee,Poecile atricapillus,Черношапочная гаичка,Aves,144815
199253903,04fbe187-9815-4af0-a8c7-544fcb603839,2024/02/01 6:11 PM,2024-02-01,2024-02-01 23:11:00 UTC,America/Nipigon,720577,mhalsted,,2024-02-14 04:59:31 UTC,2024-02-14 22:38:18 UTC,research,CC-BY-NC,https://www.inaturalist.org/observations/199253903,https://inaturalist-open-data.s3.amazonaws.com/photos/351361898/medium.jpeg,,PANASONIC-J2-FEB 1ST 2024,"Our ""Buddy""",4,0,false,,Black-capped Chickadee,Poecile atricapillus,Черношапочная гаичка,Aves,144815
199428230,74fc84d6-b917-44f9-9e8e-21533c8006ac,2024/02/03 1:31 PM,2024-02-03,2024-02-03 18:31:00 UTC,America/Nipigon,720577,mhalsted,,2024-02-16 04:06:59 UTC,2024-02-16 04:14:52 UTC,research,CC-BY-NC,https://www.inaturalist.org/observations/199428230,https://inaturalist-open-data.s3.amazonaws.com/photos/351688901/medium.jpeg,,PANASONIC-J2-FEB 3RD 2024,,1,0,false,,Black-capped Chickadee,Poecile atricapillus,Черношапочная гаичка,Aves,144815
199594952,138f41b3-1a85-4495-b5c3-f8a54c62663a,2024/02/07 6:04 PM,2024-02-07,2024-02-07 23:04:00 UTC,America/Nipigon,720577,mhalsted,,2024-02-17 20:05:02 UTC,2024-02-18 19:14:30 UTC,research,CC-BY-NC,https://www.inaturalist.org/observations/199594952,https://inaturalist-open-data.s3.amazonaws.com/photos/352010220/medium.jpeg,,PANASONIC-J2-FEB 7TH 2024,Well hello 'Clinger'...Haven't seen you for a while!,3,0,false,,Black-capped Chickadee,Poecile atricapillus,Черношапочная гаичка,Aves,144815
199673132,abc5fb00-67f4-4658-a3d4-8779f5734536,2024/02/12 1:08 PM,2024-02-12,2024-02-12 18:08:00 UTC,America/Nipigon,720577,mhalsted,,2024-02-18 14:09:09 UTC,2024-10-22 11:24:36 UTC,research,CC-BY-NC,https://www.inaturalist.org/observations/199673132,https://inaturalist-open-data.s3.amazonaws.com/photos/352152985/medium.jpeg,,PANASONIC-J2-FEB 12TH 2024,"(2) Ready or not, here I come...
'Smoothie' incoming.",3,0,false,,Black-capped Chickadee,Poecile atricapillus,Черношапочная гаичка,Aves,144815
199673144,b57a51d9-e3d4-4e92-8966-dcf6188a13a3,2024/02/12 1:10 PM,2024-02-12,2024-02-12 18:10:00 UTC,America/Nipigon,720577,mhalsted,,2024-02-18 14:09:11 UTC,2024-02-19 23:08:38 UTC,research,CC-BY-NC,https://www.inaturalist.org/observations/199673144,https://inaturalist-open-data.s3.amazonaws.com/photos/352156216/medium.jpeg,,PANASONIC-J2-FEB 12TH 2024,"'Free fall!"" (2) ",3,0,false,,Black-capped Chickadee,Poecile atricapillus,Черношапочная гаичка,Aves,144815
199957016,b38af276-2fa9-4f93-986a-e55de065c506,2024/02/19 12:55 PM,2024-02-19,2024-02-19 17:55:00 UTC,America/Nipigon,720577,mhalsted,,2024-02-21 02:39:37 UTC,2024-03-12 18:02:54 UTC,research,CC-BY-NC,https://www.inaturalist.org/observations/199957016,https://inaturalist-open-data.s3.amazonaws.com/photos/352693017/medium.jpeg,,PANASONIC-J2-FEB 19TH 2024,Post is for the Chickadee-....(he knows the dog won't bother him).  This was chickadee #2,4,0,false,,Black-capped Chickadee,Poecile atricapillus,Черношапочная гаичка,Aves,144815
199957019,a09994fb-e2e3-42ed-a2a3-63d39b733097,2024/02/19 1:01 PM,2024-02-19,2024-02-19 18:01:00 UTC,America/Nipigon,720577,mhalsted,,2024-02-21 02:39:38 UTC,2024-02-21 16:06:47 UTC,research,CC-BY-NC,https://www.inaturalist.org/observations/199957019,https://inaturalist-open-data.s3.amazonaws.com/photos/352693664/medium.jpeg,,PANASONIC-J2-FEB 19TH 2024,,3,0,false,,Black-capped Chickadee,Poecile atricapillus,Черношапочная гаичка,Aves,144815
199972943,0850eae5-03b1-4626-97bc-5060a743cd68,2024/02/19 5:50 PM,2024-02-19,2024-02-19 22:50:00 UTC,America/Nipigon,720577,mhalsted,,2024-02-21 07:52:11 UTC,2024-02-22 18:40:20 UTC,research,CC-BY-NC,https://www.inaturalist.org/observations/199972943,https://inaturalist-open-data.s3.amazonaws.com/photos/352728445/medium.jpeg,,PANASONIC-J2-FEB 19TH 2024,There were 2 more waiting in the trees.,4,0,false,,Black-capped Chickadee,Poecile atricapillus,Черношапочная гаичка,Aves,144815
200241079,6ace1e82-2f5c-47bb-9105-71bfa3a5e6f3,2024/02/22 12:30 PM,2024-02-22,2024-02-22 17:30:00 UTC,America/Nipigon,720577,mhalsted,,2024-02-24 03:10:35 UTC,2024-02-24 15:47:04 UTC,research,CC-BY-NC,https://www.inaturalist.org/observations/200241079,https://inaturalist-open-data.s3.amazonaws.com/photos/353244814/medium.jpeg,,Panasonic-j2-feb 22ndf 20234,,2,0,false,,Black-capped Chickadee,Poecile atricapillus,Черношапочная гаичка,Aves,144815
200256118,046fcc8e-9c99-4867-8305-64d503a66414,2024/02/23 6:32 PM,2024-02-23,2024-02-23 23:32:00 UTC,America/Nipigon,720577,mhalsted,,2024-02-24 07:29:55 UTC,2024-02-26 13:35:06 UTC,research,CC-BY-NC,https://www.inaturalist.org/observations/200256118,https://inaturalist-open-data.s3.amazonaws.com/photos/353280494/medium.jpeg,,PANASONIC-J2-FEB 23RD 2024,"This is 'Buddy', & he wasn't interested in coming over tonight.",2,0,false,,Black-capped Chickadee,Poecile atricapillus,Черношапочная гаичка,Aves,144815
200361581,54032995-4d2a-410d-85b3-7946826c2921,2024/02/24 12:26 PM,2024-02-24,2024-02-24 17:26:00 UTC,America/Nipigon,720577,mhalsted,,2024-02-25 05:05:12 UTC,2024-02-26 13:34:03 UTC,research,CC-BY-NC,https://www.inaturalist.org/observations/200361581,https://inaturalist-open-data.s3.amazonaws.com/photos/353481955/medium.jpeg,,PANASONIC-J2-FEB 14TH 2024,Here's 'Clinger',4,0,false,,Black-capped Chickadee,Poecile atricapillus,Черношапочная гаичка,Aves,144815
200451910,2b77b01b-890a-4c01-81cf-2bafcf1361f1,2024/02/25 3:09 PM,2024-02-25,2024-02-25 20:09:00 UTC,Eastern Time (US & Canada),2044860,ckhunt,Craig K. Hunt,2024-02-25 22:49:21 UTC,2024-12-10 14:48:53 UTC,research,CC-BY-NC,https://www.inaturalist.org/observations/200451910,https://inaturalist-open-data.s3.amazonaws.com/photos/353661852/medium.jpeg,,"",,1,0,false,,Black-capped Chickadee,Poecile atricapillus,Черношапочная гаичка,Aves,144815
200575703,6a136407-7b39-4b8d-9e17-6b34d7da6e02,2024/02/19 11:26 AM,2024-02-19,2024-02-19 16:26:00 UTC,America/Nipigon,3538225,wixon_matty,Matthew Wixon,2024-02-27 01:50:24 UTC,2025-02-06 04:52:01 UTC,research,CC-BY-NC,https://www.inaturalist.org/observations/200575703,https://inaturalist-open-data.s3.amazonaws.com/photos/353906474/medium.jpeg,,"",,2,0,false,,Black-capped Chickadee,Poecile atricapillus,Черношапочная гаичка,Aves,144815
200973996,3d6ca95f-9760-462c-882a-3de4c1e4179c,2024/02/27 6:46 PM,2024-02-27,2024-02-27 23:46:00 UTC,America/Nipigon,720577,mhalsted,,2024-03-02 05:03:17 UTC,2024-03-02 15:24:12 UTC,research,CC-BY-NC,https://www.inaturalist.org/observations/200973996,https://inaturalist-open-data.s3.amazonaws.com/photos/354686082/medium.jpeg,,"",Here's our 'Buddy'...he only had time for a very quick stare tonight...it was getting late!!,2,0,false,,Black-capped Chickadee,Poecile atricapillus,Черношапочная гаичка,Aves,144815
201041786,ce4cbdb4-b983-4373-8cf2-d19c594ca804,2024/02/25 6:26 PM,2024-02-25,2024-02-25 23:26:00 UTC,America/Nipigon,720577,mhalsted,,2024-03-02 19:57:31 UTC,2024-03-02 20:22:22 UTC,research,CC-BY-NC,https://www.inaturalist.org/observations/201041786,https://inaturalist-open-data.s3.amazonaws.com/photos/354815127/medium.jpeg,,PANASONIC-J2-FEB 25TH 2024,'BuddyY',1,0,false,,Black-capped Chickadee,Poecile atricapillus,Черношапочная гаичка,Aves,144815
201041788,c5d8ba2f-b175-4d02-8d0f-3fe6755acafe,2024/02/25 6:27 PM,2024-02-25,2024-02-25 23:27:00 UTC,America/Nipigon,720577,mhalsted,,2024-03-02 19:57:31 UTC,2024-03-02 20:22:13 UTC,research,CC-BY-NC,https://www.inaturalist.org/observations/201041788,https://inaturalist-open-data.s3.amazonaws.com/photos/354815442/medium.jpeg,,PANASONIC-J2-FEB 25TH 2024,Here's 'Clinger' also one waiting in the tree.,1,0,false,,Black-capped Chickadee,Poecile atricapillus,Черношапочная гаичка,Aves,144815
201050462,928e0eef-d1df-40c3-acf3-c09cc0ced517,2024/02/26 6:43 PM,2024-02-26,2024-02-26 23:43:00 UTC,America/Nipigon,720577,mhalsted,,2024-03-02 21:11:16 UTC,2024-03-03 16:00:48 UTC,research,CC-BY-NC,https://www.inaturalist.org/observations/201050462,https://inaturalist-open-data.s3.amazonaws.com/photos/354824070/medium.jpeg,,PANASONIC-J2-FEB 26TH 2024,Here's 'Smoothie',2,0,false,,Black-capped Chickadee,Poecile atricapillus,Черношапочная гаичка,Aves,144815
201050471,c3c348b5-f60c-432a-877f-c7cb0351cc21,2024/02/26 6:45 PM,2024-02-26,2024-02-26 23:45:00 UTC,America/Nipigon,720577,mhalsted,,2024-03-02 21:11:18 UTC,2024-03-02 21:23:10 UTC,research,CC-BY-NC,https://www.inaturalist.org/observations/201050471,https://inaturalist-open-data.s3.amazonaws.com/photos/354825533/medium.jpeg,,PANASONIC-J2-FEB 26TH 2024,"""Me next....hey wait I was supposed to be next in line.""...(no manners come supper time!!)   (2)",1,0,false,,Black-capped Chickadee,Poecile atricapillus,Черношапочная гаичка,Aves,144815
201050475,44a7d56e-2c23-41cb-ab2c-0be7064f1375,2024/02/26 6:47 PM,2024-02-26,2024-02-26 23:47:00 UTC,America/Nipigon,720577,mhalsted,,2024-03-02 21:11:19 UTC,2024-03-03 17:29:23 UTC,research,CC-BY-NC,https://www.inaturalist.org/observations/201050475,https://inaturalist-open-data.s3.amazonaws.com/photos/354826394/medium.jpeg,,PANASONIC-J2-FEB 26TH 2024,"You're busy...no worries, I'll just help myself... (different individual)",3,0,false,,Black-capped Chickadee,Poecile atricapillus,Черношапочная гаичка,Aves,144815
201050476,fe4d3d79-e98c-43aa-bcd6-f0f6a93c6922,2024/02/26 6:47 PM,2024-02-26,2024-02-26 23:47:00 UTC,America/Nipigon,720577,mhalsted,,2024-03-02 21:11:19 UTC,2024-03-03 17:14:52 UTC,research,CC-BY-NC,https://www.inaturalist.org/observations/201050476,https://inaturalist-open-data.s3.amazonaws.com/photos/354826928/medium.jpeg,,PANASONIC-J2-FEB 26TH 2024,Lookee what we have here...unattended...,3,0,false,,Black-capped Chickadee,Poecile atricapillus,Черношапочная гаичка,Aves,144815
201050479,7d2f035d-880e-4f69-b4cf-90aaef4367a3,2024/02/26 6:47 PM,2024-02-26,2024-02-26 23:47:00 UTC,America/Nipigon,720577,mhalsted,,2024-03-02 21:11:20 UTC,2024-03-02 23:11:01 UTC,research,CC-BY-NC,https://www.inaturalist.org/observations/201050479,https://inaturalist-open-data.s3.amazonaws.com/photos/354827415/medium.jpeg,,PANASONIC-J2-FEB 26TH 2024,'Buddy'....Mommie the dish is still empty....and it's getting late....,2,0,false,,Black-capped Chickadee,Poecile atricapillus,Черношапочная гаичка,Aves,144815
201089183,e56adf35-9bce-42e5-84ca-016edc5c6bc8,2024/03/02 1:44 PM,2024-03-02,2024-03-02 18:44:00 UTC,America/Nipigon,720577,mhalsted,,2024-03-03 04:40:09 UTC,2024-03-03 16:25:18 UTC,research,CC-BY-NC,https://www.inaturalist.org/observations/201089183,https://inaturalist-open-data.s3.amazonaws.com/photos/354903673/medium.jpeg,,"",,2,0,false,,Black-capped Chickadee,Poecile atricapillus,Черношапочная гаичка,Aves,144815
201089185,fc2f033c-1bc8-46cc-93dd-1c71c3312078,2024/03/02 1:48 PM,2024-03-02,2024-03-02 18:48:00 UTC,America/Nipigon,720577,mhalsted,,2024-03-03 04:40:10 UTC,2024-03-03 09:45:41 UTC,research,CC-BY-NC,https://www.inaturalist.org/observations/201089185,https://inaturalist-open-data.s3.amazonaws.com/photos/354903911/medium.jpeg,,"","I was going to carry this for you Mommie....but I can't lift it....
'Buddy'",1,0,false,,Black-capped Chickadee,Poecile atricapillus,Черношапочная гаичка,Aves,144815
201089187,dcad2d66-97c8-4d65-a767-3cc39d59aea3,2024/03/02 1:48 PM,2024-03-02,2024-03-02 18:48:00 UTC,America/Nipigon,720577,mhalsted,,2024-03-03 04:40:10 UTC,2024-03-03 13:40:13 UTC,research,CC-BY-NC,https://www.inaturalist.org/observations/201089187,https://inaturalist-open-data.s3.amazonaws.com/photos/354904217/medium.jpeg,,"","Ready of not, here I come...(if you enhance the photo you can see he has his mouth open...) Touch down in pic #2...Hiya Mom!!!  (sigh). And yes...there's the stare..it's our 'Buddy'...figures!!",1,0,false,,Black-capped Chickadee,Poecile atricapillus,Черношапочная гаичка,Aves,144815
201089191,caac01cc-847c-4c31-a1fd-efd2edd99ac6,2024/03/02 1:49 PM,2024-03-02,2024-03-02 18:49:00 UTC,America/Nipigon,720577,mhalsted,,2024-03-03 04:40:11 UTC,2024-03-03 04:48:05 UTC,research,CC-BY-NC,https://www.inaturalist.org/observations/201089191,https://inaturalist-open-data.s3.amazonaws.com/photos/354905650/medium.jpeg,,"","Sorry Little One, but you are a tad toooo fat to hide behind that branch!!",1,0,false,,Black-capped Chickadee,Poecile atricapillus,Черношапочная гаичка,Aves,144815
201089192,e48b9ed3-6d47-4229-8074-b92cdb889cb4,2024/03/02 1:50 PM,2024-03-02,2024-03-02 18:50:00 UTC,America/Nipigon,720577,mhalsted,,2024-03-03 04:40:11 UTC,2024-03-03 17:28:28 UTC,research,CC-BY-NC,https://www.inaturalist.org/observations/201089192,https://inaturalist-open-data.s3.amazonaws.com/photos/354905936/medium.jpeg,,"","Our 'Buddy"" with 2 large pieces of peanuts in his mouth...(He said it was going to be a long afternoon, & I might not be back out for a while & he might want a snack....).",2,0,false,,Black-capped Chickadee,Poecile atricapillus,Черношапочная гаичка,Aves,144815
201209566,e07e4a49-fa19-49d6-865c-f75ca65fdac4,2024-03-03 13:12:29-05:00,2024-03-03,2024-03-03 18:12:29 UTC,Eastern Time (US & Canada),572980,sadawolk,Sandy Wolkenberg,2024-03-04 01:49:53 UTC,2025-01-30 16:30:59 UTC,research,CC-BY,https://www.inaturalist.org/observations/201209566,https://inaturalist-open-data.s3.amazonaws.com/photos/355144081/medium.jpg,,"",Would this be a leucistic Black-capped Chickadee?,1,0,false,3,Black-capped Chickadee,Poecile atricapillus,Черношапочная гаичка,Aves,144815
201223158,c61129b9-e6d0-47b8-8779-f3e5cbb10828,2024/03/03 2:15 PM,2024-03-03,2024-03-03 19:15:00 UTC,America/Nipigon,720577,mhalsted,,2024-03-04 04:16:13 UTC,2024-03-04 13:48:11 UTC,research,CC-BY-NC,https://www.inaturalist.org/observations/201223158,https://inaturalist-open-data.s3.amazonaws.com/photos/355169000/medium.jpeg,,"",An energetic HI fiver....,4,0,false,,Black-capped Chickadee,Poecile atricapillus,Черношапочная гаичка,Aves,144815
201223161,4bf0f3d8-12b4-4cd8-b29c-b89395997070,2024/03/03 2:19 PM,2024-03-03,2024-03-03 19:19:00 UTC,America/Nipigon,720577,mhalsted,,2024-03-04 04:16:14 UTC,2024-04-05 01:58:56 UTC,research,CC-BY-NC,https://www.inaturalist.org/observations/201223161,https://inaturalist-open-data.s3.amazonaws.com/photos/355169244/medium.jpeg,,"",What can I say.......,4,0,false,,Black-capped Chickadee,Poecile atricapillus,Черношапочная гаичка,Aves,144815
201533680,6e2655e3-5158-49ab-b48c-66bd76cc9adf,2024/03/04 11:22 AM,2024-03-04,2024-03-04 16:22:00 UTC,America/Nipigon,3841375,fallriver22,"",2024-03-07 01:37:03 UTC,2024-04-06 07:26:28 UTC,research,CC-BY-NC,https://www.inaturalist.org/observations/201533680,https://inaturalist-open-data.s3.amazonaws.com/photos/355773785/medium.jpeg,,"",,2,0,false,,Black-capped Chickadee,Poecile atricapillus,Черношапочная гаичка,Aves,144815
201647453,006e5eb4-349b-4883-be66-f14c6a76628a,2024/03/07 11:49 AM,2024-03-07,2024-03-07 16:49:00 UTC,America/Nipigon,720577,mhalsted,,2024-03-08 04:11:12 UTC,2024-03-08 14:54:32 UTC,research,CC-BY-NC,https://www.inaturalist.org/observations/201647453,https://inaturalist-open-data.s3.amazonaws.com/photos/355986919/medium.jpeg,,"",,5,0,false,,Black-capped Chickadee,Poecile atricapillus,Черношапочная гаичка,Aves,144815
201756799,b4c3ac00-99b7-4ae6-8695-5d2e46d0c1e7,2024/03/08 4:17 PM,2024-03-08,2024-03-08 21:17:00 UTC,America/Nipigon,720577,mhalsted,,2024-03-09 05:38:35 UTC,2024-03-09 06:37:22 UTC,research,CC-BY-NC,https://www.inaturalist.org/observations/201756799,https://inaturalist-open-data.s3.amazonaws.com/photos/356202161/medium.jpeg,,"",Here's 'Head First Harry'...(it's probably 'Buddy'),1,0,false,,Black-capped Chickadee,Poecile atricapillus,Черношапочная гаичка,Aves,144815
201774192,f288f0c9-34ea-45d1-978e-c525eca9812d,2024/03/08 4:39 PM,2024-03-08,2024-03-08 21:39:00 UTC,America/Nipigon,720577,mhalsted,,2024-03-09 11:14:34 UTC,2024-03-10 12:22:40 UTC,research,CC-BY-NC,https://www.inaturalist.org/observations/201774192,https://inaturalist-open-data.s3.amazonaws.com/photos/356229539/medium.jpeg,,"",,2,0,false,,Black-capped Chickadee,Poecile atricapillus,Черношапочная гаичка,Aves,144815
201774200,8f3bb7f5-eea7-4414-a655-acc6a34f0b22,2024/03/08 4:53 PM,2024-03-08,2024-03-08 21:53:00 UTC,America/Nipigon,720577,mhalsted,,2024-03-09 11:14:36 UTC,2024-03-12 18:07:43 UTC,research,CC-BY-NC,https://www.inaturalist.org/observations/201774200,https://inaturalist-open-data.s3.amazonaws.com/photos/356231694/medium.jpeg,,"","Not a bird in sight, thought I'd have a nice quiet sit down by the lake.....Here's 'Buddy'...""Hi Mommie...I brought my friends with me..""...Good thing I had treats....",2,0,false,,Black-capped Chickadee,Poecile atricapillus,Черношапочная гаичка,Aves,144815
201774203,1c3fb4fe-4d1f-4764-ba5d-283624bc22dc,2024/03/08 4:54 PM,2024-03-08,2024-03-08 21:54:00 UTC,America/Nipigon,720577,mhalsted,,2024-03-09 11:14:37 UTC,2024-03-10 17:44:08 UTC,research,CC-BY-NC,https://www.inaturalist.org/observations/201774203,https://inaturalist-open-data.s3.amazonaws.com/photos/356233011/medium.jpeg,,"","""Buddy"" back again.",3,0,false,,Black-capped Chickadee,Poecile atricapillus,Черношапочная гаичка,Aves,144815
201774212,ecc3bbc1-2973-4b6c-b707-3e1476ca79bf,2024/03/08 5:03 PM,2024-03-08,2024-03-08 22:03:00 UTC,America/Nipigon,720577,mhalsted,,2024-03-09 11:14:39 UTC,2024-10-22 11:18:05 UTC,research,CC-BY-NC,https://www.inaturalist.org/observations/201774212,https://inaturalist-open-data.s3.amazonaws.com/photos/356234487/medium.jpeg,,"",,3,0,false,,Black-capped Chickadee,Poecile atricapillus,Черношапочная гаичка,Aves,144815
202112607,58446d0f-7e34-4c7f-a87c-6461c4591b24,2024/03/10 2:00 PM,2024-03-10,2024-03-10 18:00:00 UTC,Eastern Time (US & Canada),4130805,stevedecker,,2024-03-12 01:05:51 UTC,2024-04-21 15:15:39 UTC,research,CC-BY-NC,https://www.inaturalist.org/observations/202112607,https://inaturalist-open-data.s3.amazonaws.com/photos/356895790/medium.jpeg,,"",,3,0,false,,Black-capped Chickadee,Poecile atricapillus,Черношапочная гаичка,Aves,144815
202134217,90ccbcb2-51c4-4916-825a-e30b97501e95,2024/03/10 5:49 PM,2024-03-10,2024-03-10 21:49:00 UTC,America/Nipigon,720577,mhalsted,,2024-03-12 06:11:23 UTC,2024-10-22 11:16:07 UTC,research,CC-BY-NC,https://www.inaturalist.org/observations/202134217,https://inaturalist-open-data.s3.amazonaws.com/photos/356936786/medium.jpeg,,"",'Buddy' no time for the stare...it's pushing 6pm....,3,0,false,,Black-capped Chickadee,Poecile atricapillus,Черношапочная гаичка,Aves,144815
202384248,83fd1ba6-0189-49eb-9e71-d4aa69e1a9af,2024/03/11 1:54 PM,2024-03-11,2024-03-11 17:54:00 UTC,America/Nipigon,720577,mhalsted,,2024-03-14 09:46:50 UTC,2024-03-16 12:16:54 UTC,research,CC-BY-NC,https://www.inaturalist.org/observations/202384248,https://inaturalist-open-data.s3.amazonaws.com/photos/357425064/medium.jpeg,,"","Our ""Buddy"" and yes he has 2 good sized pieces of peanuts on board!! (sometimes he can even manage 3!!)",4,0,false,,Black-capped Chickadee,Poecile atricapillus,Черношапочная гаичка,Aves,144815
203310486,f82cd36c-52b4-40db-bf93-2ad6bdbead7b,2024/03/17 5:42 PM,2024-03-17,2024-03-17 21:42:00 UTC,America/Nipigon,720577,mhalsted,,2024-03-21 02:41:56 UTC,2024-10-22 11:15:26 UTC,research,CC-BY-NC,https://www.inaturalist.org/observations/203310486,https://inaturalist-open-data.s3.amazonaws.com/photos/359186804/medium.jpeg,,"",Good heavens!!! Must've just finished an energy drink or something.....,1,0,false,,Black-capped Chickadee,Poecile atricapillus,Черношапочная гаичка,Aves,144815
203652266,4a09c449-30ff-4f64-a59f-905b061e7c78,2024/03/22 12:50 PM,2024-03-22,2024-03-22 16:50:00 UTC,America/Nipigon,720577,mhalsted,,2024-03-23 21:53:58 UTC,2024-03-26 13:28:17 UTC,research,CC-BY-NC,https://www.inaturalist.org/observations/203652266,https://inaturalist-open-data.s3.amazonaws.com/photos/359838402/medium.jpeg,,"","this little guy was busy mouthing off at me, for whatever reason...(I didn't have my chickadee dictionary with me again!!)",3,0,false,,Black-capped Chickadee,Poecile atricapillus,Черношапочная гаичка,Aves,144815
203701837,38e72382-1dd8-4791-886d-149efea57300,2024/03/23 1:24 PM,2024-03-23,2024-03-23 17:24:00 UTC,America/Nipigon,720577,mhalsted,,2024-03-24 06:44:22 UTC,2024-10-22 11:13:25 UTC,research,CC-BY-NC,https://www.inaturalist.org/observations/203701837,https://inaturalist-open-data.s3.amazonaws.com/photos/359943795/medium.jpeg,,"",Well here comes 'Hovercraft'!!,4,0,false,,Black-capped Chickadee,Poecile atricapillus,Черношапочная гаичка,Aves,144815
203701838,49372345-9183-41e7-bc50-f5d5b516dd0e,2024/03/23 1:24 PM,2024-03-23,2024-03-23 17:24:00 UTC,America/Nipigon,720577,mhalsted,,2024-03-24 06:44:22 UTC,2024-04-03 08:12:43 UTC,research,CC-BY-NC,https://www.inaturalist.org/observations/203701838,https://inaturalist-open-data.s3.amazonaws.com/photos/359943093/medium.jpeg,,"",,5,0,false,,Black-capped Chickadee,Poecile atricapillus,Черношапочная гаичка,Aves,144815
203701843,4805b4fb-e426-49d2-a699-615b079a8c2b,2024/03/23 1:31 PM,2024-03-23,2024-03-23 17:31:00 UTC,America/Nipigon,720577,mhalsted,,2024-03-24 06:44:24 UTC,2024-03-27 15:36:56 UTC,research,CC-BY-NC,https://www.inaturalist.org/observations/203701843,https://inaturalist-open-data.s3.amazonaws.com/photos/359945624/medium.jpeg,,"","Continuing, already counted.
Being submitted for the Gerald & goofy files, & yes he got his seed.....  :)",3,0,false,,Black-capped Chickadee,Poecile atricapillus,Черношапочная гаичка,Aves,144815
203701845,11f03414-40ad-4afe-8f09-0efd2253cfb4,2024/03/23 1:31 PM,2024-03-23,2024-03-23 17:31:00 UTC,America/Nipigon,720577,mhalsted,,2024-03-24 06:44:24 UTC,2024-04-03 08:11:27 UTC,research,CC-BY-NC,https://www.inaturalist.org/observations/203701845,https://inaturalist-open-data.s3.amazonaws.com/photos/359945244/medium.jpeg,,"",This is our 'Buddy' gotta love pic #2...& no surprise it's Buddy...he's absolutely unafraid around me.,5,0,false,,Black-capped Chickadee,Poecile atricapillus,Черношапочная гаичка,Aves,144815
203833482,29680079-d073-4205-b7f8-858556375d46,2024/03/18 12:17 PM,2024-03-18,2024-03-18 16:17:00 UTC,Eastern Time (US & Canada),6232758,roboticsasquatch,Donovan Snell,2024-03-25 01:33:49 UTC,2024-04-06 03:10:09 UTC,research,CC-BY-NC,https://www.inaturalist.org/observations/203833482,https://inaturalist-open-data.s3.amazonaws.com/photos/360191621/medium.jpeg,,"",,3,0,false,,Black-capped Chickadee,Poecile atricapillus,Черношапочная гаичка,Aves,144815
206286313,7165095c-b32f-47a0-b6e4-b159808f5870,2024/04/08 7:32 AM,2024-04-08,2024-04-08 11:32:00 UTC,Eastern Time (US & Canada),3745892,radbackedsalamander,Alex Karasoulos,2024-04-09 18:22:48 UTC,2025-07-02 11:03:43 UTC,research,CC0,https://www.inaturalist.org/observations/206286313,https://inaturalist-open-data.s3.amazonaws.com/photos/364837834/medium.jpeg,,"",,1,0,false,,Black-capped Chickadee,Poecile atricapillus,Черношапочная гаичка,Aves,144815
208130010,f171b5fb-a0d7-49b7-afed-0870f090c299,2024/04/10 7:39 PM,2024-04-10,2024-04-10 23:39:00 UTC,America/Nipigon,720577,mhalsted,,2024-04-19 18:05:09 UTC,2024-04-20 11:55:31 UTC,research,CC-BY-NC,https://www.inaturalist.org/observations/208130010,https://inaturalist-open-data.s3.amazonaws.com/photos/368199207/medium.jpeg,,"","Our ""Buddy"" seriously working on a peanut!!",3,0,false,,Black-capped Chickadee,Poecile atricapillus,Черношапочная гаичка,Aves,144815
209985007,a6ed5ea2-37f1-430f-813e-7298853d9752,2024/04/18 6:03 PM,2024-04-18,2024-04-18 22:03:00 UTC,America/Nipigon,720577,mhalsted,,2024-04-27 05:27:19 UTC,2024-04-27 06:19:41 UTC,research,CC-BY-NC,https://www.inaturalist.org/observations/209985007,https://inaturalist-open-data.s3.amazonaws.com/photos/371494049/medium.jpeg,,"","Our ""Buddy"" ",1,0,false,,Black-capped Chickadee,Poecile atricapillus,Черношапочная гаичка,Aves,144815
221034154,9b36d8cc-7c35-49d6-8c7e-6935b987ba10,2024/05/13 1:44 PM,2024-05-13,2024-05-13 17:44:00 UTC,America/Nipigon,720577,mhalsted,,2024-06-07 04:36:03 UTC,2024-06-07 22:12:33 UTC,research,CC-BY-NC,https://www.inaturalist.org/observations/221034154,https://inaturalist-open-data.s3.amazonaws.com/photos/391385649/medium.jpeg,,"","Our 'Buddy', just a quick visit",3,0,false,,Black-capped Chickadee,Poecile atricapillus,Черношапочная гаичка,Aves,144815
221034155,e0888972-9ff8-491e-8082-c135587a0b80,2024/05/13 1:44 PM,2024-05-13,2024-05-13 17:44:00 UTC,America/Nipigon,720577,mhalsted,,2024-06-07 04:36:03 UTC,2024-06-07 22:12:29 UTC,research,CC-BY-NC,https://www.inaturalist.org/observations/221034155,https://inaturalist-open-data.s3.amazonaws.com/photos/391386024/medium.jpeg,,"",A quick hello from our 'Buddy'.,3,0,false,,Black-capped Chickadee,Poecile atricapillus,Черношапочная гаичка,Aves,144815
225442455,55ad5218-a56c-400d-9ccb-7ec462ddb0bf,2024/06/18 9:03 AM,2024-06-18,2024-06-18 13:03:00 UTC,America/Nipigon,720577,mhalsted,,2024-06-27 03:29:42 UTC,2024-06-27 03:47:48 UTC,research,CC-BY-NC,https://www.inaturalist.org/observations/225442455,https://inaturalist-open-data.s3.amazonaws.com/photos/399694201/medium.jpeg,,"","This is our 'Buddy'...just stopped in for a quick hello, then took off again.",1,0,false,,Black-capped Chickadee,Poecile atricapillus,Черношапочная гаичка,Aves,144815
231754194,441ee7b9-b01d-4cc2-9373-666a7c5462bc,2024/07/25 3:00 PM,2024-07-25,2024-07-25 19:00:00 UTC,America/Nipigon,720577,mhalsted,,2024-07-26 03:29:25 UTC,2024-07-26 07:23:58 UTC,research,CC-BY-NC,https://www.inaturalist.org/observations/231754194,https://inaturalist-open-data.s3.amazonaws.com/photos/411649944/medium.jpeg,,"",This is #1 of 3 Dee Dees that landed on the stump one after the other...This one paused just long enough for the camera to focus in on the tasty treat this one has.,2,0,false,,Black-capped Chickadee,Poecile atricapillus,Черношапочная гаичка,Aves,144815
233363360,d5490bf9-92c9-4007-80dd-cd54f0e04a68,2024/08/02 1:25 PM,2024-08-02,2024-08-02 17:25:00 UTC,Eastern Time (US & Canada),6090159,jfpetit,Jean-François Petit,2024-08-02 21:30:51 UTC,2024-12-03 04:14:19 UTC,research,CC-BY-NC,https://www.inaturalist.org/observations/233363360,https://inaturalist-open-data.s3.amazonaws.com/photos/414720269/medium.jpg,,"",,2,0,false,,mésange à tête noire,Poecile atricapillus,Черношапочная гаичка,Aves,144815
233809166,fa9c30f5-c5b9-4c95-8d18-466600bf42c1,2024/04/13 11:48 AM,2024-04-13,2024-04-13 15:48:00 UTC,Eastern Time (US & Canada),8281578,philslens,Philip R. Bosinoff,2024-08-04 21:21:46 UTC,2024-08-04 22:11:51 UTC,research,CC-BY-NC-ND,https://www.inaturalist.org/observations/233809166,https://inaturalist-open-data.s3.amazonaws.com/photos/415561989/medium.jpg,,"","",2,0,false,,Black-capped Chickadee,Poecile atricapillus,Черношапочная гаичка,Aves,144815
235084984,8ef69ddc-2ebd-4cf8-baf4-48c0f6eca7e5,2024/08/03 10:06 AM,2024-08-03,2024-08-03 14:06:00 UTC,Eastern Time (US & Canada),322233,tminatbe,"",2024-08-11 12:05:15 UTC,2025-04-07 01:07:53 UTC,research,CC-BY-NC,https://www.inaturalist.org/observations/235084984,https://inaturalist-open-data.s3.amazonaws.com/photos/418028113/medium.jpeg,,"",,1,0,false,,Black-capped Chickadee,Poecile atricapillus,Черношапочная гаичка,Aves,144815
236731476,e810a820-bad8-417c-8b81-1f0b30ee8cf0,2024/04/14 12:30 PM,2024-04-14,2024-04-14 16:30:00 UTC,Eastern Time (US & Canada),7510881,hudsonmaher,Hudson Maher,2024-08-19 15:15:26 UTC,2025-11-05 23:20:06 UTC,research,CC-BY-NC,https://www.inaturalist.org/observations/236731476,https://inaturalist-open-data.s3.amazonaws.com/photos/421193242/medium.jpeg,,"",,2,0,false,,Black-capped Chickadee,Poecile atricapillus,Черношапочная гаичка,Aves,144815
240696799,ca7ea8b3-8881-4838-a80c-3b89eadea928,2024/09/08 10:33 AM,2024-09-08,2024-09-08 14:33:00 UTC,Eastern Time (US & Canada),1263262,sessilefielder,Eric Johnson,2024-09-09 03:51:25 UTC,2024-09-09 20:03:00 UTC,research,CC-BY-NC,https://www.inaturalist.org/observations/240696799,https://inaturalist-open-data.s3.amazonaws.com/photos/428861531/medium.jpeg,,"",,1,0,false,,Black-capped Chickadee,Poecile atricapillus,Черношапочная гаичка,Aves,144815
240912275,3e35fe1a-662e-4695-95d2-24cd1994ceb9,2024-09-10 07:25:47,2024-09-10,2024-09-10 11:25:47 UTC,Eastern Time (US & Canada),767224,deluca125,,2024-09-10 11:26:37 UTC,2024-09-10 17:37:58 UTC,research,,https://www.inaturalist.org/observations/240912275,https://static.inaturalist.org/photos/429287284/medium.jpeg,,"",,2,0,false,2,Black-capped Chickadee,Poecile atricapillus,Черношапочная гаичка,Aves,144815
241227136,c07b798c-886e-486f-b793-79a3536ce438,2024/09/03 9:57 AM,2024-09-03,2024-09-03 13:57:00 UTC,America/Nipigon,720577,mhalsted,,2024-09-12 03:34:24 UTC,2024-09-13 04:29:25 UTC,research,CC-BY-NC,https://www.inaturalist.org/observations/241227136,https://inaturalist-open-data.s3.amazonaws.com/photos/429856619/medium.jpeg,,"","",3,0,false,,Black-capped Chickadee,Poecile atricapillus,Черношапочная гаичка,Aves,144815
242401508,41352775-47f2-4bc9-bd83-0567b8ddac13,2024/09/09 10:15 AM,2024-09-09,2024-09-09 14:15:00 UTC,America/Nipigon,720577,mhalsted,,2024-09-18 01:51:17 UTC,2024-09-19 03:31:24 UTC,research,CC-BY-NC,https://www.inaturalist.org/observations/242401508,https://inaturalist-open-data.s3.amazonaws.com/photos/432149901/medium.jpeg,,"","",3,0,false,,Black-capped Chickadee,Poecile atricapillus,Черношапочная гаичка,Aves,144815
242439834,62c4fae1-ec52-4b75-80fc-fdc24f8c398a,2024/09/09 10:18 AM,2024-09-09,2024-09-09 14:18:00 UTC,America/Nipigon,720577,mhalsted,,2024-09-18 07:55:24 UTC,2024-09-18 12:18:32 UTC,research,CC-BY-NC,https://www.inaturalist.org/observations/242439834,https://inaturalist-open-data.s3.amazonaws.com/photos/432213159/medium.jpeg,,"","",3,0,false,,Black-capped Chickadee,Poecile atricapillus,Черношапочная гаичка,Aves,144815
242606737,627f9087-bc95-46aa-bf2d-a0c7c09eb953,2024/09/09 5:00 PM,2024-09-09,2024-09-09 21:00:00 UTC,America/Nipigon,720577,mhalsted,,2024-09-19 02:35:26 UTC,2024-09-19 12:05:14 UTC,research,CC-BY-NC,https://www.inaturalist.org/observations/242606737,https://inaturalist-open-data.s3.amazonaws.com/photos/432507235/medium.jpeg,,"","",2,0,false,,Black-capped Chickadee,Poecile atricapillus,Черношапочная гаичка,Aves,144815
242606742,285d4159-d7c9-4457-973f-ef530d70a0d7,2024/09/09 5:11 PM,2024-09-09,2024-09-09 21:11:00 UTC,America/Nipigon,720577,mhalsted,,2024-09-19 02:35:27 UTC,2024-09-19 12:05:32 UTC,research,CC-BY-NC,https://www.inaturalist.org/observations/242606742,https://inaturalist-open-data.s3.amazonaws.com/photos/432508537/medium.jpeg,,"",Hmmm... which one do I want....,3,0,false,,Black-capped Chickadee,Poecile atricapillus,Черношапочная гаичка,Aves,144815
243633426,b35cc14b-0ca2-4cce-952a-4aa391d10ca2,2024/09/19 10:09 AM,2024-09-19,2024-09-19 14:09:00 UTC,America/Nipigon,720577,mhalsted,,2024-09-23 17:45:48 UTC,2024-09-23 20:53:12 UTC,research,CC-BY-NC,https://www.inaturalist.org/observations/243633426,https://inaturalist-open-data.s3.amazonaws.com/photos/434252603/medium.jpeg,,"","""Buddy""",2,0,false,,Black-capped Chickadee,Poecile atricapillus,Черношапочная гаичка,Aves,144815
243913025,548c4ca7-f220-4908-8995-91c3062bb0fd,2024/09/21 3:29 PM,2024-09-21,2024-09-21 19:29:00 UTC,America/Nipigon,720577,mhalsted,,2024-09-25 03:29:52 UTC,2024-09-25 14:23:03 UTC,research,CC-BY-NC,https://www.inaturalist.org/observations/243913025,https://inaturalist-open-data.s3.amazonaws.com/photos/434975092/medium.jpeg,,"","",2,0,false,,Black-capped Chickadee,Poecile atricapillus,Черношапочная гаичка,Aves,144815
247263064,a1e6e7b5-5034-4d4b-8514-fe54b8d6083a,2024/10/12 4:58 PM,2024-10-12,2024-10-12 20:58:00 UTC,America/Nipigon,720577,mhalsted,,2024-10-14 05:34:24 UTC,2024-10-14 10:28:29 UTC,research,CC-BY-NC,https://www.inaturalist.org/observations/247263064,https://inaturalist-open-data.s3.amazonaws.com/photos/441577947/medium.jpeg,,"",Well this was an awkward approach!!,1,0,false,,Black-capped Chickadee,Poecile atricapillus,Черношапочная гаичка,Aves,144815
247507707,5d2c43cd-9264-4385-bca6-9f1a83cbb226,2024/10/15 12:32 PM,2024-10-15,2024-10-15 16:32:00 UTC,Eastern Time (US & Canada),4671900,shmugrizzle,,2024-10-15 18:25:12 UTC,2024-10-16 00:02:57 UTC,research,CC-BY-NC,https://www.inaturalist.org/observations/247507707,https://inaturalist-open-data.s3.amazonaws.com/photos/442063061/medium.jpeg,,"",,1,0,false,,Black-capped Chickadee,Poecile atricapillus,Черношапочная гаичка,Aves,144815
247869028,a9307d7b-09a3-413f-bd77-3c973a6a08f1,2024/10/17 10:23 AM,2024-10-17,2024-10-17 14:23:00 UTC,America/Nipigon,720577,mhalsted,,2024-10-18 05:35:45 UTC,2025-04-06 04:25:37 UTC,research,CC-BY-NC,https://www.inaturalist.org/observations/247869028,https://inaturalist-open-data.s3.amazonaws.com/photos/442775554/medium.jpeg,,"","Continuing- already counted- Originally there was already one on my hand, this fella dropping in scared the other one away.
-submitting for a couple of projects.",1,0,false,,Black-capped Chickadee,Poecile atricapillus,Черношапочная гаичка,Aves,144815
248013771,711851b1-5c50-4ebf-84aa-4cf71411b356,2024/10/18 4:57 PM,2024-10-18,2024-10-18 20:57:00 UTC,America/Nipigon,720577,mhalsted,,2024-10-19 04:25:24 UTC,2024-12-03 00:23:36 UTC,research,CC-BY-NC,https://www.inaturalist.org/observations/248013771,https://inaturalist-open-data.s3.amazonaws.com/photos/443058135/medium.jpeg,,"","""I think I have a full load""...Yup I would say so (2nd pic!!). Managed to get 3 pieces on board!!",1,0,false,,Black-capped Chickadee,Poecile atricapillus,Черношапочная гаичка,Aves,144815
248406286,326c2107-f34b-4459-9c38-4ebbd773bf30,2024/10/20 2:35 PM,2024-10-20,2024-10-20 18:35:00 UTC,America/Nipigon,720577,mhalsted,,2024-10-21 05:45:58 UTC,2024-10-23 04:24:01 UTC,research,CC-BY-NC,https://www.inaturalist.org/observations/248406286,https://inaturalist-open-data.s3.amazonaws.com/photos/443836304/medium.jpeg,,"","",1,0,false,,Black-capped Chickadee,Poecile atricapillus,Черношапочная гаичка,Aves,144815
248406298,d9b83d5c-3d25-4392-a5c7-044f59cad8ec,2024/10/20 2:42 PM,2024-10-20,2024-10-20 18:42:00 UTC,America/Nipigon,720577,mhalsted,,2024-10-21 05:46:01 UTC,2024-10-21 17:45:29 UTC,research,CC-BY-NC,https://www.inaturalist.org/observations/248406298,https://inaturalist-open-data.s3.amazonaws.com/photos/443838526/medium.jpeg,,"",Hmmm.Let's see... Sunflower seed or peanut.....,3,0,false,,Black-capped Chickadee,Poecile atricapillus,Черношапочная гаичка,Aves,144815
248705475,64c5d5d0-6f70-4d52-87d7-1987e1908f7b,2024/10/20 3:05 PM,2024-10-20,2024-10-20 19:05:00 UTC,America/Nipigon,720577,mhalsted,,2024-10-23 06:16:15 UTC,2025-04-07 04:41:36 UTC,research,CC-BY-NC,https://www.inaturalist.org/observations/248705475,https://inaturalist-open-data.s3.amazonaws.com/photos/444440906/medium.jpeg,,"",Here's 'Clinger',1,0,false,,Black-capped Chickadee,Poecile atricapillus,Черношапочная гаичка,Aves,144815
248983666,c46cf0e3-205f-4237-9643-b63ab576f56e,2024/10/22 9:36 AM,2024-10-22,2024-10-22 13:36:00 UTC,America/Nipigon,720577,mhalsted,,2024-10-25 05:45:49 UTC,2024-10-25 10:22:40 UTC,research,CC-BY-NC,https://www.inaturalist.org/observations/248983666,https://inaturalist-open-data.s3.amazonaws.com/photos/444987931/medium.jpeg,,"",'Buddy' with the stare,1,0,false,,Black-capped Chickadee,Poecile atricapillus,Черношапочная гаичка,Aves,144815
249273689,cdbacaab-b322-4e39-92b7-deadc8ff5923,2024/10/26 5:12 PM,2024-10-26,2024-10-26 21:12:00 UTC,America/Nipigon,720577,mhalsted,,2024-10-27 04:55:06 UTC,2024-10-29 02:30:31 UTC,research,CC-BY-NC,https://www.inaturalist.org/observations/249273689,https://inaturalist-open-data.s3.amazonaws.com/photos/445564645/medium.jpeg,,"","It was getting dark, but my fan club found me at the lake...I have no idea how many there were......  :)",2,0,false,,Black-capped Chickadee,Poecile atricapillus,Черношапочная гаичка,Aves,144815
250061349,9c75c5cb-326f-4825-ad66-b50604410450,2024-11-01 16:54:00-04:00,2024-11-01,2024-11-01 20:54:00 UTC,Eastern Time (US & Canada),5669063,micholoko,Michael Kondratowicz,2024-11-01 22:17:26 UTC,2025-09-17 21:37:39 UTC,research,CC-BY-NC,https://www.inaturalist.org/observations/250061349,https://inaturalist-open-data.s3.amazonaws.com/photos/447134800/medium.jpeg,,"",Had a Disney princess moment today. Landed not two feet from me. Such friendly birds. ,1,0,false,3,Black-capped Chickadee,Poecile atricapillus,Черношапочная гаичка,Aves,144815
250122981,84ef76fa-0530-45d1-a682-fff5091917c4,2024/11/01 11:39 AM,2024-11-01,2024-11-01 15:39:00 UTC,America/Nipigon,720577,mhalsted,,2024-11-02 11:14:08 UTC,2024-11-11 16:29:51 UTC,research,CC-BY-NC,https://www.inaturalist.org/observations/250122981,https://inaturalist-open-data.s3.amazonaws.com/photos/447256228/medium.jpeg,,"","",2,0,false,,Black-capped Chickadee,Poecile atricapillus,Черношапочная гаичка,Aves,144815
253141965,766b039b-2069-42d7-a9f7-df40b2476ac0,2024/11/19 12:13 PM,2024-11-19,2024-11-19 17:13:00 UTC,America/Nipigon,720577,mhalsted,,2024-11-26 07:28:12 UTC,2025-02-17 21:39:47 UTC,research,CC-BY-NC,https://www.inaturalist.org/observations/253141965,https://inaturalist-open-data.s3.amazonaws.com/photos/453209640/medium.jpeg,,"","Sunflower seed for this one, AND a peanut!!!",4,0,false,,Black-capped Chickadee,Poecile atricapillus,Черношапочная гаичка,Aves,144815
253258627,fb63b8cb-9c21-4d1f-9621-f27ff71d783f,2024/11/21 2:10 PM,2024-11-21,2024-11-21 19:10:00 UTC,America/Nipigon,720577,mhalsted,,2024-11-27 06:20:14 UTC,2024-11-27 13:18:03 UTC,research,CC-BY-NC,https://www.inaturalist.org/observations/253258627,https://inaturalist-open-data.s3.amazonaws.com/photos/453433290/medium.jpeg,,"","(Different bird),  submitting for Butt File & other projects.",1,0,false,,Black-capped Chickadee,Poecile atricapillus,Черношапочная гаичка,Aves,144815
253261055,53f89745-aa2f-4e8f-b9da-b0d36f507b36,2024/11/22 12:04 PM,2024-11-22,2024-11-22 17:04:00 UTC,America/Nipigon,720577,mhalsted,,2024-11-27 06:58:58 UTC,2025-02-17 21:41:23 UTC,research,CC-BY-NC,https://www.inaturalist.org/observations/253261055,https://inaturalist-open-data.s3.amazonaws.com/photos/453438872/medium.jpeg,,"","Decisions, decisions...decisions.... Geepers...hurry up my hand is freezing!!",1,0,false,,Black-capped Chickadee,Poecile atricapillus,Черношапочная гаичка,Aves,144815
253950671,7d429bd1-9621-41e1-bc1d-096d470db5f4,2024/11/25 8:54 AM,2024-11-25,2024-11-25 13:54:00 UTC,Eastern Time (US & Canada),3256990,tparla,Troy Parla,2024-12-03 01:08:35 UTC,2024-12-25 07:04:53 UTC,research,CC-BY-NC,https://www.inaturalist.org/observations/253950671,https://inaturalist-open-data.s3.amazonaws.com/photos/454776997/medium.jpeg,,"",,1,0,false,,Black-capped Chickadee,Poecile atricapillus,Черношапочная гаичка,Aves,144815
254207461,2ccb3e2c-f5e6-4fd9-956c-857f27f9f8bd,2024/11/28 11:35 AM,2024-11-28,2024-11-28 16:35:00 UTC,America/Nipigon,720577,mhalsted,,2024-12-05 14:39:43 UTC,2025-02-17 21:47:28 UTC,research,CC-BY-NC,https://www.inaturalist.org/observations/254207461,https://inaturalist-open-data.s3.amazonaws.com/photos/455277494/medium.jpeg,,"",(2),4,0,false,,Black-capped Chickadee,Poecile atricapillus,Черношапочная гаичка,Aves,144815
254207466,35a7ae0d-6b66-4f4e-b115-dfaa27e715e0,2024/11/28 11:35 AM,2024-11-28,2024-11-28 16:35:00 UTC,America/Nipigon,720577,mhalsted,,2024-12-05 14:39:44 UTC,2025-05-25 12:48:40 UTC,research,CC-BY-NC,https://www.inaturalist.org/observations/254207466,https://inaturalist-open-data.s3.amazonaws.com/photos/455278507/medium.jpeg,,"","(2) ""Shall we dance?""",3,0,false,,Black-capped Chickadee,Poecile atricapillus,Черношапочная гаичка,Aves,144815
254207473,1e2b30b0-2bfe-4253-8b70-fc0ff833c77f,2024/11/28 11:38 AM,2024-11-28,2024-11-28 16:38:00 UTC,America/Nipigon,720577,mhalsted,,2024-12-05 14:39:46 UTC,2024-12-05 16:55:45 UTC,research,CC-BY-NC,https://www.inaturalist.org/observations/254207473,https://inaturalist-open-data.s3.amazonaws.com/photos/455280384/medium.jpeg,,"","",2,0,false,,Black-capped Chickadee,Poecile atricapillus,Черношапочная гаичка,Aves,144815
254207474,c6ff9998-5c35-4dc7-a648-f44e79e85c06,2024/11/28 11:38 AM,2024-11-28,2024-11-28 16:38:00 UTC,America/Nipigon,720577,mhalsted,,2024-12-05 14:39:46 UTC,2024-12-07 22:10:56 UTC,research,CC-BY-NC,https://www.inaturalist.org/observations/254207474,https://inaturalist-open-data.s3.amazonaws.com/photos/455280639/medium.jpeg,,"",We know you're busy...so we will just help ourselves....(& they emptied that jar in no time flat!!),2,0,false,,Black-capped Chickadee,Poecile atricapillus,Черношапочная гаичка,Aves,144815
254535299,482987f4-67fa-43e4-8e74-a97a21fbe818,2024-12-08 08:22:42,2024-12-08,2024-12-08 13:22:42 UTC,Eastern Time (US & Canada),1852836,natemarchessault,Nate Marchessault,2024-12-08 18:36:59 UTC,2025-01-07 00:07:45 UTC,research,CC-BY-NC,https://www.inaturalist.org/observations/254535299,https://inaturalist-open-data.s3.amazonaws.com/photos/455938934/medium.jpeg,,"",This white-headed chickadee has been present here for a couple weeks.,2,0,false,2,Black-capped Chickadee,Poecile atricapillus,Черношапочная гаичка,Aves,144815
255341181,a77dd731-2485-40d7-bfd3-609dd48d63fd,2024-12-05 08:16:02-05:00,2024-12-05,2024-12-05 13:16:02 UTC,Eastern Time (US & Canada),1927916,vis5121,Linda W Ruth,2024-12-17 00:07:18 UTC,2025-04-15 13:04:21 UTC,research,CC-BY-NC,https://www.inaturalist.org/observations/255341181,https://inaturalist-open-data.s3.amazonaws.com/photos/457573938/medium.jpg,,"","",1,0,false,3,Black-capped Chickadee,Poecile atricapillus,Черношапочная гаичка,Aves,144815
256233469,3891d770-61be-4ae7-887c-d53a71cd8ed4,2024/12/25 4:14 PM,2024-12-25,2024-12-25 21:14:00 UTC,America/Nipigon,720577,mhalsted,,2024-12-26 03:48:06 UTC,2025-01-07 23:32:13 UTC,research,CC-BY-NC,https://www.inaturalist.org/observations/256233469,https://inaturalist-open-data.s3.amazonaws.com/photos/459360353/medium.jpeg,,"",Christmas Treats Dunk.....,4,0,false,,Black-capped Chickadee,Poecile atricapillus,Черношапочная гаичка,Aves,144815
256233474,b8621e94-4152-495c-816d-fa38d5eefd50,2024/12/25 4:18 PM,2024-12-25,2024-12-25 21:18:00 UTC,America/Nipigon,720577,mhalsted,,2024-12-26 03:48:08 UTC,2025-01-14 13:28:25 UTC,research,CC-BY-NC,https://www.inaturalist.org/observations/256233474,https://inaturalist-open-data.s3.amazonaws.com/photos/459361171/medium.jpeg,,"","",6,0,false,,Black-capped Chickadee,Poecile atricapillus,Черношапочная гаичка,Aves,144815
257044149,c7d3f078-0f4f-4d35-a229-e12d72c6742c,2025/01/01 3:35 PM,2025-01-01,2025-01-01 20:35:00 UTC,Eastern Time (US & Canada),2044860,ckhunt,Craig K. Hunt,2025-01-01 21:22:10 UTC,2025-01-27 20:02:23 UTC,research,CC-BY-NC,https://www.inaturalist.org/observations/257044149,https://inaturalist-open-data.s3.amazonaws.com/photos/461018589/medium.jpeg,,"",,1,0,false,,Black-capped Chickadee,Poecile atricapillus,Черношапочная гаичка,Aves,144815
257767861,d306415e-1b9d-48a6-8095-42044516f789,2025-01-07 00:25:41-05:00,2025-01-07,2025-01-07 05:25:41 UTC,Eastern Time (US & Canada),5745162,grayrohan,Gray Rohan,2025-01-08 04:12:20 UTC,2025-03-29 16:22:48 UTC,research,,https://www.inaturalist.org/observations/257767861,https://static.inaturalist.org/photos/462455293/medium.jpg,,"","",1,0,false,3,Black-capped Chickadee,Poecile atricapillus,Черношапочная гаичка,Aves,144815
257883039,c98faff3-712f-4f67-b22b-5a070918624b,2025-01-08 08:19:26-05:00,2025-01-08,2025-01-08 13:19:26 UTC,Eastern Time (US & Canada),572980,sadawolk,Sandy Wolkenberg,2025-01-09 01:52:23 UTC,2025-01-10 10:41:50 UTC,research,CC-BY,https://www.inaturalist.org/observations/257883039,https://inaturalist-open-data.s3.amazonaws.com/photos/462620321/medium.jpg,,"","",1,0,false,3,Black-capped Chickadee,Poecile atricapillus,Черношапочная гаичка,Aves,144815
258575054,03306acd-664c-47f6-9461-f6fbc5eee269,2025/01/15 10:38 AM,2025-01-15,2025-01-15 15:38:00 UTC,Eastern Time (US & Canada),12610,susanelliott,Susan Elliott,2025-01-15 17:23:14 UTC,2025-01-16 12:34:33 UTC,research,CC-BY-NC,https://www.inaturalist.org/observations/258575054,https://inaturalist-open-data.s3.amazonaws.com/photos/463961291/medium.jpg,,leucistic,,2,0,false,,Black-capped Chickadee,Poecile atricapillus,Черношапочная гаичка,Aves,144815
259105814,ebc6fd0a-33b9-44f1-9caa-cd84484baa6e,2025-01-20 09:25:44-05:00,2025-01-20,2025-01-20 14:25:44 UTC,Eastern Time (US & Canada),572980,sadawolk,Sandy Wolkenberg,2025-01-21 00:17:45 UTC,2025-01-21 12:57:02 UTC,research,CC-BY,https://www.inaturalist.org/observations/259105814,https://inaturalist-open-data.s3.amazonaws.com/photos/465041866/medium.jpg,,"","",1,0,false,3,Black-capped Chickadee,Poecile atricapillus,Черношапочная гаичка,Aves,144815
259132298,74e4864d-919d-4481-97ec-5ea9167c5ba1,2025/01/08 3:20 PM,2025-01-08,2025-01-08 20:20:00 UTC,America/Nipigon,720577,mhalsted,,2025-01-21 06:10:31 UTC,2025-01-21 11:45:51 UTC,research,CC-BY-NC,https://www.inaturalist.org/observations/259132298,https://inaturalist-open-data.s3.amazonaws.com/photos/465098304/medium.jpeg,,"","",1,0,false,,Black-capped Chickadee,Poecile atricapillus,Черношапочная гаичка,Aves,144815
259648207,3ec80699-c4c5-43be-b51d-8355af2f5eea,2025/01/25 12:39 PM,2025-01-25,2025-01-25 17:39:00 UTC,Eastern Time (US & Canada),7322467,billjuliusmoses,,2025-01-26 14:19:42 UTC,2025-05-12 15:08:32 UTC,research,CC-BY-NC,https://www.inaturalist.org/observations/259648207,https://inaturalist-open-data.s3.amazonaws.com/photos/466138511/medium.jpeg,,"",I think that it could be a Carolina or maybe a hybrid Black-capped / Carolina,2,0,false,,Black-capped Chickadee,Poecile atricapillus,Черношапочная гаичка,Aves,144815
259691894,5a9201ea-2561-4af9-97ee-76b890d4bd86,2024-12-08 12:39:52,2024-12-08,2024-12-08 17:39:52 UTC,Eastern Time (US & Canada),6479509,silaswareham,Silas Wareham,2025-01-26 21:34:00 UTC,2025-04-13 09:24:20 UTC,research,CC-BY-NC,https://www.inaturalist.org/observations/259691894,https://inaturalist-open-data.s3.amazonaws.com/photos/466226245/medium.jpeg,,"",,1,0,false,2,Black-capped Chickadee,Poecile atricapillus,Черношапочная гаичка,Aves,144815
261125589,78aa7f6b-47b2-4a0f-b9c9-2bdb2427b41e,2024-12-21 11:43:57-05:00,2024-12-21,2024-12-21 16:43:57 UTC,Eastern Time (US & Canada),8244465,pedrohernandezphotography,,2025-02-09 14:27:11 UTC,2025-02-10 12:26:04 UTC,research,CC-BY-NC,https://www.inaturalist.org/observations/261125589,https://inaturalist-open-data.s3.amazonaws.com/photos/469063927/medium.jpg,,"","",1,0,false,3,Black-capped Chickadee,Poecile atricapillus,Черношапочная гаичка,Aves,144815
261403219,5a134f37-79c7-43f3-a862-4959872a5930,2025/02/11 9:19 AM,2025-02-11,2025-02-11 14:19:00 UTC,Eastern Time (US & Canada),18701,apgarm,Mark Apgar,2025-02-12 01:45:40 UTC,2025-02-12 04:35:55 UTC,research,CC-BY-NC,https://www.inaturalist.org/observations/261403219,https://inaturalist-open-data.s3.amazonaws.com/photos/469616705/medium.jpeg,,"",,3,0,false,,Black-capped Chickadee,Poecile atricapillus,Черношапочная гаичка,Aves,144815
261541998,2ad6ada7-4190-4b19-bc38-d5384894b199,2025/02/11 10:40 AM,2025-02-11,2025-02-11 15:40:00 UTC,Eastern Time (US & Canada),134166,mmwm,"",2025-02-13 15:19:58 UTC,2025-02-13 20:41:48 UTC,research,CC-BY-ND,https://www.inaturalist.org/observations/261541998,https://inaturalist-open-data.s3.amazonaws.com/photos/469891924/medium.jpg,,"",,1,0,false,,Black-capped Chickadee,Poecile atricapillus,Черношапочная гаичка,Aves,144815
262856526,6e9aa566-922d-488c-836a-758e94f442aa,2025-02-23 13:36:29-05:00,2025-02-23,2025-02-23 18:36:29 UTC,Eastern Time (US & Canada),6124423,blamo0,Tekla Peterson,2025-02-23 20:32:57 UTC,2025-04-17 02:02:31 UTC,research,,https://www.inaturalist.org/observations/262856526,https://static.inaturalist.org/photos/472105561/medium.jpg,,"","",1,0,false,3,Black-capped Chickadee,Poecile atricapillus,Черношапочная гаичка,Aves,144815
263695498,ac082bb5-846c-474c-a939-261b3394c9ed,2025-02-20 12:07:26-05:00,2025-02-20,2025-02-20 17:07:26 UTC,Eastern Time (US & Canada),8208535,aidanjames__21,,2025-03-02 23:54:46 UTC,2025-04-11 04:14:21 UTC,research,CC-BY-NC,https://www.inaturalist.org/observations/263695498,https://inaturalist-open-data.s3.amazonaws.com/photos/473767282/medium.jpg,,"","",1,0,false,3,Black-capped Chickadee,Poecile atricapillus,Черношапочная гаичка,Aves,144815
264558190,a5cf3fcb-1f36-46d2-8646-da5a959da413,2007/12/29 4:22 PM,2007-12-29,2007-12-29 21:22:00 UTC,Eastern Time (US & Canada),16301,northeastnaturalist,Dave Spier,2025-03-08 20:27:20 UTC,2025-03-10 15:48:23 UTC,research,CC-BY-NC-SA,https://www.inaturalist.org/observations/264558190,https://inaturalist-open-data.s3.amazonaws.com/photos/475058264/medium.jpeg,,"","feeder in front of Harmon Hall, former Bayberry Environmental Education Center (now closed)

photos: D040307iN, D040308iN & D040309iN_BCCH_©DaveSpier_BEEC_Dec29'07",1,0,false,,Black-capped Chickadee,Poecile atricapillus,Черношапочная гаичка,Aves,144815
265217361,aa559105-a32f-4dc3-b842-0ccdad652619,2025/03/13 4:21 PM,2025-03-13,2025-03-13 20:21:00 UTC,America/Nipigon,1949086,johnslowry,,2025-03-13 22:44:46 UTC,2025-03-14 01:39:00 UTC,research,CC-BY-NC,https://www.inaturalist.org/observations/265217361,https://inaturalist-open-data.s3.amazonaws.com/photos/476346547/medium.jpeg,,"",,1,0,false,,Black-capped Chickadee,Poecile atricapillus,Черношапочная гаичка,Aves,144815
267303919,c4c25a17-2766-414a-8163-32b2043f433a,2025/03/04 11:58 AM,2025-03-04,2025-03-04 16:58:00 UTC,America/Nipigon,720577,mhalsted,,2025-03-28 05:00:32 UTC,2025-04-05 02:06:05 UTC,research,CC-BY-NC,https://www.inaturalist.org/observations/267303919,https://inaturalist-open-data.s3.amazonaws.com/photos/480354601/medium.jpeg,,"",Post is for the Chickadee- Sparrow is separate,3,0,false,,Black-capped Chickadee,Poecile atricapillus,Черношапочная гаичка,Aves,144815
267649832,2b803d8c-3e9d-4512-b82e-6959ad27d509,2025/03/13 1:02 PM,2025-03-13,2025-03-13 17:02:00 UTC,America/Nipigon,720577,mhalsted,,2025-03-30 04:57:19 UTC,2025-04-05 02:01:29 UTC,research,CC-BY-NC,https://www.inaturalist.org/observations/267649832,https://inaturalist-open-data.s3.amazonaws.com/photos/481015877/medium.jpeg,,"","",5,0,false,,Black-capped Chickadee,Poecile atricapillus,Черношапочная гаичка,Aves,144815
267655196,d68d3d90-2422-4d1f-aca6-57fc752ce792,2025/03/14 11:17 AM,2025-03-14,2025-03-14 15:17:00 UTC,America/Nipigon,720577,mhalsted,,2025-03-30 06:09:00 UTC,2025-04-06 08:23:26 UTC,research,CC-BY-NC,https://www.inaturalist.org/observations/267655196,https://inaturalist-open-data.s3.amazonaws.com/photos/481025074/medium.jpeg,,"","Here's our long time ""buddy"", checking out to make sure the dog is keeping watch & not asleep on the job!! ",6,0,false,,Black-capped Chickadee,Poecile atricapillus,Черношапочная гаичка,Aves,144815
269742179,c4f3b5ce-5685-40be-94f3-05fc67d1b90c,2025/03/25 12:06 PM,2025-03-25,2025-03-25 16:06:00 UTC,America/Nipigon,720577,mhalsted,,2025-04-11 05:56:47 UTC,2025-04-11 13:13:56 UTC,research,CC-BY-NC,https://www.inaturalist.org/observations/269742179,https://inaturalist-open-data.s3.amazonaws.com/photos/485025223/medium.jpeg,,"","Our ""Buddy""",2,0,false,,Black-capped Chickadee,Poecile atricapillus,Черношапочная гаичка,Aves,144815
270126892,ecd11d2f-a047-42dd-ab71-d6fb05af46e3,2025/03/27 3:15 PM,2025-03-27,2025-03-27 19:15:00 UTC,America/Nipigon,720577,mhalsted,,2025-04-13 05:11:26 UTC,2025-04-13 09:04:41 UTC,research,CC-BY-NC,https://www.inaturalist.org/observations/270126892,https://inaturalist-open-data.s3.amazonaws.com/photos/485754461/medium.jpeg,,"","Continuing....No....he's not stuck.....Just completely fearless, & trusts me 110%!!.
Submitting for Upside Down Project and Gerald's.",1,0,false,,Black-capped Chickadee,Poecile atricapillus,Черношапочная гаичка,Aves,144815
270126896,197954de-6afd-48e1-95da-2a66a4416203,2025/03/27 3:18 PM,2025-03-27,2025-03-27 19:18:00 UTC,America/Nipigon,720577,mhalsted,,2025-04-13 05:11:26 UTC,2025-04-13 09:04:32 UTC,research,CC-BY-NC,https://www.inaturalist.org/observations/270126896,https://inaturalist-open-data.s3.amazonaws.com/photos/485755371/medium.jpeg,,"","""Buddy"" giving me the stare, and the 2nd one helping himself from the container, bottom right....",1,0,false,,Black-capped Chickadee,Poecile atricapillus,Черношапочная гаичка,Aves,144815
270766480,d2516312-516f-4ea5-bcf6-8260f41dda24,2025/04/08 3:25 PM,2025-04-08,2025-04-08 19:25:00 UTC,America/Nipigon,720577,mhalsted,,2025-04-16 05:34:49 UTC,2025-04-17 02:19:06 UTC,research,CC-BY-NC,https://www.inaturalist.org/observations/270766480,https://inaturalist-open-data.s3.amazonaws.com/photos/486984356/medium.jpeg,,"","",3,0,false,,Black-capped Chickadee,Poecile atricapillus,Черношапочная гаичка,Aves,144815
271149181,7c037a34-d8b7-476e-9721-168e9839c6b3,2025/04/12 2:29 PM,2025-04-12,2025-04-12 18:29:00 UTC,America/Nipigon,720577,mhalsted,,2025-04-18 04:58:55 UTC,2025-04-18 05:18:26 UTC,research,CC-BY-NC,https://www.inaturalist.org/observations/271149181,https://inaturalist-open-data.s3.amazonaws.com/photos/487676138/medium.jpeg,,"","Continuing...This is ""Buddy"", winding up for take off...but he still has one foot holding my finger!!
Submitting for The Butt End Of Nature Project & Gerald's",1,0,false,,Black-capped Chickadee,Poecile atricapillus,Черношапочная гаичка,Aves,144815
271149189,19d4db54-3261-47e0-b9df-f158eada2698,2025/04/12 2:34 PM,2025-04-12,2025-04-12 18:34:00 UTC,America/Nipigon,720577,mhalsted,,2025-04-18 04:58:57 UTC,2025-04-18 05:18:15 UTC,research,CC-BY-NC,https://www.inaturalist.org/observations/271149189,https://inaturalist-open-data.s3.amazonaws.com/photos/487679536/medium.jpeg,,"","",1,0,false,,Black-capped Chickadee,Poecile atricapillus,Черношапочная гаичка,Aves,144815
271149200,cea2ef7e-8249-4bfc-acfe-1e800eecfa36,2025/04/12 2:37 PM,2025-04-12,2025-04-12 18:37:00 UTC,America/Nipigon,720577,mhalsted,,2025-04-18 04:59:00 UTC,2025-04-20 01:59:45 UTC,research,CC-BY-NC,https://www.inaturalist.org/observations/271149200,https://inaturalist-open-data.s3.amazonaws.com/photos/487711576/medium.jpeg,,"","""Mom always said to sit up straight at the table"".....",3,0,false,,Black-capped Chickadee,Poecile atricapillus,Черношапочная гаичка,Aves,144815
271354338,d4b211e1-ea4a-4d02-80a3-c75cb8681f93,2025/04/12 2:39 PM,2025-04-12,2025-04-12 18:39:00 UTC,America/Nipigon,720577,mhalsted,,2025-04-19 02:41:08 UTC,2025-04-19 11:28:21 UTC,research,CC-BY-NC,https://www.inaturalist.org/observations/271354338,https://inaturalist-open-data.s3.amazonaws.com/photos/488013004/medium.jpeg,,""," Buddy...""You're busy, feeding the others...so I'll just help myself here"".....",2,0,false,,Black-capped Chickadee,Poecile atricapillus,Черношапочная гаичка,Aves,144815
271354344,cdfa4776-4e77-44fa-95a4-736ee63a3c70,2025/04/12 2:40 PM,2025-04-12,2025-04-12 18:40:00 UTC,America/Nipigon,720577,mhalsted,,2025-04-19 02:41:09 UTC,2025-05-02 07:40:55 UTC,research,CC-BY-NC,https://www.inaturalist.org/observations/271354344,https://inaturalist-open-data.s3.amazonaws.com/photos/488015481/medium.jpeg,,"","I can't decide whether to name this one ""The Thinker"" or ""Contemplation""...it always takes its' time before carefully choosing just the perfect piece.....",1,0,false,,Black-capped Chickadee,Poecile atricapillus,Черношапочная гаичка,Aves,144815
271354391,195fef4c-32f6-4023-a745-c9f7eba01d46,2025/04/12 3:08 PM,2025-04-12,2025-04-12 19:08:00 UTC,America/Nipigon,720577,mhalsted,,2025-04-19 02:41:17 UTC,2025-04-19 11:28:44 UTC,research,CC-BY-NC,https://www.inaturalist.org/observations/271354391,https://inaturalist-open-data.s3.amazonaws.com/photos/488088229/medium.jpeg,,"",Total trust with these little ones...This one actually let me touch it gently!,2,0,false,,Black-capped Chickadee,Poecile atricapillus,Черношапочная гаичка,Aves,144815
271904929,dd87e2fa-f926-45cb-b045-fae80daee533,2025/04/14 3:08 PM,2025-04-14,2025-04-14 19:08:00 UTC,America/Nipigon,720577,mhalsted,,2025-04-21 06:25:49 UTC,2025-04-21 10:39:38 UTC,research,CC-BY-NC,https://www.inaturalist.org/observations/271904929,https://inaturalist-open-data.s3.amazonaws.com/photos/489133055/medium.jpeg,,"","",1,0,false,,Black-capped Chickadee,Poecile atricapillus,Черношапочная гаичка,Aves,144815
272062232,4f24ca7a-c1b7-4b27-8565-d1931fd02a61,2025/04/19 2:53 PM,2025-04-19,2025-04-19 18:53:00 UTC,America/Nipigon,720577,mhalsted,,2025-04-21 21:20:25 UTC,2025-05-25 11:51:24 UTC,research,CC-BY-NC,https://www.inaturalist.org/observations/272062232,https://inaturalist-open-data.s3.amazonaws.com/photos/489421540/medium.jpeg,,"",Submitting for various projects,1,0,false,,Black-capped Chickadee,Poecile atricapillus,Черношапочная гаичка,Aves,144815
272224664,f4439ed3-9a34-4001-aaa8-31d5a7225505,2025/04/20 12:19 PM,2025-04-20,2025-04-20 16:19:00 UTC,America/Nipigon,720577,mhalsted,,2025-04-22 16:00:16 UTC,2025-04-22 16:12:33 UTC,research,CC-BY-NC,https://www.inaturalist.org/observations/272224664,https://inaturalist-open-data.s3.amazonaws.com/photos/489605019/medium.jpeg,,"","Our ""Buddy"", and this time he decided to eat the peanut piece right in my hand!! (2nd frame)",1,0,false,,Black-capped Chickadee,Poecile atricapillus,Черношапочная гаичка,Aves,144815
272224703,2d4297be-837a-4f60-a825-1673fe2e8800,2025/04/20 12:23 PM,2025-04-20,2025-04-20 16:23:00 UTC,America/Nipigon,720577,mhalsted,,2025-04-22 16:00:25 UTC,2025-04-22 16:04:39 UTC,research,CC-BY-NC,https://www.inaturalist.org/observations/272224703,https://inaturalist-open-data.s3.amazonaws.com/photos/489609841/medium.jpeg,,"",Incoming.....Submitting for the Floating Project!,1,0,false,,Black-capped Chickadee,Poecile atricapillus,Черношапочная гаичка,Aves,144815
272331544,be146e79-d341-4f0b-8a97-8143a66d280a,2025/04/22 1:12 PM,2025-04-22,2025-04-22 17:12:00 UTC,America/Nipigon,1949086,johnslowry,,2025-04-23 00:23:07 UTC,2025-04-26 10:25:32 UTC,research,CC-BY-NC,https://www.inaturalist.org/observations/272331544,https://inaturalist-open-data.s3.amazonaws.com/photos/489936316/medium.jpeg,,"",,2,0,false,,Black-capped Chickadee,Poecile atricapillus,Черношапочная гаичка,Aves,144815
272348711,2854afab-ba45-4cea-a257-494455edd656,2025/04/20 12:38 PM,2025-04-20,2025-04-20 16:38:00 UTC,America/Nipigon,720577,mhalsted,,2025-04-23 01:58:55 UTC,2025-05-07 02:04:17 UTC,research,CC-BY-NC,https://www.inaturalist.org/observations/272348711,https://inaturalist-open-data.s3.amazonaws.com/photos/489954126/medium.jpeg,,"","",2,0,false,,Black-capped Chickadee,Poecile atricapillus,Черношапочная гаичка,Aves,144815
272348723,fba38591-f167-44a9-b7ae-9b923460b3a0,2025/04/20 12:38 PM,2025-04-20,2025-04-20 16:38:00 UTC,America/Nipigon,720577,mhalsted,,2025-04-23 01:58:57 UTC,2025-05-04 13:42:54 UTC,research,CC-BY-NC,https://www.inaturalist.org/observations/272348723,https://inaturalist-open-data.s3.amazonaws.com/photos/489956419/medium.jpeg,,"","",2,0,false,,Black-capped Chickadee,Poecile atricapillus,Черношапочная гаичка,Aves,144815
272348725,de455714-9c9a-45e8-8ed4-46c52aebd44b,2025/04/20 12:39 PM,2025-04-20,2025-04-20 16:39:00 UTC,America/Nipigon,720577,mhalsted,,2025-04-23 01:58:57 UTC,2025-04-23 12:02:34 UTC,research,CC-BY-NC,https://www.inaturalist.org/observations/272348725,https://inaturalist-open-data.s3.amazonaws.com/photos/489960058/medium.jpeg,,"","""Whatcha eatin'....Can I have some??""..",1,0,false,,Black-capped Chickadee,Poecile atricapillus,Черношапочная гаичка,Aves,144815
272348731,3907a4c5-dc2b-4324-9e00-10d7ab23b0c1,2025/04/20 12:39 PM,2025-04-20,2025-04-20 16:39:00 UTC,America/Nipigon,720577,mhalsted,,2025-04-23 01:58:58 UTC,2025-04-23 02:14:36 UTC,research,CC-BY-NC,https://www.inaturalist.org/observations/272348731,https://inaturalist-open-data.s3.amazonaws.com/photos/489962506/medium.jpeg,,"","""How do you use this thing anyways??""... 
And to think I came outside for a nice quiet snack......",1,0,false,,Black-capped Chickadee,Poecile atricapillus,Черношапочная гаичка,Aves,144815
272348741,6a11ed4a-4c4a-460f-8f67-0c67dbbda963,2025/04/20 12:54 PM,2025-04-20,2025-04-20 16:54:00 UTC,America/Nipigon,720577,mhalsted,,2025-04-23 01:59:00 UTC,2025-04-23 02:13:42 UTC,research,CC-BY-NC,https://www.inaturalist.org/observations/272348741,https://inaturalist-open-data.s3.amazonaws.com/photos/489969449/medium.jpeg,,"","""Hey, where' my straw??""
Well at least he didn't dive into it.....",1,0,false,,Black-capped Chickadee,Poecile atricapillus,Черношапочная гаичка,Aves,144815
272364583,194f53a8-ceb8-4202-850a-190eee78b769,2025/04/20 12:57 PM,2025-04-20,2025-04-20 16:57:00 UTC,America/Nipigon,720577,mhalsted,,2025-04-23 03:41:22 UTC,2025-04-23 05:40:15 UTC,research,CC-BY-NC,https://www.inaturalist.org/observations/272364583,https://inaturalist-open-data.s3.amazonaws.com/photos/489990334/medium.jpeg,,"","",2,0,false,,Black-capped Chickadee,Poecile atricapillus,Черношапочная гаичка,Aves,144815
272376461,7f287f27-42c9-4212-8b88-96a05fd361c2,2025/04/20 3:23 PM,2025-04-20,2025-04-20 19:23:00 UTC,America/Nipigon,720577,mhalsted,,2025-04-23 05:25:59 UTC,2025-04-23 05:34:13 UTC,research,CC-BY-NC,https://www.inaturalist.org/observations/272376461,https://inaturalist-open-data.s3.amazonaws.com/photos/490016136/medium.jpeg,,"","Good heavens...I'm attempting to take a photo of the Isabella Tiger Moth Caterpiller, & along comes ""Clinger""., Not once, but twice! I did manage to get a pic of the caterpiller in between these two pics! 
",1,0,false,,Black-capped Chickadee,Poecile atricapillus,Черношапочная гаичка,Aves,144815
272429359,79052e8b-a68b-4457-9849-79d14fbca247,2025/04/22 12:26 PM,2025-04-22,2025-04-22 16:26:00 UTC,America/Nipigon,720577,mhalsted,,2025-04-23 13:04:03 UTC,2025-05-25 11:50:11 UTC,research,CC-BY-NC,https://www.inaturalist.org/observations/272429359,https://inaturalist-open-data.s3.amazonaws.com/photos/490050188/medium.jpeg,,"",(2),2,0,false,,Black-capped Chickadee,Poecile atricapillus,Черношапочная гаичка,Aves,144815
272429360,a3db72a7-cb21-4aa3-914f-fba8e69f3740,2025/04/22 12:27 PM,2025-04-22,2025-04-22 16:27:00 UTC,America/Nipigon,720577,mhalsted,,2025-04-23 13:04:03 UTC,2025-04-24 22:13:57 UTC,research,CC-BY-NC,https://www.inaturalist.org/observations/272429360,https://inaturalist-open-data.s3.amazonaws.com/photos/490050346/medium.jpeg,,"",(2),2,0,false,,Black-capped Chickadee,Poecile atricapillus,Черношапочная гаичка,Aves,144815
273590877,32b6aee5-3e6a-4c76-94a6-9c1c73a35577,2025/04/25 3:33 PM,2025-04-25,2025-04-25 19:33:00 UTC,America/Nipigon,720577,mhalsted,,2025-04-26 04:31:21 UTC,2025-04-27 17:10:36 UTC,research,CC-BY-NC,https://www.inaturalist.org/observations/273590877,https://inaturalist-open-data.s3.amazonaws.com/photos/492037979/medium.jpeg,,"","Hello...this thing is EMPTY...& not only that, but I've messed up my hair trying to find even a morsel of suet in there!!",2,0,false,,Black-capped Chickadee,Poecile atricapillus,Черношапочная гаичка,Aves,144815
274104641,dba48647-4c2c-45b3-88c1-21c25dee8a7c,2025/04/25 4:36 PM,2025-04-25,2025-04-25 20:36:00 UTC,Eastern Time (US & Canada),1154205,erikschiff,Erik Schiff,2025-04-26 20:12:09 UTC,2025-07-26 07:39:45 UTC,research,CC0,https://www.inaturalist.org/observations/274104641,https://inaturalist-open-data.s3.amazonaws.com/photos/492818024/medium.jpg,,"",,1,0,false,,Black-capped Chickadee,Poecile atricapillus,Черношапочная гаичка,Aves,144815
275383439,afa9697b-c6be-4425-acc4-7d5344f3fa3b,2025/04/27 10:44 AM,2025-04-27,2025-04-27 14:44:00 UTC,America/Nipigon,720577,mhalsted,,2025-04-28 05:41:43 UTC,2025-05-02 10:25:14 UTC,research,CC-BY-NC,https://www.inaturalist.org/observations/275383439,https://inaturalist-open-data.s3.amazonaws.com/photos/494839932/medium.jpeg,,"","",2,0,false,,Black-capped Chickadee,Poecile atricapillus,Черношапочная гаичка,Aves,144815
279350281,60560c2c-261d-4ceb-8812-862ea268219d,2025-04-27 18:25:01,2025-04-27,2025-04-27 22:25:01 UTC,Eastern Time (US & Canada),493834,zachsw,"",2025-05-07 23:53:15 UTC,2025-05-08 00:25:28 UTC,research,CC-BY-NC,https://www.inaturalist.org/observations/279350281,https://inaturalist-open-data.s3.amazonaws.com/photos/501627847/medium.jpg,,"",I would like to learn the species (or genus) ID of the food item ,1,0,false,843,Black-capped Chickadee,Poecile atricapillus,Черношапочная гаичка,Aves,144815
282564994,78427d77-c194-4b93-8829-ede483e37c2a,2025/05/18 10:44 AM,2025-05-18,2025-05-18 14:44:00 UTC,America/Nipigon,720577,mhalsted,,2025-05-20 05:32:47 UTC,2025-09-06 18:47:11 UTC,research,CC-BY-NC,https://www.inaturalist.org/observations/282564994,https://inaturalist-open-data.s3.amazonaws.com/photos/507670252/medium.jpg,,"","",4,0,false,,Black-capped Chickadee,Poecile atricapillus,Черношапочная гаичка,Aves,144815
282564997,69d962b9-c0bb-4a7d-af0b-481c260fa8d2,2025/05/18 10:44 AM,2025-05-18,2025-05-18 14:44:00 UTC,America/Nipigon,720577,mhalsted,,2025-05-20 05:32:48 UTC,2025-05-20 05:36:18 UTC,research,CC-BY-NC,https://www.inaturalist.org/observations/282564997,https://inaturalist-open-data.s3.amazonaws.com/photos/507670735/medium.jpg,,"","This was just sooo cute...Our long time ""Buddy"" was on a branch, picked a piece of a leaf, then brought it over to me, landing on my hand....Looking at me,then finally he dropped it over board, chose a piece of a peanut, looked at me again & flew off!  I think he was bringing ME an offering, for a change!!  :)T",1,0,false,,Black-capped Chickadee,Poecile atricapillus,Черношапочная гаичка,Aves,144815
283312284,71a6c81c-62b8-42e0-9584-8dbcd8a38bbf,2025/05/21 8:09 AM,2025-05-21,2025-05-21 12:09:00 UTC,America/Nipigon,720577,mhalsted,,2025-05-23 06:16:03 UTC,2025-05-24 20:46:48 UTC,research,CC-BY-NC,https://www.inaturalist.org/observations/283312284,https://inaturalist-open-data.s3.amazonaws.com/photos/509061043/medium.jpg,,"","",2,0,false,,Black-capped Chickadee,Poecile atricapillus,Черношапочная гаичка,Aves,144815
283549298,50fe0b2d-4dc5-4a6c-bbf5-4560bd05cd22,2025/05/22 2:03 PM,2025-05-22,2025-05-22 18:03:00 UTC,America/Nipigon,720577,mhalsted,,2025-05-24 05:27:25 UTC,2025-05-24 20:44:34 UTC,research,CC-BY-NC,https://www.inaturalist.org/observations/283549298,https://inaturalist-open-data.s3.amazonaws.com/photos/509503939/medium.jpg,,"","",2,0,false,,Black-capped Chickadee,Poecile atricapillus,Черношапочная гаичка,Aves,144815
284182155,720ba253-8ae7-40d1-82e0-576ddbf61522,2025/05/24 2:10 PM,2025-05-24,2025-05-24 18:10:00 UTC,America/Nipigon,720577,mhalsted,,2025-05-26 05:25:07 UTC,2025-05-26 15:58:09 UTC,research,CC-BY-NC,https://www.inaturalist.org/observations/284182155,https://inaturalist-open-data.s3.amazonaws.com/photos/510695468/medium.jpg,,"","(2) ""Buddy"" and his mate!!",2,0,false,,Black-capped Chickadee,Poecile atricapillus,Черношапочная гаичка,Aves,144815
285246900,dc632534-2e19-45e4-ac28-6e11a17ad50b,2025/05/25 6:24 PM,2025-05-25,2025-05-25 22:24:00 UTC,America/Nipigon,720577,mhalsted,,2025-05-30 03:39:06 UTC,2025-05-30 05:23:04 UTC,research,CC-BY-NC,https://www.inaturalist.org/observations/285246900,https://inaturalist-open-data.s3.amazonaws.com/photos/512701085/medium.jpg,,"","Our ""Buddy""  found me down at the lake...Yes, I have treats in my pocket for you!",1,0,false,,Black-capped Chickadee,Poecile atricapillus,Черношапочная гаичка,Aves,144815
294226370,9dff365a-af3b-4071-b384-0c22cd065671,2025/06/29 9:59 AM,2025-06-29,2025-06-29 13:59:00 UTC,America/Nipigon,720577,mhalsted,,2025-07-01 03:09:39 UTC,2025-07-26 23:59:06 UTC,research,CC-BY-NC,https://www.inaturalist.org/observations/294226370,https://inaturalist-open-data.s3.amazonaws.com/photos/529568537/medium.jpg,,"","Our little long time ""Buddy"".
His mate was with him, also stopped in for a hand seed then off they both went! No chance for a pic of her!",2,0,false,,Black-capped Chickadee,Poecile atricapillus,Черношапочная гаичка,Aves,144815
308448945,d51e926b-854b-49db-94da-093524b0bed0,2022-05-19 18:52:24,2022-05-19,2022-05-19 22:52:24 UTC,Eastern Time (US & Canada),9366883,liminal_leaf_litter,Lia (Lee) Kirwan,2025-08-23 15:19:47 UTC,2025-09-09 02:14:36 UTC,research,CC-BY-NC,https://www.inaturalist.org/observations/308448945,https://inaturalist-open-data.s3.amazonaws.com/photos/556481703/medium.jpg,,"",,1,0,false,843,Black-capped Chickadee,Poecile atricapillus,Черношапочная гаичка,Aves,144815
308937825,fd9aa4e5-c4dc-44b7-9ba4-930100e7eb57,2025/07/25 3:54 PM,2025-07-25,2025-07-25 19:54:00 UTC,America/Nipigon,720577,mhalsted,,2025-08-25 06:24:01 UTC,2025-09-05 20:03:14 UTC,research,CC-BY-NC,https://www.inaturalist.org/observations/308937825,https://inaturalist-open-data.s3.amazonaws.com/photos/557421270/medium.jpg,,"","A curious juvenile, wouldn't come any closer,waiting for parent to bring it more food!!",2,0,false,,Black-capped Chickadee,Poecile atricapillus,Черношапочная гаичка,Aves,144815
309640452,7ba9c8fe-36e2-4a4e-8dc5-dfa33933f256,2025/08/27 9:28 AM,2025-08-27,2025-08-27 13:28:00 UTC,Eastern Time (US & Canada),3989998,scmayo,Steve Mayo,2025-08-28 02:45:09 UTC,2025-08-28 10:39:47 UTC,research,CC0,https://www.inaturalist.org/observations/309640452,https://inaturalist-open-data.s3.amazonaws.com/photos/558774444/medium.jpg,,"",,2,0,false,,Black-capped Chickadee,Poecile atricapillus,Черношапочная гаичка,Aves,144815
313122958,327c1267-05a9-4612-9825-64363da695ff,2025/09/10 12:01 PM,2025-09-10,2025-09-10 16:01:00 UTC,America/Nipigon,1734276,robinlanark,"",2025-09-11 15:36:43 UTC,2025-09-12 10:27:41 UTC,research,CC0,https://www.inaturalist.org/observations/313122958,https://inaturalist-open-data.s3.amazonaws.com/photos/565424385/medium.jpg,,"","",2,0,false,,Black-capped Chickadee,Poecile atricapillus,Черношапочная гаичка,Aves,144815
313771284,40523257-1b07-4089-b034-794e26e55283,2025/09/05 11:17 AM,2025-09-05,2025-09-05 15:17:00 UTC,America/Nipigon,720577,mhalsted,,2025-09-14 06:08:27 UTC,2025-09-15 03:30:46 UTC,research,CC-BY-NC,https://www.inaturalist.org/observations/313771284,https://inaturalist-open-data.s3.amazonaws.com/photos/566648002/medium.jpg,,"","Well Hello ""Clinger""...Haven't seen you in a while!",4,0,false,,Black-capped Chickadee,Poecile atricapillus,Черношапочная гаичка,Aves,144815
313771287,e14a60d2-e3f6-4760-b24a-b25faa4f9735,2025/09/05 11:18 AM,2025-09-05,2025-09-05 15:18:00 UTC,America/Nipigon,720577,mhalsted,,2025-09-14 06:08:28 UTC,2025-09-14 11:18:29 UTC,research,CC-BY-NC,https://www.inaturalist.org/observations/313771287,https://inaturalist-open-data.s3.amazonaws.com/photos/566648465/medium.jpg,,"","Our ""Buddy"" is holding a peanut",3,0,false,,Black-capped Chickadee,Poecile atricapillus,Черношапочная гаичка,Aves,144815
313771288,a806e5cf-8cf0-4ce5-84a9-3f005204c508,2025/09/05 11:19 AM,2025-09-05,2025-09-05 15:19:00 UTC,America/Nipigon,720577,mhalsted,,2025-09-14 06:08:28 UTC,2025-09-14 11:18:21 UTC,research,CC-BY-NC,https://www.inaturalist.org/observations/313771288,https://inaturalist-open-data.s3.amazonaws.com/photos/566648737/medium.jpg,,"","Our ""Buddy"" again",3,0,false,,Black-capped Chickadee,Poecile atricapillus,Черношапочная гаичка,Aves,144815
316877754,873c74de-495f-4672-9af6-d68ddea79bb9,2025-09-26T22:14,2025-09-26,2025-09-27 02:14:00 UTC,Eastern Time (US & Canada),8666170,dinomariobob,,2025-09-27 02:14:18 UTC,2025-09-28 22:29:56 UTC,research,CC0,https://www.inaturalist.org/observations/316877754,https://inaturalist-open-data.s3.amazonaws.com/photos/572551057/medium.jpg,,"","The black-capped chickadee (Poecile atricapillus) is a small, nonmigratory, North American passerine bird that lives in deciduous and mixed forests. It is a member of the Paridae family, also known as tits. It has a distinct black cap on its head, a black bib underneath, and white cheeks. It has a white belly, buff sides, and grey wings, back, and tail. The bird is well known for its vocalizations, including its fee-bee song and its chick-a-dee-dee-dee call, from which it derives its name.",1,0,false,843,Black-capped Chickadee,Poecile atricapillus,Черношапочная гаичка,Aves,144815
316939804,8eb56e19-a246-47dc-bb07-42af3387174d,2025-09-17 17:32:12-04:00,2025-09-17,2025-09-17 21:32:12 UTC,Eastern Time (US & Canada),3233733,ellectrick,ellectrick,2025-09-27 11:25:27 UTC,2025-09-29 13:27:52 UTC,research,CC-BY-NC,https://www.inaturalist.org/observations/316939804,https://inaturalist-open-data.s3.amazonaws.com/photos/572671230/medium.jpg,,"",🤩,1,0,false,3,Black-capped Chickadee,Poecile atricapillus,Черношапочная гаичка,Aves,144815
318074982,8216f486-cf40-4304-9845-44ab0c07ee54,2025-10-01 17:42:20,2025-10-01,2025-10-01 21:42:20 UTC,Eastern Time (US & Canada),531844,proth,,2025-10-01 21:43:39 UTC,2025-10-18 14:37:32 UTC,research,CC-BY-NC,https://www.inaturalist.org/observations/318074982,https://inaturalist-open-data.s3.amazonaws.com/photos/574822545/medium.jpg,,"",,1,0,false,2,Black-capped Chickadee,Poecile atricapillus,Черношапочная гаичка,Aves,144815
319087151,066bbf59-5781-404f-a7c9-c5e184e6970e,2025/10/04 5:11 PM,2025-10-04,2025-10-04 21:11:00 UTC,America/Nipigon,720577,mhalsted,,2025-10-06 07:11:35 UTC,2025-10-09 14:46:17 UTC,research,CC-BY-NC,https://www.inaturalist.org/observations/319087151,https://inaturalist-open-data.s3.amazonaws.com/photos/576755838/medium.jpg,,"","""Buddy""",2,0,false,,Black-capped Chickadee,Poecile atricapillus,Черношапочная гаичка,Aves,144815
319087155,402aacbe-fc1e-476b-9e79-aef06650e9db,2025/10/04 5:12 PM,2025-10-04,2025-10-04 21:12:00 UTC,America/Nipigon,720577,mhalsted,,2025-10-06 07:11:35 UTC,2025-10-09 14:45:45 UTC,research,CC-BY-NC,https://www.inaturalist.org/observations/319087155,https://inaturalist-open-data.s3.amazonaws.com/photos/576756424/medium.jpg,,"","Our ""Buddy""...
""You didn't really think we would let you sit down here all by yourself, did you??!!""",2,0,false,,Black-capped Chickadee,Poecile atricapillus,Черношапочная гаичка,Aves,144815
319087158,8af4a0a5-1caa-4bd2-9784-291d3d8bddf8,2025/10/04 5:13 PM,2025-10-04,2025-10-04 21:13:00 UTC,America/Nipigon,720577,mhalsted,,2025-10-06 07:11:36 UTC,2025-10-09 14:45:27 UTC,research,CC-BY-NC,https://www.inaturalist.org/observations/319087158,https://inaturalist-open-data.s3.amazonaws.com/photos/576756841/medium.jpg,,"","Hello there ""Clinger"". 
This one always lands on the very tips of our fingers.",2,0,false,,Black-capped Chickadee,Poecile atricapillus,Черношапочная гаичка,Aves,144815
319087161,76b3ec12-648e-45fd-a47c-8f8c97af8b59,2025/10/04 5:14 PM,2025-10-04,2025-10-04 21:14:00 UTC,America/Nipigon,720577,mhalsted,,2025-10-06 07:11:36 UTC,2025-10-09 14:44:51 UTC,research,CC-BY-NC,https://www.inaturalist.org/observations/319087161,https://inaturalist-open-data.s3.amazonaws.com/photos/576757452/medium.jpg,,"","""Clinger""
Well this is a first, he doesn't usually sit this long on my hand!",2,0,false,,Black-capped Chickadee,Poecile atricapillus,Черношапочная гаичка,Aves,144815
319087171,fe54d029-ac7f-49b9-b46e-8a32376f75b1,2025/10/04 5:39 PM,2025-10-04,2025-10-04 21:39:00 UTC,America/Nipigon,720577,mhalsted,,2025-10-06 07:11:39 UTC,2025-10-09 14:43:25 UTC,research,CC-BY-NC,https://www.inaturalist.org/observations/319087171,https://inaturalist-open-data.s3.amazonaws.com/photos/576761792/medium.jpg,,"","""Buddy"" and Mrs.Cangoos",2,0,false,,Black-capped Chickadee,Poecile atricapillus,Черношапочная гаичка,Aves,144815
319316050,8362b178-7941-48f3-8be1-95b8a05b24e2,2025/10/05 5:34 PM,2025-10-05,2025-10-05 21:34:00 UTC,America/Nipigon,720577,mhalsted,,2025-10-07 07:19:01 UTC,2025-10-09 14:37:14 UTC,research,CC-BY-NC,https://www.inaturalist.org/observations/319316050,https://inaturalist-open-data.s3.amazonaws.com/photos/577193007/medium.jpg,,"","""Buddy""
You certainly are looking rough little one!! And that's quite the stance!!  He takes 2 pieces now....",4,0,false,,Black-capped Chickadee,Poecile atricapillus,Черношапочная гаичка,Aves,144815
319316067,d73b9847-80df-4fac-bfe0-eb1b7127967f,2025/10/05 5:40 PM,2025-10-05,2025-10-05 21:40:00 UTC,America/Nipigon,720577,mhalsted,,2025-10-07 07:19:04 UTC,2025-10-09 17:29:34 UTC,research,CC-BY-NC,https://www.inaturalist.org/observations/319316067,https://inaturalist-open-data.s3.amazonaws.com/photos/577197856/medium.jpg,,"",Hmmm. well this obviously calls for some serious thinking.....,4,0,false,,Black-capped Chickadee,Poecile atricapillus,Черношапочная гаичка,Aves,144815
320563755,fa6bb2a6-2664-4cd2-a5a0-f09a9d61a7f0,2025/10/09 5:14 PM,2025-10-09,2025-10-09 21:14:00 UTC,America/Nipigon,720577,mhalsted,,2025-10-13 02:38:06 UTC,2025-10-14 00:02:01 UTC,research,CC-BY-NC,https://www.inaturalist.org/observations/320563755,https://inaturalist-open-data.s3.amazonaws.com/photos/579598940/medium.jpg,,"",Post is for the photo bombing chickadee,1,0,false,,Black-capped Chickadee,Poecile atricapillus,Черношапочная гаичка,Aves,144815
321178265,a84d43fc-19da-44f7-bafe-5aede2bd71f4,2025/10/12 5:23 PM,2025-10-12,2025-10-12 21:23:00 UTC,America/Nipigon,720577,mhalsted,,2025-10-16 05:38:28 UTC,2025-10-16 06:32:24 UTC,research,CC-BY-NC,https://www.inaturalist.org/observations/321178265,https://inaturalist-open-data.s3.amazonaws.com/photos/580805447/medium.jpg,,"","",1,0,false,,Black-capped Chickadee,Poecile atricapillus,Черношапочная гаичка,Aves,144815
321178274,8e67f7f3-7c1d-4bcd-b1cb-99444c8156df,2025/10/12 5:28 PM,2025-10-12,2025-10-12 21:28:00 UTC,America/Nipigon,720577,mhalsted,,2025-10-16 05:38:31 UTC,2025-10-16 16:03:10 UTC,research,CC-BY-NC,https://www.inaturalist.org/observations/321178274,https://inaturalist-open-data.s3.amazonaws.com/photos/580810936/medium.jpg,,"","Dee Dee, Side Kick Mr.Mrs.Cangoos & 4 other geese out in the bay",2,0,false,,Black-capped Chickadee,Poecile atricapillus,Черношапочная гаичка,Aves,144815
321178287,fdc25d17-29dc-4c13-bdfa-4d0e08e698f5,2025/10/12 5:40 PM,2025-10-12,2025-10-12 21:40:00 UTC,America/Nipigon,720577,mhalsted,,2025-10-16 05:38:34 UTC,2025-10-17 14:22:00 UTC,research,CC-BY-NC,https://www.inaturalist.org/observations/321178287,https://inaturalist-open-data.s3.amazonaws.com/photos/580816234/medium.jpg,,"","""Buddy""",3,0,false,,Black-capped Chickadee,Poecile atricapillus,Черношапочная гаичка,Aves,144815
322370407,c8e9d4a6-db18-48cc-b7be-c6a210286439,2025/10/18 5:06 PM,2025-10-18,2025-10-18 21:06:00 UTC,America/Nipigon,720577,mhalsted,,2025-10-22 08:02:40 UTC,2025-10-24 14:38:15 UTC,research,CC-BY-NC,https://www.inaturalist.org/observations/322370407,https://inaturalist-open-data.s3.amazonaws.com/photos/583146566/medium.jpg,,"","",3,0,false,,Black-capped Chickadee,Poecile atricapillus,Черношапочная гаичка,Aves,144815
322370412,8ceae46f-9a64-493e-9b18-8fa0c0fcdf86,2025/10/18 5:09 PM,2025-10-18,2025-10-18 21:09:00 UTC,America/Nipigon,720577,mhalsted,,2025-10-22 08:02:41 UTC,2025-10-24 16:36:31 UTC,research,CC-BY-NC,https://www.inaturalist.org/observations/322370412,https://inaturalist-open-data.s3.amazonaws.com/photos/583148551/medium.jpg,,"","""Speedy Gonzales""....",3,0,false,,Black-capped Chickadee,Poecile atricapillus,Черношапочная гаичка,Aves,144815
322370429,5ce9e500-7c77-422a-af29-a3db7177ed7a,2025/10/18 5:17 PM,2025-10-18,2025-10-18 21:17:00 UTC,America/Nipigon,720577,mhalsted,,2025-10-22 08:02:46 UTC,2025-10-23 13:18:46 UTC,research,CC-BY-NC,https://www.inaturalist.org/observations/322370429,https://inaturalist-open-data.s3.amazonaws.com/photos/583153801/medium.jpg,,"",Post is for the perky looking Dee Dee!,4,0,false,,Black-capped Chickadee,Poecile atricapillus,Черношапочная гаичка,Aves,144815
322370433,f581e619-078c-4fa1-8846-38747e61fea1,2025/10/18 5:22 PM,2025-10-18,2025-10-18 21:22:00 UTC,America/Nipigon,720577,mhalsted,,2025-10-22 08:02:47 UTC,2025-10-23 13:18:17 UTC,research,CC-BY-NC,https://www.inaturalist.org/observations/322370433,https://inaturalist-open-data.s3.amazonaws.com/photos/583160953/medium.jpg,,"","Now here's a quiet scene. Dee Dee, the dog & Mr.Mrs.Cangoos...Now if only I could just reach my own drink & snacks....(Except the Dee Dees are keeping me busy!!)... ",4,0,false,,Black-capped Chickadee,Poecile atricapillus,Черношапочная гаичка,Aves,144815
323119817,6ccd493d-f6ad-4282-83ac-cda76ec95025,2025/10/24 2:45 PM,2025-10-24,2025-10-24 18:45:00 UTC,America/Nipigon,720577,mhalsted,,2025-10-26 03:26:13 UTC,2025-10-26 03:49:39 UTC,research,CC-BY-NC,https://www.inaturalist.org/observations/323119817,https://inaturalist-open-data.s3.amazonaws.com/photos/584624878/medium.jpg,,"","""Buddy""",1,0,false,,Black-capped Chickadee,Poecile atricapillus,Черношапочная гаичка,Aves,144815
323596010,d8bb5ee2-6c80-4fe1-80a0-5c7cd2b1936a,2025/10/27 5:23 PM,2025-10-27,2025-10-27 21:23:00 UTC,America/Nipigon,720577,mhalsted,,2025-10-28 04:41:34 UTC,2025-10-28 11:33:23 UTC,research,CC-BY-NC,https://www.inaturalist.org/observations/323596010,https://inaturalist-open-data.s3.amazonaws.com/photos/585543205/medium.jpg,,"","I haven't seen many at the house feeders, however they certainly find me when I head down to the lake!! Less competition with the Jays here, I guess.  Who said they aren't smart!!",1,0,false,,Black-capped Chickadee,Poecile atricapillus,Черношапочная гаичка,Aves,144815
323596022,aed777aa-a419-4bb3-b99e-a550ccc96df7,2025/10/27 5:26 PM,2025-10-27,2025-10-27 21:26:00 UTC,America/Nipigon,720577,mhalsted,,2025-10-28 04:41:37 UTC,2025-10-30 05:36:21 UTC,research,CC-BY-NC,https://www.inaturalist.org/observations/323596022,https://inaturalist-open-data.s3.amazonaws.com/photos/585550724/medium.jpg,,"",,1,0,false,,Black-capped Chickadee,Poecile atricapillus,Черношапочная гаичка,Aves,144815
323953222,382bdde2-d54c-4d9c-8e17-1e08d1bf67c3,2025/10/27 5:28 PM,2025-10-27,2025-10-27 21:28:00 UTC,America/Nipigon,720577,mhalsted,,2025-10-30 05:28:19 UTC,2025-10-30 13:14:30 UTC,research,CC-BY-NC,https://www.inaturalist.org/observations/323953222,https://inaturalist-open-data.s3.amazonaws.com/photos/586239908/medium.jpg,,"","2 Of many..(in the tree).My trusty dog, is in the shadows, checking the sky for nasty predators!",1,0,false,,Black-capped Chickadee,Poecile atricapillus,Черношапочная гаичка,Aves,144815
323953234,1ec2fe19-24de-4c9c-a65b-95b71b326180,2025/10/27 5:30 PM,2025-10-27,2025-10-27 21:30:00 UTC,America/Nipigon,720577,mhalsted,,2025-10-30 05:28:22 UTC,2025-11-02 04:33:58 UTC,research,CC-BY-NC,https://www.inaturalist.org/observations/323953234,https://inaturalist-open-data.s3.amazonaws.com/photos/586253799/medium.jpg,,"",,3,0,false,,Black-capped Chickadee,Poecile atricapillus,Черношапочная гаичка,Aves,144815
324265097,0b96bf62-2479-4e09-96d5-08a44423363c,2025/10/27 5:31 PM,2025-10-27,2025-10-27 21:31:00 UTC,America/Nipigon,720577,mhalsted,,2025-11-01 04:11:49 UTC,2025-11-07 14:51:41 UTC,research,CC-BY-NC,https://www.inaturalist.org/observations/324265097,https://inaturalist-open-data.s3.amazonaws.com/photos/586859614/medium.jpg,,"","Well this little guy still lands on the gunnel...think I'll name him ""Gunnel Gus"".....(I wonder what he will do when winter arrives & I'm not sitting by the canoe!!).",2,0,false,,Black-capped Chickadee,Poecile atricapillus,Черношапочная гаичка,Aves,144815
324265108,746cb1e3-f7d9-498e-926c-753cd5624b70,2025/10/27 5:32 PM,2025-10-27,2025-10-27 21:32:00 UTC,America/Nipigon,720577,mhalsted,,2025-11-01 04:11:50 UTC,2025-11-07 14:42:23 UTC,research,CC-BY-NC,https://www.inaturalist.org/observations/324265108,https://inaturalist-open-data.s3.amazonaws.com/photos/586861383/medium.jpg,,"",,2,0,false,,Black-capped Chickadee,Poecile atricapillus,Черношапочная гаичка,Aves,144815
324265112,8bb67d53-f747-4c0d-9e16-b4ac4dfc4a70,2025/10/27 5:33 PM,2025-10-27,2025-10-27 21:33:00 UTC,America/Nipigon,720577,mhalsted,,2025-11-01 04:11:51 UTC,2025-11-07 14:49:36 UTC,research,CC-BY-NC,https://www.inaturalist.org/observations/324265112,https://inaturalist-open-data.s3.amazonaws.com/photos/586868715/medium.jpg,,"",,2,0,false,,Black-capped Chickadee,Poecile atricapillus,Черношапочная гаичка,Aves,144815
324270238,e059c295-da31-4bab-948e-e969b50ae5dd,2025/10/27 5:40 PM,2025-10-27,2025-10-27 21:40:00 UTC,America/Nipigon,720577,mhalsted,,2025-11-01 05:10:49 UTC,2025-11-07 14:44:03 UTC,research,CC-BY-NC,https://www.inaturalist.org/observations/324270238,https://inaturalist-open-data.s3.amazonaws.com/photos/586884067/medium.jpg,,"","""Ok, I got it untied, let's go canoeing!!""",4,0,false,,Black-capped Chickadee,Poecile atricapillus,Черношапочная гаичка,Aves,144815
324709655,bbbe19fb-7045-4f0d-8b99-cf6372b5390a,2025/10/08 12:56 PM,2025-10-08,2025-10-08 16:56:00 UTC,Eastern Time (US & Canada),11956,bugeyedbernie,Bernie Paquette,2025-11-03 14:34:44 UTC,2025-11-03 22:30:37 UTC,research,CC-BY,https://www.inaturalist.org/observations/324709655,https://inaturalist-open-data.s3.amazonaws.com/photos/587769421/medium.jpg,,"",,2,0,false,,Black-capped Chickadee,Poecile atricapillus,Черношапочная гаичка,Aves,144815
325820357,ac8d075f-ddbc-4adb-a1c2-de9352d22032,2025/10/28 12:39 PM,2025-10-28,2025-10-28 16:39:00 UTC,America/Nipigon,720577,mhalsted,,2025-11-10 04:41:15 UTC,2025-11-10 05:03:43 UTC,research,CC-BY-NC,https://www.inaturalist.org/observations/325820357,https://inaturalist-open-data.s3.amazonaws.com/photos/589976182/medium.jpg,,"",Feet 1st landing!!,1,0,false,,Black-capped Chickadee,Poecile atricapillus,Черношапочная гаичка,Aves,144815
325974317,4044c710-33a9-4508-a620-4c38690e3d2a,2025/11/01 2:21 PM,2025-11-01,2025-11-01 18:21:00 UTC,America/Nipigon,720577,mhalsted,,2025-11-11 04:06:24 UTC,2025-11-11 05:32:06 UTC,research,CC-BY-NC,https://www.inaturalist.org/observations/325974317,https://inaturalist-open-data.s3.amazonaws.com/photos/590289385/medium.jpg,,"",Post is for the photo bombing chickadee. submitting for various projects,1,0,false,,Black-capped Chickadee,Poecile atricapillus,Черношапочная гаичка,Aves,144815
326126218,c05e0f9c-1caf-4132-903b-c67a76816dea,2025-11-11 12:55:56,2025-11-11,2025-11-11 17:55:56 UTC,Eastern Time (US & Canada),3412114,shanzeyoell,Shanze Yoell,2025-11-12 02:35:57 UTC,2025-11-14 01:34:30 UTC,research,CC-BY,https://www.inaturalist.org/observations/326126218,https://inaturalist-open-data.s3.amazonaws.com/photos/590598322/medium.jpg,,"",,1,0,false,843,Black-capped Chickadee,Poecile atricapillus,Черношапочная гаичка,Aves,144815
326183352,60eaff39-65bd-4d7d-a2df-d73923cd88bc,2025/11/12 6:18 AM,2025-11-12,2025-11-12 11:18:00 UTC,Eastern Time (US & Canada),1027287,tinawiley,tinawiley,2025-11-12 14:21:59 UTC,2025-11-16 21:10:10 UTC,research,CC-BY-NC,https://www.inaturalist.org/observations/326183352,https://inaturalist-open-data.s3.amazonaws.com/photos/590713647/medium.jpg,,"",,2,0,false,,Black-capped Chickadee,Poecile atricapillus,Черношапочная гаичка,Aves,144815
326423829,2962a67c-c4c7-4488-aa20-1a932e6db70b,2025/11/05 11:54 AM,2025-11-05,2025-11-05 16:54:00 UTC,America/Nipigon,720577,mhalsted,,2025-11-14 04:28:34 UTC,2025-11-14 04:37:30 UTC,research,CC-BY-NC,https://www.inaturalist.org/observations/326423829,https://inaturalist-open-data.s3.amazonaws.com/photos/591184442/medium.jpg,,"","""Buddy"" and friend",1,0,false,,Black-capped Chickadee,Poecile atricapillus,Черношапочная гаичка,Aves,144815
326577156,e2b682f4-4246-4376-ab2c-4b4abda85072,2025/11/07 11:56 AM,2025-11-07,2025-11-07 16:56:00 UTC,America/Nipigon,720577,mhalsted,,2025-11-15 05:58:27 UTC,2025-11-15 06:36:01 UTC,research,CC-BY-NC,https://www.inaturalist.org/observations/326577156,https://inaturalist-open-data.s3.amazonaws.com/photos/591482670/medium.jpg,,"",(3),1,0,false,,Black-capped Chickadee,Poecile atricapillus,Черношапочная гаичка,Aves,144815
326754665,3095d477-c6e8-40e6-bd5a-cd98ec7b497d,2025/11/10 5:35 PM,2025-11-10,2025-11-10 22:35:00 UTC,America/Nipigon,720577,mhalsted,,2025-11-16 08:20:44 UTC,2025-11-16 12:48:34 UTC,research,CC-BY-NC,https://www.inaturalist.org/observations/326754665,https://inaturalist-open-data.s3.amazonaws.com/photos/591851601/medium.jpg,,"","Awww these two were obviously a pair. quietly eating side by side after all the other birds had left!!
Too cute!",3,0,false,,Black-capped Chickadee,Poecile atricapillus,Черношапочная гаичка,Aves,144815
326914950,ab4ce15a-d61d-4c40-b1be-b6b6b16cc68b,2025/11/12 12:50 PM,2025-11-12,2025-11-12 17:50:00 UTC,America/Nipigon,720577,mhalsted,,2025-11-17 04:59:07 UTC,2025-11-19 14:06:26 UTC,research,CC-BY-NC,https://www.inaturalist.org/observations/326914950,https://inaturalist-open-data.s3.amazonaws.com/photos/592157626/medium.jpg,,"",,2,0,false,,Black-capped Chickadee,Poecile atricapillus,Черношапочная гаичка,Aves,144815
326919982,876659f6-f60e-4c33-b8ac-898de0b32341,2025/11/13 5:33 PM,2025-11-13,2025-11-13 22:33:00 UTC,America/Nipigon,720577,mhalsted,,2025-11-17 05:53:38 UTC,2025-11-19 14:28:25 UTC,research,CC-BY-NC,https://www.inaturalist.org/observations/326919982,https://inaturalist-open-data.s3.amazonaws.com/photos/592176190/medium.jpg,,"","""Buddy"" a quick last minute snack before dark.",4,0,false,,Black-capped Chickadee,Poecile atricapillus,Черношапочная гаичка,Aves,144815
327866838,4fdaafc6-b7a2-48bc-ba02-7040c417ccc8,2025/11/23 9:59 AM,2025-11-23,2025-11-23 14:59:00 UTC,Eastern Time (US & Canada),18701,apgarm,Mark Apgar,2025-11-23 16:02:34 UTC,2025-11-27 04:44:03 UTC,research,CC-BY-NC,https://www.inaturalist.org/observations/327866838,https://inaturalist-open-data.s3.amazonaws.com/photos/594041320/medium.jpg,,"",,6,0,false,,Black-capped Chickadee,Poecile atricapillus,Черношапочная гаичка,Aves,144815
328148344,91e2bdef-d451-4eaa-bbeb-92b596c44667,2025/11/21 12:04 PM,2025-11-21,2025-11-21 17:04:00 UTC,America/Nipigon,720577,mhalsted,,2025-11-25 03:25:21 UTC,2025-11-25 06:04:09 UTC,research,CC-BY-NC,https://www.inaturalist.org/observations/328148344,https://inaturalist-open-data.s3.amazonaws.com/photos/594557202/medium.jpg,,"",Geeze...what's with the evil stare guy!!!??,1,0,false,,Black-capped Chickadee,Poecile atricapillus,Черношапочная гаичка,Aves,144815
328291828,274f34ee-fab6-4b2a-bee2-3d793fbb902e,2025/11/23 3:04 PM,2025-11-23,2025-11-23 20:04:00 UTC,America/Nipigon,720577,mhalsted,,2025-11-26 02:54:22 UTC,2025-11-26 13:46:39 UTC,research,CC-BY-NC,https://www.inaturalist.org/observations/328291828,https://inaturalist-open-data.s3.amazonaws.com/photos/594844812/medium.jpg,,"","""Buddy"" in front, companion at the rear",2,0,false,,Black-capped Chickadee,Poecile atricapillus,Черношапочная гаичка,Aves,144815
328291833,3f21ea8e-b365-46bc-89e3-412f5e10bd22,2025/11/23 3:04 PM,2025-11-23,2025-11-23 20:04:00 UTC,America/Nipigon,720577,mhalsted,,2025-11-26 02:54:23 UTC,2025-11-26 13:46:38 UTC,research,CC-BY-NC,https://www.inaturalist.org/observations/328291833,https://inaturalist-open-data.s3.amazonaws.com/photos/594845704/medium.jpg,,"",,2,0,false,,Black-capped Chickadee,Poecile atricapillus,Черношапочная гаичка,Aves,144815
328291857,24a7e12d-ee8f-472e-81db-990196f75eaa,2025/11/23 3:06 PM,2025-11-23,2025-11-23 20:06:00 UTC,America/Nipigon,720577,mhalsted,,2025-11-26 02:54:28 UTC,2025-11-27 04:01:47 UTC,research,CC-BY-NC,https://www.inaturalist.org/observations/328291857,https://inaturalist-open-data.s3.amazonaws.com/photos/594850622/medium.jpg,,"",,5,0,false,,Black-capped Chickadee,Poecile atricapillus,Черношапочная гаичка,Aves,144815
329016412,468fdc15-0780-46bb-b906-c48e19335701,2025/11/29 2:52 PM,2025-11-29,2025-11-29 19:52:00 UTC,America/Nipigon,720577,mhalsted,,2025-12-01 03:28:48 UTC,2025-12-01 03:31:57 UTC,research,CC-BY-NC,https://www.inaturalist.org/observations/329016412,https://inaturalist-open-data.s3.amazonaws.com/photos/596313014/medium.jpg,,""," Buddy...
""You're finally back home....we've been waiting for you!!!"" (Yeah, no kidding...I noticed!!. I did get the groceries unloaded eventually....I finally just left some seeds on the bench...that worked until they were all eaten!!). More than a doz ambushed me as soon as the truck stopped & I opened the door!  :)",1,0,false,,Black-capped Chickadee,Poecile atricapillus,Черношапочная гаичка,Aves,144815
329016417,6e3eed81-e36a-4996-8746-555e311f8e3f,2025/11/29 2:57 PM,2025-11-29,2025-11-29 19:57:00 UTC,America/Nipigon,720577,mhalsted,,2025-12-01 03:28:50 UTC,2025-12-04 00:57:53 UTC,research,CC-BY-NC,https://www.inaturalist.org/observations/329016417,https://inaturalist-open-data.s3.amazonaws.com/photos/596317766/medium.jpg,,"","""Buddy"" now packing for the others!",3,0,false,,Black-capped Chickadee,Poecile atricapillus,Черношапочная гаичка,Aves,144815
329021422,f593a80c-26d7-4984-90b5-bb4f5eb00b5f,2025/11/30 11:36 AM,2025-11-30,2025-11-30 16:36:00 UTC,America/Nipigon,720577,mhalsted,,2025-12-01 04:15:21 UTC,2025-12-03 14:27:52 UTC,research,CC-BY-NC,https://www.inaturalist.org/observations/329021422,https://inaturalist-open-data.s3.amazonaws.com/photos/596326433/medium.jpg,,"",,5,0,false,,Black-capped Chickadee,Poecile atricapillus,Черношапочная гаичка,Aves,144815
329649779,6dcbddea-b515-4835-b608-f8a1fe4a69b8,2025/12/02 1:24 PM,2025-12-02,2025-12-02 18:24:00 UTC,America/Nipigon,720577,mhalsted,,2025-12-06 04:05:22 UTC,2025-12-11 03:09:03 UTC,research,CC-BY-NC,https://www.inaturalist.org/observations/329649779,https://inaturalist-open-data.s3.amazonaws.com/photos/597587939/medium.jpg,,"",This is kind of cool....note the transparent tail feathers! The suet feeder is visible through them!,3,0,false,,Black-capped Chickadee,Poecile atricapillus,Черношапочная гаичка,Aves,144815
330440902,a8c1a975-0930-404f-bc7d-39beecac9c00,2025/12/10 2:36 PM,2025-12-10,2025-12-10 19:36:00 UTC,America/Nipigon,720577,mhalsted,,2025-12-12 08:30:08 UTC,2025-12-13 01:45:24 UTC,research,CC-BY-NC,https://www.inaturalist.org/observations/330440902,https://inaturalist-open-data.s3.amazonaws.com/photos/599164692/medium.jpg,,"","Continuing- got chased away from feeder, but managed to score a seed anyways!",3,0,false,,Black-capped Chickadee,Poecile atricapillus,Черношапочная гаичка,Aves,144815
330814190,20624063-b51e-40bb-8bf0-cfc881302701,2021-04-18 03:34 PM,2021-04-18,2021-04-18 19:34:00 UTC,Eastern Time (US & Canada),2353376,kalpeshkrishna,Kalpesh Krishna,2025-12-15 04:44:24 UTC,2025-12-15 04:54:57 UTC,research,,https://www.inaturalist.org/observations/330814190,https://static.inaturalist.org/photos/599973798/medium.jpg,,"","Observation created using github.com/Sajmani/birdsync 
Checklist: https://ebird.org/checklist/S85838444
Protocol: eBird - Traveling Count
Macaulay Library Asset: https://macaulaylibrary.org/asset/330317301
",1,0,false,,Black-capped Chickadee,Poecile atricapillus,Черношапочная гаичка,Aves,144815
331195845,fdf62380-4ba9-482d-9bb6-058b97c9e1d3,2025/12/17 9:56 AM,2025-12-17,2025-12-17 14:56:00 UTC,Eastern Time (US & Canada),254559,tmurray74,Tom Murray,2025-12-18 13:56:43 UTC,2025-12-18 14:33:38 UTC,research,CC-BY-NC,https://www.inaturalist.org/observations/331195845,https://inaturalist-open-data.s3.amazonaws.com/photos/600761104/medium.jpg,,"",,3,0,false,,Black-capped Chickadee,Poecile atricapillus,Черношапочная гаичка,Aves,144815
331209667,a6be8636-4602-4948-b62b-736141f7b04d,2025/06/02 8:11 AM,2025-06-02,2025-06-02 12:11:00 UTC,Eastern Time (US & Canada),6084786,vivian_ives,Vivian Ives,2025-12-18 16:38:35 UTC,2025-12-18 17:14:19 UTC,research,,https://www.inaturalist.org/observations/331209667,https://static.inaturalist.org/photos/600786513/medium.jpg,,"",,1,0,false,,Black-capped Chickadee,Poecile atricapillus,Черношапочная гаичка,Aves,144815
331209948,1f0c18d4-a339-474f-95f2-8679165218f8,2025/04/30 7:18 AM,2025-04-30,2025-04-30 11:18:00 UTC,Eastern Time (US & Canada),6084786,vivian_ives,Vivian Ives,2025-12-18 16:42:24 UTC,2025-12-18 17:13:26 UTC,research,,https://www.inaturalist.org/observations/331209948,https://static.inaturalist.org/photos/600787774/medium.jpg,,"",,1,0,false,,Black-capped Chickadee,Poecile atricapillus,Черношапочная гаичка,Aves,144815
